
C:\Users\Ted\AppData\Local\Temp\arduino_build_481151/OpenOBS-328.ino.elf:     file format elf32-avr


Disassembly of section .text:

00000000 <__vectors>:
__vectors():
       0:	0c 94 c7 00 	jmp	0x18e	; 0x18e <__ctors_end>
       4:	0c 94 ef 00 	jmp	0x1de	; 0x1de <__bad_interrupt>
       8:	0c 94 ef 00 	jmp	0x1de	; 0x1de <__bad_interrupt>
       c:	0c 94 ef 00 	jmp	0x1de	; 0x1de <__bad_interrupt>
      10:	0c 94 ef 00 	jmp	0x1de	; 0x1de <__bad_interrupt>
      14:	0c 94 ef 00 	jmp	0x1de	; 0x1de <__bad_interrupt>
      18:	0c 94 bf 1a 	jmp	0x357e	; 0x357e <__vector_6>
      1c:	0c 94 ef 00 	jmp	0x1de	; 0x1de <__bad_interrupt>
      20:	0c 94 ef 00 	jmp	0x1de	; 0x1de <__bad_interrupt>
      24:	0c 94 ef 00 	jmp	0x1de	; 0x1de <__bad_interrupt>
      28:	0c 94 ef 00 	jmp	0x1de	; 0x1de <__bad_interrupt>
      2c:	0c 94 ef 00 	jmp	0x1de	; 0x1de <__bad_interrupt>
      30:	0c 94 ef 00 	jmp	0x1de	; 0x1de <__bad_interrupt>
      34:	0c 94 ef 00 	jmp	0x1de	; 0x1de <__bad_interrupt>
      38:	0c 94 ef 00 	jmp	0x1de	; 0x1de <__bad_interrupt>
      3c:	0c 94 ef 00 	jmp	0x1de	; 0x1de <__bad_interrupt>
      40:	0c 94 56 19 	jmp	0x32ac	; 0x32ac <__vector_16>
      44:	0c 94 ef 00 	jmp	0x1de	; 0x1de <__bad_interrupt>
      48:	0c 94 24 19 	jmp	0x3248	; 0x3248 <__vector_18>
      4c:	0c 94 fe 18 	jmp	0x31fc	; 0x31fc <__vector_19>
      50:	0c 94 ef 00 	jmp	0x1de	; 0x1de <__bad_interrupt>
      54:	0c 94 ef 00 	jmp	0x1de	; 0x1de <__bad_interrupt>
      58:	0c 94 ef 00 	jmp	0x1de	; 0x1de <__bad_interrupt>
      5c:	0c 94 ef 00 	jmp	0x1de	; 0x1de <__bad_interrupt>
      60:	0c 94 a0 19 	jmp	0x3340	; 0x3340 <__vector_24>
      64:	0c 94 ef 00 	jmp	0x1de	; 0x1de <__bad_interrupt>

00000068 <__trampolines_end>:
__trampolines_start():
      68:	1f 1c       	adc	r1, r15
      6a:	1f 1e       	adc	r1, r31
      6c:	1f 1e       	adc	r1, r31
      6e:	1f 1f       	adc	r17, r31
      70:	1e 1f       	adc	r17, r30
      72:	1e 1f       	adc	r17, r30

00000074 <digital_pin_to_timer_PGM>:
      74:	00 00 00 09 00 03 02 00 00 04 05 08 00 00 00 00     ................
      84:	00 00 00 00 00 00 00                                .......

0000008b <getSerialNumber()::__c>:
      8b:	53 4e 20 73 75 63 63 65 73 73 66 75 6c 6c 79 20     SN successfully 
      9b:	73 65 74 20 74 6f 3a 20 00                          set to: .

000000a4 <getSerialNumber()::__c>:
      a4:	49 6e 76 61 6c 69 64 20 53 4e 00                    Invalid SN.

000000af <getSerialNumber()::__c>:
      af:	4d 69 73 73 69 6e 67 20 73 65 72 69 61 6c 20 6e     Missing serial n
      bf:	75 6d 62 65 72 2e 20 45 6e 74 65 72 20 61 20 76     umber. Enter a v
      cf:	61 6c 69 64 20 53 4e 20 5b 31 2d 36 35 35 33 34     alid SN [1-65534
      df:	5d 3a 00                                            ]:.

000000e2 <checkModuleStartup()::__c>:
      e2:	24 53 74 61 72 74 75 70 20 66 61 69 6c 65 64 2a     $Startup failed*
      f2:	36 36 00                                            66.

000000f5 <dataColumnLabels>:
      f5:	74 69 6d 65 2c 6d 69 6c 6c 69 73 2c 61 6d 62 69     time,millis,ambi
     105:	65 6e 74 5f 6c 69 67 68 74 2c 62 61 63 6b 73 63     ent_light,backsc
     115:	61 74 74 65 72 2c 70 72 65 73 73 75 72 65 2c 77     atter,pressure,w
     125:	61 74 65 72 5f 74 65 6d 70 2c 62 61 74 74 65 72     ater_temp,batter
     135:	79 00                                               y.

00000137 <updateFilename()::__c>:
     137:	46 69 72 6d 77 61 72 65 20 75 70 64 61 74 65 64     Firmware updated
     147:	3a 20 00                                            : .

0000014a <port_to_output_PGM>:
     14a:	00 00 00 00 25 00 28 00 2b 00                       ....%.(.+.

00000154 <port_to_mode_PGM>:
     154:	00 00 00 00 24 00 27 00 2a 00                       ....$.'.*.

0000015e <digital_pin_to_port_PGM>:
     15e:	04 04 04 04 04 04 04 04 02 02 02 02 02 02 03 03     ................
     16e:	03 03 03 03 02 02 03                                .......

00000175 <digital_pin_to_bit_mask_PGM>:
     175:	01 02 04 08 10 20 40 80 01 02 04 08 10 20 01 02     ..... @...... ..
     185:	04 08 10 20 40 80 40                                ... @.@

0000018c <__ctors_start>:
__ctors_start():
     18c:	e3 1a       	sub	r14, r19

0000018e <__ctors_end>:
__dtors_end():
     18e:	11 24       	eor	r1, r1
     190:	1f be       	out	0x3f, r1	; 63
     192:	cf ef       	ldi	r28, 0xFF	; 255
     194:	d8 e0       	ldi	r29, 0x08	; 8
     196:	de bf       	out	0x3e, r29	; 62
     198:	cd bf       	out	0x3d, r28	; 61

0000019a <__do_copy_data>:
__do_copy_data():
/home/jenkins-mingw32/workspace/avr-gcc-staging/label/Ubuntu14.04x64-mingw32/gcc-build/avr/avr5/libgcc/../../../../gcc/libgcc/config/avr/lib1funcs.S:2409
     19a:	12 e0       	ldi	r17, 0x02	; 2
/home/jenkins-mingw32/workspace/avr-gcc-staging/label/Ubuntu14.04x64-mingw32/gcc-build/avr/avr5/libgcc/../../../../gcc/libgcc/config/avr/lib1funcs.S:2410
     19c:	a0 e0       	ldi	r26, 0x00	; 0
/home/jenkins-mingw32/workspace/avr-gcc-staging/label/Ubuntu14.04x64-mingw32/gcc-build/avr/avr5/libgcc/../../../../gcc/libgcc/config/avr/lib1funcs.S:2411
     19e:	b1 e0       	ldi	r27, 0x01	; 1
/home/jenkins-mingw32/workspace/avr-gcc-staging/label/Ubuntu14.04x64-mingw32/gcc-build/avr/avr5/libgcc/../../../../gcc/libgcc/config/avr/lib1funcs.S:2412
     1a0:	e2 e1       	ldi	r30, 0x12	; 18
/home/jenkins-mingw32/workspace/avr-gcc-staging/label/Ubuntu14.04x64-mingw32/gcc-build/avr/avr5/libgcc/../../../../gcc/libgcc/config/avr/lib1funcs.S:2413
     1a2:	f3 e6       	ldi	r31, 0x63	; 99
/home/jenkins-mingw32/workspace/avr-gcc-staging/label/Ubuntu14.04x64-mingw32/gcc-build/avr/avr5/libgcc/../../../../gcc/libgcc/config/avr/lib1funcs.S:2414
     1a4:	02 c0       	rjmp	.+4      	; 0x1aa <__do_copy_data+0x10>
/home/jenkins-mingw32/workspace/avr-gcc-staging/label/Ubuntu14.04x64-mingw32/gcc-build/avr/avr5/libgcc/../../../../gcc/libgcc/config/avr/lib1funcs.S:2417
     1a6:	05 90       	lpm	r0, Z+
/home/jenkins-mingw32/workspace/avr-gcc-staging/label/Ubuntu14.04x64-mingw32/gcc-build/avr/avr5/libgcc/../../../../gcc/libgcc/config/avr/lib1funcs.S:2422
     1a8:	0d 92       	st	X+, r0
/home/jenkins-mingw32/workspace/avr-gcc-staging/label/Ubuntu14.04x64-mingw32/gcc-build/avr/avr5/libgcc/../../../../gcc/libgcc/config/avr/lib1funcs.S:2424
     1aa:	a2 32       	cpi	r26, 0x22	; 34
/home/jenkins-mingw32/workspace/avr-gcc-staging/label/Ubuntu14.04x64-mingw32/gcc-build/avr/avr5/libgcc/../../../../gcc/libgcc/config/avr/lib1funcs.S:2425
     1ac:	b1 07       	cpc	r27, r17
/home/jenkins-mingw32/workspace/avr-gcc-staging/label/Ubuntu14.04x64-mingw32/gcc-build/avr/avr5/libgcc/../../../../gcc/libgcc/config/avr/lib1funcs.S:2426
     1ae:	d9 f7       	brne	.-10     	; 0x1a6 <__do_copy_data+0xc>

000001b0 <__do_clear_bss>:
__do_clear_bss():
/home/jenkins-mingw32/workspace/avr-gcc-staging/label/Ubuntu14.04x64-mingw32/gcc-build/avr/avr5/libgcc/../../../../gcc/libgcc/config/avr/lib1funcs.S:2441
     1b0:	26 e0       	ldi	r18, 0x06	; 6
/home/jenkins-mingw32/workspace/avr-gcc-staging/label/Ubuntu14.04x64-mingw32/gcc-build/avr/avr5/libgcc/../../../../gcc/libgcc/config/avr/lib1funcs.S:2442
     1b2:	a2 e2       	ldi	r26, 0x22	; 34
/home/jenkins-mingw32/workspace/avr-gcc-staging/label/Ubuntu14.04x64-mingw32/gcc-build/avr/avr5/libgcc/../../../../gcc/libgcc/config/avr/lib1funcs.S:2443
     1b4:	b2 e0       	ldi	r27, 0x02	; 2
/home/jenkins-mingw32/workspace/avr-gcc-staging/label/Ubuntu14.04x64-mingw32/gcc-build/avr/avr5/libgcc/../../../../gcc/libgcc/config/avr/lib1funcs.S:2444
     1b6:	01 c0       	rjmp	.+2      	; 0x1ba <.do_clear_bss_start>

000001b8 <.do_clear_bss_loop>:
/home/jenkins-mingw32/workspace/avr-gcc-staging/label/Ubuntu14.04x64-mingw32/gcc-build/avr/avr5/libgcc/../../../../gcc/libgcc/config/avr/lib1funcs.S:2446
     1b8:	1d 92       	st	X+, r1

000001ba <.do_clear_bss_start>:
/home/jenkins-mingw32/workspace/avr-gcc-staging/label/Ubuntu14.04x64-mingw32/gcc-build/avr/avr5/libgcc/../../../../gcc/libgcc/config/avr/lib1funcs.S:2448
     1ba:	ab 3d       	cpi	r26, 0xDB	; 219
/home/jenkins-mingw32/workspace/avr-gcc-staging/label/Ubuntu14.04x64-mingw32/gcc-build/avr/avr5/libgcc/../../../../gcc/libgcc/config/avr/lib1funcs.S:2449
     1bc:	b2 07       	cpc	r27, r18
/home/jenkins-mingw32/workspace/avr-gcc-staging/label/Ubuntu14.04x64-mingw32/gcc-build/avr/avr5/libgcc/../../../../gcc/libgcc/config/avr/lib1funcs.S:2450
     1be:	e1 f7       	brne	.-8      	; 0x1b8 <.do_clear_bss_loop>

000001c0 <__do_global_ctors>:
__do_global_ctors():
/home/jenkins-mingw32/workspace/avr-gcc-staging/label/Ubuntu14.04x64-mingw32/gcc-build/avr/avr5/libgcc/../../../../gcc/libgcc/config/avr/lib1funcs.S:2466
     1c0:	10 e0       	ldi	r17, 0x00	; 0
/home/jenkins-mingw32/workspace/avr-gcc-staging/label/Ubuntu14.04x64-mingw32/gcc-build/avr/avr5/libgcc/../../../../gcc/libgcc/config/avr/lib1funcs.S:2467
     1c2:	c7 ec       	ldi	r28, 0xC7	; 199
/home/jenkins-mingw32/workspace/avr-gcc-staging/label/Ubuntu14.04x64-mingw32/gcc-build/avr/avr5/libgcc/../../../../gcc/libgcc/config/avr/lib1funcs.S:2468
     1c4:	d0 e0       	ldi	r29, 0x00	; 0
/home/jenkins-mingw32/workspace/avr-gcc-staging/label/Ubuntu14.04x64-mingw32/gcc-build/avr/avr5/libgcc/../../../../gcc/libgcc/config/avr/lib1funcs.S:2472
     1c6:	04 c0       	rjmp	.+8      	; 0x1d0 <__do_global_ctors+0x10>
/home/jenkins-mingw32/workspace/avr-gcc-staging/label/Ubuntu14.04x64-mingw32/gcc-build/avr/avr5/libgcc/../../../../gcc/libgcc/config/avr/lib1funcs.S:2474
     1c8:	21 97       	sbiw	r28, 0x01	; 1
/home/jenkins-mingw32/workspace/avr-gcc-staging/label/Ubuntu14.04x64-mingw32/gcc-build/avr/avr5/libgcc/../../../../gcc/libgcc/config/avr/lib1funcs.S:2480
     1ca:	fe 01       	movw	r30, r28
/home/jenkins-mingw32/workspace/avr-gcc-staging/label/Ubuntu14.04x64-mingw32/gcc-build/avr/avr5/libgcc/../../../../gcc/libgcc/config/avr/lib1funcs.S:2481
     1cc:	0e 94 0a 31 	call	0x6214	; 0x6214 <__tablejump2__>
/home/jenkins-mingw32/workspace/avr-gcc-staging/label/Ubuntu14.04x64-mingw32/gcc-build/avr/avr5/libgcc/../../../../gcc/libgcc/config/avr/lib1funcs.S:2483
     1d0:	c6 3c       	cpi	r28, 0xC6	; 198
/home/jenkins-mingw32/workspace/avr-gcc-staging/label/Ubuntu14.04x64-mingw32/gcc-build/avr/avr5/libgcc/../../../../gcc/libgcc/config/avr/lib1funcs.S:2484
     1d2:	d1 07       	cpc	r29, r17
/home/jenkins-mingw32/workspace/avr-gcc-staging/label/Ubuntu14.04x64-mingw32/gcc-build/avr/avr5/libgcc/../../../../gcc/libgcc/config/avr/lib1funcs.S:2489
     1d4:	c9 f7       	brne	.-14     	; 0x1c8 <__do_global_ctors+0x8>
     1d6:	0e 94 7e 1b 	call	0x36fc	; 0x36fc <main>
     1da:	0c 94 87 31 	jmp	0x630e	; 0x630e <_exit>

000001de <__bad_interrupt>:
__vector_22():
     1de:	0c 94 00 00 	jmp	0	; 0x0 <__vectors>

000001e2 <TwoWire::read()>:
_ZN7TwoWire4readEv():
C:\Users\Ted\AppData\Local\Arduino15\packages\MiniCore\hardware\avr\2.1.3\libraries\Wire\src/Wire.cpp:252
int TwoWire::read(void)
{
  int value = -1;

  // get each successive byte on each call
  if(rxBufferIndex < rxBufferLength){
     1e2:	90 91 7e 03 	lds	r25, 0x037E	; 0x80037e <TwoWire::rxBufferIndex>
     1e6:	80 91 7d 03 	lds	r24, 0x037D	; 0x80037d <TwoWire::rxBufferLength>
C:\Users\Ted\AppData\Local\Arduino15\packages\MiniCore\hardware\avr\2.1.3\libraries\Wire\src/Wire.cpp:249
// must be called in:
// slave rx event callback
// or after requestFrom(address, numBytes)
int TwoWire::read(void)
{
  int value = -1;
     1ea:	2f ef       	ldi	r18, 0xFF	; 255
     1ec:	3f ef       	ldi	r19, 0xFF	; 255
C:\Users\Ted\AppData\Local\Arduino15\packages\MiniCore\hardware\avr\2.1.3\libraries\Wire\src/Wire.cpp:252

  // get each successive byte on each call
  if(rxBufferIndex < rxBufferLength){
     1ee:	98 17       	cp	r25, r24
     1f0:	48 f4       	brcc	.+18     	; 0x204 <TwoWire::read()+0x22>
C:\Users\Ted\AppData\Local\Arduino15\packages\MiniCore\hardware\avr\2.1.3\libraries\Wire\src/Wire.cpp:253
    value = rxBuffer[rxBufferIndex];
     1f2:	e9 2f       	mov	r30, r25
     1f4:	f0 e0       	ldi	r31, 0x00	; 0
     1f6:	e3 5a       	subi	r30, 0xA3	; 163
     1f8:	fc 4f       	sbci	r31, 0xFC	; 252
     1fa:	20 81       	ld	r18, Z
     1fc:	30 e0       	ldi	r19, 0x00	; 0
C:\Users\Ted\AppData\Local\Arduino15\packages\MiniCore\hardware\avr\2.1.3\libraries\Wire\src/Wire.cpp:254
    ++rxBufferIndex;
     1fe:	9f 5f       	subi	r25, 0xFF	; 255
     200:	90 93 7e 03 	sts	0x037E, r25	; 0x80037e <TwoWire::rxBufferIndex>
C:\Users\Ted\AppData\Local\Arduino15\packages\MiniCore\hardware\avr\2.1.3\libraries\Wire\src/Wire.cpp:258
  }

  return value;
}
     204:	c9 01       	movw	r24, r18
     206:	08 95       	ret

00000208 <TwoWire::read() [clone .constprop.123]>:
_ZN7TwoWire4readEv.constprop.123():
C:\Users\Ted\AppData\Local\Arduino15\packages\MiniCore\hardware\avr\2.1.3\libraries\Wire\src/Wire.cpp:252
int TwoWire::read(void)
{
  int value = -1;

  // get each successive byte on each call
  if(rxBufferIndex < rxBufferLength){
     208:	90 91 7e 03 	lds	r25, 0x037E	; 0x80037e <TwoWire::rxBufferIndex>
     20c:	80 91 7d 03 	lds	r24, 0x037D	; 0x80037d <TwoWire::rxBufferLength>
C:\Users\Ted\AppData\Local\Arduino15\packages\MiniCore\hardware\avr\2.1.3\libraries\Wire\src/Wire.cpp:249
// must be called in:
// slave rx event callback
// or after requestFrom(address, numBytes)
int TwoWire::read(void)
{
  int value = -1;
     210:	2f ef       	ldi	r18, 0xFF	; 255
     212:	3f ef       	ldi	r19, 0xFF	; 255
C:\Users\Ted\AppData\Local\Arduino15\packages\MiniCore\hardware\avr\2.1.3\libraries\Wire\src/Wire.cpp:252

  // get each successive byte on each call
  if(rxBufferIndex < rxBufferLength){
     214:	98 17       	cp	r25, r24
     216:	48 f4       	brcc	.+18     	; 0x22a <TwoWire::read() [clone .constprop.123]+0x22>
C:\Users\Ted\AppData\Local\Arduino15\packages\MiniCore\hardware\avr\2.1.3\libraries\Wire\src/Wire.cpp:253
    value = rxBuffer[rxBufferIndex];
     218:	e9 2f       	mov	r30, r25
     21a:	f0 e0       	ldi	r31, 0x00	; 0
     21c:	e3 5a       	subi	r30, 0xA3	; 163
     21e:	fc 4f       	sbci	r31, 0xFC	; 252
     220:	20 81       	ld	r18, Z
     222:	30 e0       	ldi	r19, 0x00	; 0
C:\Users\Ted\AppData\Local\Arduino15\packages\MiniCore\hardware\avr\2.1.3\libraries\Wire\src/Wire.cpp:254
    ++rxBufferIndex;
     224:	9f 5f       	subi	r25, 0xFF	; 255
     226:	90 93 7e 03 	sts	0x037E, r25	; 0x80037e <TwoWire::rxBufferIndex>
C:\Users\Ted\AppData\Local\Arduino15\packages\MiniCore\hardware\avr\2.1.3\libraries\Wire\src/Wire.cpp:258
  }

  return value;
}
     22a:	c9 01       	movw	r24, r18
     22c:	08 95       	ret

0000022e <twi_readFrom.part.0.constprop.122>:
twi_readFrom.part.0.constprop.122():
C:\Users\Ted\AppData\Local\Arduino15\packages\MiniCore\hardware\avr\2.1.3\libraries\Wire\src\utility/twi.c:157
  if(TWI_BUFFER_SIZE < length){
    return 0;
  }

  // wait until twi is ready, become master receiver
  while(TWI_READY != twi_state){
     22e:	90 91 5c 03 	lds	r25, 0x035C	; 0x80035c <twi_state>
     232:	91 11       	cpse	r25, r1
     234:	fc cf       	rjmp	.-8      	; 0x22e <twi_readFrom.part.0.constprop.122>
C:\Users\Ted\AppData\Local\Arduino15\packages\MiniCore\hardware\avr\2.1.3\libraries\Wire\src\utility/twi.c:160
    continue;
  }
  twi_state = TWI_MRX;
     236:	91 e0       	ldi	r25, 0x01	; 1
     238:	90 93 5c 03 	sts	0x035C, r25	; 0x80035c <twi_state>
C:\Users\Ted\AppData\Local\Arduino15\packages\MiniCore\hardware\avr\2.1.3\libraries\Wire\src\utility/twi.c:161
  twi_sendStop = sendStop;
     23c:	40 93 5b 03 	sts	0x035B, r20	; 0x80035b <twi_sendStop>
C:\Users\Ted\AppData\Local\Arduino15\packages\MiniCore\hardware\avr\2.1.3\libraries\Wire\src\utility/twi.c:163
  // reset error state (0xFF.. no error occured)
  twi_error = 0xFF;
     240:	2f ef       	ldi	r18, 0xFF	; 255
     242:	20 93 5a 03 	sts	0x035A, r18	; 0x80035a <twi_error>
C:\Users\Ted\AppData\Local\Arduino15\packages\MiniCore\hardware\avr\2.1.3\libraries\Wire\src\utility/twi.c:166

  // initialize buffer iteration vars
  twi_masterBufferIndex = 0;
     246:	10 92 59 03 	sts	0x0359, r1	; 0x800359 <twi_masterBufferIndex>
C:\Users\Ted\AppData\Local\Arduino15\packages\MiniCore\hardware\avr\2.1.3\libraries\Wire\src\utility/twi.c:167
  twi_masterBufferLength = length-1;  // This is not intuitive, read on...
     24a:	26 0f       	add	r18, r22
     24c:	20 93 58 03 	sts	0x0358, r18	; 0x800358 <twi_masterBufferLength>
C:\Users\Ted\AppData\Local\Arduino15\packages\MiniCore\hardware\avr\2.1.3\libraries\Wire\src\utility/twi.c:175
  // Therefor we must actually set NACK when the _next_ to last byte is
  // received, causing that NACK to be sent in response to receiving the last
  // expected byte of data.

  // build sla+w, slave device address + w bit
  twi_slarw = TW_READ;
     250:	90 93 57 03 	sts	0x0357, r25	; 0x800357 <twi_slarw>
C:\Users\Ted\AppData\Local\Arduino15\packages\MiniCore\hardware\avr\2.1.3\libraries\Wire\src\utility/twi.c:176
  twi_slarw |= address << 1;
     254:	90 91 57 03 	lds	r25, 0x0357	; 0x800357 <twi_slarw>
     258:	88 0f       	add	r24, r24
     25a:	89 2b       	or	r24, r25
     25c:	80 93 57 03 	sts	0x0357, r24	; 0x800357 <twi_slarw>
C:\Users\Ted\AppData\Local\Arduino15\packages\MiniCore\hardware\avr\2.1.3\libraries\Wire\src\utility/twi.c:178

  if (true == twi_inRepStart) {
     260:	80 91 56 03 	lds	r24, 0x0356	; 0x800356 <twi_inRepStart>
     264:	81 30       	cpi	r24, 0x01	; 1
     266:	f9 f4       	brne	.+62     	; 0x2a6 <twi_readFrom.part.0.constprop.122+0x78>
C:\Users\Ted\AppData\Local\Arduino15\packages\MiniCore\hardware\avr\2.1.3\libraries\Wire\src\utility/twi.c:185
    // (@@@ we hope), and the TWI statemachine is just waiting for the address byte.
    // We need to remove ourselves from the repeated start state before we enable interrupts,
    // since the ISR is ASYNC, and we could get confused if we hit the ISR before cleaning
    // up. Also, don't enable the START interrupt. There may be one pending from the 
    // repeated start that we sent ourselves, and that would really confuse things.
    twi_inRepStart = false; // remember, we're dealing with an ASYNC ISR
     268:	10 92 56 03 	sts	0x0356, r1	; 0x800356 <twi_inRepStart>
C:\Users\Ted\AppData\Local\Arduino15\packages\MiniCore\hardware\avr\2.1.3\libraries\Wire\src\utility/twi.c:187
    do {
      TWDR = twi_slarw;
     26c:	80 91 57 03 	lds	r24, 0x0357	; 0x800357 <twi_slarw>
     270:	80 93 bb 00 	sts	0x00BB, r24	; 0x8000bb <__DATA_REGION_ORIGIN__+0x5b>
C:\Users\Ted\AppData\Local\Arduino15\packages\MiniCore\hardware\avr\2.1.3\libraries\Wire\src\utility/twi.c:188
    } while(TWCR & _BV(TWWC));
     274:	80 91 bc 00 	lds	r24, 0x00BC	; 0x8000bc <__DATA_REGION_ORIGIN__+0x5c>
     278:	83 fd       	sbrc	r24, 3
     27a:	f8 cf       	rjmp	.-16     	; 0x26c <twi_readFrom.part.0.constprop.122+0x3e>
C:\Users\Ted\AppData\Local\Arduino15\packages\MiniCore\hardware\avr\2.1.3\libraries\Wire\src\utility/twi.c:189
    TWCR = _BV(TWINT) | _BV(TWEA) | _BV(TWEN) | _BV(TWIE);  // enable INTs, but not START
     27c:	85 ec       	ldi	r24, 0xC5	; 197
C:\Users\Ted\AppData\Local\Arduino15\packages\MiniCore\hardware\avr\2.1.3\libraries\Wire\src\utility/twi.c:193
  }
  else
    // send start condition
    TWCR = _BV(TWEN) | _BV(TWIE) | _BV(TWEA) | _BV(TWINT) | _BV(TWSTA);
     27e:	80 93 bc 00 	sts	0x00BC, r24	; 0x8000bc <__DATA_REGION_ORIGIN__+0x5c>
C:\Users\Ted\AppData\Local\Arduino15\packages\MiniCore\hardware\avr\2.1.3\libraries\Wire\src\utility/twi.c:196

  // wait for read operation to complete
  while(TWI_MRX == twi_state){
     282:	80 91 5c 03 	lds	r24, 0x035C	; 0x80035c <twi_state>
     286:	81 30       	cpi	r24, 0x01	; 1
     288:	e1 f3       	breq	.-8      	; 0x282 <twi_readFrom.part.0.constprop.122+0x54>
C:\Users\Ted\AppData\Local\Arduino15\packages\MiniCore\hardware\avr\2.1.3\libraries\Wire\src\utility/twi.c:200
    continue;
  }

  if (twi_masterBufferIndex < length)
     28a:	80 91 59 03 	lds	r24, 0x0359	; 0x800359 <twi_masterBufferIndex>
     28e:	86 17       	cp	r24, r22
     290:	10 f4       	brcc	.+4      	; 0x296 <twi_readFrom.part.0.constprop.122+0x68>
C:\Users\Ted\AppData\Local\Arduino15\packages\MiniCore\hardware\avr\2.1.3\libraries\Wire\src\utility/twi.c:201
    length = twi_masterBufferIndex;
     292:	60 91 59 03 	lds	r22, 0x0359	; 0x800359 <twi_masterBufferIndex>
     296:	a6 e3       	ldi	r26, 0x36	; 54
     298:	b3 e0       	ldi	r27, 0x03	; 3
     29a:	ed e5       	ldi	r30, 0x5D	; 93
     29c:	f3 e0       	ldi	r31, 0x03	; 3
C:\Users\Ted\AppData\Local\Arduino15\packages\MiniCore\hardware\avr\2.1.3\libraries\Wire\src\utility/twi.c:204

  // copy twi buffer to data
  for(i = 0; i < length; ++i){
     29e:	80 e0       	ldi	r24, 0x00	; 0
     2a0:	86 13       	cpse	r24, r22
     2a2:	03 c0       	rjmp	.+6      	; 0x2aa <twi_readFrom.part.0.constprop.122+0x7c>
C:\Users\Ted\AppData\Local\Arduino15\packages\MiniCore\hardware\avr\2.1.3\libraries\Wire\src\utility/twi.c:209
    data[i] = twi_masterBuffer[i];
  }

  return length;
}
     2a4:	08 95       	ret
C:\Users\Ted\AppData\Local\Arduino15\packages\MiniCore\hardware\avr\2.1.3\libraries\Wire\src\utility/twi.c:193
    } while(TWCR & _BV(TWWC));
    TWCR = _BV(TWINT) | _BV(TWEA) | _BV(TWEN) | _BV(TWIE);  // enable INTs, but not START
  }
  else
    // send start condition
    TWCR = _BV(TWEN) | _BV(TWIE) | _BV(TWEA) | _BV(TWINT) | _BV(TWSTA);
     2a6:	85 ee       	ldi	r24, 0xE5	; 229
     2a8:	ea cf       	rjmp	.-44     	; 0x27e <twi_readFrom.part.0.constprop.122+0x50>
C:\Users\Ted\AppData\Local\Arduino15\packages\MiniCore\hardware\avr\2.1.3\libraries\Wire\src\utility/twi.c:205
  if (twi_masterBufferIndex < length)
    length = twi_masterBufferIndex;

  // copy twi buffer to data
  for(i = 0; i < length; ++i){
    data[i] = twi_masterBuffer[i];
     2aa:	9d 91       	ld	r25, X+
     2ac:	91 93       	st	Z+, r25
C:\Users\Ted\AppData\Local\Arduino15\packages\MiniCore\hardware\avr\2.1.3\libraries\Wire\src\utility/twi.c:204

  if (twi_masterBufferIndex < length)
    length = twi_masterBufferIndex;

  // copy twi buffer to data
  for(i = 0; i < length; ++i){
     2ae:	8f 5f       	subi	r24, 0xFF	; 255
     2b0:	f7 cf       	rjmp	.-18     	; 0x2a0 <twi_readFrom.part.0.constprop.122+0x72>

000002b2 <TwoWire::endTransmission(unsigned char) [clone .constprop.118]>:
_ZN7TwoWire15endTransmissionEh.constprop.118():
C:\Users\Ted\AppData\Local\Arduino15\packages\MiniCore\hardware\avr\2.1.3\libraries\Wire\src/Wire.cpp:173
//  the bus tenure has been properly ended with a STOP. It
//  is very possible to leave the bus in a hung state if
//  no call to endTransmission(true) is made. Some I2C
//  devices will behave oddly if they do not see a STOP.
//
uint8_t TwoWire::endTransmission(uint8_t sendStop)
     2b2:	98 2f       	mov	r25, r24
C:\Users\Ted\AppData\Local\Arduino15\packages\MiniCore\hardware\avr\2.1.3\libraries\Wire\src/Wire.cpp:176
{
  // transmit buffer (blocking)
  uint8_t ret = twi_writeTo(txAddress, txBuffer, txBufferLength, 1, sendStop);
     2b4:	20 91 35 03 	lds	r18, 0x0335	; 0x800335 <TwoWire::txBufferLength>
C:\Users\Ted\AppData\Local\Arduino15\packages\MiniCore\hardware\avr\2.1.3\libraries\Wire\src\utility/twi.c:232
{
  uint8_t i;

  // ensure data will fit into buffer
  if(TWI_BUFFER_SIZE < length){
    return 1;
     2b8:	81 e0       	ldi	r24, 0x01	; 1
twi_writeTo():
C:\Users\Ted\AppData\Local\Arduino15\packages\MiniCore\hardware\avr\2.1.3\libraries\Wire\src\utility/twi.c:231
uint8_t twi_writeTo(uint8_t address, uint8_t* data, uint8_t length, uint8_t wait, uint8_t sendStop)
{
  uint8_t i;

  // ensure data will fit into buffer
  if(TWI_BUFFER_SIZE < length){
     2ba:	21 32       	cpi	r18, 0x21	; 33
     2bc:	08 f0       	brcs	.+2      	; 0x2c0 <TwoWire::endTransmission(unsigned char) [clone .constprop.118]+0xe>
     2be:	43 c0       	rjmp	.+134    	; 0x346 <TwoWire::endTransmission(unsigned char) [clone .constprop.118]+0x94>
C:\Users\Ted\AppData\Local\Arduino15\packages\MiniCore\hardware\avr\2.1.3\libraries\Wire\src\utility/twi.c:236
    return 1;
  }

  // wait until twi is ready, become master transmitter
  while(TWI_READY != twi_state){
     2c0:	80 91 5c 03 	lds	r24, 0x035C	; 0x80035c <twi_state>
     2c4:	81 11       	cpse	r24, r1
     2c6:	fc cf       	rjmp	.-8      	; 0x2c0 <TwoWire::endTransmission(unsigned char) [clone .constprop.118]+0xe>
_ZN7TwoWire15endTransmissionEh.constprop.118():
C:\Users\Ted\AppData\Local\Arduino15\packages\MiniCore\hardware\avr\2.1.3\libraries\Wire\src/Wire.cpp:176
     2c8:	80 91 34 03 	lds	r24, 0x0334	; 0x800334 <TwoWire::txAddress>
twi_writeTo():
C:\Users\Ted\AppData\Local\Arduino15\packages\MiniCore\hardware\avr\2.1.3\libraries\Wire\src\utility/twi.c:239
    continue;
  }
  twi_state = TWI_MTX;
     2cc:	32 e0       	ldi	r19, 0x02	; 2
     2ce:	30 93 5c 03 	sts	0x035C, r19	; 0x80035c <twi_state>
C:\Users\Ted\AppData\Local\Arduino15\packages\MiniCore\hardware\avr\2.1.3\libraries\Wire\src\utility/twi.c:240
  twi_sendStop = sendStop;
     2d2:	90 93 5b 03 	sts	0x035B, r25	; 0x80035b <twi_sendStop>
C:\Users\Ted\AppData\Local\Arduino15\packages\MiniCore\hardware\avr\2.1.3\libraries\Wire\src\utility/twi.c:242
  // reset error state (0xFF.. no error occured)
  twi_error = 0xFF;
     2d6:	9f ef       	ldi	r25, 0xFF	; 255
     2d8:	90 93 5a 03 	sts	0x035A, r25	; 0x80035a <twi_error>
C:\Users\Ted\AppData\Local\Arduino15\packages\MiniCore\hardware\avr\2.1.3\libraries\Wire\src\utility/twi.c:245

  // initialize buffer iteration vars
  twi_masterBufferIndex = 0;
     2dc:	10 92 59 03 	sts	0x0359, r1	; 0x800359 <twi_masterBufferIndex>
C:\Users\Ted\AppData\Local\Arduino15\packages\MiniCore\hardware\avr\2.1.3\libraries\Wire\src\utility/twi.c:246
  twi_masterBufferLength = length;
     2e0:	20 93 58 03 	sts	0x0358, r18	; 0x800358 <twi_masterBufferLength>
     2e4:	a4 e1       	ldi	r26, 0x14	; 20
     2e6:	b3 e0       	ldi	r27, 0x03	; 3
     2e8:	e6 e3       	ldi	r30, 0x36	; 54
     2ea:	f3 e0       	ldi	r31, 0x03	; 3
_ZN7TwoWire15endTransmissionEh.constprop.118():
C:\Users\Ted\AppData\Local\Arduino15\packages\MiniCore\hardware\avr\2.1.3\libraries\Wire\src\utility/twi.c:249
  
  // copy data to twi buffer
  for(i = 0; i < length; ++i){
     2ec:	90 e0       	ldi	r25, 0x00	; 0
twi_writeTo():
     2ee:	29 13       	cpse	r18, r25
     2f0:	31 c0       	rjmp	.+98     	; 0x354 <TwoWire::endTransmission(unsigned char) [clone .constprop.118]+0xa2>
C:\Users\Ted\AppData\Local\Arduino15\packages\MiniCore\hardware\avr\2.1.3\libraries\Wire\src\utility/twi.c:254
    twi_masterBuffer[i] = data[i];
  }
  
  // build sla+w, slave device address + w bit
  twi_slarw = TW_WRITE;
     2f2:	10 92 57 03 	sts	0x0357, r1	; 0x800357 <twi_slarw>
C:\Users\Ted\AppData\Local\Arduino15\packages\MiniCore\hardware\avr\2.1.3\libraries\Wire\src\utility/twi.c:255
  twi_slarw |= address << 1;
     2f6:	90 91 57 03 	lds	r25, 0x0357	; 0x800357 <twi_slarw>
     2fa:	88 0f       	add	r24, r24
     2fc:	89 2b       	or	r24, r25
     2fe:	80 93 57 03 	sts	0x0357, r24	; 0x800357 <twi_slarw>
C:\Users\Ted\AppData\Local\Arduino15\packages\MiniCore\hardware\avr\2.1.3\libraries\Wire\src\utility/twi.c:260
  
  // if we're in a repeated start, then we've already sent the START
  // in the ISR. Don't do it again.
  //
  if (true == twi_inRepStart) {
     302:	80 91 56 03 	lds	r24, 0x0356	; 0x800356 <twi_inRepStart>
     306:	81 30       	cpi	r24, 0x01	; 1
     308:	49 f5       	brne	.+82     	; 0x35c <TwoWire::endTransmission(unsigned char) [clone .constprop.118]+0xaa>
C:\Users\Ted\AppData\Local\Arduino15\packages\MiniCore\hardware\avr\2.1.3\libraries\Wire\src\utility/twi.c:267
    // (@@@ we hope), and the TWI statemachine is just waiting for the address byte.
    // We need to remove ourselves from the repeated start state before we enable interrupts,
    // since the ISR is ASYNC, and we could get confused if we hit the ISR before cleaning
    // up. Also, don't enable the START interrupt. There may be one pending from the 
    // repeated start that we sent outselves, and that would really confuse things.
    twi_inRepStart = false; // remember, we're dealing with an ASYNC ISR
     30a:	10 92 56 03 	sts	0x0356, r1	; 0x800356 <twi_inRepStart>
C:\Users\Ted\AppData\Local\Arduino15\packages\MiniCore\hardware\avr\2.1.3\libraries\Wire\src\utility/twi.c:269
    do {
      TWDR = twi_slarw;
     30e:	80 91 57 03 	lds	r24, 0x0357	; 0x800357 <twi_slarw>
     312:	80 93 bb 00 	sts	0x00BB, r24	; 0x8000bb <__DATA_REGION_ORIGIN__+0x5b>
C:\Users\Ted\AppData\Local\Arduino15\packages\MiniCore\hardware\avr\2.1.3\libraries\Wire\src\utility/twi.c:270
    } while(TWCR & _BV(TWWC));
     316:	80 91 bc 00 	lds	r24, 0x00BC	; 0x8000bc <__DATA_REGION_ORIGIN__+0x5c>
     31a:	83 fd       	sbrc	r24, 3
     31c:	f8 cf       	rjmp	.-16     	; 0x30e <TwoWire::endTransmission(unsigned char) [clone .constprop.118]+0x5c>
C:\Users\Ted\AppData\Local\Arduino15\packages\MiniCore\hardware\avr\2.1.3\libraries\Wire\src\utility/twi.c:271
    TWCR = _BV(TWINT) | _BV(TWEA) | _BV(TWEN) | _BV(TWIE);  // enable INTs, but not START
     31e:	85 ec       	ldi	r24, 0xC5	; 197
C:\Users\Ted\AppData\Local\Arduino15\packages\MiniCore\hardware\avr\2.1.3\libraries\Wire\src\utility/twi.c:275
  }
  else
    // send start condition
    TWCR = _BV(TWINT) | _BV(TWEA) | _BV(TWEN) | _BV(TWIE) | _BV(TWSTA); // enable INTs
     320:	80 93 bc 00 	sts	0x00BC, r24	; 0x8000bc <__DATA_REGION_ORIGIN__+0x5c>
C:\Users\Ted\AppData\Local\Arduino15\packages\MiniCore\hardware\avr\2.1.3\libraries\Wire\src\utility/twi.c:278

  // wait for write operation to complete
  while(wait && (TWI_MTX == twi_state)){
     324:	80 91 5c 03 	lds	r24, 0x035C	; 0x80035c <twi_state>
     328:	82 30       	cpi	r24, 0x02	; 2
     32a:	e1 f3       	breq	.-8      	; 0x324 <TwoWire::endTransmission(unsigned char) [clone .constprop.118]+0x72>
C:\Users\Ted\AppData\Local\Arduino15\packages\MiniCore\hardware\avr\2.1.3\libraries\Wire\src\utility/twi.c:282
    continue;
  }
  
  if (twi_error == 0xFF)
     32c:	80 91 5a 03 	lds	r24, 0x035A	; 0x80035a <twi_error>
     330:	8f 3f       	cpi	r24, 0xFF	; 255
     332:	b1 f0       	breq	.+44     	; 0x360 <TwoWire::endTransmission(unsigned char) [clone .constprop.118]+0xae>
C:\Users\Ted\AppData\Local\Arduino15\packages\MiniCore\hardware\avr\2.1.3\libraries\Wire\src\utility/twi.c:284
    return 0; // success
  else if (twi_error == TW_MT_SLA_NACK)
     334:	80 91 5a 03 	lds	r24, 0x035A	; 0x80035a <twi_error>
     338:	80 32       	cpi	r24, 0x20	; 32
     33a:	a1 f0       	breq	.+40     	; 0x364 <TwoWire::endTransmission(unsigned char) [clone .constprop.118]+0xb2>
C:\Users\Ted\AppData\Local\Arduino15\packages\MiniCore\hardware\avr\2.1.3\libraries\Wire\src\utility/twi.c:286
    return 2; // error: address send, nack received
  else if (twi_error == TW_MT_DATA_NACK)
     33c:	80 91 5a 03 	lds	r24, 0x035A	; 0x80035a <twi_error>
     340:	80 33       	cpi	r24, 0x30	; 48
     342:	91 f0       	breq	.+36     	; 0x368 <TwoWire::endTransmission(unsigned char) [clone .constprop.118]+0xb6>
_ZN7TwoWire15endTransmissionEh.constprop.118():
C:\Users\Ted\AppData\Local\Arduino15\packages\MiniCore\hardware\avr\2.1.3\libraries\Wire\src\utility/twi.c:289
    return 3; // error: data send, nack received
  else
    return 4; // other twi error
     344:	84 e0       	ldi	r24, 0x04	; 4
C:\Users\Ted\AppData\Local\Arduino15\packages\MiniCore\hardware\avr\2.1.3\libraries\Wire\src/Wire.cpp:178
  // reset tx buffer iterator vars
  txBufferIndex = 0;
     346:	10 92 13 03 	sts	0x0313, r1	; 0x800313 <TwoWire::txBufferIndex>
C:\Users\Ted\AppData\Local\Arduino15\packages\MiniCore\hardware\avr\2.1.3\libraries\Wire\src/Wire.cpp:179
  txBufferLength = 0;
     34a:	10 92 35 03 	sts	0x0335, r1	; 0x800335 <TwoWire::txBufferLength>
C:\Users\Ted\AppData\Local\Arduino15\packages\MiniCore\hardware\avr\2.1.3\libraries\Wire\src/Wire.cpp:181
  // indicate that we are done transmitting
  transmitting = 0;
     34e:	10 92 12 03 	sts	0x0312, r1	; 0x800312 <TwoWire::transmitting>
C:\Users\Ted\AppData\Local\Arduino15\packages\MiniCore\hardware\avr\2.1.3\libraries\Wire\src/Wire.cpp:183
  return ret;
}
     352:	08 95       	ret
twi_writeTo():
C:\Users\Ted\AppData\Local\Arduino15\packages\MiniCore\hardware\avr\2.1.3\libraries\Wire\src\utility/twi.c:250
  twi_masterBufferIndex = 0;
  twi_masterBufferLength = length;
  
  // copy data to twi buffer
  for(i = 0; i < length; ++i){
    twi_masterBuffer[i] = data[i];
     354:	3d 91       	ld	r19, X+
     356:	31 93       	st	Z+, r19
C:\Users\Ted\AppData\Local\Arduino15\packages\MiniCore\hardware\avr\2.1.3\libraries\Wire\src\utility/twi.c:249
  // initialize buffer iteration vars
  twi_masterBufferIndex = 0;
  twi_masterBufferLength = length;
  
  // copy data to twi buffer
  for(i = 0; i < length; ++i){
     358:	9f 5f       	subi	r25, 0xFF	; 255
     35a:	c9 cf       	rjmp	.-110    	; 0x2ee <TwoWire::endTransmission(unsigned char) [clone .constprop.118]+0x3c>
C:\Users\Ted\AppData\Local\Arduino15\packages\MiniCore\hardware\avr\2.1.3\libraries\Wire\src\utility/twi.c:275
    } while(TWCR & _BV(TWWC));
    TWCR = _BV(TWINT) | _BV(TWEA) | _BV(TWEN) | _BV(TWIE);  // enable INTs, but not START
  }
  else
    // send start condition
    TWCR = _BV(TWINT) | _BV(TWEA) | _BV(TWEN) | _BV(TWIE) | _BV(TWSTA); // enable INTs
     35c:	85 ee       	ldi	r24, 0xE5	; 229
     35e:	e0 cf       	rjmp	.-64     	; 0x320 <TwoWire::endTransmission(unsigned char) [clone .constprop.118]+0x6e>
_ZN7TwoWire15endTransmissionEh.constprop.118():
C:\Users\Ted\AppData\Local\Arduino15\packages\MiniCore\hardware\avr\2.1.3\libraries\Wire\src\utility/twi.c:283
  while(wait && (TWI_MTX == twi_state)){
    continue;
  }
  
  if (twi_error == 0xFF)
    return 0; // success
     360:	80 e0       	ldi	r24, 0x00	; 0
     362:	f1 cf       	rjmp	.-30     	; 0x346 <TwoWire::endTransmission(unsigned char) [clone .constprop.118]+0x94>
C:\Users\Ted\AppData\Local\Arduino15\packages\MiniCore\hardware\avr\2.1.3\libraries\Wire\src\utility/twi.c:285
  else if (twi_error == TW_MT_SLA_NACK)
    return 2; // error: address send, nack received
     364:	82 e0       	ldi	r24, 0x02	; 2
     366:	ef cf       	rjmp	.-34     	; 0x346 <TwoWire::endTransmission(unsigned char) [clone .constprop.118]+0x94>
C:\Users\Ted\AppData\Local\Arduino15\packages\MiniCore\hardware\avr\2.1.3\libraries\Wire\src\utility/twi.c:287
  else if (twi_error == TW_MT_DATA_NACK)
    return 3; // error: data send, nack received
     368:	83 e0       	ldi	r24, 0x03	; 3
     36a:	ed cf       	rjmp	.-38     	; 0x346 <TwoWire::endTransmission(unsigned char) [clone .constprop.118]+0x94>

0000036c <TwoWire::beginTransmission(unsigned char) [clone .constprop.117]>:
_ZN7TwoWire17beginTransmissionEh.constprop.117():
C:\Users\Ted\AppData\Local\Arduino15\packages\MiniCore\hardware\avr\2.1.3\libraries\Wire\src/Wire.cpp:147
}

void TwoWire::beginTransmission(uint8_t address)
{
  // indicate that we are transmitting
  transmitting = 1;
     36c:	91 e0       	ldi	r25, 0x01	; 1
     36e:	90 93 12 03 	sts	0x0312, r25	; 0x800312 <TwoWire::transmitting>
C:\Users\Ted\AppData\Local\Arduino15\packages\MiniCore\hardware\avr\2.1.3\libraries\Wire\src/Wire.cpp:149
  // set address of targeted slave
  txAddress = address;
     372:	80 93 34 03 	sts	0x0334, r24	; 0x800334 <TwoWire::txAddress>
C:\Users\Ted\AppData\Local\Arduino15\packages\MiniCore\hardware\avr\2.1.3\libraries\Wire\src/Wire.cpp:151
  // reset tx buffer iterator vars
  txBufferIndex = 0;
     376:	10 92 13 03 	sts	0x0313, r1	; 0x800313 <TwoWire::txBufferIndex>
C:\Users\Ted\AppData\Local\Arduino15\packages\MiniCore\hardware\avr\2.1.3\libraries\Wire\src/Wire.cpp:152
  txBufferLength = 0;
     37a:	10 92 35 03 	sts	0x0335, r1	; 0x800335 <TwoWire::txBufferLength>
C:\Users\Ted\AppData\Local\Arduino15\packages\MiniCore\hardware\avr\2.1.3\libraries\Wire\src/Wire.cpp:153
}
     37e:	08 95       	ret

00000380 <pinMode.constprop.55>:
pinMode.constprop.55():
C:\Users\Ted\AppData\Local\Arduino15\packages\MiniCore\hardware\avr\2.1.3\cores\MCUdude_corefiles/wiring_digital.c:31
#include "wiring_private.h"
#include "pins_arduino.h"

void pinMode(uint8_t pin, uint8_t mode)
{
  uint8_t bit = digitalPinToBitMask(pin);
     380:	90 e0       	ldi	r25, 0x00	; 0
     382:	fc 01       	movw	r30, r24
     384:	eb 58       	subi	r30, 0x8B	; 139
     386:	fe 4f       	sbci	r31, 0xFE	; 254
     388:	24 91       	lpm	r18, Z
C:\Users\Ted\AppData\Local\Arduino15\packages\MiniCore\hardware\avr\2.1.3\cores\MCUdude_corefiles/wiring_digital.c:32
  uint8_t port = digitalPinToPort(pin);
     38a:	82 5a       	subi	r24, 0xA2	; 162
     38c:	9e 4f       	sbci	r25, 0xFE	; 254
     38e:	fc 01       	movw	r30, r24
     390:	84 91       	lpm	r24, Z
C:\Users\Ted\AppData\Local\Arduino15\packages\MiniCore\hardware\avr\2.1.3\cores\MCUdude_corefiles/wiring_digital.c:35
  volatile uint8_t *reg, *out;

  if (port == NOT_A_PIN) return;
     392:	88 23       	and	r24, r24
     394:	99 f0       	breq	.+38     	; 0x3bc <pinMode.constprop.55+0x3c>
C:\Users\Ted\AppData\Local\Arduino15\packages\MiniCore\hardware\avr\2.1.3\cores\MCUdude_corefiles/wiring_digital.c:38

  // JWS: can I let the optimizer do this?
  reg = portModeRegister(port);
     396:	90 e0       	ldi	r25, 0x00	; 0
     398:	88 0f       	add	r24, r24
     39a:	99 1f       	adc	r25, r25
     39c:	fc 01       	movw	r30, r24
     39e:	ec 5a       	subi	r30, 0xAC	; 172
     3a0:	fe 4f       	sbci	r31, 0xFE	; 254
     3a2:	a5 91       	lpm	r26, Z+
     3a4:	b4 91       	lpm	r27, Z
C:\Users\Ted\AppData\Local\Arduino15\packages\MiniCore\hardware\avr\2.1.3\cores\MCUdude_corefiles/wiring_digital.c:39
  out = portOutputRegister(port);
     3a6:	fc 01       	movw	r30, r24
     3a8:	e6 5b       	subi	r30, 0xB6	; 182
     3aa:	fe 4f       	sbci	r31, 0xFE	; 254
     3ac:	85 91       	lpm	r24, Z+
     3ae:	94 91       	lpm	r25, Z
C:\Users\Ted\AppData\Local\Arduino15\packages\MiniCore\hardware\avr\2.1.3\cores\MCUdude_corefiles/wiring_digital.c:54
    cli();
    *reg &= ~bit;
    *out |= bit;
    SREG = oldSREG;
  } else {
    uint8_t oldSREG = SREG;
     3b0:	8f b7       	in	r24, 0x3f	; 63
C:\Users\Ted\AppData\Local\Arduino15\packages\MiniCore\hardware\avr\2.1.3\cores\MCUdude_corefiles/wiring_digital.c:55
    cli();
     3b2:	f8 94       	cli
C:\Users\Ted\AppData\Local\Arduino15\packages\MiniCore\hardware\avr\2.1.3\cores\MCUdude_corefiles/wiring_digital.c:56
    *reg |= bit;
     3b4:	ec 91       	ld	r30, X
     3b6:	e2 2b       	or	r30, r18
     3b8:	ec 93       	st	X, r30
C:\Users\Ted\AppData\Local\Arduino15\packages\MiniCore\hardware\avr\2.1.3\cores\MCUdude_corefiles/wiring_digital.c:57
    SREG = oldSREG;
     3ba:	8f bf       	out	0x3f, r24	; 63
C:\Users\Ted\AppData\Local\Arduino15\packages\MiniCore\hardware\avr\2.1.3\cores\MCUdude_corefiles/wiring_digital.c:59
  }
}
     3bc:	08 95       	ret

000003be <TwoWire::available()>:
_ZN7TwoWire9availableEv():
C:\Users\Ted\AppData\Local\Arduino15\packages\MiniCore\hardware\avr\2.1.3\libraries\Wire\src/Wire.cpp:241
// must be called in:
// slave rx event callback
// or after requestFrom(address, numBytes)
int TwoWire::available(void)
{
  return rxBufferLength - rxBufferIndex;
     3be:	80 91 7d 03 	lds	r24, 0x037D	; 0x80037d <TwoWire::rxBufferLength>
     3c2:	90 91 7e 03 	lds	r25, 0x037E	; 0x80037e <TwoWire::rxBufferIndex>
C:\Users\Ted\AppData\Local\Arduino15\packages\MiniCore\hardware\avr\2.1.3\libraries\Wire\src/Wire.cpp:242
}
     3c6:	89 1b       	sub	r24, r25
     3c8:	99 0b       	sbc	r25, r25
     3ca:	08 95       	ret

000003cc <TwoWire::onRequestService()>:
_ZN7TwoWire16onRequestServiceEv():
C:\Users\Ted\AppData\Local\Arduino15\packages\MiniCore\hardware\avr\2.1.3\libraries\Wire\src/Wire.cpp:317
  // !!! this will kill any pending pre-master sendTo() activity
  txBufferIndex = 0;
  txBufferLength = 0;
  // alert user program
  user_onRequest();
}
     3cc:	08 95       	ret

000003ce <TwoWire::onReceiveService(unsigned char*, int)>:
_ZN7TwoWire16onReceiveServiceEPhi():
C:\Users\Ted\AppData\Local\Arduino15\packages\MiniCore\hardware\avr\2.1.3\libraries\Wire\src/Wire.cpp:302
  // set rx iterator vars
  rxBufferIndex = 0;
  rxBufferLength = numBytes;
  // alert user program
  user_onReceive(numBytes);
}
     3ce:	08 95       	ret

000003d0 <dateTimeMs10(unsigned int*, unsigned int*, unsigned char*)>:
_ZL12dateTimeMs10PjS_Ph():
C:\Users\Ted\Documents\Arduino\libraries\SdFat\src\common/FsDateTime.cpp:30
#include "SysCall.h"
#include "FsDateTime.h"
#include "FmtNumber.h"

static void dateTimeMs10(uint16_t* date, uint16_t* time, uint8_t* ms10) {
  *ms10 = 0;
     3d0:	fa 01       	movw	r30, r20
     3d2:	10 82       	st	Z, r1
C:\Users\Ted\Documents\Arduino\libraries\SdFat\src\common/FsDateTime.cpp:31
  FsDateTime::callback2(date, time);
     3d4:	e0 91 73 02 	lds	r30, 0x0273	; 0x800273 <FsDateTime::callback2>
     3d8:	f0 91 74 02 	lds	r31, 0x0274	; 0x800274 <FsDateTime::callback2+0x1>
     3dc:	09 94       	ijmp

000003de <Print::print(__FlashStringHelper const*)>:
_ZN5Print5printEPK19__FlashStringHelper():
C:\Users\Ted\AppData\Local\Arduino15\packages\MiniCore\hardware\avr\2.1.3\cores\MCUdude_corefiles/Print.cpp:45
  }
  return n;
}

size_t Print::print(const __FlashStringHelper *ifsh)
{
     3de:	ef 92       	push	r14
     3e0:	ff 92       	push	r15
     3e2:	0f 93       	push	r16
     3e4:	1f 93       	push	r17
     3e6:	cf 93       	push	r28
     3e8:	df 93       	push	r29
     3ea:	8c 01       	movw	r16, r24
     3ec:	7b 01       	movw	r14, r22
C:\Users\Ted\AppData\Local\Arduino15\packages\MiniCore\hardware\avr\2.1.3\cores\MCUdude_corefiles/Print.cpp:47
  PGM_P p = reinterpret_cast<PGM_P>(ifsh);
  size_t n = 0;
     3ee:	d0 e0       	ldi	r29, 0x00	; 0
     3f0:	c0 e0       	ldi	r28, 0x00	; 0
C:\Users\Ted\AppData\Local\Arduino15\packages\MiniCore\hardware\avr\2.1.3\cores\MCUdude_corefiles/Print.cpp:49
  while (1) {
    unsigned char c = pgm_read_byte(p++);
     3f2:	f7 01       	movw	r30, r14
     3f4:	ec 0f       	add	r30, r28
     3f6:	fd 1f       	adc	r31, r29
     3f8:	64 91       	lpm	r22, Z
C:\Users\Ted\AppData\Local\Arduino15\packages\MiniCore\hardware\avr\2.1.3\cores\MCUdude_corefiles/Print.cpp:50
    if (c == 0) break;
     3fa:	66 23       	and	r22, r22
     3fc:	61 f0       	breq	.+24     	; 0x416 <__LOCK_REGION_LENGTH__+0x16>
C:\Users\Ted\AppData\Local\Arduino15\packages\MiniCore\hardware\avr\2.1.3\cores\MCUdude_corefiles/Print.cpp:51
    if (write(c)) n++;
     3fe:	d8 01       	movw	r26, r16
     400:	ed 91       	ld	r30, X+
     402:	fc 91       	ld	r31, X
     404:	01 90       	ld	r0, Z+
     406:	f0 81       	ld	r31, Z
     408:	e0 2d       	mov	r30, r0
     40a:	c8 01       	movw	r24, r16
     40c:	09 95       	icall
     40e:	89 2b       	or	r24, r25
     410:	11 f0       	breq	.+4      	; 0x416 <__LOCK_REGION_LENGTH__+0x16>
     412:	21 96       	adiw	r28, 0x01	; 1
     414:	ee cf       	rjmp	.-36     	; 0x3f2 <Print::print(__FlashStringHelper const*)+0x14>
C:\Users\Ted\AppData\Local\Arduino15\packages\MiniCore\hardware\avr\2.1.3\cores\MCUdude_corefiles/Print.cpp:55
    else break;
  }
  return n;
}
     416:	ce 01       	movw	r24, r28
     418:	df 91       	pop	r29
     41a:	cf 91       	pop	r28
     41c:	1f 91       	pop	r17
     41e:	0f 91       	pop	r16
     420:	ff 90       	pop	r15
     422:	ef 90       	pop	r14
     424:	08 95       	ret

00000426 <Print::write(unsigned char const*, unsigned int)>:
_ZN5Print5writeEPKhj():
C:\Users\Ted\AppData\Local\Arduino15\packages\MiniCore\hardware\avr\2.1.3\cores\MCUdude_corefiles/Print.cpp:35

// Public Methods //////////////////////////////////////////////////////////////

/* default implementation: may be overridden */
size_t Print::write(const uint8_t *buffer, size_t size)
{
     426:	af 92       	push	r10
     428:	bf 92       	push	r11
     42a:	cf 92       	push	r12
     42c:	df 92       	push	r13
     42e:	ef 92       	push	r14
     430:	ff 92       	push	r15
     432:	0f 93       	push	r16
     434:	1f 93       	push	r17
     436:	cf 93       	push	r28
     438:	df 93       	push	r29
     43a:	6c 01       	movw	r12, r24
     43c:	7b 01       	movw	r14, r22
     43e:	8b 01       	movw	r16, r22
     440:	04 0f       	add	r16, r20
     442:	15 1f       	adc	r17, r21
     444:	eb 01       	movw	r28, r22
     446:	5e 01       	movw	r10, r28
     448:	ae 18       	sub	r10, r14
     44a:	bf 08       	sbc	r11, r15
C:\Users\Ted\AppData\Local\Arduino15\packages\MiniCore\hardware\avr\2.1.3\cores\MCUdude_corefiles/Print.cpp:37
  size_t n = 0;
  while (size--) {
     44c:	c0 17       	cp	r28, r16
     44e:	d1 07       	cpc	r29, r17
     450:	59 f0       	breq	.+22     	; 0x468 <Print::write(unsigned char const*, unsigned int)+0x42>
C:\Users\Ted\AppData\Local\Arduino15\packages\MiniCore\hardware\avr\2.1.3\cores\MCUdude_corefiles/Print.cpp:38
    if (write(*buffer++)) n++;
     452:	69 91       	ld	r22, Y+
     454:	d6 01       	movw	r26, r12
     456:	ed 91       	ld	r30, X+
     458:	fc 91       	ld	r31, X
     45a:	01 90       	ld	r0, Z+
     45c:	f0 81       	ld	r31, Z
     45e:	e0 2d       	mov	r30, r0
     460:	c6 01       	movw	r24, r12
     462:	09 95       	icall
     464:	89 2b       	or	r24, r25
     466:	79 f7       	brne	.-34     	; 0x446 <Print::write(unsigned char const*, unsigned int)+0x20>
C:\Users\Ted\AppData\Local\Arduino15\packages\MiniCore\hardware\avr\2.1.3\cores\MCUdude_corefiles/Print.cpp:42
    else break;
  }
  return n;
}
     468:	c5 01       	movw	r24, r10
     46a:	df 91       	pop	r29
     46c:	cf 91       	pop	r28
     46e:	1f 91       	pop	r17
     470:	0f 91       	pop	r16
     472:	ff 90       	pop	r15
     474:	ef 90       	pop	r14
     476:	df 90       	pop	r13
     478:	cf 90       	pop	r12
     47a:	bf 90       	pop	r11
     47c:	af 90       	pop	r10
     47e:	08 95       	ret

00000480 <HardwareSerial::availableForWrite()>:
_ZN14HardwareSerial17availableForWriteEv():
C:\Users\Ted\AppData\Local\Arduino15\packages\MiniCore\hardware\avr\2.1.3\cores\MCUdude_corefiles/HardwareSerial.cpp:181
{
#if (SERIAL_TX_BUFFER_SIZE>256)
  uint8_t oldSREG = SREG;
  cli();
#endif
  tx_buffer_index_t head = _tx_buffer_head;
     480:	fc 01       	movw	r30, r24
     482:	53 8d       	ldd	r21, Z+27	; 0x1b
C:\Users\Ted\AppData\Local\Arduino15\packages\MiniCore\hardware\avr\2.1.3\cores\MCUdude_corefiles/HardwareSerial.cpp:182
  tx_buffer_index_t tail = _tx_buffer_tail;
     484:	44 8d       	ldd	r20, Z+28	; 0x1c
     486:	25 2f       	mov	r18, r21
     488:	30 e0       	ldi	r19, 0x00	; 0
     48a:	84 2f       	mov	r24, r20
     48c:	90 e0       	ldi	r25, 0x00	; 0
C:\Users\Ted\AppData\Local\Arduino15\packages\MiniCore\hardware\avr\2.1.3\cores\MCUdude_corefiles/HardwareSerial.cpp:186
#if (SERIAL_TX_BUFFER_SIZE>256)
  SREG = oldSREG;
#endif
  if (head >= tail) return SERIAL_TX_BUFFER_SIZE - 1 - head + tail;
     48e:	82 1b       	sub	r24, r18
     490:	93 0b       	sbc	r25, r19
     492:	54 17       	cp	r21, r20
     494:	10 f0       	brcs	.+4      	; 0x49a <HardwareSerial::availableForWrite()+0x1a>
     496:	cf 96       	adiw	r24, 0x3f	; 63
     498:	08 95       	ret
C:\Users\Ted\AppData\Local\Arduino15\packages\MiniCore\hardware\avr\2.1.3\cores\MCUdude_corefiles/HardwareSerial.cpp:187
  return tail - head - 1;
     49a:	01 97       	sbiw	r24, 0x01	; 1
C:\Users\Ted\AppData\Local\Arduino15\packages\MiniCore\hardware\avr\2.1.3\cores\MCUdude_corefiles/HardwareSerial.cpp:188
}
     49c:	08 95       	ret

0000049e <HardwareSerial::read()>:
_ZN14HardwareSerial4readEv():
C:\Users\Ted\AppData\Local\Arduino15\packages\MiniCore\hardware\avr\2.1.3\cores\MCUdude_corefiles/HardwareSerial.cpp:164
    return _rx_buffer[_rx_buffer_tail];
  }
}

int HardwareSerial::read(void)
{
     49e:	fc 01       	movw	r30, r24
C:\Users\Ted\AppData\Local\Arduino15\packages\MiniCore\hardware\avr\2.1.3\cores\MCUdude_corefiles/HardwareSerial.cpp:166
  // if the head isn't ahead of the tail, we don't have any characters
  if (_rx_buffer_head == _rx_buffer_tail) {
     4a0:	91 8d       	ldd	r25, Z+25	; 0x19
     4a2:	82 8d       	ldd	r24, Z+26	; 0x1a
     4a4:	98 17       	cp	r25, r24
     4a6:	61 f0       	breq	.+24     	; 0x4c0 <HardwareSerial::read()+0x22>
C:\Users\Ted\AppData\Local\Arduino15\packages\MiniCore\hardware\avr\2.1.3\cores\MCUdude_corefiles/HardwareSerial.cpp:169
    return -1;
  } else {
    unsigned char c = _rx_buffer[_rx_buffer_tail];
     4a8:	a2 8d       	ldd	r26, Z+26	; 0x1a
     4aa:	ae 0f       	add	r26, r30
     4ac:	bf 2f       	mov	r27, r31
     4ae:	b1 1d       	adc	r27, r1
     4b0:	5d 96       	adiw	r26, 0x1d	; 29
     4b2:	8c 91       	ld	r24, X
C:\Users\Ted\AppData\Local\Arduino15\packages\MiniCore\hardware\avr\2.1.3\cores\MCUdude_corefiles/HardwareSerial.cpp:170
    _rx_buffer_tail = (rx_buffer_index_t)(_rx_buffer_tail + 1) % SERIAL_RX_BUFFER_SIZE;
     4b4:	92 8d       	ldd	r25, Z+26	; 0x1a
     4b6:	9f 5f       	subi	r25, 0xFF	; 255
     4b8:	9f 73       	andi	r25, 0x3F	; 63
     4ba:	92 8f       	std	Z+26, r25	; 0x1a
C:\Users\Ted\AppData\Local\Arduino15\packages\MiniCore\hardware\avr\2.1.3\cores\MCUdude_corefiles/HardwareSerial.cpp:171
    return c;
     4bc:	90 e0       	ldi	r25, 0x00	; 0
     4be:	08 95       	ret
C:\Users\Ted\AppData\Local\Arduino15\packages\MiniCore\hardware\avr\2.1.3\cores\MCUdude_corefiles/HardwareSerial.cpp:167

int HardwareSerial::read(void)
{
  // if the head isn't ahead of the tail, we don't have any characters
  if (_rx_buffer_head == _rx_buffer_tail) {
    return -1;
     4c0:	8f ef       	ldi	r24, 0xFF	; 255
     4c2:	9f ef       	ldi	r25, 0xFF	; 255
C:\Users\Ted\AppData\Local\Arduino15\packages\MiniCore\hardware\avr\2.1.3\cores\MCUdude_corefiles/HardwareSerial.cpp:173
  } else {
    unsigned char c = _rx_buffer[_rx_buffer_tail];
    _rx_buffer_tail = (rx_buffer_index_t)(_rx_buffer_tail + 1) % SERIAL_RX_BUFFER_SIZE;
    return c;
  }
}
     4c4:	08 95       	ret

000004c6 <HardwareSerial::peek()>:
_ZN14HardwareSerial4peekEv():
C:\Users\Ted\AppData\Local\Arduino15\packages\MiniCore\hardware\avr\2.1.3\cores\MCUdude_corefiles/HardwareSerial.cpp:155
{
  return ((unsigned int)(SERIAL_RX_BUFFER_SIZE + _rx_buffer_head - _rx_buffer_tail)) % SERIAL_RX_BUFFER_SIZE;
}

int HardwareSerial::peek(void)
{
     4c6:	fc 01       	movw	r30, r24
C:\Users\Ted\AppData\Local\Arduino15\packages\MiniCore\hardware\avr\2.1.3\cores\MCUdude_corefiles/HardwareSerial.cpp:156
  if (_rx_buffer_head == _rx_buffer_tail) {
     4c8:	91 8d       	ldd	r25, Z+25	; 0x19
     4ca:	82 8d       	ldd	r24, Z+26	; 0x1a
     4cc:	98 17       	cp	r25, r24
     4ce:	31 f0       	breq	.+12     	; 0x4dc <HardwareSerial::peek()+0x16>
C:\Users\Ted\AppData\Local\Arduino15\packages\MiniCore\hardware\avr\2.1.3\cores\MCUdude_corefiles/HardwareSerial.cpp:159
    return -1;
  } else {
    return _rx_buffer[_rx_buffer_tail];
     4d0:	82 8d       	ldd	r24, Z+26	; 0x1a
     4d2:	e8 0f       	add	r30, r24
     4d4:	f1 1d       	adc	r31, r1
     4d6:	85 8d       	ldd	r24, Z+29	; 0x1d
     4d8:	90 e0       	ldi	r25, 0x00	; 0
     4da:	08 95       	ret
C:\Users\Ted\AppData\Local\Arduino15\packages\MiniCore\hardware\avr\2.1.3\cores\MCUdude_corefiles/HardwareSerial.cpp:157
}

int HardwareSerial::peek(void)
{
  if (_rx_buffer_head == _rx_buffer_tail) {
    return -1;
     4dc:	8f ef       	ldi	r24, 0xFF	; 255
     4de:	9f ef       	ldi	r25, 0xFF	; 255
C:\Users\Ted\AppData\Local\Arduino15\packages\MiniCore\hardware\avr\2.1.3\cores\MCUdude_corefiles/HardwareSerial.cpp:161
  } else {
    return _rx_buffer[_rx_buffer_tail];
  }
}
     4e0:	08 95       	ret

000004e2 <HardwareSerial::available()>:
_ZN14HardwareSerial9availableEv():
C:\Users\Ted\AppData\Local\Arduino15\packages\MiniCore\hardware\avr\2.1.3\cores\MCUdude_corefiles/HardwareSerial.cpp:150
  // clear any received data
  _rx_buffer_head = _rx_buffer_tail;
}

int HardwareSerial::available(void)
{
     4e2:	fc 01       	movw	r30, r24
C:\Users\Ted\AppData\Local\Arduino15\packages\MiniCore\hardware\avr\2.1.3\cores\MCUdude_corefiles/HardwareSerial.cpp:151
  return ((unsigned int)(SERIAL_RX_BUFFER_SIZE + _rx_buffer_head - _rx_buffer_tail)) % SERIAL_RX_BUFFER_SIZE;
     4e4:	91 8d       	ldd	r25, Z+25	; 0x19
     4e6:	22 8d       	ldd	r18, Z+26	; 0x1a
     4e8:	89 2f       	mov	r24, r25
     4ea:	90 e0       	ldi	r25, 0x00	; 0
     4ec:	80 5c       	subi	r24, 0xC0	; 192
     4ee:	9f 4f       	sbci	r25, 0xFF	; 255
     4f0:	82 1b       	sub	r24, r18
     4f2:	91 09       	sbc	r25, r1
C:\Users\Ted\AppData\Local\Arduino15\packages\MiniCore\hardware\avr\2.1.3\cores\MCUdude_corefiles/HardwareSerial.cpp:152
}
     4f4:	8f 73       	andi	r24, 0x3F	; 63
     4f6:	99 27       	eor	r25, r25
     4f8:	08 95       	ret

000004fa <Serial0_available()>:
_Z17Serial0_availablev():
C:\Users\Ted\AppData\Local\Arduino15\packages\MiniCore\hardware\avr\2.1.3\cores\MCUdude_corefiles/HardwareSerial0.cpp:76
#endif

// Function that can be weakly referenced by serialEventRun to prevent
// pulling in this file if it's not otherwise used.
bool Serial0_available() {
  return Serial.available();
     4fa:	8f e7       	ldi	r24, 0x7F	; 127
     4fc:	93 e0       	ldi	r25, 0x03	; 3
     4fe:	0e 94 71 02 	call	0x4e2	; 0x4e2 <HardwareSerial::available()>
     502:	21 e0       	ldi	r18, 0x01	; 1
     504:	89 2b       	or	r24, r25
     506:	09 f4       	brne	.+2      	; 0x50a <Serial0_available()+0x10>
     508:	20 e0       	ldi	r18, 0x00	; 0
C:\Users\Ted\AppData\Local\Arduino15\packages\MiniCore\hardware\avr\2.1.3\cores\MCUdude_corefiles/HardwareSerial0.cpp:77
}
     50a:	82 2f       	mov	r24, r18
     50c:	08 95       	ret

0000050e <serialEventRun()>:
_Z14serialEventRunv():
C:\Users\Ted\AppData\Local\Arduino15\packages\MiniCore\hardware\avr\2.1.3\cores\MCUdude_corefiles/HardwareSerial.cpp:66
#endif

void serialEventRun(void)
{
#if defined(HAVE_HWSERIAL0)
  if (Serial0_available && serialEvent && Serial0_available()) serialEvent();
     50e:	80 e0       	ldi	r24, 0x00	; 0
     510:	90 e0       	ldi	r25, 0x00	; 0
     512:	89 2b       	or	r24, r25
     514:	29 f0       	breq	.+10     	; 0x520 <serialEventRun()+0x12>
     516:	0e 94 7d 02 	call	0x4fa	; 0x4fa <Serial0_available()>
     51a:	81 11       	cpse	r24, r1
     51c:	0c 94 00 00 	jmp	0	; 0x0 <__vectors>
C:\Users\Ted\AppData\Local\Arduino15\packages\MiniCore\hardware\avr\2.1.3\cores\MCUdude_corefiles/HardwareSerial.cpp:77
  if (Serial2_available && serialEvent2 && Serial2_available()) serialEvent2();
#endif
#if defined(HAVE_HWSERIAL3)
  if (Serial3_available && serialEvent3 && Serial3_available()) serialEvent3();
#endif
}
     520:	08 95       	ret

00000522 <HardwareSerial::_tx_udr_empty_irq()>:
_ZN14HardwareSerial17_tx_udr_empty_irqEv():
C:\Users\Ted\AppData\Local\Arduino15\packages\MiniCore\hardware\avr\2.1.3\cores\MCUdude_corefiles/HardwareSerial.cpp:82

// Actual interrupt handlers //////////////////////////////////////////////////////////////

void HardwareSerial::_tx_udr_empty_irq(void)
{
     522:	fc 01       	movw	r30, r24
C:\Users\Ted\AppData\Local\Arduino15\packages\MiniCore\hardware\avr\2.1.3\cores\MCUdude_corefiles/HardwareSerial.cpp:85
  // If interrupts are enabled, there must be more data in the output
  // buffer. Send the next byte
  unsigned char c = _tx_buffer[_tx_buffer_tail];
     524:	a4 8d       	ldd	r26, Z+28	; 0x1c
     526:	a8 0f       	add	r26, r24
     528:	b9 2f       	mov	r27, r25
     52a:	b1 1d       	adc	r27, r1
     52c:	a3 5a       	subi	r26, 0xA3	; 163
     52e:	bf 4f       	sbci	r27, 0xFF	; 255
     530:	2c 91       	ld	r18, X
C:\Users\Ted\AppData\Local\Arduino15\packages\MiniCore\hardware\avr\2.1.3\cores\MCUdude_corefiles/HardwareSerial.cpp:86
  _tx_buffer_tail = (_tx_buffer_tail + 1) % SERIAL_TX_BUFFER_SIZE;
     532:	84 8d       	ldd	r24, Z+28	; 0x1c
     534:	90 e0       	ldi	r25, 0x00	; 0
     536:	01 96       	adiw	r24, 0x01	; 1
     538:	8f 73       	andi	r24, 0x3F	; 63
     53a:	99 27       	eor	r25, r25
     53c:	84 8f       	std	Z+28, r24	; 0x1c
C:\Users\Ted\AppData\Local\Arduino15\packages\MiniCore\hardware\avr\2.1.3\cores\MCUdude_corefiles/HardwareSerial.cpp:88

  *_udr = c;
     53e:	a6 89       	ldd	r26, Z+22	; 0x16
     540:	b7 89       	ldd	r27, Z+23	; 0x17
     542:	2c 93       	st	X, r18
C:\Users\Ted\AppData\Local\Arduino15\packages\MiniCore\hardware\avr\2.1.3\cores\MCUdude_corefiles/HardwareSerial.cpp:93

  // clear the TXC bit -- "can be cleared by writing a one to its bit
  // location". This makes sure flush() won't return until the bytes
  // actually got written
  *_ucsra |= _BV(TXC0);
     544:	a0 89       	ldd	r26, Z+16	; 0x10
     546:	b1 89       	ldd	r27, Z+17	; 0x11
     548:	8c 91       	ld	r24, X
     54a:	80 64       	ori	r24, 0x40	; 64
     54c:	8c 93       	st	X, r24
C:\Users\Ted\AppData\Local\Arduino15\packages\MiniCore\hardware\avr\2.1.3\cores\MCUdude_corefiles/HardwareSerial.cpp:95

  if (_tx_buffer_head == _tx_buffer_tail) {
     54e:	93 8d       	ldd	r25, Z+27	; 0x1b
     550:	84 8d       	ldd	r24, Z+28	; 0x1c
     552:	98 13       	cpse	r25, r24
     554:	06 c0       	rjmp	.+12     	; 0x562 <HardwareSerial::_tx_udr_empty_irq()+0x40>
C:\Users\Ted\AppData\Local\Arduino15\packages\MiniCore\hardware\avr\2.1.3\cores\MCUdude_corefiles/HardwareSerial.cpp:97
    // Buffer empty, so disable interrupts
    *_ucsrb &= ~_BV(UDRIE0);
     556:	02 88       	ldd	r0, Z+18	; 0x12
     558:	f3 89       	ldd	r31, Z+19	; 0x13
     55a:	e0 2d       	mov	r30, r0
     55c:	80 81       	ld	r24, Z
     55e:	8f 7d       	andi	r24, 0xDF	; 223
     560:	80 83       	st	Z, r24
C:\Users\Ted\AppData\Local\Arduino15\packages\MiniCore\hardware\avr\2.1.3\cores\MCUdude_corefiles/HardwareSerial.cpp:99
  }
}
     562:	08 95       	ret

00000564 <HardwareSerial::write(unsigned char)>:
_ZN14HardwareSerial5writeEh():
C:\Users\Ted\AppData\Local\Arduino15\packages\MiniCore\hardware\avr\2.1.3\cores\MCUdude_corefiles/HardwareSerial.cpp:211
  // If we get here, nothing is queued anymore (DRIE is disabled) and
  // the hardware finished tranmission (TXC is set).
}

size_t HardwareSerial::write(uint8_t c)
{
     564:	ef 92       	push	r14
     566:	ff 92       	push	r15
     568:	0f 93       	push	r16
     56a:	1f 93       	push	r17
     56c:	cf 93       	push	r28
     56e:	df 93       	push	r29
     570:	ec 01       	movw	r28, r24
C:\Users\Ted\AppData\Local\Arduino15\packages\MiniCore\hardware\avr\2.1.3\cores\MCUdude_corefiles/HardwareSerial.cpp:212
  _written = true;
     572:	81 e0       	ldi	r24, 0x01	; 1
     574:	88 8f       	std	Y+24, r24	; 0x18
C:\Users\Ted\AppData\Local\Arduino15\packages\MiniCore\hardware\avr\2.1.3\cores\MCUdude_corefiles/HardwareSerial.cpp:217
  // If the buffer and the data register is empty, just write the byte
  // to the data register and be done. This shortcut helps
  // significantly improve the effective datarate at high (>
  // 500kbit/s) bitrates, where interrupt overhead becomes a slowdown.
  if (_tx_buffer_head == _tx_buffer_tail && bit_is_set(*_ucsra, UDRE0)) {
     576:	9b 8d       	ldd	r25, Y+27	; 0x1b
     578:	8c 8d       	ldd	r24, Y+28	; 0x1c
     57a:	98 13       	cpse	r25, r24
     57c:	16 c0       	rjmp	.+44     	; 0x5aa <HardwareSerial::write(unsigned char)+0x46>
     57e:	e8 89       	ldd	r30, Y+16	; 0x10
     580:	f9 89       	ldd	r31, Y+17	; 0x11
     582:	80 81       	ld	r24, Z
     584:	85 ff       	sbrs	r24, 5
     586:	11 c0       	rjmp	.+34     	; 0x5aa <HardwareSerial::write(unsigned char)+0x46>
C:\Users\Ted\AppData\Local\Arduino15\packages\MiniCore\hardware\avr\2.1.3\cores\MCUdude_corefiles/HardwareSerial.cpp:218
    *_udr = c;
     588:	ee 89       	ldd	r30, Y+22	; 0x16
     58a:	ff 89       	ldd	r31, Y+23	; 0x17
     58c:	60 83       	st	Z, r22
C:\Users\Ted\AppData\Local\Arduino15\packages\MiniCore\hardware\avr\2.1.3\cores\MCUdude_corefiles/HardwareSerial.cpp:219
    *_ucsra |= _BV(TXC0);
     58e:	e8 89       	ldd	r30, Y+16	; 0x10
     590:	f9 89       	ldd	r31, Y+17	; 0x11
     592:	80 81       	ld	r24, Z
     594:	80 64       	ori	r24, 0x40	; 64
C:\Users\Ted\AppData\Local\Arduino15\packages\MiniCore\hardware\avr\2.1.3\cores\MCUdude_corefiles/HardwareSerial.cpp:242
  }

  _tx_buffer[_tx_buffer_head] = c;
  _tx_buffer_head = i;

  *_ucsrb |= _BV(UDRIE0);
     596:	80 83       	st	Z, r24
C:\Users\Ted\AppData\Local\Arduino15\packages\MiniCore\hardware\avr\2.1.3\cores\MCUdude_corefiles/HardwareSerial.cpp:245
  
  return 1;
}
     598:	81 e0       	ldi	r24, 0x01	; 1
     59a:	90 e0       	ldi	r25, 0x00	; 0
     59c:	df 91       	pop	r29
     59e:	cf 91       	pop	r28
     5a0:	1f 91       	pop	r17
     5a2:	0f 91       	pop	r16
     5a4:	ff 90       	pop	r15
     5a6:	ef 90       	pop	r14
     5a8:	08 95       	ret
     5aa:	f6 2e       	mov	r15, r22
C:\Users\Ted\AppData\Local\Arduino15\packages\MiniCore\hardware\avr\2.1.3\cores\MCUdude_corefiles/HardwareSerial.cpp:222
  if (_tx_buffer_head == _tx_buffer_tail && bit_is_set(*_ucsra, UDRE0)) {
    *_udr = c;
    *_ucsra |= _BV(TXC0);
    return 1;
  }
  tx_buffer_index_t i = (_tx_buffer_head + 1) % SERIAL_TX_BUFFER_SIZE;
     5ac:	0b 8d       	ldd	r16, Y+27	; 0x1b
     5ae:	10 e0       	ldi	r17, 0x00	; 0
     5b0:	0f 5f       	subi	r16, 0xFF	; 255
     5b2:	1f 4f       	sbci	r17, 0xFF	; 255
     5b4:	0f 73       	andi	r16, 0x3F	; 63
     5b6:	11 27       	eor	r17, r17
     5b8:	e0 2e       	mov	r14, r16
C:\Users\Ted\AppData\Local\Arduino15\packages\MiniCore\hardware\avr\2.1.3\cores\MCUdude_corefiles/HardwareSerial.cpp:226

  // If the output buffer is full, there's nothing for it other than to 
  // wait for the interrupt handler to empty it a bit
  while (i == _tx_buffer_tail) {
     5ba:	8c 8d       	ldd	r24, Y+28	; 0x1c
     5bc:	8e 11       	cpse	r24, r14
     5be:	0c c0       	rjmp	.+24     	; 0x5d8 <HardwareSerial::write(unsigned char)+0x74>
C:\Users\Ted\AppData\Local\Arduino15\packages\MiniCore\hardware\avr\2.1.3\cores\MCUdude_corefiles/HardwareSerial.cpp:227
    if (bit_is_clear(SREG, SREG_I)) {
     5c0:	0f b6       	in	r0, 0x3f	; 63
     5c2:	07 fc       	sbrc	r0, 7
     5c4:	fa cf       	rjmp	.-12     	; 0x5ba <HardwareSerial::write(unsigned char)+0x56>
C:\Users\Ted\AppData\Local\Arduino15\packages\MiniCore\hardware\avr\2.1.3\cores\MCUdude_corefiles/HardwareSerial.cpp:232
      // Interrupts are disabled, so we'll have to poll the data
      // register empty flag ourselves. If it is set, pretend an
      // interrupt has happened and call the handler to free up
      // space for us.
      if(bit_is_set(*_ucsra, UDRE0))
     5c6:	e8 89       	ldd	r30, Y+16	; 0x10
     5c8:	f9 89       	ldd	r31, Y+17	; 0x11
     5ca:	80 81       	ld	r24, Z
     5cc:	85 ff       	sbrs	r24, 5
     5ce:	f5 cf       	rjmp	.-22     	; 0x5ba <HardwareSerial::write(unsigned char)+0x56>
C:\Users\Ted\AppData\Local\Arduino15\packages\MiniCore\hardware\avr\2.1.3\cores\MCUdude_corefiles/HardwareSerial.cpp:233
        _tx_udr_empty_irq();
     5d0:	ce 01       	movw	r24, r28
     5d2:	0e 94 91 02 	call	0x522	; 0x522 <HardwareSerial::_tx_udr_empty_irq()>
     5d6:	f1 cf       	rjmp	.-30     	; 0x5ba <HardwareSerial::write(unsigned char)+0x56>
C:\Users\Ted\AppData\Local\Arduino15\packages\MiniCore\hardware\avr\2.1.3\cores\MCUdude_corefiles/HardwareSerial.cpp:239
    } else {
      // nop, the interrupt handler will free up space for us
    }
  }

  _tx_buffer[_tx_buffer_head] = c;
     5d8:	eb 8d       	ldd	r30, Y+27	; 0x1b
     5da:	ec 0f       	add	r30, r28
     5dc:	fd 2f       	mov	r31, r29
     5de:	f1 1d       	adc	r31, r1
     5e0:	e3 5a       	subi	r30, 0xA3	; 163
     5e2:	ff 4f       	sbci	r31, 0xFF	; 255
     5e4:	f0 82       	st	Z, r15
C:\Users\Ted\AppData\Local\Arduino15\packages\MiniCore\hardware\avr\2.1.3\cores\MCUdude_corefiles/HardwareSerial.cpp:240
  _tx_buffer_head = i;
     5e6:	0b 8f       	std	Y+27, r16	; 0x1b
C:\Users\Ted\AppData\Local\Arduino15\packages\MiniCore\hardware\avr\2.1.3\cores\MCUdude_corefiles/HardwareSerial.cpp:242

  *_ucsrb |= _BV(UDRIE0);
     5e8:	ea 89       	ldd	r30, Y+18	; 0x12
     5ea:	fb 89       	ldd	r31, Y+19	; 0x13
     5ec:	80 81       	ld	r24, Z
     5ee:	80 62       	ori	r24, 0x20	; 32
     5f0:	d2 cf       	rjmp	.-92     	; 0x596 <HardwareSerial::write(unsigned char)+0x32>

000005f2 <Print::print(char) [clone .constprop.43]>:
_ZN5Print5printEc.constprop.43():
C:\Users\Ted\AppData\Local\Arduino15\packages\MiniCore\hardware\avr\2.1.3\cores\MCUdude_corefiles/Print.cpp:69
  return write(str);
}

size_t Print::print(char c)
{
  return write(c);
     5f2:	68 2f       	mov	r22, r24
     5f4:	8f e7       	ldi	r24, 0x7F	; 127
     5f6:	93 e0       	ldi	r25, 0x03	; 3
     5f8:	0c 94 b2 02 	jmp	0x564	; 0x564 <HardwareSerial::write(unsigned char)>

000005fc <HardwareSerial::flush()>:
_ZN14HardwareSerial5flushEv():
C:\Users\Ted\AppData\Local\Arduino15\packages\MiniCore\hardware\avr\2.1.3\cores\MCUdude_corefiles/HardwareSerial.cpp:191
  if (head >= tail) return SERIAL_TX_BUFFER_SIZE - 1 - head + tail;
  return tail - head - 1;
}

void HardwareSerial::flush()
{
     5fc:	cf 93       	push	r28
     5fe:	df 93       	push	r29
     600:	ec 01       	movw	r28, r24
C:\Users\Ted\AppData\Local\Arduino15\packages\MiniCore\hardware\avr\2.1.3\cores\MCUdude_corefiles/HardwareSerial.cpp:195
  // If we have never written a byte, no need to flush. This special
  // case is needed since there is no way to force the TXC (transmit
  // complete) bit to 1 during initialization
  if (!_written)
     602:	88 8d       	ldd	r24, Y+24	; 0x18
     604:	88 23       	and	r24, r24
     606:	b9 f0       	breq	.+46     	; 0x636 <HardwareSerial::flush()+0x3a>
C:\Users\Ted\AppData\Local\Arduino15\packages\MiniCore\hardware\avr\2.1.3\cores\MCUdude_corefiles/HardwareSerial.cpp:198
    return;

  while (bit_is_set(*_ucsrb, UDRIE0) || bit_is_clear(*_ucsra, TXC0)) {
     608:	aa 89       	ldd	r26, Y+18	; 0x12
     60a:	bb 89       	ldd	r27, Y+19	; 0x13
     60c:	e8 89       	ldd	r30, Y+16	; 0x10
     60e:	f9 89       	ldd	r31, Y+17	; 0x11
     610:	8c 91       	ld	r24, X
     612:	85 fd       	sbrc	r24, 5
     614:	03 c0       	rjmp	.+6      	; 0x61c <HardwareSerial::flush()+0x20>
     616:	80 81       	ld	r24, Z
     618:	86 fd       	sbrc	r24, 6
     61a:	0d c0       	rjmp	.+26     	; 0x636 <HardwareSerial::flush()+0x3a>
C:\Users\Ted\AppData\Local\Arduino15\packages\MiniCore\hardware\avr\2.1.3\cores\MCUdude_corefiles/HardwareSerial.cpp:199
    if (bit_is_clear(SREG, SREG_I) && bit_is_set(*_ucsrb, UDRIE0))
     61c:	0f b6       	in	r0, 0x3f	; 63
     61e:	07 fc       	sbrc	r0, 7
     620:	f7 cf       	rjmp	.-18     	; 0x610 <HardwareSerial::flush()+0x14>
     622:	8c 91       	ld	r24, X
     624:	85 ff       	sbrs	r24, 5
     626:	f2 cf       	rjmp	.-28     	; 0x60c <HardwareSerial::flush()+0x10>
C:\Users\Ted\AppData\Local\Arduino15\packages\MiniCore\hardware\avr\2.1.3\cores\MCUdude_corefiles/HardwareSerial.cpp:203
      // Interrupts are globally disabled, but the DR empty
      // interrupt should be enabled, so poll the DR empty flag to
      // prevent deadlock
      if (bit_is_set(*_ucsra, UDRE0))
     628:	80 81       	ld	r24, Z
     62a:	85 ff       	sbrs	r24, 5
     62c:	ed cf       	rjmp	.-38     	; 0x608 <HardwareSerial::flush()+0xc>
C:\Users\Ted\AppData\Local\Arduino15\packages\MiniCore\hardware\avr\2.1.3\cores\MCUdude_corefiles/HardwareSerial.cpp:204
        _tx_udr_empty_irq();
     62e:	ce 01       	movw	r24, r28
     630:	0e 94 91 02 	call	0x522	; 0x522 <HardwareSerial::_tx_udr_empty_irq()>
     634:	e9 cf       	rjmp	.-46     	; 0x608 <HardwareSerial::flush()+0xc>
C:\Users\Ted\AppData\Local\Arduino15\packages\MiniCore\hardware\avr\2.1.3\cores\MCUdude_corefiles/HardwareSerial.cpp:208
  }
  // If we get here, nothing is queued anymore (DRIE is disabled) and
  // the hardware finished tranmission (TXC is set).
}
     636:	df 91       	pop	r29
     638:	cf 91       	pop	r28
     63a:	08 95       	ret

0000063c <digitalWrite>:
digitalWrite():
C:\Users\Ted\AppData\Local\Arduino15\packages\MiniCore\hardware\avr\2.1.3\cores\MCUdude_corefiles/wiring_digital.c:189
  }
}

void digitalWrite(uint8_t pin, uint8_t val)
{
  uint8_t timer = digitalPinToTimer(pin);
     63c:	90 e0       	ldi	r25, 0x00	; 0
     63e:	fc 01       	movw	r30, r24
     640:	ec 58       	subi	r30, 0x8C	; 140
     642:	ff 4f       	sbci	r31, 0xFF	; 255
     644:	24 91       	lpm	r18, Z
C:\Users\Ted\AppData\Local\Arduino15\packages\MiniCore\hardware\avr\2.1.3\cores\MCUdude_corefiles/wiring_digital.c:190
  uint8_t bit = digitalPinToBitMask(pin);
     646:	fc 01       	movw	r30, r24
     648:	eb 58       	subi	r30, 0x8B	; 139
     64a:	fe 4f       	sbci	r31, 0xFE	; 254
     64c:	34 91       	lpm	r19, Z
C:\Users\Ted\AppData\Local\Arduino15\packages\MiniCore\hardware\avr\2.1.3\cores\MCUdude_corefiles/wiring_digital.c:191
  uint8_t port = digitalPinToPort(pin);
     64e:	fc 01       	movw	r30, r24
     650:	e2 5a       	subi	r30, 0xA2	; 162
     652:	fe 4f       	sbci	r31, 0xFE	; 254
     654:	e4 91       	lpm	r30, Z
C:\Users\Ted\AppData\Local\Arduino15\packages\MiniCore\hardware\avr\2.1.3\cores\MCUdude_corefiles/wiring_digital.c:194
  volatile uint8_t *out;

  if (port == NOT_A_PIN) return;
     656:	ee 23       	and	r30, r30
     658:	c9 f0       	breq	.+50     	; 0x68c <digitalWrite+0x50>
C:\Users\Ted\AppData\Local\Arduino15\packages\MiniCore\hardware\avr\2.1.3\cores\MCUdude_corefiles/wiring_digital.c:198

  // If the pin that support PWM output, we need to turn it off
  // before doing a digital write.
  if (timer != NOT_ON_TIMER) turnOffPWM(timer);
     65a:	22 23       	and	r18, r18
     65c:	39 f0       	breq	.+14     	; 0x66c <digitalWrite+0x30>
turnOffPWM():
C:\Users\Ted\AppData\Local\Arduino15\packages\MiniCore\hardware\avr\2.1.3\cores\MCUdude_corefiles/wiring_digital.c:77
//
//static inline void turnOffPWM(uint8_t timer) __attribute__ ((always_inline));
//static inline void turnOffPWM(uint8_t timer)
static void turnOffPWM(uint8_t timer)
{
  switch (timer)
     65e:	24 30       	cpi	r18, 0x04	; 4
     660:	01 f1       	breq	.+64     	; 0x6a2 <digitalWrite+0x66>
     662:	a8 f4       	brcc	.+42     	; 0x68e <digitalWrite+0x52>
     664:	22 30       	cpi	r18, 0x02	; 2
     666:	69 f1       	breq	.+90     	; 0x6c2 <digitalWrite+0x86>
     668:	23 30       	cpi	r18, 0x03	; 3
     66a:	79 f1       	breq	.+94     	; 0x6ca <digitalWrite+0x8e>
digitalWrite():
C:\Users\Ted\AppData\Local\Arduino15\packages\MiniCore\hardware\avr\2.1.3\cores\MCUdude_corefiles/wiring_digital.c:200

  // If the pin that support PWM output, we need to turn it off
  // before doing a digital write.
  if (timer != NOT_ON_TIMER) turnOffPWM(timer);

  out = portOutputRegister(port);
     66c:	f0 e0       	ldi	r31, 0x00	; 0
     66e:	ee 0f       	add	r30, r30
     670:	ff 1f       	adc	r31, r31
     672:	e6 5b       	subi	r30, 0xB6	; 182
     674:	fe 4f       	sbci	r31, 0xFE	; 254
     676:	a5 91       	lpm	r26, Z+
     678:	b4 91       	lpm	r27, Z
C:\Users\Ted\AppData\Local\Arduino15\packages\MiniCore\hardware\avr\2.1.3\cores\MCUdude_corefiles/wiring_digital.c:202

  uint8_t oldSREG = SREG;
     67a:	8f b7       	in	r24, 0x3f	; 63
C:\Users\Ted\AppData\Local\Arduino15\packages\MiniCore\hardware\avr\2.1.3\cores\MCUdude_corefiles/wiring_digital.c:203
  cli();
     67c:	f8 94       	cli
C:\Users\Ted\AppData\Local\Arduino15\packages\MiniCore\hardware\avr\2.1.3\cores\MCUdude_corefiles/wiring_digital.c:206

  if (val == LOW) {
    *out &= ~bit;
     67e:	ec 91       	ld	r30, X
C:\Users\Ted\AppData\Local\Arduino15\packages\MiniCore\hardware\avr\2.1.3\cores\MCUdude_corefiles/wiring_digital.c:205
  out = portOutputRegister(port);

  uint8_t oldSREG = SREG;
  cli();

  if (val == LOW) {
     680:	61 11       	cpse	r22, r1
     682:	26 c0       	rjmp	.+76     	; 0x6d0 <digitalWrite+0x94>
C:\Users\Ted\AppData\Local\Arduino15\packages\MiniCore\hardware\avr\2.1.3\cores\MCUdude_corefiles/wiring_digital.c:206
    *out &= ~bit;
     684:	30 95       	com	r19
     686:	3e 23       	and	r19, r30
C:\Users\Ted\AppData\Local\Arduino15\packages\MiniCore\hardware\avr\2.1.3\cores\MCUdude_corefiles/wiring_digital.c:208
  } else {
    *out |= bit;
     688:	3c 93       	st	X, r19
C:\Users\Ted\AppData\Local\Arduino15\packages\MiniCore\hardware\avr\2.1.3\cores\MCUdude_corefiles/wiring_digital.c:211
  }

  SREG = oldSREG;
     68a:	8f bf       	out	0x3f, r24	; 63
C:\Users\Ted\AppData\Local\Arduino15\packages\MiniCore\hardware\avr\2.1.3\cores\MCUdude_corefiles/wiring_digital.c:212
}
     68c:	08 95       	ret
turnOffPWM():
C:\Users\Ted\AppData\Local\Arduino15\packages\MiniCore\hardware\avr\2.1.3\cores\MCUdude_corefiles/wiring_digital.c:77
//
//static inline void turnOffPWM(uint8_t timer) __attribute__ ((always_inline));
//static inline void turnOffPWM(uint8_t timer)
static void turnOffPWM(uint8_t timer)
{
  switch (timer)
     68e:	28 30       	cpi	r18, 0x08	; 8
     690:	71 f0       	breq	.+28     	; 0x6ae <digitalWrite+0x72>
     692:	29 30       	cpi	r18, 0x09	; 9
     694:	91 f0       	breq	.+36     	; 0x6ba <digitalWrite+0x7e>
     696:	25 30       	cpi	r18, 0x05	; 5
     698:	49 f7       	brne	.-46     	; 0x66c <digitalWrite+0x30>
C:\Users\Ted\AppData\Local\Arduino15\packages\MiniCore\hardware\avr\2.1.3\cores\MCUdude_corefiles/wiring_digital.c:87
        TCCR1A &= ~_BV(COM1A1);
        break;
    #endif
    #if defined(TCCR1A) && defined(COM1B1)
      case TIMER1B:
        TCCR1A &= ~_BV(COM1B1);
     69a:	80 91 80 00 	lds	r24, 0x0080	; 0x800080 <__DATA_REGION_ORIGIN__+0x20>
     69e:	8f 7d       	andi	r24, 0xDF	; 223
     6a0:	03 c0       	rjmp	.+6      	; 0x6a8 <digitalWrite+0x6c>
C:\Users\Ted\AppData\Local\Arduino15\packages\MiniCore\hardware\avr\2.1.3\cores\MCUdude_corefiles/wiring_digital.c:82
  switch (timer)
  {
    // Timer1
    #if defined(TCCR1A) && defined(COM1A1)
      case TIMER1A:
        TCCR1A &= ~_BV(COM1A1);
     6a2:	80 91 80 00 	lds	r24, 0x0080	; 0x800080 <__DATA_REGION_ORIGIN__+0x20>
     6a6:	8f 77       	andi	r24, 0x7F	; 127
C:\Users\Ted\AppData\Local\Arduino15\packages\MiniCore\hardware\avr\2.1.3\cores\MCUdude_corefiles/wiring_digital.c:87
        break;
    #endif
    #if defined(TCCR1A) && defined(COM1B1)
      case TIMER1B:
        TCCR1A &= ~_BV(COM1B1);
     6a8:	80 93 80 00 	sts	0x0080, r24	; 0x800080 <__DATA_REGION_ORIGIN__+0x20>
     6ac:	df cf       	rjmp	.-66     	; 0x66c <digitalWrite+0x30>
C:\Users\Ted\AppData\Local\Arduino15\packages\MiniCore\hardware\avr\2.1.3\cores\MCUdude_corefiles/wiring_digital.c:104
        TCCR2 &= ~_BV(COM21);
        break;
    #endif
    #if defined(TCCR2A) && defined(COM2A1)
      case TIMER2A:
        TCCR2A &= ~_BV(COM2A1);
     6ae:	80 91 b0 00 	lds	r24, 0x00B0	; 0x8000b0 <__DATA_REGION_ORIGIN__+0x50>
     6b2:	8f 77       	andi	r24, 0x7F	; 127
C:\Users\Ted\AppData\Local\Arduino15\packages\MiniCore\hardware\avr\2.1.3\cores\MCUdude_corefiles/wiring_digital.c:109
        break;
    #endif
    #if defined(TCCR2A) && defined(COM2B1)
      case TIMER2B:
        TCCR2A &= ~_BV(COM2B1);
     6b4:	80 93 b0 00 	sts	0x00B0, r24	; 0x8000b0 <__DATA_REGION_ORIGIN__+0x50>
     6b8:	d9 cf       	rjmp	.-78     	; 0x66c <digitalWrite+0x30>
     6ba:	80 91 b0 00 	lds	r24, 0x00B0	; 0x8000b0 <__DATA_REGION_ORIGIN__+0x50>
     6be:	8f 7d       	andi	r24, 0xDF	; 223
     6c0:	f9 cf       	rjmp	.-14     	; 0x6b4 <digitalWrite+0x78>
C:\Users\Ted\AppData\Local\Arduino15\packages\MiniCore\hardware\avr\2.1.3\cores\MCUdude_corefiles/wiring_digital.c:176
        TCCR0 &= ~_BV(COM01);
        break;
    #endif
    #if defined(TCCR0A) && defined(COM0A1)
      case TIMER0A:
        TCCR0A &= ~_BV(COM0A1);
     6c2:	84 b5       	in	r24, 0x24	; 36
     6c4:	8f 77       	andi	r24, 0x7F	; 127
C:\Users\Ted\AppData\Local\Arduino15\packages\MiniCore\hardware\avr\2.1.3\cores\MCUdude_corefiles/wiring_digital.c:181
        break;
    #endif
    #if defined(TCCR0A) && defined(COM0B1)
      case TIMER0B:
        TCCR0A &= ~_BV(COM0B1);
     6c6:	84 bd       	out	0x24, r24	; 36
     6c8:	d1 cf       	rjmp	.-94     	; 0x66c <digitalWrite+0x30>
     6ca:	84 b5       	in	r24, 0x24	; 36
     6cc:	8f 7d       	andi	r24, 0xDF	; 223
     6ce:	fb cf       	rjmp	.-10     	; 0x6c6 <digitalWrite+0x8a>
digitalWrite():
C:\Users\Ted\AppData\Local\Arduino15\packages\MiniCore\hardware\avr\2.1.3\cores\MCUdude_corefiles/wiring_digital.c:208
  cli();

  if (val == LOW) {
    *out &= ~bit;
  } else {
    *out |= bit;
     6d0:	3e 2b       	or	r19, r30
     6d2:	da cf       	rjmp	.-76     	; 0x688 <digitalWrite+0x4c>

000006d4 <TwoWire::begin() [clone .constprop.22]>:
_ZN7TwoWire5beginEv.constprop.22():
C:\Users\Ted\AppData\Local\Arduino15\packages\MiniCore\hardware\avr\2.1.3\libraries\Wire\src/Wire.cpp:60

// Public Methods //////////////////////////////////////////////////////////////

void TwoWire::begin(void)
{
  rxBufferIndex = 0;
     6d4:	10 92 7e 03 	sts	0x037E, r1	; 0x80037e <TwoWire::rxBufferIndex>
C:\Users\Ted\AppData\Local\Arduino15\packages\MiniCore\hardware\avr\2.1.3\libraries\Wire\src/Wire.cpp:61
  rxBufferLength = 0;
     6d8:	10 92 7d 03 	sts	0x037D, r1	; 0x80037d <TwoWire::rxBufferLength>
C:\Users\Ted\AppData\Local\Arduino15\packages\MiniCore\hardware\avr\2.1.3\libraries\Wire\src/Wire.cpp:63

  txBufferIndex = 0;
     6dc:	10 92 13 03 	sts	0x0313, r1	; 0x800313 <TwoWire::txBufferIndex>
C:\Users\Ted\AppData\Local\Arduino15\packages\MiniCore\hardware\avr\2.1.3\libraries\Wire\src/Wire.cpp:64
  txBufferLength = 0;
     6e0:	10 92 35 03 	sts	0x0335, r1	; 0x800335 <TwoWire::txBufferLength>
twi_init():
C:\Users\Ted\AppData\Local\Arduino15\packages\MiniCore\hardware\avr\2.1.3\libraries\Wire\src\utility/twi.c:71
 * Output   none
 */
void twi_init(void)
{
  // initialize state
  twi_state = TWI_READY;
     6e4:	10 92 5c 03 	sts	0x035C, r1	; 0x80035c <twi_state>
C:\Users\Ted\AppData\Local\Arduino15\packages\MiniCore\hardware\avr\2.1.3\libraries\Wire\src\utility/twi.c:72
  twi_sendStop = true;  // default value
     6e8:	81 e0       	ldi	r24, 0x01	; 1
     6ea:	80 93 5b 03 	sts	0x035B, r24	; 0x80035b <twi_sendStop>
C:\Users\Ted\AppData\Local\Arduino15\packages\MiniCore\hardware\avr\2.1.3\libraries\Wire\src\utility/twi.c:73
  twi_inRepStart = false;
     6ee:	10 92 56 03 	sts	0x0356, r1	; 0x800356 <twi_inRepStart>
C:\Users\Ted\AppData\Local\Arduino15\packages\MiniCore\hardware\avr\2.1.3\libraries\Wire\src\utility/twi.c:76
  
  // activate internal pullups for twi.
  digitalWrite(SDA, 1);
     6f2:	61 e0       	ldi	r22, 0x01	; 1
     6f4:	82 e1       	ldi	r24, 0x12	; 18
     6f6:	0e 94 1e 03 	call	0x63c	; 0x63c <digitalWrite>
C:\Users\Ted\AppData\Local\Arduino15\packages\MiniCore\hardware\avr\2.1.3\libraries\Wire\src\utility/twi.c:77
  digitalWrite(SCL, 1);
     6fa:	61 e0       	ldi	r22, 0x01	; 1
     6fc:	83 e1       	ldi	r24, 0x13	; 19
     6fe:	0e 94 1e 03 	call	0x63c	; 0x63c <digitalWrite>
C:\Users\Ted\AppData\Local\Arduino15\packages\MiniCore\hardware\avr\2.1.3\libraries\Wire\src\utility/twi.c:80

  // initialize twi prescaler and bit rate
  cbi(TWSR, TWPS0);
     702:	e9 eb       	ldi	r30, 0xB9	; 185
     704:	f0 e0       	ldi	r31, 0x00	; 0
     706:	80 81       	ld	r24, Z
     708:	8e 7f       	andi	r24, 0xFE	; 254
     70a:	80 83       	st	Z, r24
C:\Users\Ted\AppData\Local\Arduino15\packages\MiniCore\hardware\avr\2.1.3\libraries\Wire\src\utility/twi.c:81
  cbi(TWSR, TWPS1);
     70c:	80 81       	ld	r24, Z
     70e:	8d 7f       	andi	r24, 0xFD	; 253
     710:	80 83       	st	Z, r24
C:\Users\Ted\AppData\Local\Arduino15\packages\MiniCore\hardware\avr\2.1.3\libraries\Wire\src\utility/twi.c:82
  TWBR = ((F_CPU / TWI_FREQ) - 16) / 2;
     712:	80 e2       	ldi	r24, 0x20	; 32
     714:	80 93 b8 00 	sts	0x00B8, r24	; 0x8000b8 <__DATA_REGION_ORIGIN__+0x58>
C:\Users\Ted\AppData\Local\Arduino15\packages\MiniCore\hardware\avr\2.1.3\libraries\Wire\src\utility/twi.c:90
  SCL Frequency = CPU Clock Frequency / (16 + (2 * TWBR))
  note: TWBR should be 10 or higher for master mode
  It is 72 for a 16mhz Wiring board with 100kHz TWI */

  // enable twi module, acks, and twi interrupt
  TWCR = _BV(TWEN) | _BV(TWIE) | _BV(TWEA);
     718:	85 e4       	ldi	r24, 0x45	; 69
     71a:	80 93 bc 00 	sts	0x00BC, r24	; 0x8000bc <__DATA_REGION_ORIGIN__+0x5c>
twi_attachSlaveTxEvent():
C:\Users\Ted\AppData\Local\Arduino15\packages\MiniCore\hardware\avr\2.1.3\libraries\Wire\src\utility/twi.c:344
 * Input    function: callback function to use
 * Output   none
 */
void twi_attachSlaveTxEvent( void (*function)(void) )
{
  twi_onSlaveTransmit = function;
     71e:	86 ee       	ldi	r24, 0xE6	; 230
     720:	91 e0       	ldi	r25, 0x01	; 1
     722:	90 93 ca 02 	sts	0x02CA, r25	; 0x8002ca <twi_onSlaveTransmit+0x1>
     726:	80 93 c9 02 	sts	0x02C9, r24	; 0x8002c9 <twi_onSlaveTransmit>
twi_attachSlaveRxEvent():
C:\Users\Ted\AppData\Local\Arduino15\packages\MiniCore\hardware\avr\2.1.3\libraries\Wire\src\utility/twi.c:333
 * Input    function: callback function to use
 * Output   none
 */
void twi_attachSlaveRxEvent( void (*function)(uint8_t*, int) )
{
  twi_onSlaveReceive = function;
     72a:	87 ee       	ldi	r24, 0xE7	; 231
     72c:	91 e0       	ldi	r25, 0x01	; 1
     72e:	90 93 c8 02 	sts	0x02C8, r25	; 0x8002c8 <twi_onSlaveReceive+0x1>
     732:	80 93 c7 02 	sts	0x02C7, r24	; 0x8002c7 <twi_onSlaveReceive>
_ZN7TwoWire5beginEv.constprop.22():
C:\Users\Ted\AppData\Local\Arduino15\packages\MiniCore\hardware\avr\2.1.3\libraries\Wire\src/Wire.cpp:69

  twi_init();
  twi_attachSlaveTxEvent(onRequestService); // default callback must exist
  twi_attachSlaveRxEvent(onReceiveService); // default callback must exist
}
     736:	08 95       	ret

00000738 <micros>:
micros():
C:\Users\Ted\AppData\Local\Arduino15\packages\MiniCore\hardware\avr\2.1.3\cores\MCUdude_corefiles/wiring.c:237
  unsigned char f; // temporary storage for millis fraction counter
  unsigned char q = 0; // record whether an overflow is flagged
#endif
  // t will be the number where the timer0 counter stopped
  uint8_t t;
  uint8_t oldSREG = SREG;
     738:	3f b7       	in	r19, 0x3f	; 63
C:\Users\Ted\AppData\Local\Arduino15\packages\MiniCore\hardware\avr\2.1.3\cores\MCUdude_corefiles/wiring.c:240

  // Stop all interrupts
  cli();
     73a:	f8 94       	cli
C:\Users\Ted\AppData\Local\Arduino15\packages\MiniCore\hardware\avr\2.1.3\cores\MCUdude_corefiles/wiring.c:247
#ifdef CORRECT_EXACT_MICROS
  // combine exact millisec and 8usec counters
  m = timer0_millis;
  f = timer0_fract;
#else
  m = timer0_overflow_count;
     73c:	80 91 6b 02 	lds	r24, 0x026B	; 0x80026b <timer0_overflow_count>
     740:	90 91 6c 02 	lds	r25, 0x026C	; 0x80026c <timer0_overflow_count+0x1>
     744:	a0 91 6d 02 	lds	r26, 0x026D	; 0x80026d <timer0_overflow_count+0x2>
     748:	b0 91 6e 02 	lds	r27, 0x026E	; 0x80026e <timer0_overflow_count+0x3>
C:\Users\Ted\AppData\Local\Arduino15\packages\MiniCore\hardware\avr\2.1.3\cores\MCUdude_corefiles/wiring.c:252
#endif

  // TCNT0 : The Timer Counter Register
#if defined(TCNT0)
  t = TCNT0;
     74c:	26 b5       	in	r18, 0x26	; 38
C:\Users\Ted\AppData\Local\Arduino15\packages\MiniCore\hardware\avr\2.1.3\cores\MCUdude_corefiles/wiring.c:261
  #error TIMER 0 not defined
#endif

  // Timer0 Interrupt Flag Register
#ifdef TIFR0
  if ((TIFR0 & _BV(TOV0)) && (t < 255))
     74e:	a8 9b       	sbis	0x15, 0	; 21
     750:	05 c0       	rjmp	.+10     	; 0x75c <micros+0x24>
     752:	2f 3f       	cpi	r18, 0xFF	; 255
     754:	19 f0       	breq	.+6      	; 0x75c <micros+0x24>
C:\Users\Ted\AppData\Local\Arduino15\packages\MiniCore\hardware\avr\2.1.3\cores\MCUdude_corefiles/wiring.c:263
#ifndef CORRECT_EXACT_MICROS
    m++;
     756:	01 96       	adiw	r24, 0x01	; 1
     758:	a1 1d       	adc	r26, r1
     75a:	b1 1d       	adc	r27, r1
C:\Users\Ted\AppData\Local\Arduino15\packages\MiniCore\hardware\avr\2.1.3\cores\MCUdude_corefiles/wiring.c:276
#else
    q = 1;
#endif
#endif
  // Restore SREG
  SREG = oldSREG;
     75c:	3f bf       	out	0x3f, r19	; 63
C:\Users\Ted\AppData\Local\Arduino15\packages\MiniCore\hardware\avr\2.1.3\cores\MCUdude_corefiles/wiring.c:292
      ((t * MICROSECONDS_PER_TIMER0_OVERFLOW) >> 8);
  return q ? m + MICROSECONDS_PER_TIMER0_OVERFLOW : m;
#elif 1
  /* All power-of-two Megahertz frequencies enter here, as well as 12.8 MHz.
     We only end up here if right shift before multiplication is exact. */
  return ((m << 8) + t) * (MICROSECONDS_PER_TIMER0_OVERFLOW >> 8);
     75e:	ba 2f       	mov	r27, r26
     760:	a9 2f       	mov	r26, r25
     762:	98 2f       	mov	r25, r24
     764:	88 27       	eor	r24, r24
     766:	bc 01       	movw	r22, r24
     768:	cd 01       	movw	r24, r26
     76a:	62 0f       	add	r22, r18
     76c:	71 1d       	adc	r23, r1
     76e:	81 1d       	adc	r24, r1
     770:	91 1d       	adc	r25, r1
     772:	43 e0       	ldi	r20, 0x03	; 3
     774:	66 0f       	add	r22, r22
     776:	77 1f       	adc	r23, r23
     778:	88 1f       	adc	r24, r24
     77a:	99 1f       	adc	r25, r25
     77c:	4a 95       	dec	r20
     77e:	d1 f7       	brne	.-12     	; 0x774 <micros+0x3c>
C:\Users\Ted\AppData\Local\Arduino15\packages\MiniCore\hardware\avr\2.1.3\cores\MCUdude_corefiles/wiring.c:393
  // m & t are multiplied by 4 (since it was already multiplied by 256)
  // t is multiplied by 4
  return ((m << 8) + t) * (64 / clockCyclesPerMicrosecond());
#endif
#endif // 0
}
     780:	08 95       	ret

00000782 <delay>:
delay():
C:\Users\Ted\AppData\Local\Arduino15\packages\MiniCore\hardware\avr\2.1.3\cores\MCUdude_corefiles/wiring.c:396

void delay(unsigned long ms)
{
     782:	8f 92       	push	r8
     784:	9f 92       	push	r9
     786:	af 92       	push	r10
     788:	bf 92       	push	r11
     78a:	cf 92       	push	r12
     78c:	df 92       	push	r13
     78e:	ef 92       	push	r14
     790:	ff 92       	push	r15
     792:	6b 01       	movw	r12, r22
     794:	7c 01       	movw	r14, r24
C:\Users\Ted\AppData\Local\Arduino15\packages\MiniCore\hardware\avr\2.1.3\cores\MCUdude_corefiles/wiring.c:397
  unsigned long start = micros();
     796:	0e 94 9c 03 	call	0x738	; 0x738 <micros>
     79a:	4b 01       	movw	r8, r22
     79c:	5c 01       	movw	r10, r24
C:\Users\Ted\AppData\Local\Arduino15\packages\MiniCore\hardware\avr\2.1.3\cores\MCUdude_corefiles/wiring.c:401

  while (ms > 0UL) {
    yield();
    while (ms > 0UL && (micros() - start) >= 1000UL) {
     79e:	c1 14       	cp	r12, r1
     7a0:	d1 04       	cpc	r13, r1
     7a2:	e1 04       	cpc	r14, r1
     7a4:	f1 04       	cpc	r15, r1
     7a6:	b9 f0       	breq	.+46     	; 0x7d6 <delay+0x54>
     7a8:	0e 94 9c 03 	call	0x738	; 0x738 <micros>
     7ac:	68 19       	sub	r22, r8
     7ae:	79 09       	sbc	r23, r9
     7b0:	8a 09       	sbc	r24, r10
     7b2:	9b 09       	sbc	r25, r11
     7b4:	68 3e       	cpi	r22, 0xE8	; 232
     7b6:	73 40       	sbci	r23, 0x03	; 3
     7b8:	81 05       	cpc	r24, r1
     7ba:	91 05       	cpc	r25, r1
     7bc:	80 f3       	brcs	.-32     	; 0x79e <delay+0x1c>
C:\Users\Ted\AppData\Local\Arduino15\packages\MiniCore\hardware\avr\2.1.3\cores\MCUdude_corefiles/wiring.c:402
      ms--;
     7be:	21 e0       	ldi	r18, 0x01	; 1
     7c0:	c2 1a       	sub	r12, r18
     7c2:	d1 08       	sbc	r13, r1
     7c4:	e1 08       	sbc	r14, r1
     7c6:	f1 08       	sbc	r15, r1
C:\Users\Ted\AppData\Local\Arduino15\packages\MiniCore\hardware\avr\2.1.3\cores\MCUdude_corefiles/wiring.c:403
      start += 1000UL;
     7c8:	88 ee       	ldi	r24, 0xE8	; 232
     7ca:	88 0e       	add	r8, r24
     7cc:	83 e0       	ldi	r24, 0x03	; 3
     7ce:	98 1e       	adc	r9, r24
     7d0:	a1 1c       	adc	r10, r1
     7d2:	b1 1c       	adc	r11, r1
     7d4:	e4 cf       	rjmp	.-56     	; 0x79e <delay+0x1c>
C:\Users\Ted\AppData\Local\Arduino15\packages\MiniCore\hardware\avr\2.1.3\cores\MCUdude_corefiles/wiring.c:406
    }
  }
}
     7d6:	ff 90       	pop	r15
     7d8:	ef 90       	pop	r14
     7da:	df 90       	pop	r13
     7dc:	cf 90       	pop	r12
     7de:	bf 90       	pop	r11
     7e0:	af 90       	pop	r10
     7e2:	9f 90       	pop	r9
     7e4:	8f 90       	pop	r8
     7e6:	08 95       	ret

000007e8 <millis>:
millis():
C:\Users\Ted\AppData\Local\Arduino15\packages\MiniCore\hardware\avr\2.1.3\cores\MCUdude_corefiles/wiring.c:218
}

unsigned long millis()
{
  unsigned long m;
  uint8_t oldSREG = SREG;
     7e8:	2f b7       	in	r18, 0x3f	; 63
C:\Users\Ted\AppData\Local\Arduino15\packages\MiniCore\hardware\avr\2.1.3\cores\MCUdude_corefiles/wiring.c:222

  // disable interrupts while we read timer0_millis or we might get an
  // inconsistent value (e.g. in the middle of a write to timer0_millis)
  cli();
     7ea:	f8 94       	cli
C:\Users\Ted\AppData\Local\Arduino15\packages\MiniCore\hardware\avr\2.1.3\cores\MCUdude_corefiles/wiring.c:223
  m = timer0_millis;
     7ec:	60 91 67 02 	lds	r22, 0x0267	; 0x800267 <timer0_millis>
     7f0:	70 91 68 02 	lds	r23, 0x0268	; 0x800268 <timer0_millis+0x1>
     7f4:	80 91 69 02 	lds	r24, 0x0269	; 0x800269 <timer0_millis+0x2>
     7f8:	90 91 6a 02 	lds	r25, 0x026A	; 0x80026a <timer0_millis+0x3>
C:\Users\Ted\AppData\Local\Arduino15\packages\MiniCore\hardware\avr\2.1.3\cores\MCUdude_corefiles/wiring.c:224
  SREG = oldSREG;
     7fc:	2f bf       	out	0x3f, r18	; 63
C:\Users\Ted\AppData\Local\Arduino15\packages\MiniCore\hardware\avr\2.1.3\cores\MCUdude_corefiles/wiring.c:227

  return m;
}
     7fe:	08 95       	ret

00000800 <Stream::timedPeek() [clone .constprop.47]>:
_ZN6Stream9timedPeekEv.constprop.47():
C:\Users\Ted\AppData\Local\Arduino15\packages\MiniCore\hardware\avr\2.1.3\cores\MCUdude_corefiles/Stream.cpp:43
  } while(millis() - _startMillis < _timeout);
  return -1;     // -1 indicates timeout
}

// private method to peek stream with timeout
int Stream::timedPeek()
     800:	0f 93       	push	r16
     802:	1f 93       	push	r17
C:\Users\Ted\AppData\Local\Arduino15\packages\MiniCore\hardware\avr\2.1.3\cores\MCUdude_corefiles/Stream.cpp:46
{
  int c;
  _startMillis = millis();
     804:	0e 94 f4 03 	call	0x7e8	; 0x7e8 <millis>
     808:	60 93 87 03 	sts	0x0387, r22	; 0x800387 <Serial+0x8>
     80c:	70 93 88 03 	sts	0x0388, r23	; 0x800388 <Serial+0x9>
     810:	80 93 89 03 	sts	0x0389, r24	; 0x800389 <Serial+0xa>
     814:	90 93 8a 03 	sts	0x038A, r25	; 0x80038a <Serial+0xb>
C:\Users\Ted\AppData\Local\Arduino15\packages\MiniCore\hardware\avr\2.1.3\cores\MCUdude_corefiles/Stream.cpp:48
  do {
    c = peek();
     818:	8f e7       	ldi	r24, 0x7F	; 127
     81a:	93 e0       	ldi	r25, 0x03	; 3
     81c:	0e 94 63 02 	call	0x4c6	; 0x4c6 <HardwareSerial::peek()>
C:\Users\Ted\AppData\Local\Arduino15\packages\MiniCore\hardware\avr\2.1.3\cores\MCUdude_corefiles/Stream.cpp:49
    if (c >= 0) return c;
     820:	97 ff       	sbrs	r25, 7
     822:	1d c0       	rjmp	.+58     	; 0x85e <Stream::timedPeek() [clone .constprop.47]+0x5e>
C:\Users\Ted\AppData\Local\Arduino15\packages\MiniCore\hardware\avr\2.1.3\cores\MCUdude_corefiles/Stream.cpp:50
  } while(millis() - _startMillis < _timeout);
     824:	0e 94 f4 03 	call	0x7e8	; 0x7e8 <millis>
     828:	00 91 87 03 	lds	r16, 0x0387	; 0x800387 <Serial+0x8>
     82c:	10 91 88 03 	lds	r17, 0x0388	; 0x800388 <Serial+0x9>
     830:	20 91 89 03 	lds	r18, 0x0389	; 0x800389 <Serial+0xa>
     834:	30 91 8a 03 	lds	r19, 0x038A	; 0x80038a <Serial+0xb>
     838:	60 1b       	sub	r22, r16
     83a:	71 0b       	sbc	r23, r17
     83c:	82 0b       	sbc	r24, r18
     83e:	93 0b       	sbc	r25, r19
     840:	00 91 83 03 	lds	r16, 0x0383	; 0x800383 <Serial+0x4>
     844:	10 91 84 03 	lds	r17, 0x0384	; 0x800384 <Serial+0x5>
     848:	20 91 85 03 	lds	r18, 0x0385	; 0x800385 <Serial+0x6>
     84c:	30 91 86 03 	lds	r19, 0x0386	; 0x800386 <Serial+0x7>
     850:	60 17       	cp	r22, r16
     852:	71 07       	cpc	r23, r17
     854:	82 07       	cpc	r24, r18
     856:	93 07       	cpc	r25, r19
     858:	f8 f2       	brcs	.-66     	; 0x818 <Stream::timedPeek() [clone .constprop.47]+0x18>
C:\Users\Ted\AppData\Local\Arduino15\packages\MiniCore\hardware\avr\2.1.3\cores\MCUdude_corefiles/Stream.cpp:51
  return -1;     // -1 indicates timeout
     85a:	8f ef       	ldi	r24, 0xFF	; 255
     85c:	9f ef       	ldi	r25, 0xFF	; 255
C:\Users\Ted\AppData\Local\Arduino15\packages\MiniCore\hardware\avr\2.1.3\cores\MCUdude_corefiles/Stream.cpp:52
}
     85e:	1f 91       	pop	r17
     860:	0f 91       	pop	r16
     862:	08 95       	ret

00000864 <SdSpiCard::spiStart() [clone .part.21]>:
_ZN9SdSpiCard8spiStartEv.part.21():
C:\Users\Ted\Documents\Arduino\libraries\SdFat\src\SdCard/SdSpiCard.cpp:653
uint32_t SdSpiCard::sectorCount() {
  csd_t csd;
  return readCSD(&csd) ? sdCardCapacity(&csd) : 0;
}
//------------------------------------------------------------------------------
void SdSpiCard::spiStart() {
     864:	cf 93       	push	r28
     866:	df 93       	push	r29
     868:	ec 01       	movw	r28, r24
     86a:	9a 81       	ldd	r25, Y+2	; 0x02
     86c:	8b 81       	ldd	r24, Y+3	; 0x03
beginTransaction():
C:\Users\Ted\AppData\Local\Arduino15\packages\MiniCore\hardware\avr\2.1.3\libraries\SPI\src/SPI.h:206
      digitalWrite(SPI_TRANSACTION_MISMATCH_LED, HIGH);
    }
    inTransactionFlag = 1;
    #endif

    SPCR = settings.spcr;
     86e:	9c bd       	out	0x2c, r25	; 44
C:\Users\Ted\AppData\Local\Arduino15\packages\MiniCore\hardware\avr\2.1.3\libraries\SPI\src/SPI.h:207
    SPSR = settings.spsr;
     870:	8d bd       	out	0x2d, r24	; 45
sdCsWrite():
C:\Users\Ted\Documents\Arduino\libraries\SdFat\src\SpiDriver/SdSpiChipSelect.cpp:34
void sdCsInit(SdCsPin_t pin) {
  pinMode(pin, OUTPUT);
}
//------------------------------------------------------------------------------
void sdCsWrite(SdCsPin_t pin, bool level) {
  digitalWrite(pin, level);
     872:	60 e0       	ldi	r22, 0x00	; 0
     874:	8a 85       	ldd	r24, Y+10	; 0x0a
     876:	0e 94 1e 03 	call	0x63c	; 0x63c <digitalWrite>
_ZN9SdSpiCard8spiStartEv.part.21():
C:\Users\Ted\Documents\Arduino\libraries\SdFat\src\SdCard/SdSpiCard.cpp:657
  if (!m_spiActive) {
    spiActivate();
    spiSelect();
    m_spiActive = true;
     87a:	81 e0       	ldi	r24, 0x01	; 1
     87c:	8c 87       	std	Y+12, r24	; 0x0c
C:\Users\Ted\Documents\Arduino\libraries\SdFat\src\SdCard/SdSpiCard.cpp:659
  }
}
     87e:	df 91       	pop	r29
     880:	cf 91       	pop	r28
     882:	08 95       	ret

00000884 <SPIClass::transfer(unsigned char)>:
_ZN8SPIClass8transferEh():
C:\Users\Ted\AppData\Local\Arduino15\packages\MiniCore\hardware\avr\2.1.3\libraries\SPI\src/SPI.h:212
  }

  // Write to the SPI bus (MOSI pin) and also receive (MISO pin)
  inline static uint8_t transfer(uint8_t data) {
    SPDR = data;
     884:	8e bd       	out	0x2e, r24	; 46
C:\Users\Ted\AppData\Local\Arduino15\packages\MiniCore\hardware\avr\2.1.3\libraries\SPI\src/SPI.h:219
     * The following NOP introduces a small delay that can prevent the wait
     * loop form iterating when running at the maximum speed. This gives
     * about 10% more speed, even if it seems counter-intuitive. At lower
     * speeds it is unnoticed.
     */
    asm volatile("nop");
     886:	00 00       	nop
C:\Users\Ted\AppData\Local\Arduino15\packages\MiniCore\hardware\avr\2.1.3\libraries\SPI\src/SPI.h:220
    while (!(SPSR & _BV(SPIF))) ; // wait
     888:	0d b4       	in	r0, 0x2d	; 45
     88a:	07 fe       	sbrs	r0, 7
     88c:	fd cf       	rjmp	.-6      	; 0x888 <SPIClass::transfer(unsigned char)+0x4>
C:\Users\Ted\AppData\Local\Arduino15\packages\MiniCore\hardware\avr\2.1.3\libraries\SPI\src/SPI.h:221
    return SPDR;
     88e:	8e b5       	in	r24, 0x2e	; 46
C:\Users\Ted\AppData\Local\Arduino15\packages\MiniCore\hardware\avr\2.1.3\libraries\SPI\src/SPI.h:222
  }
     890:	08 95       	ret

00000892 <SdSpiArduinoDriver::receive() [clone .isra.6]>:
_ZN18SdSpiArduinoDriver7receiveEv.isra.6():
C:\Users\Ted\Documents\Arduino\libraries\SdFat\src\SpiDriver/SdSpiAvr.h:44
inline void SdSpiArduinoDriver::deactivate() {
  SPI.endTransaction();
}
//------------------------------------------------------------------------------
inline uint8_t SdSpiArduinoDriver::receive() {
  return SPI.transfer(0XFF);
     892:	8f ef       	ldi	r24, 0xFF	; 255
     894:	0c 94 42 04 	jmp	0x884	; 0x884 <SPIClass::transfer(unsigned char)>

00000898 <SdSpiCard::waitNotBusy(unsigned int) [clone .constprop.112]>:
_ZN9SdSpiCard11waitNotBusyEj.constprop.112():
C:\Users\Ted\Documents\Arduino\libraries\SdFat\src\SdCard/SdSpiCard.cpp:686
#endif  // ENABLE_DEDICATED_SPI
  return true;
}
//------------------------------------------------------------------------------
// wait for card to go not busy
bool SdSpiCard::waitNotBusy(SdMillis_t timeoutMS) {
     898:	0f 93       	push	r16
     89a:	1f 93       	push	r17
     89c:	cf 93       	push	r28
     89e:	df 93       	push	r29
     8a0:	ec 01       	movw	r28, r24
curTimeMS():
C:\Users\Ted\Documents\Arduino\libraries\SdFat\src\common/syscall.h:77
#define F(str) (str)
#endif  // F
//------------------------------------------------------------------------------
/** \return the time in milliseconds. */
inline SdMillis_t SysCall::curTimeMS() {
  return millis();
     8a2:	0e 94 f4 03 	call	0x7e8	; 0x7e8 <millis>
     8a6:	8b 01       	movw	r16, r22
_ZN9SdSpiCard10spiReceiveEv():
C:\Users\Ted\Documents\Arduino\libraries\SdFat\src\SdCard/SdSpiCard.h:310
  }
  void spiDeactivate() {
    m_spiDriver.deactivate();
  }
  uint8_t spiReceive() {
    return m_spiDriver.receive();
     8a8:	0e 94 49 04 	call	0x892	; 0x892 <SdSpiArduinoDriver::receive() [clone .isra.6]>
_ZN9SdSpiCard11waitNotBusyEj.constprop.112():
C:\Users\Ted\Documents\Arduino\libraries\SdFat\src\SdCard/SdSpiCard.cpp:698
    }
  }
  return false;
#else  // WDT_YIELD_TIME_MILLIS
  // Check not busy first since yield is not called in isTimedOut.
  while (spiReceive() != 0XFF) {
     8ac:	8f 3f       	cpi	r24, 0xFF	; 255
     8ae:	69 f0       	breq	.+26     	; 0x8ca <SdSpiCard::waitNotBusy(unsigned int) [clone .constprop.112]+0x32>
curTimeMS():
C:\Users\Ted\Documents\Arduino\libraries\SdFat\src\common/syscall.h:77
     8b0:	0e 94 f4 03 	call	0x7e8	; 0x7e8 <millis>
isTimedOut():
C:\Users\Ted\Documents\Arduino\libraries\SdFat\src\SdCard/SdSpiCard.cpp:465
  if ((SysCall::curTimeMS() - last) > WDT_YIELD_TIME_MILLIS) {
    SysCall::yield();
    last = SysCall::curTimeMS();
  }
#endif  // WDT_YIELD_TIME_MILLIS
  return (SysCall::curTimeMS() - startMS) > timeoutMS;
     8b4:	60 1b       	sub	r22, r16
     8b6:	71 0b       	sbc	r23, r17
_ZN9SdSpiCard11waitNotBusyEj.constprop.112():
C:\Users\Ted\Documents\Arduino\libraries\SdFat\src\SdCard/SdSpiCard.cpp:699
  }
  return false;
#else  // WDT_YIELD_TIME_MILLIS
  // Check not busy first since yield is not called in isTimedOut.
  while (spiReceive() != 0XFF) {
    if (isTimedOut(t0, timeoutMS)) {
     8b8:	c6 17       	cp	r28, r22
     8ba:	d7 07       	cpc	r29, r23
     8bc:	a8 f7       	brcc	.-22     	; 0x8a8 <SdSpiCard::waitNotBusy(unsigned int) [clone .constprop.112]+0x10>
C:\Users\Ted\Documents\Arduino\libraries\SdFat\src\SdCard/SdSpiCard.cpp:700
      return false;
     8be:	80 e0       	ldi	r24, 0x00	; 0
C:\Users\Ted\Documents\Arduino\libraries\SdFat\src\SdCard/SdSpiCard.cpp:705
    }
  }
  return true;
#endif  // WDT_YIELD_TIME_MILLIS
}
     8c0:	df 91       	pop	r29
     8c2:	cf 91       	pop	r28
     8c4:	1f 91       	pop	r17
     8c6:	0f 91       	pop	r16
     8c8:	08 95       	ret
C:\Users\Ted\Documents\Arduino\libraries\SdFat\src\SdCard/SdSpiCard.cpp:703
  while (spiReceive() != 0XFF) {
    if (isTimedOut(t0, timeoutMS)) {
      return false;
    }
  }
  return true;
     8ca:	81 e0       	ldi	r24, 0x01	; 1
     8cc:	f9 cf       	rjmp	.-14     	; 0x8c0 <SdSpiCard::waitNotBusy(unsigned int) [clone .constprop.112]+0x28>

000008ce <SdSpiCard::spiStop()>:
_ZN9SdSpiCard7spiStopEv():
C:\Users\Ted\Documents\Arduino\libraries\SdFat\src\SdCard/SdSpiCard.cpp:661
    spiSelect();
    m_spiActive = true;
  }
}
//------------------------------------------------------------------------------
void SdSpiCard::spiStop() {
     8ce:	cf 93       	push	r28
     8d0:	df 93       	push	r29
C:\Users\Ted\Documents\Arduino\libraries\SdFat\src\SdCard/SdSpiCard.cpp:662
  if (m_spiActive) {
     8d2:	fc 01       	movw	r30, r24
     8d4:	24 85       	ldd	r18, Z+12	; 0x0c
     8d6:	22 23       	and	r18, r18
     8d8:	49 f0       	breq	.+18     	; 0x8ec <SdSpiCard::spiStop()+0x1e>
     8da:	ec 01       	movw	r28, r24
sdCsWrite():
C:\Users\Ted\Documents\Arduino\libraries\SdFat\src\SpiDriver/SdSpiChipSelect.cpp:34
     8dc:	61 e0       	ldi	r22, 0x01	; 1
     8de:	82 85       	ldd	r24, Z+10	; 0x0a
     8e0:	0e 94 1e 03 	call	0x63c	; 0x63c <digitalWrite>
_ZN18SdSpiArduinoDriver4sendEh():
C:\Users\Ted\Documents\Arduino\libraries\SdFat\src\SpiDriver/SdSpiAvr.h:68
  *pr = SPDR;
  return 0;
}
//------------------------------------------------------------------------------
inline void SdSpiArduinoDriver::send(uint8_t data) {
  SPI.transfer(data);
     8e4:	8f ef       	ldi	r24, 0xFF	; 255
     8e6:	0e 94 42 04 	call	0x884	; 0x884 <SPIClass::transfer(unsigned char)>
_ZN9SdSpiCard7spiStopEv():
C:\Users\Ted\Documents\Arduino\libraries\SdFat\src\SdCard/SdSpiCard.cpp:666
    spiUnselect();
    spiSend(0XFF);
    spiDeactivate();
    m_spiActive = false;
     8ea:	1c 86       	std	Y+12, r1	; 0x0c
C:\Users\Ted\Documents\Arduino\libraries\SdFat\src\SdCard/SdSpiCard.cpp:668
  }
}
     8ec:	df 91       	pop	r29
     8ee:	cf 91       	pop	r28
     8f0:	08 95       	ret

000008f2 <SdSpiCard::writeData(unsigned char, unsigned char const*)>:
_ZN9SdSpiCard9writeDataEhPKh():
C:\Users\Ted\Documents\Arduino\libraries\SdFat\src\SdCard/SdSpiCard.cpp:726
  spiStop();
  return false;
}
//------------------------------------------------------------------------------
// send one sector of data for write sector or write multiple sectors
bool SdSpiCard::writeData(uint8_t token, const uint8_t* src) {
     8f2:	0f 93       	push	r16
     8f4:	1f 93       	push	r17
     8f6:	cf 93       	push	r28
     8f8:	df 93       	push	r29
     8fa:	8c 01       	movw	r16, r24
     8fc:	86 2f       	mov	r24, r22
     8fe:	ea 01       	movw	r28, r20
_ZN18SdSpiArduinoDriver4sendEh():
C:\Users\Ted\Documents\Arduino\libraries\SdFat\src\SpiDriver/SdSpiAvr.h:68
     900:	0e 94 42 04 	call	0x884	; 0x884 <SPIClass::transfer(unsigned char)>
_ZN18SdSpiArduinoDriver4sendEPKhj.isra.9():
C:\Users\Ted\Documents\Arduino\libraries\SdFat\src\SpiDriver/SdSpiAvr.h:75
//------------------------------------------------------------------------------
inline void SdSpiArduinoDriver::send(const uint8_t* buf , size_t count) {
  if (count == 0) {
    return;
  }
  SPDR = *buf++;
     904:	fe 01       	movw	r30, r28
     906:	81 91       	ld	r24, Z+
     908:	8e bd       	out	0x2e, r24	; 46
     90a:	de 5f       	subi	r29, 0xFE	; 254
C:\Users\Ted\Documents\Arduino\libraries\SdFat\src\SpiDriver/SdSpiAvr.h:76
  while (--count > 0) {
     90c:	ec 17       	cp	r30, r28
     90e:	fd 07       	cpc	r31, r29
     910:	41 f0       	breq	.+16     	; 0x922 <__stack+0x23>
C:\Users\Ted\Documents\Arduino\libraries\SdFat\src\SpiDriver/SdSpiAvr.h:77
    uint8_t b = *buf++;
     912:	81 91       	ld	r24, Z+
C:\Users\Ted\Documents\Arduino\libraries\SdFat\src\SpiDriver/SdSpiAvr.h:78
    while (!(SPSR & (1 << SPIF))) {}
     914:	0d b4       	in	r0, 0x2d	; 45
     916:	07 fe       	sbrs	r0, 7
     918:	fd cf       	rjmp	.-6      	; 0x914 <__stack+0x15>
C:\Users\Ted\Documents\Arduino\libraries\SdFat\src\SpiDriver/SdSpiAvr.h:79
    SPDR = b;
     91a:	8e bd       	out	0x2e, r24	; 46
C:\Users\Ted\Documents\Arduino\libraries\SdFat\src\SpiDriver/SdSpiAvr.h:81
    // nops to optimize loop for 16MHz CPU 8 MHz SPI
    nop;
     91c:	00 00       	nop
C:\Users\Ted\Documents\Arduino\libraries\SdFat\src\SpiDriver/SdSpiAvr.h:82
    nop;
     91e:	00 00       	nop
     920:	f5 cf       	rjmp	.-22     	; 0x90c <__stack+0xd>
C:\Users\Ted\Documents\Arduino\libraries\SdFat\src\SpiDriver/SdSpiAvr.h:84
  }
  while (!(SPSR & (1 << SPIF))) {}
     922:	0d b4       	in	r0, 0x2d	; 45
     924:	07 fe       	sbrs	r0, 7
     926:	fd cf       	rjmp	.-6      	; 0x922 <__stack+0x23>
_ZN18SdSpiArduinoDriver4sendEh():
C:\Users\Ted\Documents\Arduino\libraries\SdFat\src\SpiDriver/SdSpiAvr.h:68
  *pr = SPDR;
  return 0;
}
//------------------------------------------------------------------------------
inline void SdSpiArduinoDriver::send(uint8_t data) {
  SPI.transfer(data);
     928:	8f ef       	ldi	r24, 0xFF	; 255
     92a:	0e 94 42 04 	call	0x884	; 0x884 <SPIClass::transfer(unsigned char)>
     92e:	8f ef       	ldi	r24, 0xFF	; 255
     930:	0e 94 42 04 	call	0x884	; 0x884 <SPIClass::transfer(unsigned char)>
_ZN9SdSpiCard10spiReceiveEv():
C:\Users\Ted\Documents\Arduino\libraries\SdFat\src\SdCard/SdSpiCard.h:310
     934:	0e 94 49 04 	call	0x892	; 0x892 <SdSpiArduinoDriver::receive() [clone .isra.6]>
_ZN9SdSpiCard9writeDataEhPKh():
C:\Users\Ted\Documents\Arduino\libraries\SdFat\src\SdCard/SdSpiCard.cpp:737
  spiSend(token);
  spiSend(src, 512);
  spiSend(crc >> 8);
  spiSend(crc & 0XFF);

  m_status = spiReceive();
     938:	f8 01       	movw	r30, r16
     93a:	85 87       	std	Z+13, r24	; 0x0d
C:\Users\Ted\Documents\Arduino\libraries\SdFat\src\SdCard/SdSpiCard.cpp:738
  if ((m_status & DATA_RES_MASK) != DATA_RES_ACCEPTED) {
     93c:	8f 71       	andi	r24, 0x1F	; 31
     93e:	85 30       	cpi	r24, 0x05	; 5
     940:	59 f0       	breq	.+22     	; 0x958 <__stack+0x59>
_ZN9SdSpiCard5errorEh():
C:\Users\Ted\Documents\Arduino\libraries\SdFat\src\SdCard/SdSpiCard.h:95
  /**
   *  Set SD error code.
   *  \param[in] code value for error code.
   */
  void error(uint8_t code) {
    m_errorCode = code;
     942:	80 e2       	ldi	r24, 0x20	; 32
     944:	83 87       	std	Z+11, r24	; 0x0b
_ZN9SdSpiCard9writeDataEhPKh():
C:\Users\Ted\Documents\Arduino\libraries\SdFat\src\SdCard/SdSpiCard.cpp:745
    goto fail;
  }
  return true;

 fail:
  spiStop();
     946:	c8 01       	movw	r24, r16
     948:	0e 94 67 04 	call	0x8ce	; 0x8ce <SdSpiCard::spiStop()>
C:\Users\Ted\Documents\Arduino\libraries\SdFat\src\SdCard/SdSpiCard.cpp:746
  return false;
     94c:	80 e0       	ldi	r24, 0x00	; 0
C:\Users\Ted\Documents\Arduino\libraries\SdFat\src\SdCard/SdSpiCard.cpp:747
}
     94e:	df 91       	pop	r29
     950:	cf 91       	pop	r28
     952:	1f 91       	pop	r17
     954:	0f 91       	pop	r16
     956:	08 95       	ret
C:\Users\Ted\Documents\Arduino\libraries\SdFat\src\SdCard/SdSpiCard.cpp:742
  m_status = spiReceive();
  if ((m_status & DATA_RES_MASK) != DATA_RES_ACCEPTED) {
    error(SD_CARD_ERROR_WRITE_DATA);
    goto fail;
  }
  return true;
     958:	81 e0       	ldi	r24, 0x01	; 1
     95a:	f9 cf       	rjmp	.-14     	; 0x94e <__stack+0x4f>

0000095c <SdSpiCard::cardCommand(unsigned char, unsigned long)>:
_ZN9SdSpiCard11cardCommandEhm():
C:\Users\Ted\Documents\Arduino\libraries\SdFat\src\SdCard/SdSpiCard.cpp:332
  spiStop();
  return false;
}
//------------------------------------------------------------------------------
// send command and return error code.  Return zero for OK
uint8_t SdSpiCard::cardCommand(uint8_t cmd, uint32_t arg) {
     95c:	df 92       	push	r13
     95e:	ef 92       	push	r14
     960:	ff 92       	push	r15
     962:	0f 93       	push	r16
     964:	1f 93       	push	r17
     966:	cf 93       	push	r28
     968:	df 93       	push	r29
     96a:	ec 01       	movw	r28, r24
     96c:	16 2f       	mov	r17, r22
     96e:	02 2f       	mov	r16, r18
     970:	f3 2e       	mov	r15, r19
     972:	e4 2e       	mov	r14, r20
     974:	d5 2e       	mov	r13, r21
C:\Users\Ted\Documents\Arduino\libraries\SdFat\src\SdCard/SdSpiCard.cpp:334
#if ENABLE_DEDICATED_SPI
  if (m_curState != IDLE_STATE && !syncDevice()) {
     976:	88 85       	ldd	r24, Y+8	; 0x08
     978:	81 11       	cpse	r24, r1
     97a:	2d c0       	rjmp	.+90     	; 0x9d6 <SdSpiCard::cardCommand(unsigned char, unsigned long)+0x7a>
C:\Users\Ted\Documents\Arduino\libraries\SdFat\src\SdCard/SdSpiCard.cpp:339
    return 0XFF;
  }
#endif  // ENABLE_DEDICATED_SPI
  // select card
  if (!m_spiActive) {
     97c:	8c 85       	ldd	r24, Y+12	; 0x0c
     97e:	81 11       	cpse	r24, r1
     980:	03 c0       	rjmp	.+6      	; 0x988 <SdSpiCard::cardCommand(unsigned char, unsigned long)+0x2c>
spiStart():
     982:	ce 01       	movw	r24, r28
     984:	0e 94 32 04 	call	0x864	; 0x864 <SdSpiCard::spiStart() [clone .part.21]>
_ZN9SdSpiCard11cardCommandEhm():
C:\Users\Ted\Documents\Arduino\libraries\SdFat\src\SdCard/SdSpiCard.cpp:343
    spiStart();
  }
  // wait if busy unless CMD0
  if (cmd != CMD0) {
     988:	11 23       	and	r17, r17
     98a:	21 f0       	breq	.+8      	; 0x994 <SdSpiCard::cardCommand(unsigned char, unsigned long)+0x38>
C:\Users\Ted\Documents\Arduino\libraries\SdFat\src\SdCard/SdSpiCard.cpp:345
    DBG_BEGIN_TIME(DBG_CMD_BUSY);
    waitNotBusy(SD_CMD_TIMEOUT);
     98c:	8c e2       	ldi	r24, 0x2C	; 44
     98e:	91 e0       	ldi	r25, 0x01	; 1
     990:	0e 94 4c 04 	call	0x898	; 0x898 <SdSpiCard::waitNotBusy(unsigned int) [clone .constprop.112]>
_ZN18SdSpiArduinoDriver4sendEh():
C:\Users\Ted\Documents\Arduino\libraries\SdFat\src\SpiDriver/SdSpiAvr.h:68
     994:	81 2f       	mov	r24, r17
     996:	80 64       	ori	r24, 0x40	; 64
     998:	0e 94 42 04 	call	0x884	; 0x884 <SPIClass::transfer(unsigned char)>
     99c:	8d 2d       	mov	r24, r13
     99e:	0e 94 42 04 	call	0x884	; 0x884 <SPIClass::transfer(unsigned char)>
     9a2:	8e 2d       	mov	r24, r14
     9a4:	0e 94 42 04 	call	0x884	; 0x884 <SPIClass::transfer(unsigned char)>
     9a8:	8f 2d       	mov	r24, r15
     9aa:	0e 94 42 04 	call	0x884	; 0x884 <SPIClass::transfer(unsigned char)>
     9ae:	80 2f       	mov	r24, r16
     9b0:	0e 94 42 04 	call	0x884	; 0x884 <SPIClass::transfer(unsigned char)>
_ZN9SdSpiCard11cardCommandEhm():
C:\Users\Ted\Documents\Arduino\libraries\SdFat\src\SdCard/SdSpiCard.cpp:374
  for (int8_t i = 3; i >= 0; i--) {
    spiSend(pa[i]);
  }

  // send CRC - correct for CMD0 with arg zero or CMD8 with arg 0X1AA
  spiSend(cmd == CMD0 ? 0X95 : 0X87);
     9b4:	87 e8       	ldi	r24, 0x87	; 135
     9b6:	11 11       	cpse	r17, r1
     9b8:	01 c0       	rjmp	.+2      	; 0x9bc <SdSpiCard::cardCommand(unsigned char, unsigned long)+0x60>
     9ba:	85 e9       	ldi	r24, 0x95	; 149
_ZN18SdSpiArduinoDriver4sendEh():
C:\Users\Ted\Documents\Arduino\libraries\SdFat\src\SpiDriver/SdSpiAvr.h:68
     9bc:	0e 94 42 04 	call	0x884	; 0x884 <SPIClass::transfer(unsigned char)>
_ZN9SdSpiCard10spiReceiveEv.isra.17():
C:\Users\Ted\Documents\Arduino\libraries\SdFat\src\SdCard/SdSpiCard.h:310
  }
  void spiDeactivate() {
    m_spiDriver.deactivate();
  }
  uint8_t spiReceive() {
    return m_spiDriver.receive();
     9c0:	0e 94 49 04 	call	0x892	; 0x892 <SdSpiArduinoDriver::receive() [clone .isra.6]>
     9c4:	1b e0       	ldi	r17, 0x0B	; 11
_ZN9SdSpiCard10spiReceiveEv():
     9c6:	0e 94 49 04 	call	0x892	; 0x892 <SdSpiArduinoDriver::receive() [clone .isra.6]>
_ZN9SdSpiCard11cardCommandEhm():
C:\Users\Ted\Documents\Arduino\libraries\SdFat\src\SdCard/SdSpiCard.cpp:381

  // discard first fill byte to avoid MISO pull-up problem.
  spiReceive();

  // there are 1-8 fill bytes before response.  fill bytes should be 0XFF.
  for (uint8_t i = 0; ((m_status = spiReceive()) & 0X80) && i < 10; i++) {
     9ca:	8d 87       	std	Y+13, r24	; 0x0d
     9cc:	87 ff       	sbrs	r24, 7
     9ce:	09 c0       	rjmp	.+18     	; 0x9e2 <SdSpiCard::cardCommand(unsigned char, unsigned long)+0x86>
     9d0:	11 50       	subi	r17, 0x01	; 1
     9d2:	c9 f7       	brne	.-14     	; 0x9c6 <SdSpiCard::cardCommand(unsigned char, unsigned long)+0x6a>
     9d4:	06 c0       	rjmp	.+12     	; 0x9e2 <SdSpiCard::cardCommand(unsigned char, unsigned long)+0x86>
C:\Users\Ted\Documents\Arduino\libraries\SdFat\src\SdCard/SdSpiCard.cpp:334
}
//------------------------------------------------------------------------------
// send command and return error code.  Return zero for OK
uint8_t SdSpiCard::cardCommand(uint8_t cmd, uint32_t arg) {
#if ENABLE_DEDICATED_SPI
  if (m_curState != IDLE_STATE && !syncDevice()) {
     9d6:	ce 01       	movw	r24, r28
     9d8:	0e 94 f9 04 	call	0x9f2	; 0x9f2 <SdSpiCard::syncDevice()>
     9dc:	81 11       	cpse	r24, r1
     9de:	ce cf       	rjmp	.-100    	; 0x97c <SdSpiCard::cardCommand(unsigned char, unsigned long)+0x20>
C:\Users\Ted\Documents\Arduino\libraries\SdFat\src\SdCard/SdSpiCard.cpp:335
    return 0XFF;
     9e0:	8f ef       	ldi	r24, 0xFF	; 255
C:\Users\Ted\Documents\Arduino\libraries\SdFat\src\SdCard/SdSpiCard.cpp:384

  // there are 1-8 fill bytes before response.  fill bytes should be 0XFF.
  for (uint8_t i = 0; ((m_status = spiReceive()) & 0X80) && i < 10; i++) {
  }
  return m_status;
}
     9e2:	df 91       	pop	r29
     9e4:	cf 91       	pop	r28
     9e6:	1f 91       	pop	r17
     9e8:	0f 91       	pop	r16
     9ea:	ff 90       	pop	r15
     9ec:	ef 90       	pop	r14
     9ee:	df 90       	pop	r13
     9f0:	08 95       	ret

000009f2 <SdSpiCard::syncDevice()>:
_ZN9SdSpiCard10syncDeviceEv():
C:\Users\Ted\Documents\Arduino\libraries\SdFat\src\SdCard/SdSpiCard.cpp:670
    spiDeactivate();
    m_spiActive = false;
  }
}
//------------------------------------------------------------------------------
bool SdSpiCard::syncDevice() {
     9f2:	1f 93       	push	r17
     9f4:	cf 93       	push	r28
     9f6:	df 93       	push	r29
     9f8:	ec 01       	movw	r28, r24
C:\Users\Ted\Documents\Arduino\libraries\SdFat\src\SdCard/SdSpiCard.cpp:673
#if ENABLE_DEDICATED_SPI
  // Insure no recursive loop with cardCommand().
  uint8_t state = m_curState;
     9fa:	88 85       	ldd	r24, Y+8	; 0x08
C:\Users\Ted\Documents\Arduino\libraries\SdFat\src\SdCard/SdSpiCard.cpp:674
  m_curState = IDLE_STATE;
     9fc:	18 86       	std	Y+8, r1	; 0x08
C:\Users\Ted\Documents\Arduino\libraries\SdFat\src\SdCard/SdSpiCard.cpp:675
  if (state == WRITE_STATE) {
     9fe:	82 30       	cpi	r24, 0x02	; 2
     a00:	a9 f4       	brne	.+42     	; 0xa2c <SdSpiCard::syncDevice()+0x3a>
writeStop():
C:\Users\Ted\Documents\Arduino\libraries\SdFat\src\SdCard/SdSpiCard.cpp:857
  return false;
}
//------------------------------------------------------------------------------
bool SdSpiCard::writeStop() {
  DBG_BEGIN_TIME(DBG_WRITE_STOP);
  if (!waitNotBusy(SD_WRITE_TIMEOUT)) {
     a02:	88 e5       	ldi	r24, 0x58	; 88
     a04:	92 e0       	ldi	r25, 0x02	; 2
     a06:	0e 94 4c 04 	call	0x898	; 0x898 <SdSpiCard::waitNotBusy(unsigned int) [clone .constprop.112]>
     a0a:	18 2f       	mov	r17, r24
     a0c:	88 23       	and	r24, r24
     a0e:	59 f0       	breq	.+22     	; 0xa26 <SdSpiCard::syncDevice()+0x34>
_ZN18SdSpiArduinoDriver4sendEh():
C:\Users\Ted\Documents\Arduino\libraries\SdFat\src\SpiDriver/SdSpiAvr.h:68
     a10:	8d ef       	ldi	r24, 0xFD	; 253
     a12:	0e 94 42 04 	call	0x884	; 0x884 <SPIClass::transfer(unsigned char)>
writeStop():
C:\Users\Ted\Documents\Arduino\libraries\SdFat\src\SdCard/SdSpiCard.cpp:867
  spiStop();
  return true;

 fail:
  error(SD_CARD_ERROR_STOP_TRAN);
  spiStop();
     a16:	ce 01       	movw	r24, r28
     a18:	0e 94 67 04 	call	0x8ce	; 0x8ce <SdSpiCard::spiStop()>
_ZN9SdSpiCard10syncDeviceEv():
C:\Users\Ted\Documents\Arduino\libraries\SdFat\src\SdCard/SdSpiCard.cpp:683
  if (state == READ_STATE) {
    return readStop();
  }
#endif  // ENABLE_DEDICATED_SPI
  return true;
}
     a1c:	81 2f       	mov	r24, r17
     a1e:	df 91       	pop	r29
     a20:	cf 91       	pop	r28
     a22:	1f 91       	pop	r17
     a24:	08 95       	ret
_ZN9SdSpiCard5errorEh():
C:\Users\Ted\Documents\Arduino\libraries\SdFat\src\SdCard/SdSpiCard.h:95
  /**
   *  Set SD error code.
   *  \param[in] code value for error code.
   */
  void error(uint8_t code) {
    m_errorCode = code;
     a26:	8e e1       	ldi	r24, 0x1E	; 30
     a28:	8b 87       	std	Y+11, r24	; 0x0b
     a2a:	f5 cf       	rjmp	.-22     	; 0xa16 <SdSpiCard::syncDevice()+0x24>
_ZN9SdSpiCard10syncDeviceEv():
C:\Users\Ted\Documents\Arduino\libraries\SdFat\src\SdCard/SdSpiCard.cpp:678
  uint8_t state = m_curState;
  m_curState = IDLE_STATE;
  if (state == WRITE_STATE) {
    return writeStop();
  }
  if (state == READ_STATE) {
     a2c:	81 30       	cpi	r24, 0x01	; 1
     a2e:	99 f4       	brne	.+38     	; 0xa56 <SdSpiCard::syncDevice()+0x64>
readStop():
C:\Users\Ted\Documents\Arduino\libraries\SdFat\src\SdCard/SdSpiCard.cpp:636
 fail:
  return false;
}
//------------------------------------------------------------------------------
bool SdSpiCard::readStop() {
  if (cardCommand(CMD12, 0)) {
     a30:	20 e0       	ldi	r18, 0x00	; 0
     a32:	30 e0       	ldi	r19, 0x00	; 0
     a34:	a9 01       	movw	r20, r18
     a36:	6c e0       	ldi	r22, 0x0C	; 12
     a38:	ce 01       	movw	r24, r28
     a3a:	0e 94 ae 04 	call	0x95c	; 0x95c <SdSpiCard::cardCommand(unsigned char, unsigned long)>
     a3e:	88 23       	and	r24, r24
     a40:	39 f0       	breq	.+14     	; 0xa50 <SdSpiCard::syncDevice()+0x5e>
_ZN9SdSpiCard5errorEh():
C:\Users\Ted\Documents\Arduino\libraries\SdFat\src\SdCard/SdSpiCard.h:95
     a42:	89 e0       	ldi	r24, 0x09	; 9
     a44:	8b 87       	std	Y+11, r24	; 0x0b
readStop():
C:\Users\Ted\Documents\Arduino\libraries\SdFat\src\SdCard/SdSpiCard.cpp:644
  }
  spiStop();
  return true;

 fail:
  spiStop();
     a46:	ce 01       	movw	r24, r28
     a48:	0e 94 67 04 	call	0x8ce	; 0x8ce <SdSpiCard::spiStop()>
_ZN9SdSpiCard10syncDeviceEv():
C:\Users\Ted\Documents\Arduino\libraries\SdFat\src\SdCard/SdSpiCard.cpp:645
  return false;
     a4c:	10 e0       	ldi	r17, 0x00	; 0
     a4e:	e6 cf       	rjmp	.-52     	; 0xa1c <SdSpiCard::syncDevice()+0x2a>
readStop():
C:\Users\Ted\Documents\Arduino\libraries\SdFat\src\SdCard/SdSpiCard.cpp:640
bool SdSpiCard::readStop() {
  if (cardCommand(CMD12, 0)) {
    error(SD_CARD_ERROR_CMD12);
    goto fail;
  }
  spiStop();
     a50:	ce 01       	movw	r24, r28
     a52:	0e 94 67 04 	call	0x8ce	; 0x8ce <SdSpiCard::spiStop()>
_ZN9SdSpiCard10syncDeviceEv():
C:\Users\Ted\Documents\Arduino\libraries\SdFat\src\SdCard/SdSpiCard.cpp:682
  }
  if (state == READ_STATE) {
    return readStop();
  }
#endif  // ENABLE_DEDICATED_SPI
  return true;
     a56:	11 e0       	ldi	r17, 0x01	; 1
     a58:	e1 cf       	rjmp	.-62     	; 0xa1c <SdSpiCard::syncDevice()+0x2a>

00000a5a <SdSpiCard::readSectors(unsigned long, unsigned char*, unsigned int) [clone .constprop.106]>:
_ZN9SdSpiCard11readSectorsEmPhj.constprop.106():
C:\Users\Ted\Documents\Arduino\libraries\SdFat\src\SdCard/SdSpiCard.cpp:604
 fail:
  spiStop();
  return false;
}
//------------------------------------------------------------------------------
bool SdSpiCard::readSectors(uint32_t sector, uint8_t* dst, size_t ns) {
     a5a:	cf 92       	push	r12
     a5c:	df 92       	push	r13
     a5e:	ef 92       	push	r14
     a60:	ff 92       	push	r15
     a62:	0f 93       	push	r16
     a64:	1f 93       	push	r17
     a66:	cf 93       	push	r28
     a68:	df 93       	push	r29
     a6a:	ec 01       	movw	r28, r24
     a6c:	6a 01       	movw	r12, r20
     a6e:	7b 01       	movw	r14, r22
     a70:	89 01       	movw	r16, r18
C:\Users\Ted\Documents\Arduino\libraries\SdFat\src\SdCard/SdSpiCard.cpp:606
#if ENABLE_DEDICATED_SPI
  if (m_curState != READ_STATE || sector != m_curSector) {
     a72:	88 85       	ldd	r24, Y+8	; 0x08
     a74:	81 30       	cpi	r24, 0x01	; 1
     a76:	49 f4       	brne	.+18     	; 0xa8a <SdSpiCard::readSectors(unsigned long, unsigned char*, unsigned int) [clone .constprop.106]+0x30>
     a78:	8c 81       	ldd	r24, Y+4	; 0x04
     a7a:	9d 81       	ldd	r25, Y+5	; 0x05
     a7c:	ae 81       	ldd	r26, Y+6	; 0x06
     a7e:	bf 81       	ldd	r27, Y+7	; 0x07
     a80:	8c 15       	cp	r24, r12
     a82:	9d 05       	cpc	r25, r13
     a84:	ae 05       	cpc	r26, r14
     a86:	bf 05       	cpc	r27, r15
     a88:	c1 f0       	breq	.+48     	; 0xaba <SdSpiCard::readSectors(unsigned long, unsigned char*, unsigned int) [clone .constprop.106]+0x60>
readStart():
C:\Users\Ted\Documents\Arduino\libraries\SdFat\src\SdCard/SdSpiCard.cpp:572
  spiStop();
  return false;
}
//------------------------------------------------------------------------------
bool SdSpiCard::readStart(uint32_t sector) {
  if (type() != SD_CARD_TYPE_SDHC) {
     a8a:	8e 85       	ldd	r24, Y+14	; 0x0e
C:\Users\Ted\Documents\Arduino\libraries\SdFat\src\SdCard/SdSpiCard.cpp:573
    sector <<= 9;
     a8c:	a7 01       	movw	r20, r14
     a8e:	96 01       	movw	r18, r12
C:\Users\Ted\Documents\Arduino\libraries\SdFat\src\SdCard/SdSpiCard.cpp:572
  spiStop();
  return false;
}
//------------------------------------------------------------------------------
bool SdSpiCard::readStart(uint32_t sector) {
  if (type() != SD_CARD_TYPE_SDHC) {
     a90:	83 30       	cpi	r24, 0x03	; 3
     a92:	39 f0       	breq	.+14     	; 0xaa2 <SdSpiCard::readSectors(unsigned long, unsigned char*, unsigned int) [clone .constprop.106]+0x48>
C:\Users\Ted\Documents\Arduino\libraries\SdFat\src\SdCard/SdSpiCard.cpp:573
    sector <<= 9;
     a94:	89 e0       	ldi	r24, 0x09	; 9
     a96:	22 0f       	add	r18, r18
     a98:	33 1f       	adc	r19, r19
     a9a:	44 1f       	adc	r20, r20
     a9c:	55 1f       	adc	r21, r21
     a9e:	8a 95       	dec	r24
     aa0:	d1 f7       	brne	.-12     	; 0xa96 <SdSpiCard::readSectors(unsigned long, unsigned char*, unsigned int) [clone .constprop.106]+0x3c>
C:\Users\Ted\Documents\Arduino\libraries\SdFat\src\SdCard/SdSpiCard.cpp:575
  }
  if (cardCommand(CMD18, sector)) {
     aa2:	62 e1       	ldi	r22, 0x12	; 18
     aa4:	ce 01       	movw	r24, r28
     aa6:	0e 94 ae 04 	call	0x95c	; 0x95c <SdSpiCard::cardCommand(unsigned char, unsigned long)>
     aaa:	81 11       	cpse	r24, r1
     aac:	17 c0       	rjmp	.+46     	; 0xadc <SdSpiCard::readSectors(unsigned long, unsigned char*, unsigned int) [clone .constprop.106]+0x82>
_ZN9SdSpiCard11readSectorsEmPhj.constprop.106():
C:\Users\Ted\Documents\Arduino\libraries\SdFat\src\SdCard/SdSpiCard.cpp:610
#if ENABLE_DEDICATED_SPI
  if (m_curState != READ_STATE || sector != m_curSector) {
    if (!readStart(sector)) {
      goto fail;
    }
    m_curSector = sector;
     aae:	cc 82       	std	Y+4, r12	; 0x04
     ab0:	dd 82       	std	Y+5, r13	; 0x05
     ab2:	ee 82       	std	Y+6, r14	; 0x06
     ab4:	ff 82       	std	Y+7, r15	; 0x07
C:\Users\Ted\Documents\Arduino\libraries\SdFat\src\SdCard/SdSpiCard.cpp:611
    m_curState = READ_STATE;
     ab6:	81 e0       	ldi	r24, 0x01	; 1
     ab8:	88 87       	std	Y+8, r24	; 0x08
curTimeMS():
C:\Users\Ted\Documents\Arduino\libraries\SdFat\src\common/syscall.h:77
     aba:	0e 94 f4 03 	call	0x7e8	; 0x7e8 <millis>
     abe:	7b 01       	movw	r14, r22
_ZN9SdSpiCard10spiReceiveEv():
C:\Users\Ted\Documents\Arduino\libraries\SdFat\src\SdCard/SdSpiCard.h:310
  }
  void spiDeactivate() {
    m_spiDriver.deactivate();
  }
  uint8_t spiReceive() {
    return m_spiDriver.receive();
     ac0:	0e 94 49 04 	call	0x892	; 0x892 <SdSpiArduinoDriver::receive() [clone .isra.6]>
readData():
C:\Users\Ted\Documents\Arduino\libraries\SdFat\src\SdCard/SdSpiCard.cpp:480
#endif  // USE_SD_CRC

  DBG_BEGIN_TIME(DBG_WAIT_READ);
  // wait for start sector token
  SdMillis_t t0 = SysCall::curTimeMS();
  while ((m_status = spiReceive()) == 0XFF) {
     ac4:	8d 87       	std	Y+13, r24	; 0x0d
     ac6:	8f 3f       	cpi	r24, 0xFF	; 255
     ac8:	c1 f4       	brne	.+48     	; 0xafa <SdSpiCard::readSectors(unsigned long, unsigned char*, unsigned int) [clone .constprop.106]+0xa0>
curTimeMS():
C:\Users\Ted\Documents\Arduino\libraries\SdFat\src\common/syscall.h:77
     aca:	0e 94 f4 03 	call	0x7e8	; 0x7e8 <millis>
isTimedOut():
C:\Users\Ted\Documents\Arduino\libraries\SdFat\src\SdCard/SdSpiCard.cpp:465
  if ((SysCall::curTimeMS() - last) > WDT_YIELD_TIME_MILLIS) {
    SysCall::yield();
    last = SysCall::curTimeMS();
  }
#endif  // WDT_YIELD_TIME_MILLIS
  return (SysCall::curTimeMS() - startMS) > timeoutMS;
     ace:	6e 19       	sub	r22, r14
     ad0:	7f 09       	sbc	r23, r15
readData():
C:\Users\Ted\Documents\Arduino\libraries\SdFat\src\SdCard/SdSpiCard.cpp:481

  DBG_BEGIN_TIME(DBG_WAIT_READ);
  // wait for start sector token
  SdMillis_t t0 = SysCall::curTimeMS();
  while ((m_status = spiReceive()) == 0XFF) {
    if (isTimedOut(t0, SD_READ_TIMEOUT)) {
     ad2:	6d 32       	cpi	r22, 0x2D	; 45
     ad4:	71 40       	sbci	r23, 0x01	; 1
     ad6:	a0 f3       	brcs	.-24     	; 0xac0 <SdSpiCard::readSectors(unsigned long, unsigned char*, unsigned int) [clone .constprop.106]+0x66>
_ZN9SdSpiCard5errorEh():
C:\Users\Ted\Documents\Arduino\libraries\SdFat\src\SdCard/SdSpiCard.h:95
  /**
   *  Set SD error code.
   *  \param[in] code value for error code.
   */
  void error(uint8_t code) {
    m_errorCode = code;
     ad8:	8d e1       	ldi	r24, 0x1D	; 29
     ada:	01 c0       	rjmp	.+2      	; 0xade <SdSpiCard::readSectors(unsigned long, unsigned char*, unsigned int) [clone .constprop.106]+0x84>
     adc:	8c e0       	ldi	r24, 0x0C	; 12
     ade:	8b 87       	std	Y+11, r24	; 0x0b
readData():
C:\Users\Ted\Documents\Arduino\libraries\SdFat\src\SdCard/SdSpiCard.cpp:512
  spiReceive();
#endif  // USE_SD_CRC
  return true;

 fail:
  spiStop();
     ae0:	ce 01       	movw	r24, r28
     ae2:	0e 94 67 04 	call	0x8ce	; 0x8ce <SdSpiCard::spiStop()>
_ZN9SdSpiCard11readSectorsEmPhj.constprop.106():
C:\Users\Ted\Documents\Arduino\libraries\SdFat\src\SdCard/SdSpiCard.cpp:632
    }
  }
  return readStop();
#endif  // ENABLE_DEDICATED_SPI
 fail:
  return false;
     ae6:	80 e0       	ldi	r24, 0x00	; 0
C:\Users\Ted\Documents\Arduino\libraries\SdFat\src\SdCard/SdSpiCard.cpp:633
}
     ae8:	df 91       	pop	r29
     aea:	cf 91       	pop	r28
     aec:	1f 91       	pop	r17
     aee:	0f 91       	pop	r16
     af0:	ff 90       	pop	r15
     af2:	ef 90       	pop	r14
     af4:	df 90       	pop	r13
     af6:	cf 90       	pop	r12
     af8:	08 95       	ret
readData():
C:\Users\Ted\Documents\Arduino\libraries\SdFat\src\SdCard/SdSpiCard.cpp:487
      error(SD_CARD_ERROR_READ_TIMEOUT);
      goto fail;
    }
  }
  DBG_END_TIME(DBG_WAIT_READ);
  if (m_status != DATA_START_SECTOR) {
     afa:	8e 3f       	cpi	r24, 0xFE	; 254
     afc:	11 f0       	breq	.+4      	; 0xb02 <SdSpiCard::readSectors(unsigned long, unsigned char*, unsigned int) [clone .constprop.106]+0xa8>
_ZN9SdSpiCard5errorEh():
C:\Users\Ted\Documents\Arduino\libraries\SdFat\src\SdCard/SdSpiCard.h:95
     afe:	88 e1       	ldi	r24, 0x18	; 24
     b00:	ee cf       	rjmp	.-36     	; 0xade <SdSpiCard::readSectors(unsigned long, unsigned char*, unsigned int) [clone .constprop.106]+0x84>
_ZN18SdSpiArduinoDriver7receiveEPhj.isra.7():
C:\Users\Ted\Documents\Arduino\libraries\SdFat\src\SpiDriver/SdSpiAvr.h:52
inline uint8_t SdSpiArduinoDriver::receive(uint8_t* buf, size_t count) {
  if (count == 0) {
    return 0;
  }
  uint8_t* pr = buf;
  SPDR = 0XFF;
     b02:	8f ef       	ldi	r24, 0xFF	; 255
     b04:	8e bd       	out	0x2e, r24	; 46
     b06:	f8 01       	movw	r30, r16
     b08:	d8 01       	movw	r26, r16
     b0a:	a1 50       	subi	r26, 0x01	; 1
     b0c:	be 4f       	sbci	r27, 0xFE	; 254
C:\Users\Ted\Documents\Arduino\libraries\SdFat\src\SpiDriver/SdSpiAvr.h:56
  while (--count > 0) {
    while (!(SPSR & _BV(SPIF))) {}
    uint8_t in = SPDR;
    SPDR = 0XFF;
     b0e:	9f ef       	ldi	r25, 0xFF	; 255
C:\Users\Ted\Documents\Arduino\libraries\SdFat\src\SpiDriver/SdSpiAvr.h:53
  if (count == 0) {
    return 0;
  }
  uint8_t* pr = buf;
  SPDR = 0XFF;
  while (--count > 0) {
     b10:	ae 17       	cp	r26, r30
     b12:	bf 07       	cpc	r27, r31
     b14:	49 f0       	breq	.+18     	; 0xb28 <SdSpiCard::readSectors(unsigned long, unsigned char*, unsigned int) [clone .constprop.106]+0xce>
C:\Users\Ted\Documents\Arduino\libraries\SdFat\src\SpiDriver/SdSpiAvr.h:54
    while (!(SPSR & _BV(SPIF))) {}
     b16:	0d b4       	in	r0, 0x2d	; 45
     b18:	07 fe       	sbrs	r0, 7
     b1a:	fd cf       	rjmp	.-6      	; 0xb16 <SdSpiCard::readSectors(unsigned long, unsigned char*, unsigned int) [clone .constprop.106]+0xbc>
C:\Users\Ted\Documents\Arduino\libraries\SdFat\src\SpiDriver/SdSpiAvr.h:55
    uint8_t in = SPDR;
     b1c:	8e b5       	in	r24, 0x2e	; 46
C:\Users\Ted\Documents\Arduino\libraries\SdFat\src\SpiDriver/SdSpiAvr.h:56
    SPDR = 0XFF;
     b1e:	9e bd       	out	0x2e, r25	; 46
C:\Users\Ted\Documents\Arduino\libraries\SdFat\src\SpiDriver/SdSpiAvr.h:57
    *pr++ = in;
     b20:	81 93       	st	Z+, r24
C:\Users\Ted\Documents\Arduino\libraries\SdFat\src\SpiDriver/SdSpiAvr.h:59
    // nops to optimize loop for 16MHz CPU 8 MHz SPI
    nop;
     b22:	00 00       	nop
C:\Users\Ted\Documents\Arduino\libraries\SdFat\src\SpiDriver/SdSpiAvr.h:60
    nop;
     b24:	00 00       	nop
     b26:	f4 cf       	rjmp	.-24     	; 0xb10 <SdSpiCard::readSectors(unsigned long, unsigned char*, unsigned int) [clone .constprop.106]+0xb6>
C:\Users\Ted\Documents\Arduino\libraries\SdFat\src\SpiDriver/SdSpiAvr.h:62
  }
  while (!(SPSR & _BV(SPIF))) {}
     b28:	0d b4       	in	r0, 0x2d	; 45
     b2a:	07 fe       	sbrs	r0, 7
     b2c:	fd cf       	rjmp	.-6      	; 0xb28 <SdSpiCard::readSectors(unsigned long, unsigned char*, unsigned int) [clone .constprop.106]+0xce>
C:\Users\Ted\Documents\Arduino\libraries\SdFat\src\SpiDriver/SdSpiAvr.h:63
  *pr = SPDR;
     b2e:	8e b5       	in	r24, 0x2e	; 46
     b30:	8c 93       	st	X, r24
readData():
C:\Users\Ted\Documents\Arduino\libraries\SdFat\src\SdCard/SdSpiCard.cpp:492
    error(SD_CARD_ERROR_READ_TOKEN);
    goto fail;
  }
  // transfer data
  if ((m_status = spiReceive(dst, count))) {
     b32:	1d 86       	std	Y+13, r1	; 0x0d
_ZN9SdSpiCard10spiReceiveEv.isra.17():
C:\Users\Ted\Documents\Arduino\libraries\SdFat\src\SdCard/SdSpiCard.h:310
  }
  void spiDeactivate() {
    m_spiDriver.deactivate();
  }
  uint8_t spiReceive() {
    return m_spiDriver.receive();
     b34:	0e 94 49 04 	call	0x892	; 0x892 <SdSpiArduinoDriver::receive() [clone .isra.6]>
     b38:	0e 94 49 04 	call	0x892	; 0x892 <SdSpiArduinoDriver::receive() [clone .isra.6]>
_ZN9SdSpiCard11readSectorsEmPhj.constprop.106():
C:\Users\Ted\Documents\Arduino\libraries\SdFat\src\SdCard/SdSpiCard.cpp:618
  for (size_t i = 0; i < ns; i++, dst += 512) {
    if (!readData(dst, 512)) {
      goto fail;
    }
  }
  m_curSector += ns;
     b3c:	8c 81       	ldd	r24, Y+4	; 0x04
     b3e:	9d 81       	ldd	r25, Y+5	; 0x05
     b40:	ae 81       	ldd	r26, Y+6	; 0x06
     b42:	bf 81       	ldd	r27, Y+7	; 0x07
     b44:	01 96       	adiw	r24, 0x01	; 1
     b46:	a1 1d       	adc	r26, r1
     b48:	b1 1d       	adc	r27, r1
     b4a:	8c 83       	std	Y+4, r24	; 0x04
     b4c:	9d 83       	std	Y+5, r25	; 0x05
     b4e:	ae 83       	std	Y+6, r26	; 0x06
     b50:	bf 83       	std	Y+7, r27	; 0x07
C:\Users\Ted\Documents\Arduino\libraries\SdFat\src\SdCard/SdSpiCard.cpp:619
  return m_sharedSpi ? syncDevice() : true;
     b52:	89 85       	ldd	r24, Y+9	; 0x09
     b54:	81 11       	cpse	r24, r1
     b56:	02 c0       	rjmp	.+4      	; 0xb5c <SdSpiCard::readSectors(unsigned long, unsigned char*, unsigned int) [clone .constprop.106]+0x102>
     b58:	81 e0       	ldi	r24, 0x01	; 1
     b5a:	c6 cf       	rjmp	.-116    	; 0xae8 <SdSpiCard::readSectors(unsigned long, unsigned char*, unsigned int) [clone .constprop.106]+0x8e>
     b5c:	ce 01       	movw	r24, r28
C:\Users\Ted\Documents\Arduino\libraries\SdFat\src\SdCard/SdSpiCard.cpp:633
  }
  return readStop();
#endif  // ENABLE_DEDICATED_SPI
 fail:
  return false;
}
     b5e:	df 91       	pop	r29
     b60:	cf 91       	pop	r28
     b62:	1f 91       	pop	r17
     b64:	0f 91       	pop	r16
     b66:	ff 90       	pop	r15
     b68:	ef 90       	pop	r14
     b6a:	df 90       	pop	r13
     b6c:	cf 90       	pop	r12
C:\Users\Ted\Documents\Arduino\libraries\SdFat\src\SdCard/SdSpiCard.cpp:619
    if (!readData(dst, 512)) {
      goto fail;
    }
  }
  m_curSector += ns;
  return m_sharedSpi ? syncDevice() : true;
     b6e:	0c 94 f9 04 	jmp	0x9f2	; 0x9f2 <SdSpiCard::syncDevice()>

00000b72 <SdSpiCard::writeSector(unsigned long, unsigned char const*)>:
_ZN9SdSpiCard11writeSectorEmPKh():
C:\Users\Ted\Documents\Arduino\libraries\SdFat\src\SdCard/SdSpiCard.h:216
   *
   * \param[in] sector Logical sector to be written.
   * \param[in] src Pointer to the location of the data to be written.
   * \return true for success or false for failure.
   */
  bool writeSector(uint32_t sector, const uint8_t* src) {
     b72:	cf 92       	push	r12
     b74:	df 92       	push	r13
     b76:	ef 92       	push	r14
     b78:	ff 92       	push	r15
     b7a:	0f 93       	push	r16
     b7c:	1f 93       	push	r17
     b7e:	cf 93       	push	r28
     b80:	df 93       	push	r29
     b82:	ec 01       	movw	r28, r24
     b84:	6a 01       	movw	r12, r20
     b86:	7b 01       	movw	r14, r22
     b88:	89 01       	movw	r16, r18
C:\Users\Ted\Documents\Arduino\libraries\SdFat\src\SdCard/SdSpiCard.h:217
    if (m_sharedSpi) {
     b8a:	89 85       	ldd	r24, Y+9	; 0x09
     b8c:	88 23       	and	r24, r24
     b8e:	71 f1       	breq	.+92     	; 0xbec <SdSpiCard::writeSector(unsigned long, unsigned char const*)+0x7a>
writeSingle():
C:\Users\Ted\Documents\Arduino\libraries\SdFat\src\SdCard/SdSpiCard.cpp:751
  return false;
}
//------------------------------------------------------------------------------
bool SdSpiCard::writeSingle(uint32_t sector, const uint8_t* src) {
  // use address if not SDHC card
  if (type() != SD_CARD_TYPE_SDHC) {
     b90:	8e 85       	ldd	r24, Y+14	; 0x0e
     b92:	83 30       	cpi	r24, 0x03	; 3
     b94:	39 f0       	breq	.+14     	; 0xba4 <SdSpiCard::writeSector(unsigned long, unsigned char const*)+0x32>
C:\Users\Ted\Documents\Arduino\libraries\SdFat\src\SdCard/SdSpiCard.cpp:752
    sector <<= 9;
     b96:	99 e0       	ldi	r25, 0x09	; 9
     b98:	cc 0c       	add	r12, r12
     b9a:	dd 1c       	adc	r13, r13
     b9c:	ee 1c       	adc	r14, r14
     b9e:	ff 1c       	adc	r15, r15
     ba0:	9a 95       	dec	r25
     ba2:	d1 f7       	brne	.-12     	; 0xb98 <SdSpiCard::writeSector(unsigned long, unsigned char const*)+0x26>
C:\Users\Ted\Documents\Arduino\libraries\SdFat\src\SdCard/SdSpiCard.cpp:754
  }
  if (cardCommand(CMD24, sector)) {
     ba4:	a7 01       	movw	r20, r14
     ba6:	96 01       	movw	r18, r12
     ba8:	68 e1       	ldi	r22, 0x18	; 24
     baa:	ce 01       	movw	r24, r28
     bac:	0e 94 ae 04 	call	0x95c	; 0x95c <SdSpiCard::cardCommand(unsigned char, unsigned long)>
     bb0:	88 23       	and	r24, r24
     bb2:	39 f0       	breq	.+14     	; 0xbc2 <SdSpiCard::writeSector(unsigned long, unsigned char const*)+0x50>
_ZN9SdSpiCard5errorEh():
C:\Users\Ted\Documents\Arduino\libraries\SdFat\src\SdCard/SdSpiCard.h:95
  /**
   *  Set SD error code.
   *  \param[in] code value for error code.
   */
  void error(uint8_t code) {
    m_errorCode = code;
     bb4:	8d e0       	ldi	r24, 0x0D	; 13
     bb6:	8b 87       	std	Y+11, r24	; 0x0b
writeSingle():
C:\Users\Ted\Documents\Arduino\libraries\SdFat\src\SdCard/SdSpiCard.cpp:781

  spiStop();
  return true;

 fail:
  spiStop();
     bb8:	ce 01       	movw	r24, r28
     bba:	0e 94 67 04 	call	0x8ce	; 0x8ce <SdSpiCard::spiStop()>
_ZN9SdSpiCard11writeSectorEmPKh():
C:\Users\Ted\Documents\Arduino\libraries\SdFat\src\SdCard/SdSpiCard.cpp:782
  return false;
     bbe:	f1 2c       	mov	r15, r1
     bc0:	0b c0       	rjmp	.+22     	; 0xbd8 <SdSpiCard::writeSector(unsigned long, unsigned char const*)+0x66>
writeSingle():
C:\Users\Ted\Documents\Arduino\libraries\SdFat\src\SdCard/SdSpiCard.cpp:758
  }
  if (cardCommand(CMD24, sector)) {
    error(SD_CARD_ERROR_CMD24);
    goto fail;
  }
  if (!writeData(DATA_START_SECTOR, src)) {
     bc2:	a8 01       	movw	r20, r16
     bc4:	6e ef       	ldi	r22, 0xFE	; 254
     bc6:	ce 01       	movw	r24, r28
     bc8:	0e 94 79 04 	call	0x8f2	; 0x8f2 <SdSpiCard::writeData(unsigned char, unsigned char const*)>
     bcc:	f8 2e       	mov	r15, r24
     bce:	88 23       	and	r24, r24
     bd0:	99 f3       	breq	.-26     	; 0xbb8 <SdSpiCard::writeSector(unsigned long, unsigned char const*)+0x46>
C:\Users\Ted\Documents\Arduino\libraries\SdFat\src\SdCard/SdSpiCard.cpp:777
    error(SD_CARD_ERROR_CMD13);
    goto fail;
  }
#endif  // CHECK_FLASH_PROGRAMMING

  spiStop();
     bd2:	ce 01       	movw	r24, r28
     bd4:	0e 94 67 04 	call	0x8ce	; 0x8ce <SdSpiCard::spiStop()>
_ZN9SdSpiCard11writeSectorEmPKh():
C:\Users\Ted\Documents\Arduino\libraries\SdFat\src\SdCard/SdSpiCard.h:222
    if (m_sharedSpi) {
      return writeSingle(sector, src);
    } else {
      return writeSectors(sector, src, 1);
    }
  }
     bd8:	8f 2d       	mov	r24, r15
     bda:	df 91       	pop	r29
     bdc:	cf 91       	pop	r28
     bde:	1f 91       	pop	r17
     be0:	0f 91       	pop	r16
     be2:	ff 90       	pop	r15
     be4:	ef 90       	pop	r14
     be6:	df 90       	pop	r13
     be8:	cf 90       	pop	r12
     bea:	08 95       	ret
writeSectors():
C:\Users\Ted\Documents\Arduino\libraries\SdFat\src\SdCard/SdSpiCard.cpp:787
  return false;
}
//------------------------------------------------------------------------------
bool SdSpiCard::writeSectors(uint32_t sector, const uint8_t* src, size_t ns) {
#if ENABLE_DEDICATED_SPI
  if (m_curState != WRITE_STATE || m_curSector != sector) {
     bec:	88 85       	ldd	r24, Y+8	; 0x08
     bee:	82 30       	cpi	r24, 0x02	; 2
     bf0:	49 f4       	brne	.+18     	; 0xc04 <SdSpiCard::writeSector(unsigned long, unsigned char const*)+0x92>
     bf2:	8c 81       	ldd	r24, Y+4	; 0x04
     bf4:	9d 81       	ldd	r25, Y+5	; 0x05
     bf6:	ae 81       	ldd	r26, Y+6	; 0x06
     bf8:	bf 81       	ldd	r27, Y+7	; 0x07
     bfa:	c8 16       	cp	r12, r24
     bfc:	d9 06       	cpc	r13, r25
     bfe:	ea 06       	cpc	r14, r26
     c00:	fb 06       	cpc	r15, r27
     c02:	c1 f0       	breq	.+48     	; 0xc34 <SdSpiCard::writeSector(unsigned long, unsigned char const*)+0xc2>
writeStart():
C:\Users\Ted\Documents\Arduino\libraries\SdFat\src\SdCard/SdSpiCard.cpp:820
  return false;
}
//------------------------------------------------------------------------------
bool SdSpiCard::writeStart(uint32_t sector) {
  // use address if not SDHC card
  if (type() != SD_CARD_TYPE_SDHC) {
     c04:	8e 85       	ldd	r24, Y+14	; 0x0e
C:\Users\Ted\Documents\Arduino\libraries\SdFat\src\SdCard/SdSpiCard.cpp:821
    sector <<= 9;
     c06:	a7 01       	movw	r20, r14
     c08:	96 01       	movw	r18, r12
C:\Users\Ted\Documents\Arduino\libraries\SdFat\src\SdCard/SdSpiCard.cpp:820
  return false;
}
//------------------------------------------------------------------------------
bool SdSpiCard::writeStart(uint32_t sector) {
  // use address if not SDHC card
  if (type() != SD_CARD_TYPE_SDHC) {
     c0a:	83 30       	cpi	r24, 0x03	; 3
     c0c:	39 f0       	breq	.+14     	; 0xc1c <SdSpiCard::writeSector(unsigned long, unsigned char const*)+0xaa>
C:\Users\Ted\Documents\Arduino\libraries\SdFat\src\SdCard/SdSpiCard.cpp:821
    sector <<= 9;
     c0e:	89 e0       	ldi	r24, 0x09	; 9
     c10:	22 0f       	add	r18, r18
     c12:	33 1f       	adc	r19, r19
     c14:	44 1f       	adc	r20, r20
     c16:	55 1f       	adc	r21, r21
     c18:	8a 95       	dec	r24
     c1a:	d1 f7       	brne	.-12     	; 0xc10 <SdSpiCard::writeSector(unsigned long, unsigned char const*)+0x9e>
C:\Users\Ted\Documents\Arduino\libraries\SdFat\src\SdCard/SdSpiCard.cpp:823
  }
  if (cardCommand(CMD25, sector)) {
     c1c:	69 e1       	ldi	r22, 0x19	; 25
     c1e:	ce 01       	movw	r24, r28
     c20:	0e 94 ae 04 	call	0x95c	; 0x95c <SdSpiCard::cardCommand(unsigned char, unsigned long)>
     c24:	81 11       	cpse	r24, r1
     c26:	0e c0       	rjmp	.+28     	; 0xc44 <SdSpiCard::writeSector(unsigned long, unsigned char const*)+0xd2>
writeSectors():
C:\Users\Ted\Documents\Arduino\libraries\SdFat\src\SdCard/SdSpiCard.cpp:791
#if ENABLE_DEDICATED_SPI
  if (m_curState != WRITE_STATE || m_curSector != sector) {
    if (!writeStart(sector)) {
      goto fail;
    }
    m_curSector = sector;
     c28:	cc 82       	std	Y+4, r12	; 0x04
     c2a:	dd 82       	std	Y+5, r13	; 0x05
     c2c:	ee 82       	std	Y+6, r14	; 0x06
     c2e:	ff 82       	std	Y+7, r15	; 0x07
C:\Users\Ted\Documents\Arduino\libraries\SdFat\src\SdCard/SdSpiCard.cpp:792
    m_curState = WRITE_STATE;
     c30:	82 e0       	ldi	r24, 0x02	; 2
     c32:	88 87       	std	Y+8, r24	; 0x08
writeData():
C:\Users\Ted\Documents\Arduino\libraries\SdFat\src\SdCard/SdSpiCard.cpp:710
}
//------------------------------------------------------------------------------
bool SdSpiCard::writeData(const uint8_t* src) {
  // wait for previous write to finish
  DBG_BEGIN_TIME(DBG_WRITE_BUSY);
  if (!waitNotBusy(SD_WRITE_TIMEOUT)) {
     c34:	88 e5       	ldi	r24, 0x58	; 88
     c36:	92 e0       	ldi	r25, 0x02	; 2
     c38:	0e 94 4c 04 	call	0x898	; 0x898 <SdSpiCard::waitNotBusy(unsigned int) [clone .constprop.112]>
     c3c:	81 11       	cpse	r24, r1
     c3e:	08 c0       	rjmp	.+16     	; 0xc50 <SdSpiCard::writeSector(unsigned long, unsigned char const*)+0xde>
_ZN9SdSpiCard5errorEh():
C:\Users\Ted\Documents\Arduino\libraries\SdFat\src\SdCard/SdSpiCard.h:95
  /**
   *  Set SD error code.
   *  \param[in] code value for error code.
   */
  void error(uint8_t code) {
    m_errorCode = code;
     c40:	84 e2       	ldi	r24, 0x24	; 36
     c42:	01 c0       	rjmp	.+2      	; 0xc46 <SdSpiCard::writeSector(unsigned long, unsigned char const*)+0xd4>
     c44:	8e e0       	ldi	r24, 0x0E	; 14
     c46:	8b 87       	std	Y+11, r24	; 0x0b
writeData():
C:\Users\Ted\Documents\Arduino\libraries\SdFat\src\SdCard/SdSpiCard.cpp:721
    goto fail;
  }
  return true;

 fail:
  spiStop();
     c48:	ce 01       	movw	r24, r28
     c4a:	0e 94 67 04 	call	0x8ce	; 0x8ce <SdSpiCard::spiStop()>
     c4e:	b4 cf       	rjmp	.-152    	; 0xbb8 <SdSpiCard::writeSector(unsigned long, unsigned char const*)+0x46>
C:\Users\Ted\Documents\Arduino\libraries\SdFat\src\SdCard/SdSpiCard.cpp:715
  if (!waitNotBusy(SD_WRITE_TIMEOUT)) {
    error(SD_CARD_ERROR_WRITE_TIMEOUT);
    goto fail;
  }
  DBG_END_TIME(DBG_WRITE_BUSY);
  if (!writeData(WRITE_MULTIPLE_TOKEN, src)) {
     c50:	a8 01       	movw	r20, r16
     c52:	6c ef       	ldi	r22, 0xFC	; 252
     c54:	ce 01       	movw	r24, r28
     c56:	0e 94 79 04 	call	0x8f2	; 0x8f2 <SdSpiCard::writeData(unsigned char, unsigned char const*)>
     c5a:	f8 2e       	mov	r15, r24
     c5c:	88 23       	and	r24, r24
     c5e:	a1 f3       	breq	.-24     	; 0xc48 <SdSpiCard::writeSector(unsigned long, unsigned char const*)+0xd6>
writeSectors():
C:\Users\Ted\Documents\Arduino\libraries\SdFat\src\SdCard/SdSpiCard.cpp:618
  for (size_t i = 0; i < ns; i++, dst += 512) {
    if (!readData(dst, 512)) {
      goto fail;
    }
  }
  m_curSector += ns;
     c60:	8c 81       	ldd	r24, Y+4	; 0x04
     c62:	9d 81       	ldd	r25, Y+5	; 0x05
     c64:	ae 81       	ldd	r26, Y+6	; 0x06
     c66:	bf 81       	ldd	r27, Y+7	; 0x07
     c68:	01 96       	adiw	r24, 0x01	; 1
     c6a:	a1 1d       	adc	r26, r1
     c6c:	b1 1d       	adc	r27, r1
     c6e:	8c 83       	std	Y+4, r24	; 0x04
     c70:	9d 83       	std	Y+5, r25	; 0x05
     c72:	ae 83       	std	Y+6, r26	; 0x06
     c74:	bf 83       	std	Y+7, r27	; 0x07
C:\Users\Ted\Documents\Arduino\libraries\SdFat\src\SdCard/SdSpiCard.cpp:619
  return m_sharedSpi ? syncDevice() : true;
     c76:	89 85       	ldd	r24, Y+9	; 0x09
     c78:	88 23       	and	r24, r24
     c7a:	09 f4       	brne	.+2      	; 0xc7e <SdSpiCard::writeSector(unsigned long, unsigned char const*)+0x10c>
     c7c:	ad cf       	rjmp	.-166    	; 0xbd8 <SdSpiCard::writeSector(unsigned long, unsigned char const*)+0x66>
     c7e:	ce 01       	movw	r24, r28
_ZN9SdSpiCard11writeSectorEmPKh():
C:\Users\Ted\Documents\Arduino\libraries\SdFat\src\SdCard/SdSpiCard.h:222
    if (m_sharedSpi) {
      return writeSingle(sector, src);
    } else {
      return writeSectors(sector, src, 1);
    }
  }
     c80:	df 91       	pop	r29
     c82:	cf 91       	pop	r28
     c84:	1f 91       	pop	r17
     c86:	0f 91       	pop	r16
     c88:	ff 90       	pop	r15
     c8a:	ef 90       	pop	r14
     c8c:	df 90       	pop	r13
     c8e:	cf 90       	pop	r12
writeSectors():
C:\Users\Ted\Documents\Arduino\libraries\SdFat\src\SdCard/SdSpiCard.cpp:619
     c90:	0c 94 f9 04 	jmp	0x9f2	; 0x9f2 <SdSpiCard::syncDevice()>

00000c94 <FsCache::sync()>:
_ZN7FsCache4syncEv():
C:\Users\Ted\Documents\Arduino\libraries\SdFat\src\common/FsCache.cpp:55

 fail:
  return nullptr;
}
//------------------------------------------------------------------------------
bool FsCache::sync() {
     c94:	ef 92       	push	r14
     c96:	ff 92       	push	r15
     c98:	1f 93       	push	r17
     c9a:	cf 93       	push	r28
     c9c:	df 93       	push	r29
C:\Users\Ted\Documents\Arduino\libraries\SdFat\src\common/FsCache.cpp:56
  if (m_status & CACHE_STATUS_DIRTY) {
     c9e:	fc 01       	movw	r30, r24
     ca0:	20 81       	ld	r18, Z
C:\Users\Ted\Documents\Arduino\libraries\SdFat\src\common/FsCache.cpp:71
        goto fail;
      }
    }
    m_status &= ~CACHE_STATUS_DIRTY;
  }
  return true;
     ca2:	11 e0       	ldi	r17, 0x01	; 1
C:\Users\Ted\Documents\Arduino\libraries\SdFat\src\common/FsCache.cpp:56
 fail:
  return nullptr;
}
//------------------------------------------------------------------------------
bool FsCache::sync() {
  if (m_status & CACHE_STATUS_DIRTY) {
     ca4:	20 ff       	sbrs	r18, 0
     ca6:	12 c0       	rjmp	.+36     	; 0xccc <FsCache::sync()+0x38>
     ca8:	ec 01       	movw	r28, r24
C:\Users\Ted\Documents\Arduino\libraries\SdFat\src\common/FsCache.cpp:57
    if (!m_blockDev->writeSector(m_sector, m_buffer)) {
     caa:	7c 01       	movw	r14, r24
     cac:	fb e0       	ldi	r31, 0x0B	; 11
     cae:	ef 0e       	add	r14, r31
     cb0:	f1 1c       	adc	r15, r1
     cb2:	4f 81       	ldd	r20, Y+7	; 0x07
     cb4:	58 85       	ldd	r21, Y+8	; 0x08
     cb6:	69 85       	ldd	r22, Y+9	; 0x09
     cb8:	7a 85       	ldd	r23, Y+10	; 0x0a
     cba:	97 01       	movw	r18, r14
     cbc:	89 81       	ldd	r24, Y+1	; 0x01
     cbe:	9a 81       	ldd	r25, Y+2	; 0x02
     cc0:	0e 94 b9 05 	call	0xb72	; 0xb72 <SdSpiCard::writeSector(unsigned long, unsigned char const*)>
     cc4:	18 2f       	mov	r17, r24
     cc6:	81 11       	cpse	r24, r1
     cc8:	08 c0       	rjmp	.+16     	; 0xcda <FsCache::sync()+0x46>
C:\Users\Ted\Documents\Arduino\libraries\SdFat\src\common/FsCache.cpp:74
    m_status &= ~CACHE_STATUS_DIRTY;
  }
  return true;

 fail:
  return false;
     cca:	10 e0       	ldi	r17, 0x00	; 0
C:\Users\Ted\Documents\Arduino\libraries\SdFat\src\common/FsCache.cpp:75
}
     ccc:	81 2f       	mov	r24, r17
     cce:	df 91       	pop	r29
     cd0:	cf 91       	pop	r28
     cd2:	1f 91       	pop	r17
     cd4:	ff 90       	pop	r15
     cd6:	ef 90       	pop	r14
     cd8:	08 95       	ret
C:\Users\Ted\Documents\Arduino\libraries\SdFat\src\common/FsCache.cpp:62
    if (!m_blockDev->writeSector(m_sector, m_buffer)) {
      DBG_FAIL_MACRO;
      goto fail;
    }
    // mirror second FAT
    if (m_status & CACHE_STATUS_MIRROR_FAT) {
     cda:	88 81       	ld	r24, Y
     cdc:	81 fd       	sbrc	r24, 1
     cde:	04 c0       	rjmp	.+8      	; 0xce8 <FsCache::sync()+0x54>
C:\Users\Ted\Documents\Arduino\libraries\SdFat\src\common/FsCache.cpp:69
      if (!m_blockDev->writeSector(sector, m_buffer)) {
        DBG_FAIL_MACRO;
        goto fail;
      }
    }
    m_status &= ~CACHE_STATUS_DIRTY;
     ce0:	88 81       	ld	r24, Y
     ce2:	8e 7f       	andi	r24, 0xFE	; 254
     ce4:	88 83       	st	Y, r24
     ce6:	f2 cf       	rjmp	.-28     	; 0xccc <FsCache::sync()+0x38>
C:\Users\Ted\Documents\Arduino\libraries\SdFat\src\common/FsCache.cpp:63
      DBG_FAIL_MACRO;
      goto fail;
    }
    // mirror second FAT
    if (m_status & CACHE_STATUS_MIRROR_FAT) {
      uint32_t sector = m_sector + m_mirrorOffset;
     ce8:	4f 81       	ldd	r20, Y+7	; 0x07
     cea:	58 85       	ldd	r21, Y+8	; 0x08
     cec:	69 85       	ldd	r22, Y+9	; 0x09
     cee:	7a 85       	ldd	r23, Y+10	; 0x0a
     cf0:	8b 81       	ldd	r24, Y+3	; 0x03
     cf2:	9c 81       	ldd	r25, Y+4	; 0x04
     cf4:	ad 81       	ldd	r26, Y+5	; 0x05
     cf6:	be 81       	ldd	r27, Y+6	; 0x06
     cf8:	48 0f       	add	r20, r24
     cfa:	59 1f       	adc	r21, r25
     cfc:	6a 1f       	adc	r22, r26
     cfe:	7b 1f       	adc	r23, r27
C:\Users\Ted\Documents\Arduino\libraries\SdFat\src\common/FsCache.cpp:64
      if (!m_blockDev->writeSector(sector, m_buffer)) {
     d00:	97 01       	movw	r18, r14
     d02:	89 81       	ldd	r24, Y+1	; 0x01
     d04:	9a 81       	ldd	r25, Y+2	; 0x02
     d06:	0e 94 b9 05 	call	0xb72	; 0xb72 <SdSpiCard::writeSector(unsigned long, unsigned char const*)>
     d0a:	81 11       	cpse	r24, r1
     d0c:	e9 cf       	rjmp	.-46     	; 0xce0 <FsCache::sync()+0x4c>
     d0e:	dd cf       	rjmp	.-70     	; 0xcca <FsCache::sync()+0x36>

00000d10 <FsCache::get(unsigned long, unsigned char)>:
_ZN7FsCache3getEmh():
C:\Users\Ted\Documents\Arduino\libraries\SdFat\src\common/FsCache.cpp:29
 */
#define DBG_FILE "FsCache.cpp"
#include "DebugMacros.h"
#include "FsCache.h"
//------------------------------------------------------------------------------
uint8_t* FsCache::get(uint32_t sector, uint8_t option) {
     d10:	cf 92       	push	r12
     d12:	df 92       	push	r13
     d14:	ef 92       	push	r14
     d16:	ff 92       	push	r15
     d18:	1f 93       	push	r17
     d1a:	cf 93       	push	r28
     d1c:	df 93       	push	r29
C:\Users\Ted\Documents\Arduino\libraries\SdFat\src\common/FsCache.cpp:30
  if (!m_blockDev) {
     d1e:	dc 01       	movw	r26, r24
     d20:	11 96       	adiw	r26, 0x01	; 1
     d22:	ed 91       	ld	r30, X+
     d24:	fc 91       	ld	r31, X
     d26:	ef 2b       	or	r30, r31
     d28:	51 f4       	brne	.+20     	; 0xd3e <FsCache::get(unsigned long, unsigned char)+0x2e>
C:\Users\Ted\Documents\Arduino\libraries\SdFat\src\common/FsCache.cpp:52
  }
  m_status |= option & CACHE_STATUS_MASK;
  return m_buffer;

 fail:
  return nullptr;
     d2a:	90 e0       	ldi	r25, 0x00	; 0
     d2c:	80 e0       	ldi	r24, 0x00	; 0
C:\Users\Ted\Documents\Arduino\libraries\SdFat\src\common/FsCache.cpp:53
}
     d2e:	df 91       	pop	r29
     d30:	cf 91       	pop	r28
     d32:	1f 91       	pop	r17
     d34:	ff 90       	pop	r15
     d36:	ef 90       	pop	r14
     d38:	df 90       	pop	r13
     d3a:	cf 90       	pop	r12
     d3c:	08 95       	ret
     d3e:	12 2f       	mov	r17, r18
     d40:	6a 01       	movw	r12, r20
     d42:	7b 01       	movw	r14, r22
     d44:	ec 01       	movw	r28, r24
C:\Users\Ted\Documents\Arduino\libraries\SdFat\src\common/FsCache.cpp:34
uint8_t* FsCache::get(uint32_t sector, uint8_t option) {
  if (!m_blockDev) {
    DBG_FAIL_MACRO;
    goto fail;
  }
  if (m_sector != sector) {
     d46:	8f 81       	ldd	r24, Y+7	; 0x07
     d48:	98 85       	ldd	r25, Y+8	; 0x08
     d4a:	a9 85       	ldd	r26, Y+9	; 0x09
     d4c:	ba 85       	ldd	r27, Y+10	; 0x0a
     d4e:	8c 15       	cp	r24, r12
     d50:	9d 05       	cpc	r25, r13
     d52:	ae 05       	cpc	r26, r14
     d54:	bf 05       	cpc	r27, r15
     d56:	61 f0       	breq	.+24     	; 0xd70 <FsCache::get(unsigned long, unsigned char)+0x60>
C:\Users\Ted\Documents\Arduino\libraries\SdFat\src\common/FsCache.cpp:35
    if (!sync()) {
     d58:	ce 01       	movw	r24, r28
     d5a:	0e 94 4a 06 	call	0xc94	; 0xc94 <FsCache::sync()>
     d5e:	88 23       	and	r24, r24
     d60:	21 f3       	breq	.-56     	; 0xd2a <FsCache::get(unsigned long, unsigned char)+0x1a>
C:\Users\Ted\Documents\Arduino\libraries\SdFat\src\common/FsCache.cpp:39
      DBG_FAIL_MACRO;
      goto fail;
    }
    if (!(option & CACHE_OPTION_NO_READ)) {
     d62:	12 ff       	sbrs	r17, 2
     d64:	0c c0       	rjmp	.+24     	; 0xd7e <FsCache::get(unsigned long, unsigned char)+0x6e>
C:\Users\Ted\Documents\Arduino\libraries\SdFat\src\common/FsCache.cpp:45
      if (!m_blockDev->readSector(sector, m_buffer)) {
        DBG_FAIL_MACRO;
        goto fail;
      }
    }
    m_status = 0;
     d66:	18 82       	st	Y, r1
C:\Users\Ted\Documents\Arduino\libraries\SdFat\src\common/FsCache.cpp:46
    m_sector = sector;
     d68:	cf 82       	std	Y+7, r12	; 0x07
     d6a:	d8 86       	std	Y+8, r13	; 0x08
     d6c:	e9 86       	std	Y+9, r14	; 0x09
     d6e:	fa 86       	std	Y+10, r15	; 0x0a
C:\Users\Ted\Documents\Arduino\libraries\SdFat\src\common/FsCache.cpp:48
  }
  m_status |= option & CACHE_STATUS_MASK;
     d70:	13 70       	andi	r17, 0x03	; 3
     d72:	28 81       	ld	r18, Y
     d74:	12 2b       	or	r17, r18
     d76:	18 83       	st	Y, r17
C:\Users\Ted\Documents\Arduino\libraries\SdFat\src\common/FsCache.cpp:49
  return m_buffer;
     d78:	ce 01       	movw	r24, r28
     d7a:	0b 96       	adiw	r24, 0x0b	; 11
     d7c:	d8 cf       	rjmp	.-80     	; 0xd2e <FsCache::get(unsigned long, unsigned char)+0x1e>
readSector():
C:\Users\Ted\Documents\Arduino\libraries\SdFat\src\SdCard/SdSpiCard.h:123
   * \param[out] dst Pointer to the location that will receive the data.
   * \return true for success or false for failure.
   */
  bool readSector(uint32_t sector, uint8_t* dst) {
#if ENABLE_DEDICATED_SPI
    return readSectors(sector, dst, 1);
     d7e:	9e 01       	movw	r18, r28
     d80:	25 5f       	subi	r18, 0xF5	; 245
     d82:	3f 4f       	sbci	r19, 0xFF	; 255
     d84:	b7 01       	movw	r22, r14
     d86:	a6 01       	movw	r20, r12
     d88:	89 81       	ldd	r24, Y+1	; 0x01
     d8a:	9a 81       	ldd	r25, Y+2	; 0x02
     d8c:	0e 94 2d 05 	call	0xa5a	; 0xa5a <SdSpiCard::readSectors(unsigned long, unsigned char*, unsigned int) [clone .constprop.106]>
_ZN7FsCache3getEmh():
C:\Users\Ted\Documents\Arduino\libraries\SdFat\src\common/FsCache.cpp:40
    if (!sync()) {
      DBG_FAIL_MACRO;
      goto fail;
    }
    if (!(option & CACHE_OPTION_NO_READ)) {
      if (!m_blockDev->readSector(sector, m_buffer)) {
     d90:	81 11       	cpse	r24, r1
     d92:	e9 cf       	rjmp	.-46     	; 0xd66 <FsCache::get(unsigned long, unsigned char)+0x56>
     d94:	ca cf       	rjmp	.-108    	; 0xd2a <FsCache::get(unsigned long, unsigned char)+0x1a>

00000d96 <FatPartition::fatPut(unsigned long, unsigned long)>:
_ZN12FatPartition6fatPutEmm():
C:\Users\Ted\Documents\Arduino\libraries\SdFat\src\FatLib/FatPartition.cpp:225
 fail:
  return -1;
}
//------------------------------------------------------------------------------
// Store a FAT entry
bool FatPartition::fatPut(uint32_t cluster, uint32_t value) {
     d96:	8f 92       	push	r8
     d98:	9f 92       	push	r9
     d9a:	af 92       	push	r10
     d9c:	bf 92       	push	r11
     d9e:	cf 92       	push	r12
     da0:	df 92       	push	r13
     da2:	ef 92       	push	r14
     da4:	ff 92       	push	r15
     da6:	0f 93       	push	r16
     da8:	1f 93       	push	r17
C:\Users\Ted\Documents\Arduino\libraries\SdFat\src\FatLib/FatPartition.cpp:230
  uint32_t sector;
  cache_t* pc;

  // error if reserved cluster of beyond FAT
  if (cluster < 2 || cluster > m_lastCluster) {
     daa:	42 30       	cpi	r20, 0x02	; 2
     dac:	51 05       	cpc	r21, r1
     dae:	61 05       	cpc	r22, r1
     db0:	71 05       	cpc	r23, r1
     db2:	60 f4       	brcc	.+24     	; 0xdcc <FatPartition::fatPut(unsigned long, unsigned long)+0x36>
C:\Users\Ted\Documents\Arduino\libraries\SdFat\src\FatLib/FatPartition.cpp:298
    DBG_FAIL_MACRO;
    goto fail;
  }

 fail:
  return false;
     db4:	80 e0       	ldi	r24, 0x00	; 0
C:\Users\Ted\Documents\Arduino\libraries\SdFat\src\FatLib/FatPartition.cpp:299
}
     db6:	1f 91       	pop	r17
     db8:	0f 91       	pop	r16
     dba:	ff 90       	pop	r15
     dbc:	ef 90       	pop	r14
     dbe:	df 90       	pop	r13
     dc0:	cf 90       	pop	r12
     dc2:	bf 90       	pop	r11
     dc4:	af 90       	pop	r10
     dc6:	9f 90       	pop	r9
     dc8:	8f 90       	pop	r8
     dca:	08 95       	ret
C:\Users\Ted\Documents\Arduino\libraries\SdFat\src\FatLib/FatPartition.cpp:230
bool FatPartition::fatPut(uint32_t cluster, uint32_t value) {
  uint32_t sector;
  cache_t* pc;

  // error if reserved cluster of beyond FAT
  if (cluster < 2 || cluster > m_lastCluster) {
     dcc:	fc 01       	movw	r30, r24
     dce:	c0 8c       	ldd	r12, Z+24	; 0x18
     dd0:	d1 8c       	ldd	r13, Z+25	; 0x19
     dd2:	e2 8c       	ldd	r14, Z+26	; 0x1a
     dd4:	f3 8c       	ldd	r15, Z+27	; 0x1b
     dd6:	c4 16       	cp	r12, r20
     dd8:	d5 06       	cpc	r13, r21
     dda:	e6 06       	cpc	r14, r22
     ddc:	f7 06       	cpc	r15, r23
     dde:	50 f3       	brcs	.-44     	; 0xdb4 <FatPartition::fatPut(unsigned long, unsigned long)+0x1e>
     de0:	48 01       	movw	r8, r16
     de2:	59 01       	movw	r10, r18
     de4:	6a 01       	movw	r12, r20
     de6:	7b 01       	movw	r14, r22
     de8:	85 81       	ldd	r24, Z+5	; 0x05
C:\Users\Ted\Documents\Arduino\libraries\SdFat\src\FatLib/FatPartition.cpp:235
    DBG_FAIL_MACRO;
    goto fail;
  }

  if (fatType() == 32) {
     dea:	80 32       	cpi	r24, 0x20	; 32
     dec:	41 f5       	brne	.+80     	; 0xe3e <FatPartition::fatPut(unsigned long, unsigned long)+0xa8>
C:\Users\Ted\Documents\Arduino\libraries\SdFat\src\FatLib/FatPartition.cpp:236
    sector = m_fatStartSector + (cluster >> (m_bytesPerSectorShift - 2));
     dee:	84 89       	ldd	r24, Z+20	; 0x14
     df0:	95 89       	ldd	r25, Z+21	; 0x15
     df2:	a6 89       	ldd	r26, Z+22	; 0x16
     df4:	b7 89       	ldd	r27, Z+23	; 0x17
     df6:	17 e0       	ldi	r17, 0x07	; 7
     df8:	76 95       	lsr	r23
     dfa:	67 95       	ror	r22
     dfc:	57 95       	ror	r21
     dfe:	47 95       	ror	r20
     e00:	1a 95       	dec	r17
     e02:	d1 f7       	brne	.-12     	; 0xdf8 <FatPartition::fatPut(unsigned long, unsigned long)+0x62>
     e04:	48 0f       	add	r20, r24
     e06:	59 1f       	adc	r21, r25
     e08:	6a 1f       	adc	r22, r26
     e0a:	7b 1f       	adc	r23, r27
_ZN12FatPartition14cacheFetchDataEmh():
C:\Users\Ted\Documents\Arduino\libraries\SdFat\src\FatLib/FatPartition.h:268
  bool cacheSync() {
    return m_cache.sync() && syncDevice();
  }
#endif  // USE_SEPARATE_FAT_CACHE
  cache_t* cacheFetchData(uint32_t sector, uint8_t options) {
    return reinterpret_cast<cache_t*>(m_cache.get(sector, options));
     e0c:	23 e0       	ldi	r18, 0x03	; 3
     e0e:	cf 01       	movw	r24, r30
     e10:	80 96       	adiw	r24, 0x20	; 32
     e12:	0e 94 88 06 	call	0xd10	; 0xd10 <FsCache::get(unsigned long, unsigned char)>
_ZN12FatPartition6fatPutEmm():
C:\Users\Ted\Documents\Arduino\libraries\SdFat\src\FatLib/FatPartition.cpp:238
    pc = cacheFetchFat(sector, FsCache::CACHE_FOR_WRITE);
    if (!pc) {
     e16:	00 97       	sbiw	r24, 0x00	; 0
     e18:	69 f2       	breq	.-102    	; 0xdb4 <FatPartition::fatPut(unsigned long, unsigned long)+0x1e>
C:\Users\Ted\Documents\Arduino\libraries\SdFat\src\FatLib/FatPartition.cpp:243
      DBG_FAIL_MACRO;
      goto fail;
    }
    setLe32(reinterpret_cast<uint8_t*>
           (&pc->fat32[cluster & (m_sectorMask >> 2)]), value);
     e1a:	e8 94       	clt
     e1c:	c7 f8       	bld	r12, 7
     e1e:	dd 24       	eor	r13, r13
     e20:	ee 24       	eor	r14, r14
     e22:	ff 24       	eor	r15, r15
_Z7setLe32Phm():
C:\Users\Ted\Documents\Arduino\libraries\SdFat\src\common/fsstructs.h:47
inline void setLe16(uint8_t* dst, uint16_t src) {
  *reinterpret_cast<uint16_t*>(dst) = src;
}

inline void setLe32(uint8_t* dst, uint32_t src) {
  *reinterpret_cast<uint32_t*>(dst) = src;
     e24:	cc 0c       	add	r12, r12
     e26:	dd 1c       	adc	r13, r13
     e28:	cc 0c       	add	r12, r12
     e2a:	dd 1c       	adc	r13, r13
     e2c:	8c 0d       	add	r24, r12
     e2e:	9d 1d       	adc	r25, r13
     e30:	fc 01       	movw	r30, r24
     e32:	80 82       	st	Z, r8
     e34:	91 82       	std	Z+1, r9	; 0x01
     e36:	a2 82       	std	Z+2, r10	; 0x02
     e38:	b3 82       	std	Z+3, r11	; 0x03
_ZN12FatPartition6fatPutEmm():
C:\Users\Ted\Documents\Arduino\libraries\SdFat\src\FatLib/FatPartition.cpp:257
      DBG_FAIL_MACRO;
      goto fail;
    }
    setLe16(reinterpret_cast<uint8_t*>
           (&pc->fat16[cluster & (m_sectorMask >> 1)]), value);
    return true;
     e3a:	81 e0       	ldi	r24, 0x01	; 1
     e3c:	bc cf       	rjmp	.-136    	; 0xdb6 <FatPartition::fatPut(unsigned long, unsigned long)+0x20>
C:\Users\Ted\Documents\Arduino\libraries\SdFat\src\FatLib/FatPartition.cpp:247
    setLe32(reinterpret_cast<uint8_t*>
           (&pc->fat32[cluster & (m_sectorMask >> 2)]), value);
    return true;
  }

  if (fatType() == 16) {
     e3e:	80 31       	cpi	r24, 0x10	; 16
     e40:	09 f0       	breq	.+2      	; 0xe44 <FatPartition::fatPut(unsigned long, unsigned long)+0xae>
     e42:	b8 cf       	rjmp	.-144    	; 0xdb4 <FatPartition::fatPut(unsigned long, unsigned long)+0x1e>
C:\Users\Ted\Documents\Arduino\libraries\SdFat\src\FatLib/FatPartition.cpp:249
    cluster &= 0XFFFF;
    sector = m_fatStartSector + (cluster >> (m_bytesPerSectorShift - 1) );
     e44:	44 89       	ldd	r20, Z+20	; 0x14
     e46:	55 89       	ldd	r21, Z+21	; 0x15
     e48:	66 89       	ldd	r22, Z+22	; 0x16
     e4a:	77 89       	ldd	r23, Z+23	; 0x17
     e4c:	4d 0d       	add	r20, r13
     e4e:	51 1d       	adc	r21, r1
     e50:	61 1d       	adc	r22, r1
     e52:	71 1d       	adc	r23, r1
_ZN12FatPartition14cacheFetchDataEmh():
C:\Users\Ted\Documents\Arduino\libraries\SdFat\src\FatLib/FatPartition.h:268
     e54:	23 e0       	ldi	r18, 0x03	; 3
     e56:	cf 01       	movw	r24, r30
     e58:	80 96       	adiw	r24, 0x20	; 32
     e5a:	0e 94 88 06 	call	0xd10	; 0xd10 <FsCache::get(unsigned long, unsigned char)>
_ZN12FatPartition6fatPutEmm():
C:\Users\Ted\Documents\Arduino\libraries\SdFat\src\FatLib/FatPartition.cpp:251
    pc = cacheFetchFat(sector, FsCache::CACHE_FOR_WRITE);
    if (!pc) {
     e5e:	00 97       	sbiw	r24, 0x00	; 0
     e60:	09 f4       	brne	.+2      	; 0xe64 <FatPartition::fatPut(unsigned long, unsigned long)+0xce>
     e62:	a8 cf       	rjmp	.-176    	; 0xdb4 <FatPartition::fatPut(unsigned long, unsigned long)+0x1e>
C:\Users\Ted\Documents\Arduino\libraries\SdFat\src\FatLib/FatPartition.cpp:256
      DBG_FAIL_MACRO;
      goto fail;
    }
    setLe16(reinterpret_cast<uint8_t*>
           (&pc->fat16[cluster & (m_sectorMask >> 1)]), value);
     e64:	dd 24       	eor	r13, r13
     e66:	ee 24       	eor	r14, r14
     e68:	ff 24       	eor	r15, r15
_Z7setLe16Phj():
C:\Users\Ted\Documents\Arduino\libraries\SdFat\src\common/fsstructs.h:43
}
inline uint64_t getLe64(const uint8_t* src) {
  return *reinterpret_cast<const uint64_t*>(src);
}
inline void setLe16(uint8_t* dst, uint16_t src) {
  *reinterpret_cast<uint16_t*>(dst) = src;
     e6a:	cc 0c       	add	r12, r12
     e6c:	dd 1c       	adc	r13, r13
     e6e:	c8 0e       	add	r12, r24
     e70:	d9 1e       	adc	r13, r25
_ZN12FatPartition6fatPutEmm():
C:\Users\Ted\Documents\Arduino\libraries\SdFat\src\FatLib/FatPartition.cpp:255
    pc = cacheFetchFat(sector, FsCache::CACHE_FOR_WRITE);
    if (!pc) {
      DBG_FAIL_MACRO;
      goto fail;
    }
    setLe16(reinterpret_cast<uint8_t*>
     e72:	f6 01       	movw	r30, r12
     e74:	11 83       	std	Z+1, r17	; 0x01
     e76:	00 83       	st	Z, r16
     e78:	e0 cf       	rjmp	.-64     	; 0xe3a <FatPartition::fatPut(unsigned long, unsigned long)+0xa4>

00000e7a <FatPartition::fatGet(unsigned long, unsigned long*)>:
_ZN12FatPartition6fatGetEmPm():
C:\Users\Ted\Documents\Arduino\libraries\SdFat\src\FatLib/FatPartition.cpp:158
 fail:
  return false;
}
//------------------------------------------------------------------------------
// Fetch a FAT entry - return -1 error, 0 EOC, else 1.
int8_t FatPartition::fatGet(uint32_t cluster, uint32_t* value) {
     e7a:	cf 92       	push	r12
     e7c:	df 92       	push	r13
     e7e:	ef 92       	push	r14
     e80:	ff 92       	push	r15
     e82:	0f 93       	push	r16
     e84:	1f 93       	push	r17
     e86:	cf 93       	push	r28
     e88:	df 93       	push	r29
C:\Users\Ted\Documents\Arduino\libraries\SdFat\src\FatLib/FatPartition.cpp:164
  uint32_t sector;
  uint32_t next;
  cache_t* pc;

  // error if reserved cluster of beyond FAT
  if (cluster < 2 || cluster > m_lastCluster) {
     e8a:	42 30       	cpi	r20, 0x02	; 2
     e8c:	51 05       	cpc	r21, r1
     e8e:	61 05       	cpc	r22, r1
     e90:	71 05       	cpc	r23, r1
     e92:	50 f4       	brcc	.+20     	; 0xea8 <FatPartition::fatGet(unsigned long, unsigned long*)+0x2e>
C:\Users\Ted\Documents\Arduino\libraries\SdFat\src\FatLib/FatPartition.cpp:221
  }
  *value = next;
  return 1;

 fail:
  return -1;
     e94:	8f ef       	ldi	r24, 0xFF	; 255
C:\Users\Ted\Documents\Arduino\libraries\SdFat\src\FatLib/FatPartition.cpp:222
}
     e96:	df 91       	pop	r29
     e98:	cf 91       	pop	r28
     e9a:	1f 91       	pop	r17
     e9c:	0f 91       	pop	r16
     e9e:	ff 90       	pop	r15
     ea0:	ef 90       	pop	r14
     ea2:	df 90       	pop	r13
     ea4:	cf 90       	pop	r12
     ea6:	08 95       	ret
C:\Users\Ted\Documents\Arduino\libraries\SdFat\src\FatLib/FatPartition.cpp:164
  uint32_t sector;
  uint32_t next;
  cache_t* pc;

  // error if reserved cluster of beyond FAT
  if (cluster < 2 || cluster > m_lastCluster) {
     ea8:	fc 01       	movw	r30, r24
     eaa:	c0 8c       	ldd	r12, Z+24	; 0x18
     eac:	d1 8c       	ldd	r13, Z+25	; 0x19
     eae:	e2 8c       	ldd	r14, Z+26	; 0x1a
     eb0:	f3 8c       	ldd	r15, Z+27	; 0x1b
     eb2:	c4 16       	cp	r12, r20
     eb4:	d5 06       	cpc	r13, r21
     eb6:	e6 06       	cpc	r14, r22
     eb8:	f7 06       	cpc	r15, r23
     eba:	60 f3       	brcs	.-40     	; 0xe94 <FatPartition::fatGet(unsigned long, unsigned long*)+0x1a>
     ebc:	89 01       	movw	r16, r18
     ebe:	6a 01       	movw	r12, r20
     ec0:	7b 01       	movw	r14, r22
     ec2:	ec 01       	movw	r28, r24
     ec4:	85 81       	ldd	r24, Z+5	; 0x05
C:\Users\Ted\Documents\Arduino\libraries\SdFat\src\FatLib/FatPartition.cpp:169
    DBG_FAIL_MACRO;
    goto fail;
  }

  if (fatType() == 32) {
     ec6:	80 32       	cpi	r24, 0x20	; 32
     ec8:	b1 f5       	brne	.+108    	; 0xf36 <FatPartition::fatGet(unsigned long, unsigned long*)+0xbc>
C:\Users\Ted\Documents\Arduino\libraries\SdFat\src\FatLib/FatPartition.cpp:170
    sector = m_fatStartSector + (cluster >> (m_bytesPerSectorShift - 2));
     eca:	84 89       	ldd	r24, Z+20	; 0x14
     ecc:	95 89       	ldd	r25, Z+21	; 0x15
     ece:	a6 89       	ldd	r26, Z+22	; 0x16
     ed0:	b7 89       	ldd	r27, Z+23	; 0x17
     ed2:	e7 e0       	ldi	r30, 0x07	; 7
     ed4:	76 95       	lsr	r23
     ed6:	67 95       	ror	r22
     ed8:	57 95       	ror	r21
     eda:	47 95       	ror	r20
     edc:	ea 95       	dec	r30
     ede:	d1 f7       	brne	.-12     	; 0xed4 <FatPartition::fatGet(unsigned long, unsigned long*)+0x5a>
     ee0:	48 0f       	add	r20, r24
     ee2:	59 1f       	adc	r21, r25
     ee4:	6a 1f       	adc	r22, r26
     ee6:	7b 1f       	adc	r23, r27
_ZN12FatPartition14cacheFetchDataEmh():
C:\Users\Ted\Documents\Arduino\libraries\SdFat\src\FatLib/FatPartition.h:268
     ee8:	22 e0       	ldi	r18, 0x02	; 2
     eea:	ce 01       	movw	r24, r28
     eec:	80 96       	adiw	r24, 0x20	; 32
     eee:	0e 94 88 06 	call	0xd10	; 0xd10 <FsCache::get(unsigned long, unsigned char)>
_ZN12FatPartition6fatGetEmPm():
C:\Users\Ted\Documents\Arduino\libraries\SdFat\src\FatLib/FatPartition.cpp:172
    pc = cacheFetchFat(sector, FsCache::CACHE_FOR_READ);
    if (!pc) {
     ef2:	00 97       	sbiw	r24, 0x00	; 0
     ef4:	79 f2       	breq	.-98     	; 0xe94 <FatPartition::fatGet(unsigned long, unsigned long*)+0x1a>
C:\Users\Ted\Documents\Arduino\libraries\SdFat\src\FatLib/FatPartition.cpp:177
      DBG_FAIL_MACRO;
      goto fail;
    }
    next = getLe32(reinterpret_cast<uint8_t*>
                  (&pc->fat32[cluster & (m_sectorMask >> 2)]));
     ef6:	e8 94       	clt
     ef8:	c7 f8       	bld	r12, 7
     efa:	dd 24       	eor	r13, r13
     efc:	ee 24       	eor	r14, r14
     efe:	ff 24       	eor	r15, r15
_Z7getLe32PKh():
C:\Users\Ted\Documents\Arduino\libraries\SdFat\src\common/fsstructs.h:37
// assumes CPU is little-endian and handles alignment issues.
inline uint16_t getLe16(const uint8_t* src) {
  return *reinterpret_cast<const uint16_t*>(src);
}
inline uint32_t getLe32(const uint8_t* src) {
  return *reinterpret_cast<const uint32_t*>(src);
     f00:	cc 0c       	add	r12, r12
     f02:	dd 1c       	adc	r13, r13
     f04:	cc 0c       	add	r12, r12
     f06:	dd 1c       	adc	r13, r13
     f08:	8c 0d       	add	r24, r12
     f0a:	9d 1d       	adc	r25, r13
     f0c:	fc 01       	movw	r30, r24
     f0e:	80 81       	ld	r24, Z
     f10:	91 81       	ldd	r25, Z+1	; 0x01
     f12:	a2 81       	ldd	r26, Z+2	; 0x02
     f14:	b3 81       	ldd	r27, Z+3	; 0x03
_ZN12FatPartition6fatGetEmPm():
C:\Users\Ted\Documents\Arduino\libraries\SdFat\src\FatLib/FatPartition.cpp:214
    next = cluster & 1 ? tmp >> 4 : tmp & 0XFFF;
  } else {
    DBG_FAIL_MACRO;
    goto fail;
  }
  if (isEOC(next)) {
     f16:	48 8d       	ldd	r20, Y+24	; 0x18
     f18:	59 8d       	ldd	r21, Y+25	; 0x19
     f1a:	6a 8d       	ldd	r22, Y+26	; 0x1a
     f1c:	7b 8d       	ldd	r23, Y+27	; 0x1b
     f1e:	48 17       	cp	r20, r24
     f20:	59 07       	cpc	r21, r25
     f22:	6a 07       	cpc	r22, r26
     f24:	7b 07       	cpc	r23, r27
     f26:	38 f1       	brcs	.+78     	; 0xf76 <FatPartition::fatGet(unsigned long, unsigned long*)+0xfc>
C:\Users\Ted\Documents\Arduino\libraries\SdFat\src\FatLib/FatPartition.cpp:217
    return 0;
  }
  *value = next;
     f28:	f8 01       	movw	r30, r16
     f2a:	80 83       	st	Z, r24
     f2c:	91 83       	std	Z+1, r25	; 0x01
     f2e:	a2 83       	std	Z+2, r26	; 0x02
     f30:	b3 83       	std	Z+3, r27	; 0x03
C:\Users\Ted\Documents\Arduino\libraries\SdFat\src\FatLib/FatPartition.cpp:218
  return 1;
     f32:	81 e0       	ldi	r24, 0x01	; 1
     f34:	b0 cf       	rjmp	.-160    	; 0xe96 <FatPartition::fatGet(unsigned long, unsigned long*)+0x1c>
C:\Users\Ted\Documents\Arduino\libraries\SdFat\src\FatLib/FatPartition.cpp:178
      DBG_FAIL_MACRO;
      goto fail;
    }
    next = getLe32(reinterpret_cast<uint8_t*>
                  (&pc->fat32[cluster & (m_sectorMask >> 2)]));
  } else if (fatType() == 16) {
     f36:	80 31       	cpi	r24, 0x10	; 16
     f38:	09 f0       	breq	.+2      	; 0xf3c <FatPartition::fatGet(unsigned long, unsigned long*)+0xc2>
     f3a:	ac cf       	rjmp	.-168    	; 0xe94 <FatPartition::fatGet(unsigned long, unsigned long*)+0x1a>
C:\Users\Ted\Documents\Arduino\libraries\SdFat\src\FatLib/FatPartition.cpp:180
    cluster &= 0XFFFF;
    sector = m_fatStartSector + (cluster >> (m_bytesPerSectorShift - 1) );
     f3c:	44 89       	ldd	r20, Z+20	; 0x14
     f3e:	55 89       	ldd	r21, Z+21	; 0x15
     f40:	66 89       	ldd	r22, Z+22	; 0x16
     f42:	77 89       	ldd	r23, Z+23	; 0x17
     f44:	4d 0d       	add	r20, r13
     f46:	51 1d       	adc	r21, r1
     f48:	61 1d       	adc	r22, r1
     f4a:	71 1d       	adc	r23, r1
_ZN12FatPartition14cacheFetchDataEmh():
C:\Users\Ted\Documents\Arduino\libraries\SdFat\src\FatLib/FatPartition.h:268
     f4c:	22 e0       	ldi	r18, 0x02	; 2
     f4e:	cf 01       	movw	r24, r30
     f50:	80 96       	adiw	r24, 0x20	; 32
     f52:	0e 94 88 06 	call	0xd10	; 0xd10 <FsCache::get(unsigned long, unsigned char)>
_ZN12FatPartition6fatGetEmPm():
C:\Users\Ted\Documents\Arduino\libraries\SdFat\src\FatLib/FatPartition.cpp:182
    pc = cacheFetchFat(sector, FsCache::CACHE_FOR_READ);
    if (!pc) {
     f56:	00 97       	sbiw	r24, 0x00	; 0
     f58:	09 f4       	brne	.+2      	; 0xf5c <FatPartition::fatGet(unsigned long, unsigned long*)+0xe2>
     f5a:	9c cf       	rjmp	.-200    	; 0xe94 <FatPartition::fatGet(unsigned long, unsigned long*)+0x1a>
C:\Users\Ted\Documents\Arduino\libraries\SdFat\src\FatLib/FatPartition.cpp:187
      DBG_FAIL_MACRO;
      goto fail;
    }
    next = getLe16(reinterpret_cast<uint8_t*>
                  (&pc->fat16[cluster & (m_sectorMask >> 1)]));
     f5c:	dd 24       	eor	r13, r13
     f5e:	ee 24       	eor	r14, r14
     f60:	ff 24       	eor	r15, r15
_Z7getLe16PKh():
C:\Users\Ted\Documents\Arduino\libraries\SdFat\src\common/fsstructs.h:34
void lbaToMbrChs(uint8_t* chs, uint32_t capacityMB, uint32_t lba);
//-----------------------------------------------------------------------------
#if !defined(USE_SIMPLE_LITTLE_ENDIAN) || USE_SIMPLE_LITTLE_ENDIAN
// assumes CPU is little-endian and handles alignment issues.
inline uint16_t getLe16(const uint8_t* src) {
  return *reinterpret_cast<const uint16_t*>(src);
     f62:	cc 0c       	add	r12, r12
     f64:	dd 1c       	adc	r13, r13
     f66:	c8 0e       	add	r12, r24
     f68:	d9 1e       	adc	r13, r25
_ZN12FatPartition6fatGetEmPm():
C:\Users\Ted\Documents\Arduino\libraries\SdFat\src\FatLib/FatPartition.cpp:186
    pc = cacheFetchFat(sector, FsCache::CACHE_FOR_READ);
    if (!pc) {
      DBG_FAIL_MACRO;
      goto fail;
    }
    next = getLe16(reinterpret_cast<uint8_t*>
     f6a:	f6 01       	movw	r30, r12
     f6c:	80 81       	ld	r24, Z
     f6e:	91 81       	ldd	r25, Z+1	; 0x01
     f70:	b0 e0       	ldi	r27, 0x00	; 0
     f72:	a0 e0       	ldi	r26, 0x00	; 0
     f74:	d0 cf       	rjmp	.-96     	; 0xf16 <FatPartition::fatGet(unsigned long, unsigned long*)+0x9c>
C:\Users\Ted\Documents\Arduino\libraries\SdFat\src\FatLib/FatPartition.cpp:215
  } else {
    DBG_FAIL_MACRO;
    goto fail;
  }
  if (isEOC(next)) {
    return 0;
     f76:	80 e0       	ldi	r24, 0x00	; 0
     f78:	8e cf       	rjmp	.-228    	; 0xe96 <FatPartition::fatGet(unsigned long, unsigned long*)+0x1c>

00000f7a <FatFile::seekSet(unsigned long)>:
_ZN7FatFile7seekSetEm():
C:\Users\Ted\Documents\Arduino\libraries\SdFat\src\FatLib/FatFile.cpp:1126

 fail:
  return false;
}
//------------------------------------------------------------------------------
bool FatFile::seekSet(uint32_t pos) {
     f7a:	4f 92       	push	r4
     f7c:	5f 92       	push	r5
     f7e:	6f 92       	push	r6
     f80:	7f 92       	push	r7
     f82:	8f 92       	push	r8
     f84:	9f 92       	push	r9
     f86:	af 92       	push	r10
     f88:	bf 92       	push	r11
     f8a:	cf 92       	push	r12
     f8c:	df 92       	push	r13
     f8e:	ef 92       	push	r14
     f90:	ff 92       	push	r15
     f92:	0f 93       	push	r16
     f94:	1f 93       	push	r17
     f96:	cf 93       	push	r28
     f98:	df 93       	push	r29
     f9a:	ec 01       	movw	r28, r24
     f9c:	4a 01       	movw	r8, r20
     f9e:	5b 01       	movw	r10, r22
C:\Users\Ted\Documents\Arduino\libraries\SdFat\src\FatLib/FatFile.cpp:1129
  uint32_t nCur;
  uint32_t nNew;
  uint32_t tmp = m_curCluster;
     fa0:	4c 84       	ldd	r4, Y+12	; 0x0c
     fa2:	5d 84       	ldd	r5, Y+13	; 0x0d
     fa4:	6e 84       	ldd	r6, Y+14	; 0x0e
     fa6:	7f 84       	ldd	r7, Y+15	; 0x0f
     fa8:	28 81       	ld	r18, Y
C:\Users\Ted\Documents\Arduino\libraries\SdFat\src\FatLib/FatFile.cpp:1131
  // error if file not open
  if (!isOpen()) {
     faa:	22 23       	and	r18, r18
     fac:	09 f4       	brne	.+2      	; 0xfb0 <FatFile::seekSet(unsigned long)+0x36>
     fae:	5c c0       	rjmp	.+184    	; 0x1068 <FatFile::seekSet(unsigned long)+0xee>
C:\Users\Ted\Documents\Arduino\libraries\SdFat\src\FatLib/FatFile.cpp:1136
    DBG_FAIL_MACRO;
    goto fail;
  }
  // Optimize O_APPEND writes.
  if (pos == m_curPosition) {
     fb0:	48 89       	ldd	r20, Y+16	; 0x10
     fb2:	59 89       	ldd	r21, Y+17	; 0x11
     fb4:	6a 89       	ldd	r22, Y+18	; 0x12
     fb6:	7b 89       	ldd	r23, Y+19	; 0x13
     fb8:	48 15       	cp	r20, r8
     fba:	59 05       	cpc	r21, r9
     fbc:	6a 05       	cpc	r22, r10
     fbe:	7b 05       	cpc	r23, r11
     fc0:	81 f0       	breq	.+32     	; 0xfe2 <FatFile::seekSet(unsigned long)+0x68>
C:\Users\Ted\Documents\Arduino\libraries\SdFat\src\FatLib/FatFile.cpp:1139
    return true;
  }
  if (pos == 0) {
     fc2:	81 14       	cp	r8, r1
     fc4:	91 04       	cpc	r9, r1
     fc6:	a1 04       	cpc	r10, r1
     fc8:	b1 04       	cpc	r11, r1
     fca:	69 f4       	brne	.+26     	; 0xfe6 <FatFile::seekSet(unsigned long)+0x6c>
C:\Users\Ted\Documents\Arduino\libraries\SdFat\src\FatLib/FatFile.cpp:1141
    // set position to start of file
    m_curCluster = 0;
     fcc:	1c 86       	std	Y+12, r1	; 0x0c
     fce:	1d 86       	std	Y+13, r1	; 0x0d
     fd0:	1e 86       	std	Y+14, r1	; 0x0e
     fd2:	1f 86       	std	Y+15, r1	; 0x0f
C:\Users\Ted\Documents\Arduino\libraries\SdFat\src\FatLib/FatFile.cpp:1182
      goto fail;
    }
  }

 done:
  m_curPosition = pos;
     fd4:	88 8a       	std	Y+16, r8	; 0x10
     fd6:	99 8a       	std	Y+17, r9	; 0x11
     fd8:	aa 8a       	std	Y+18, r10	; 0x12
     fda:	bb 8a       	std	Y+19, r11	; 0x13
C:\Users\Ted\Documents\Arduino\libraries\SdFat\src\FatLib/FatFile.cpp:1183
  m_flags &= ~FILE_FLAG_PREALLOCATE;
     fdc:	8a 81       	ldd	r24, Y+2	; 0x02
     fde:	8f 7d       	andi	r24, 0xDF	; 223
     fe0:	8a 83       	std	Y+2, r24	; 0x02
C:\Users\Ted\Documents\Arduino\libraries\SdFat\src\FatLib/FatFile.cpp:1137
    DBG_FAIL_MACRO;
    goto fail;
  }
  // Optimize O_APPEND writes.
  if (pos == m_curPosition) {
    return true;
     fe2:	81 e0       	ldi	r24, 0x01	; 1
     fe4:	46 c0       	rjmp	.+140    	; 0x1072 <FatFile::seekSet(unsigned long)+0xf8>
C:\Users\Ted\Documents\Arduino\libraries\SdFat\src\FatLib/FatFile.cpp:1144
  if (pos == 0) {
    // set position to start of file
    m_curCluster = 0;
    goto done;
  }
  if (isFile()) {
     fe6:	23 ff       	sbrs	r18, 3
     fe8:	2c c0       	rjmp	.+88     	; 0x1042 <FatFile::seekSet(unsigned long)+0xc8>
C:\Users\Ted\Documents\Arduino\libraries\SdFat\src\FatLib/FatFile.cpp:1145
    if (pos > m_fileSize) {
     fea:	88 8d       	ldd	r24, Y+24	; 0x18
     fec:	99 8d       	ldd	r25, Y+25	; 0x19
     fee:	aa 8d       	ldd	r26, Y+26	; 0x1a
     ff0:	bb 8d       	ldd	r27, Y+27	; 0x1b
     ff2:	88 15       	cp	r24, r8
     ff4:	99 05       	cpc	r25, r9
     ff6:	aa 05       	cpc	r26, r10
     ff8:	bb 05       	cpc	r27, r11
     ffa:	b0 f1       	brcs	.+108    	; 0x1068 <FatFile::seekSet(unsigned long)+0xee>
C:\Users\Ted\Documents\Arduino\libraries\SdFat\src\FatLib/FatFile.cpp:1157
    }
    DBG_FAIL_MACRO;
    goto fail;
  }
  // calculate cluster index for new position
  nNew = (pos - 1) >> (m_vol->bytesPerClusterShift());
     ffc:	ee 81       	ldd	r30, Y+6	; 0x06
     ffe:	ff 81       	ldd	r31, Y+7	; 0x07
_ZNK12FatPartition20bytesPerClusterShiftEv():
C:\Users\Ted\Documents\Arduino\libraries\SdFat\src\FatLib/FatPartition.h:74
   */
  FatPartition() {}

  /** \return The shift count required to multiply by bytesPerCluster. */
  uint8_t bytesPerClusterShift() const {
    return m_sectorsPerClusterShift + m_bytesPerSectorShift;
    1000:	34 81       	ldd	r19, Z+4	; 0x04
    1002:	37 5f       	subi	r19, 0xF7	; 247
_ZN7FatFile7seekSetEm():
C:\Users\Ted\Documents\Arduino\libraries\SdFat\src\FatLib/FatFile.cpp:1157
    1004:	75 01       	movw	r14, r10
    1006:	64 01       	movw	r12, r8
    1008:	81 e0       	ldi	r24, 0x01	; 1
    100a:	c8 1a       	sub	r12, r24
    100c:	d1 08       	sbc	r13, r1
    100e:	e1 08       	sbc	r14, r1
    1010:	f1 08       	sbc	r15, r1
    1012:	03 2e       	mov	r0, r19
    1014:	04 c0       	rjmp	.+8      	; 0x101e <FatFile::seekSet(unsigned long)+0xa4>
    1016:	f6 94       	lsr	r15
    1018:	e7 94       	ror	r14
    101a:	d7 94       	ror	r13
    101c:	c7 94       	ror	r12
    101e:	0a 94       	dec	r0
    1020:	d2 f7       	brpl	.-12     	; 0x1016 <FatFile::seekSet(unsigned long)+0x9c>
C:\Users\Ted\Documents\Arduino\libraries\SdFat\src\FatLib/FatFile.cpp:1159
#if USE_FAT_FILE_FLAG_CONTIGUOUS
  if (isContiguous()) {
    1022:	8a 81       	ldd	r24, Y+2	; 0x02
    1024:	86 ff       	sbrs	r24, 6
    1026:	36 c0       	rjmp	.+108    	; 0x1094 <FatFile::seekSet(unsigned long)+0x11a>
C:\Users\Ted\Documents\Arduino\libraries\SdFat\src\FatLib/FatFile.cpp:1160
    m_curCluster = m_firstCluster + nNew;
    1028:	8c 8d       	ldd	r24, Y+28	; 0x1c
    102a:	9d 8d       	ldd	r25, Y+29	; 0x1d
    102c:	ae 8d       	ldd	r26, Y+30	; 0x1e
    102e:	bf 8d       	ldd	r27, Y+31	; 0x1f
    1030:	8c 0d       	add	r24, r12
    1032:	9d 1d       	adc	r25, r13
    1034:	ae 1d       	adc	r26, r14
    1036:	bf 1d       	adc	r27, r15
    1038:	8c 87       	std	Y+12, r24	; 0x0c
    103a:	9d 87       	std	Y+13, r25	; 0x0d
    103c:	ae 87       	std	Y+14, r26	; 0x0e
    103e:	bf 87       	std	Y+15, r27	; 0x0f
    1040:	c9 cf       	rjmp	.-110    	; 0xfd4 <FatFile::seekSet(unsigned long)+0x5a>
C:\Users\Ted\Documents\Arduino\libraries\SdFat\src\FatLib/FatFile.cpp:1149
  if (isFile()) {
    if (pos > m_fileSize) {
      DBG_FAIL_MACRO;
      goto fail;
    }
  } else if (isRootFixed()) {
    1042:	25 ff       	sbrs	r18, 5
    1044:	db cf       	rjmp	.-74     	; 0xffc <FatFile::seekSet(unsigned long)+0x82>
C:\Users\Ted\Documents\Arduino\libraries\SdFat\src\FatLib/FatFile.cpp:1150
    if (pos <= 32*m_vol->rootDirEntryCount()) {
    1046:	ee 81       	ldd	r30, Y+6	; 0x06
    1048:	ff 81       	ldd	r31, Y+7	; 0x07
    104a:	86 81       	ldd	r24, Z+6	; 0x06
    104c:	97 81       	ldd	r25, Z+7	; 0x07
    104e:	25 e0       	ldi	r18, 0x05	; 5
    1050:	88 0f       	add	r24, r24
    1052:	99 1f       	adc	r25, r25
    1054:	2a 95       	dec	r18
    1056:	e1 f7       	brne	.-8      	; 0x1050 <FatFile::seekSet(unsigned long)+0xd6>
    1058:	b0 e0       	ldi	r27, 0x00	; 0
    105a:	a0 e0       	ldi	r26, 0x00	; 0
    105c:	88 15       	cp	r24, r8
    105e:	99 05       	cpc	r25, r9
    1060:	aa 05       	cpc	r26, r10
    1062:	bb 05       	cpc	r27, r11
    1064:	08 f0       	brcs	.+2      	; 0x1068 <FatFile::seekSet(unsigned long)+0xee>
    1066:	b6 cf       	rjmp	.-148    	; 0xfd4 <FatFile::seekSet(unsigned long)+0x5a>
C:\Users\Ted\Documents\Arduino\libraries\SdFat\src\FatLib/FatFile.cpp:1187
  m_curPosition = pos;
  m_flags &= ~FILE_FLAG_PREALLOCATE;
  return true;

 fail:
  m_curCluster = tmp;
    1068:	4c 86       	std	Y+12, r4	; 0x0c
    106a:	5d 86       	std	Y+13, r5	; 0x0d
    106c:	6e 86       	std	Y+14, r6	; 0x0e
    106e:	7f 86       	std	Y+15, r7	; 0x0f
C:\Users\Ted\Documents\Arduino\libraries\SdFat\src\FatLib/FatFile.cpp:1188
  return false;
    1070:	80 e0       	ldi	r24, 0x00	; 0
C:\Users\Ted\Documents\Arduino\libraries\SdFat\src\FatLib/FatFile.cpp:1189
}
    1072:	df 91       	pop	r29
    1074:	cf 91       	pop	r28
    1076:	1f 91       	pop	r17
    1078:	0f 91       	pop	r16
    107a:	ff 90       	pop	r15
    107c:	ef 90       	pop	r14
    107e:	df 90       	pop	r13
    1080:	cf 90       	pop	r12
    1082:	bf 90       	pop	r11
    1084:	af 90       	pop	r10
    1086:	9f 90       	pop	r9
    1088:	8f 90       	pop	r8
    108a:	7f 90       	pop	r7
    108c:	6f 90       	pop	r6
    108e:	5f 90       	pop	r5
    1090:	4f 90       	pop	r4
    1092:	08 95       	ret
C:\Users\Ted\Documents\Arduino\libraries\SdFat\src\FatLib/FatFile.cpp:1165
    m_curCluster = m_firstCluster + nNew;
    goto done;
  }
#endif  // USE_FAT_FILE_FLAG_CONTIGUOUS
  // calculate cluster index for current position
  nCur = (m_curPosition - 1) >> (m_vol->bytesPerClusterShift());
    1094:	db 01       	movw	r26, r22
    1096:	ca 01       	movw	r24, r20
    1098:	01 97       	sbiw	r24, 0x01	; 1
    109a:	a1 09       	sbc	r26, r1
    109c:	b1 09       	sbc	r27, r1
    109e:	04 c0       	rjmp	.+8      	; 0x10a8 <FatFile::seekSet(unsigned long)+0x12e>
    10a0:	b6 95       	lsr	r27
    10a2:	a7 95       	ror	r26
    10a4:	97 95       	ror	r25
    10a6:	87 95       	ror	r24
    10a8:	3a 95       	dec	r19
    10aa:	d2 f7       	brpl	.-12     	; 0x10a0 <FatFile::seekSet(unsigned long)+0x126>
C:\Users\Ted\Documents\Arduino\libraries\SdFat\src\FatLib/FatFile.cpp:1167

  if (nNew < nCur || m_curPosition == 0) {
    10ac:	c8 16       	cp	r12, r24
    10ae:	d9 06       	cpc	r13, r25
    10b0:	ea 06       	cpc	r14, r26
    10b2:	fb 06       	cpc	r15, r27
    10b4:	20 f0       	brcs	.+8      	; 0x10be <FatFile::seekSet(unsigned long)+0x144>
    10b6:	45 2b       	or	r20, r21
    10b8:	46 2b       	or	r20, r22
    10ba:	47 2b       	or	r20, r23
    10bc:	49 f5       	brne	.+82     	; 0x1110 <FatFile::seekSet(unsigned long)+0x196>
C:\Users\Ted\Documents\Arduino\libraries\SdFat\src\FatLib/FatFile.cpp:1169
    // must follow chain from first cluster
    m_curCluster = isRoot32() ? m_vol->rootDirStart() : m_firstCluster;
    10be:	26 ff       	sbrs	r18, 6
    10c0:	22 c0       	rjmp	.+68     	; 0x1106 <FatFile::seekSet(unsigned long)+0x18c>
_ZNK12FatPartition12rootDirStartEv():
C:\Users\Ted\Documents\Arduino\libraries\SdFat\src\FatLib/FatPartition.h:157
    return m_rootDirEntryCount;
  }
  /** \return The logical sector number for the start of the root directory
       on FAT16 volumes or the first cluster number on FAT32 volumes. */
  uint32_t rootDirStart() const {
    return m_rootDirStart;
    10c2:	84 8d       	ldd	r24, Z+28	; 0x1c
    10c4:	95 8d       	ldd	r25, Z+29	; 0x1d
    10c6:	a6 8d       	ldd	r26, Z+30	; 0x1e
    10c8:	b7 8d       	ldd	r27, Z+31	; 0x1f
_ZN7FatFile7seekSetEm():
C:\Users\Ted\Documents\Arduino\libraries\SdFat\src\FatLib/FatFile.cpp:1169
    10ca:	8c 87       	std	Y+12, r24	; 0x0c
    10cc:	9d 87       	std	Y+13, r25	; 0x0d
    10ce:	ae 87       	std	Y+14, r26	; 0x0e
    10d0:	bf 87       	std	Y+15, r27	; 0x0f
C:\Users\Ted\Documents\Arduino\libraries\SdFat\src\FatLib/FatFile.cpp:1175
  } else {
    // advance from curPosition
    nNew -= nCur;
  }
  while (nNew--) {
    if (m_vol->fatGet(m_curCluster, &m_curCluster) <= 0) {
    10d2:	8e 01       	movw	r16, r28
    10d4:	04 5f       	subi	r16, 0xF4	; 244
    10d6:	1f 4f       	sbci	r17, 0xFF	; 255
C:\Users\Ted\Documents\Arduino\libraries\SdFat\src\FatLib/FatFile.cpp:1174
    m_curCluster = isRoot32() ? m_vol->rootDirStart() : m_firstCluster;
  } else {
    // advance from curPosition
    nNew -= nCur;
  }
  while (nNew--) {
    10d8:	c1 14       	cp	r12, r1
    10da:	d1 04       	cpc	r13, r1
    10dc:	e1 04       	cpc	r14, r1
    10de:	f1 04       	cpc	r15, r1
    10e0:	09 f4       	brne	.+2      	; 0x10e4 <FatFile::seekSet(unsigned long)+0x16a>
    10e2:	78 cf       	rjmp	.-272    	; 0xfd4 <FatFile::seekSet(unsigned long)+0x5a>
C:\Users\Ted\Documents\Arduino\libraries\SdFat\src\FatLib/FatFile.cpp:1175
    if (m_vol->fatGet(m_curCluster, &m_curCluster) <= 0) {
    10e4:	4c 85       	ldd	r20, Y+12	; 0x0c
    10e6:	5d 85       	ldd	r21, Y+13	; 0x0d
    10e8:	6e 85       	ldd	r22, Y+14	; 0x0e
    10ea:	7f 85       	ldd	r23, Y+15	; 0x0f
    10ec:	98 01       	movw	r18, r16
    10ee:	8e 81       	ldd	r24, Y+6	; 0x06
    10f0:	9f 81       	ldd	r25, Y+7	; 0x07
    10f2:	0e 94 3d 07 	call	0xe7a	; 0xe7a <FatPartition::fatGet(unsigned long, unsigned long*)>
    10f6:	91 e0       	ldi	r25, 0x01	; 1
    10f8:	c9 1a       	sub	r12, r25
    10fa:	d1 08       	sbc	r13, r1
    10fc:	e1 08       	sbc	r14, r1
    10fe:	f1 08       	sbc	r15, r1
    1100:	18 16       	cp	r1, r24
    1102:	54 f3       	brlt	.-44     	; 0x10d8 <FatFile::seekSet(unsigned long)+0x15e>
    1104:	b1 cf       	rjmp	.-158    	; 0x1068 <FatFile::seekSet(unsigned long)+0xee>
C:\Users\Ted\Documents\Arduino\libraries\SdFat\src\FatLib/FatFile.cpp:1169
  // calculate cluster index for current position
  nCur = (m_curPosition - 1) >> (m_vol->bytesPerClusterShift());

  if (nNew < nCur || m_curPosition == 0) {
    // must follow chain from first cluster
    m_curCluster = isRoot32() ? m_vol->rootDirStart() : m_firstCluster;
    1106:	8c 8d       	ldd	r24, Y+28	; 0x1c
    1108:	9d 8d       	ldd	r25, Y+29	; 0x1d
    110a:	ae 8d       	ldd	r26, Y+30	; 0x1e
    110c:	bf 8d       	ldd	r27, Y+31	; 0x1f
    110e:	dd cf       	rjmp	.-70     	; 0x10ca <FatFile::seekSet(unsigned long)+0x150>
C:\Users\Ted\Documents\Arduino\libraries\SdFat\src\FatLib/FatFile.cpp:1172
  } else {
    // advance from curPosition
    nNew -= nCur;
    1110:	c8 1a       	sub	r12, r24
    1112:	d9 0a       	sbc	r13, r25
    1114:	ea 0a       	sbc	r14, r26
    1116:	fb 0a       	sbc	r15, r27
    1118:	dc cf       	rjmp	.-72     	; 0x10d2 <FatFile::seekSet(unsigned long)+0x158>

0000111a <FatFile::addCluster()>:
_ZN7FatFile10addClusterEv():
C:\Users\Ted\Documents\Arduino\libraries\SdFat\src\FatLib/FatFile.cpp:31
#include "../common/DebugMacros.h"
#include "FatFile.h"
#include "FatVolume.h"
//------------------------------------------------------------------------------
// Add a cluster to a file.
bool FatFile::addCluster() {
    111a:	3f 92       	push	r3
    111c:	4f 92       	push	r4
    111e:	5f 92       	push	r5
    1120:	6f 92       	push	r6
    1122:	7f 92       	push	r7
    1124:	8f 92       	push	r8
    1126:	9f 92       	push	r9
    1128:	af 92       	push	r10
    112a:	bf 92       	push	r11
    112c:	cf 92       	push	r12
    112e:	df 92       	push	r13
    1130:	ef 92       	push	r14
    1132:	ff 92       	push	r15
    1134:	0f 93       	push	r16
    1136:	1f 93       	push	r17
    1138:	cf 93       	push	r28
    113a:	df 93       	push	r29
    113c:	00 d0       	rcall	.+0      	; 0x113e <FatFile::addCluster()+0x24>
    113e:	00 d0       	rcall	.+0      	; 0x1140 <FatFile::addCluster()+0x26>
    1140:	cd b7       	in	r28, 0x3d	; 61
    1142:	de b7       	in	r29, 0x3e	; 62
    1144:	5c 01       	movw	r10, r24
C:\Users\Ted\Documents\Arduino\libraries\SdFat\src\FatLib/FatFile.cpp:33
#if USE_FAT_FILE_FLAG_CONTIGUOUS
  uint32_t cc = m_curCluster;
    1146:	fc 01       	movw	r30, r24
    1148:	44 84       	ldd	r4, Z+12	; 0x0c
    114a:	55 84       	ldd	r5, Z+13	; 0x0d
    114c:	66 84       	ldd	r6, Z+14	; 0x0e
    114e:	77 84       	ldd	r7, Z+15	; 0x0f
C:\Users\Ted\Documents\Arduino\libraries\SdFat\src\FatLib/FatFile.cpp:34
  if (!m_vol->allocateCluster(m_curCluster, &m_curCluster)) {
    1150:	86 80       	ldd	r8, Z+6	; 0x06
    1152:	97 80       	ldd	r9, Z+7	; 0x07
allocateCluster():
#include "FatPartition.h"
//------------------------------------------------------------------------------
bool FatPartition::allocateCluster(uint32_t current, uint32_t* next) {
  uint32_t find;
  bool setStart;
  if (m_allocSearchStart < current) {
    1154:	f4 01       	movw	r30, r8
    1156:	c0 84       	ldd	r12, Z+8	; 0x08
    1158:	d1 84       	ldd	r13, Z+9	; 0x09
    115a:	e2 84       	ldd	r14, Z+10	; 0x0a
    115c:	f3 84       	ldd	r15, Z+11	; 0x0b
    115e:	c4 14       	cp	r12, r4
    1160:	d5 04       	cpc	r13, r5
    1162:	e6 04       	cpc	r14, r6
    1164:	f7 04       	cpc	r15, r7
    1166:	c0 f4       	brcc	.+48     	; 0x1198 <FatFile::addCluster()+0x7e>
    1168:	73 01       	movw	r14, r6
    116a:	62 01       	movw	r12, r4
_ZN7FatFile10addClusterEv():
C:\Users\Ted\Documents\Arduino\libraries\SdFat\src\FatLib/FatPartition.cpp:37
    // Try to keep file contiguous. Start just after current cluster.
    find = current;
    setStart = false;
    116c:	10 e0       	ldi	r17, 0x00	; 0
allocateCluster():
C:\Users\Ted\Documents\Arduino\libraries\SdFat\src\FatLib/FatPartition.cpp:43
  } else {
    find = m_allocSearchStart;
    setStart = true;
  }
  while (1) {
    find++;
    116e:	ff ef       	ldi	r31, 0xFF	; 255
    1170:	cf 1a       	sub	r12, r31
    1172:	df 0a       	sbc	r13, r31
    1174:	ef 0a       	sbc	r14, r31
    1176:	ff 0a       	sbc	r15, r31
C:\Users\Ted\Documents\Arduino\libraries\SdFat\src\FatLib/FatPartition.cpp:44
    if (find > m_lastCluster) {
    1178:	f4 01       	movw	r30, r8
    117a:	80 8d       	ldd	r24, Z+24	; 0x18
    117c:	91 8d       	ldd	r25, Z+25	; 0x19
    117e:	a2 8d       	ldd	r26, Z+26	; 0x1a
    1180:	b3 8d       	ldd	r27, Z+27	; 0x1b
    1182:	8c 15       	cp	r24, r12
    1184:	9d 05       	cpc	r25, r13
    1186:	ae 05       	cpc	r26, r14
    1188:	bf 05       	cpc	r27, r15
    118a:	40 f4       	brcc	.+16     	; 0x119c <FatFile::addCluster()+0x82>
C:\Users\Ted\Documents\Arduino\libraries\SdFat\src\FatLib/FatPartition.cpp:45
      if (setStart) {
    118c:	11 11       	cpse	r17, r1
    118e:	32 c0       	rjmp	.+100    	; 0x11f4 <FatFile::addCluster()+0xda>
C:\Users\Ted\Documents\Arduino\libraries\SdFat\src\FatLib/FatPartition.cpp:50
        // Can't find space, checked all clusters.
        DBG_FAIL_MACRO;
        goto fail;
      }
      find = m_allocSearchStart;
    1190:	c0 84       	ldd	r12, Z+8	; 0x08
    1192:	d1 84       	ldd	r13, Z+9	; 0x09
    1194:	e2 84       	ldd	r14, Z+10	; 0x0a
    1196:	f3 84       	ldd	r15, Z+11	; 0x0b
_ZN7FatFile10addClusterEv():
C:\Users\Ted\Documents\Arduino\libraries\SdFat\src\FatLib/FatPartition.cpp:40
    // Try to keep file contiguous. Start just after current cluster.
    find = current;
    setStart = false;
  } else {
    find = m_allocSearchStart;
    setStart = true;
    1198:	11 e0       	ldi	r17, 0x01	; 1
    119a:	e9 cf       	rjmp	.-46     	; 0x116e <FatFile::addCluster()+0x54>
allocateCluster():
C:\Users\Ted\Documents\Arduino\libraries\SdFat\src\FatLib/FatPartition.cpp:54
      }
      find = m_allocSearchStart;
      setStart = true;
      continue;
    }
    if (find == current) {
    119c:	4c 14       	cp	r4, r12
    119e:	5d 04       	cpc	r5, r13
    11a0:	6e 04       	cpc	r6, r14
    11a2:	7f 04       	cpc	r7, r15
    11a4:	39 f1       	breq	.+78     	; 0x11f4 <FatFile::addCluster()+0xda>
C:\Users\Ted\Documents\Arduino\libraries\SdFat\src\FatLib/FatPartition.cpp:60
      // Can't find space, already searched clusters after current.
      DBG_FAIL_MACRO;
      goto fail;
    }
    uint32_t f;
    int8_t fg = fatGet(find, &f);
    11a6:	9e 01       	movw	r18, r28
    11a8:	2f 5f       	subi	r18, 0xFF	; 255
    11aa:	3f 4f       	sbci	r19, 0xFF	; 255
    11ac:	b7 01       	movw	r22, r14
    11ae:	a6 01       	movw	r20, r12
    11b0:	c4 01       	movw	r24, r8
    11b2:	0e 94 3d 07 	call	0xe7a	; 0xe7a <FatPartition::fatGet(unsigned long, unsigned long*)>
C:\Users\Ted\Documents\Arduino\libraries\SdFat\src\FatLib/FatPartition.cpp:61
    if (fg < 0) {
    11b6:	87 fd       	sbrc	r24, 7
    11b8:	1d c0       	rjmp	.+58     	; 0x11f4 <FatFile::addCluster()+0xda>
C:\Users\Ted\Documents\Arduino\libraries\SdFat\src\FatLib/FatPartition.cpp:65
      DBG_FAIL_MACRO;
      goto fail;
    }
    if (fg && f == 0) {
    11ba:	88 23       	and	r24, r24
    11bc:	c1 f2       	breq	.-80     	; 0x116e <FatFile::addCluster()+0x54>
    11be:	89 81       	ldd	r24, Y+1	; 0x01
    11c0:	9a 81       	ldd	r25, Y+2	; 0x02
    11c2:	ab 81       	ldd	r26, Y+3	; 0x03
    11c4:	bc 81       	ldd	r27, Y+4	; 0x04
    11c6:	89 2b       	or	r24, r25
    11c8:	8a 2b       	or	r24, r26
    11ca:	8b 2b       	or	r24, r27
    11cc:	81 f6       	brne	.-96     	; 0x116e <FatFile::addCluster()+0x54>
C:\Users\Ted\Documents\Arduino\libraries\SdFat\src\FatLib/FatPartition.cpp:69
      break;
    }
  }
  if (setStart) {
    11ce:	11 23       	and	r17, r17
    11d0:	29 f0       	breq	.+10     	; 0x11dc <FatFile::addCluster()+0xc2>
C:\Users\Ted\Documents\Arduino\libraries\SdFat\src\FatLib/FatPartition.cpp:70
    m_allocSearchStart = find;
    11d2:	f4 01       	movw	r30, r8
    11d4:	c0 86       	std	Z+8, r12	; 0x08
    11d6:	d1 86       	std	Z+9, r13	; 0x09
    11d8:	e2 86       	std	Z+10, r14	; 0x0a
    11da:	f3 86       	std	Z+11, r15	; 0x0b
fatPutEOC():
C:\Users\Ted\Documents\Arduino\libraries\SdFat\src\FatLib/FatPartition.h:297
    return m_dataStartSector + ((cluster - 2) << m_sectorsPerClusterShift);
  }
  int8_t fatGet(uint32_t cluster, uint32_t* value);
  bool fatPut(uint32_t cluster, uint32_t value);
  bool fatPutEOC(uint32_t cluster) {
    return fatPut(cluster, 0x0FFFFFFF);
    11dc:	0f ef       	ldi	r16, 0xFF	; 255
    11de:	1f ef       	ldi	r17, 0xFF	; 255
    11e0:	2f ef       	ldi	r18, 0xFF	; 255
    11e2:	3f e0       	ldi	r19, 0x0F	; 15
    11e4:	b7 01       	movw	r22, r14
    11e6:	a6 01       	movw	r20, r12
    11e8:	c4 01       	movw	r24, r8
    11ea:	0e 94 cb 06 	call	0xd96	; 0xd96 <FatPartition::fatPut(unsigned long, unsigned long)>
    11ee:	38 2e       	mov	r3, r24
allocateCluster():
C:\Users\Ted\Documents\Arduino\libraries\SdFat\src\FatLib/FatPartition.cpp:73
  }
  // Mark end of chain.
  if (!fatPutEOC(find)) {
    11f0:	81 11       	cpse	r24, r1
    11f2:	18 c0       	rjmp	.+48     	; 0x1224 <FatFile::addCluster()+0x10a>
_ZN7FatFile10addClusterEv():
C:\Users\Ted\Documents\Arduino\libraries\SdFat\src\FatLib/FatFile.cpp:47
  }
  m_flags |= FILE_FLAG_DIR_DIRTY;
  return true;

 fail:
  return false;
    11f4:	31 2c       	mov	r3, r1
C:\Users\Ted\Documents\Arduino\libraries\SdFat\src\FatLib/FatFile.cpp:52
#else  // USE_FAT_FILE_FLAG_CONTIGUOUS
  m_flags |= FILE_FLAG_DIR_DIRTY;
  return m_vol->allocateCluster(m_curCluster, &m_curCluster);
#endif  // USE_FAT_FILE_FLAG_CONTIGUOUS
}
    11f6:	83 2d       	mov	r24, r3
    11f8:	0f 90       	pop	r0
    11fa:	0f 90       	pop	r0
    11fc:	0f 90       	pop	r0
    11fe:	0f 90       	pop	r0
    1200:	df 91       	pop	r29
    1202:	cf 91       	pop	r28
    1204:	1f 91       	pop	r17
    1206:	0f 91       	pop	r16
    1208:	ff 90       	pop	r15
    120a:	ef 90       	pop	r14
    120c:	df 90       	pop	r13
    120e:	cf 90       	pop	r12
    1210:	bf 90       	pop	r11
    1212:	af 90       	pop	r10
    1214:	9f 90       	pop	r9
    1216:	8f 90       	pop	r8
    1218:	7f 90       	pop	r7
    121a:	6f 90       	pop	r6
    121c:	5f 90       	pop	r5
    121e:	4f 90       	pop	r4
    1220:	3f 90       	pop	r3
    1222:	08 95       	ret
allocateCluster():
C:\Users\Ted\Documents\Arduino\libraries\SdFat\src\FatLib/FatPartition.cpp:77
    DBG_FAIL_MACRO;
    goto fail;
  }
  if (current) {
    1224:	41 14       	cp	r4, r1
    1226:	51 04       	cpc	r5, r1
    1228:	61 04       	cpc	r6, r1
    122a:	71 04       	cpc	r7, r1
    122c:	b9 f4       	brne	.+46     	; 0x125c <FatFile::addCluster()+0x142>
C:\Users\Ted\Documents\Arduino\libraries\SdFat\src\FatLib/FatPartition.cpp:85
      DBG_FAIL_MACRO;
      goto fail;
    }
  }
  updateFreeClusterCount(-1);
  *next = find;
    122e:	f5 01       	movw	r30, r10
    1230:	c4 86       	std	Z+12, r12	; 0x0c
    1232:	d5 86       	std	Z+13, r13	; 0x0d
    1234:	e6 86       	std	Z+14, r14	; 0x0e
    1236:	f7 86       	std	Z+15, r15	; 0x0f
    1238:	82 81       	ldd	r24, Z+2	; 0x02
_ZN7FatFile10addClusterEv():
C:\Users\Ted\Documents\Arduino\libraries\SdFat\src\FatLib/FatFile.cpp:38
  uint32_t cc = m_curCluster;
  if (!m_vol->allocateCluster(m_curCluster, &m_curCluster)) {
    DBG_FAIL_MACRO;
    goto fail;
  }
  if (cc == 0) {
    123a:	41 14       	cp	r4, r1
    123c:	51 04       	cpc	r5, r1
    123e:	61 04       	cpc	r6, r1
    1240:	71 04       	cpc	r7, r1
    1242:	b1 f0       	breq	.+44     	; 0x1270 <FatFile::addCluster()+0x156>
C:\Users\Ted\Documents\Arduino\libraries\SdFat\src\FatLib/FatFile.cpp:40
    m_flags |= FILE_FLAG_CONTIGUOUS;
  } else if (m_curCluster != (cc + 1)) {
    1244:	ff ef       	ldi	r31, 0xFF	; 255
    1246:	4f 1a       	sub	r4, r31
    1248:	5f 0a       	sbc	r5, r31
    124a:	6f 0a       	sbc	r6, r31
    124c:	7f 0a       	sbc	r7, r31
    124e:	4c 14       	cp	r4, r12
    1250:	5d 04       	cpc	r5, r13
    1252:	6e 04       	cpc	r6, r14
    1254:	7f 04       	cpc	r7, r15
    1256:	79 f0       	breq	.+30     	; 0x1276 <FatFile::addCluster()+0x15c>
C:\Users\Ted\Documents\Arduino\libraries\SdFat\src\FatLib/FatFile.cpp:41
    m_flags &= ~FILE_FLAG_CONTIGUOUS;
    1258:	8f 7b       	andi	r24, 0xBF	; 191
    125a:	0b c0       	rjmp	.+22     	; 0x1272 <FatFile::addCluster()+0x158>
allocateCluster():
C:\Users\Ted\Documents\Arduino\libraries\SdFat\src\FatLib/FatPartition.cpp:79
    DBG_FAIL_MACRO;
    goto fail;
  }
  if (current) {
    // Link clusters.
    if (!fatPut(current, find)) {
    125c:	97 01       	movw	r18, r14
    125e:	86 01       	movw	r16, r12
    1260:	b3 01       	movw	r22, r6
    1262:	a2 01       	movw	r20, r4
    1264:	c4 01       	movw	r24, r8
    1266:	0e 94 cb 06 	call	0xd96	; 0xd96 <FatPartition::fatPut(unsigned long, unsigned long)>
    126a:	81 11       	cpse	r24, r1
    126c:	e0 cf       	rjmp	.-64     	; 0x122e <FatFile::addCluster()+0x114>
    126e:	c2 cf       	rjmp	.-124    	; 0x11f4 <FatFile::addCluster()+0xda>
_ZN7FatFile10addClusterEv():
C:\Users\Ted\Documents\Arduino\libraries\SdFat\src\FatLib/FatFile.cpp:39
  if (!m_vol->allocateCluster(m_curCluster, &m_curCluster)) {
    DBG_FAIL_MACRO;
    goto fail;
  }
  if (cc == 0) {
    m_flags |= FILE_FLAG_CONTIGUOUS;
    1270:	80 64       	ori	r24, 0x40	; 64
C:\Users\Ted\Documents\Arduino\libraries\SdFat\src\FatLib/FatFile.cpp:41
  } else if (m_curCluster != (cc + 1)) {
    m_flags &= ~FILE_FLAG_CONTIGUOUS;
    1272:	f5 01       	movw	r30, r10
    1274:	82 83       	std	Z+2, r24	; 0x02
C:\Users\Ted\Documents\Arduino\libraries\SdFat\src\FatLib/FatFile.cpp:43
  }
  m_flags |= FILE_FLAG_DIR_DIRTY;
    1276:	f5 01       	movw	r30, r10
    1278:	82 81       	ldd	r24, Z+2	; 0x02
    127a:	80 68       	ori	r24, 0x80	; 128
    127c:	82 83       	std	Z+2, r24	; 0x02
    127e:	bb cf       	rjmp	.-138    	; 0x11f6 <FatFile::addCluster()+0xdc>

00001280 <FatFile::sync() [clone .part.34]>:
_ZN7FatFile4syncEv.part.34():
C:\Users\Ted\Documents\Arduino\libraries\SdFat\src\FatLib/FatFile.cpp:1191
 fail:
  m_curCluster = tmp;
  return false;
}
//------------------------------------------------------------------------------
bool FatFile::sync() {
    1280:	ef 92       	push	r14
    1282:	ff 92       	push	r15
    1284:	0f 93       	push	r16
    1286:	1f 93       	push	r17
    1288:	cf 93       	push	r28
    128a:	df 93       	push	r29
    128c:	00 d0       	rcall	.+0      	; 0x128e <FatFile::sync() [clone .part.34]+0xe>
    128e:	00 d0       	rcall	.+0      	; 0x1290 <FatFile::sync() [clone .part.34]+0x10>
    1290:	1f 92       	push	r1
    1292:	cd b7       	in	r28, 0x3d	; 61
    1294:	de b7       	in	r29, 0x3e	; 62
    1296:	8c 01       	movw	r16, r24
C:\Users\Ted\Documents\Arduino\libraries\SdFat\src\FatLib/FatFile.cpp:1197
  uint16_t date, time;
  uint8_t ms10;
  if (!isOpen()) {
    return true;
  }
  if (m_flags & FILE_FLAG_DIR_DIRTY) {
    1298:	fc 01       	movw	r30, r24
    129a:	82 81       	ldd	r24, Z+2	; 0x02
    129c:	87 ff       	sbrs	r24, 7
    129e:	66 c0       	rjmp	.+204    	; 0x136c <FatFile::sync() [clone .part.34]+0xec>
_ZN12FatPartition14cacheFetchDataEmh():
C:\Users\Ted\Documents\Arduino\libraries\SdFat\src\FatLib/FatPartition.h:268
  bool cacheSync() {
    return m_cache.sync() && syncDevice();
  }
#endif  // USE_SEPARATE_FAT_CACHE
  cache_t* cacheFetchData(uint32_t sector, uint8_t options) {
    return reinterpret_cast<cache_t*>(m_cache.get(sector, options));
    12a0:	44 89       	ldd	r20, Z+20	; 0x14
    12a2:	55 89       	ldd	r21, Z+21	; 0x15
    12a4:	66 89       	ldd	r22, Z+22	; 0x16
    12a6:	77 89       	ldd	r23, Z+23	; 0x17
    12a8:	86 81       	ldd	r24, Z+6	; 0x06
    12aa:	97 81       	ldd	r25, Z+7	; 0x07
    12ac:	21 e0       	ldi	r18, 0x01	; 1
    12ae:	80 96       	adiw	r24, 0x20	; 32
    12b0:	0e 94 88 06 	call	0xd10	; 0xd10 <FsCache::get(unsigned long, unsigned char)>
cacheDirEntry():
C:\Users\Ted\Documents\Arduino\libraries\SdFat\src\FatLib/FatFile.cpp:100
// cache a file's directory entry
// return pointer to cached entry or null for failure
DirFat_t* FatFile::cacheDirEntry(uint8_t action) {
  cache_t* pc;
  pc = m_vol->cacheFetchData(m_dirSector, action);
  if (!pc) {
    12b4:	00 97       	sbiw	r24, 0x00	; 0
    12b6:	89 f4       	brne	.+34     	; 0x12da <FatFile::sync() [clone .part.34]+0x5a>
_ZN7FatFile4syncEv.part.34():
C:\Users\Ted\Documents\Arduino\libraries\SdFat\src\FatLib/FatFile.cpp:1229
    return true;
  }
  DBG_FAIL_MACRO;

 fail:
  m_error |= WRITE_ERROR;
    12b8:	f8 01       	movw	r30, r16
    12ba:	81 81       	ldd	r24, Z+1	; 0x01
    12bc:	81 60       	ori	r24, 0x01	; 1
    12be:	81 83       	std	Z+1, r24	; 0x01
C:\Users\Ted\Documents\Arduino\libraries\SdFat\src\FatLib/FatFile.cpp:1230
  return false;
    12c0:	80 e0       	ldi	r24, 0x00	; 0
C:\Users\Ted\Documents\Arduino\libraries\SdFat\src\FatLib/FatFile.cpp:1231
}
    12c2:	0f 90       	pop	r0
    12c4:	0f 90       	pop	r0
    12c6:	0f 90       	pop	r0
    12c8:	0f 90       	pop	r0
    12ca:	0f 90       	pop	r0
    12cc:	df 91       	pop	r29
    12ce:	cf 91       	pop	r28
    12d0:	1f 91       	pop	r17
    12d2:	0f 91       	pop	r16
    12d4:	ff 90       	pop	r15
    12d6:	ef 90       	pop	r14
    12d8:	08 95       	ret
cacheDirEntry():
C:\Users\Ted\Documents\Arduino\libraries\SdFat\src\FatLib/FatFile.cpp:104
  pc = m_vol->cacheFetchData(m_dirSector, action);
  if (!pc) {
    DBG_FAIL_MACRO;
    goto fail;
  }
  return pc->dir + (m_dirIndex & 0XF);
    12da:	f8 01       	movw	r30, r16
    12dc:	e4 80       	ldd	r14, Z+4	; 0x04
    12de:	f5 80       	ldd	r15, Z+5	; 0x05
    12e0:	ff e0       	ldi	r31, 0x0F	; 15
    12e2:	ef 22       	and	r14, r31
    12e4:	ff 24       	eor	r15, r15
    12e6:	25 e0       	ldi	r18, 0x05	; 5
    12e8:	ee 0c       	add	r14, r14
    12ea:	ff 1c       	adc	r15, r15
    12ec:	2a 95       	dec	r18
    12ee:	e1 f7       	brne	.-8      	; 0x12e8 <FatFile::sync() [clone .part.34]+0x68>
    12f0:	e8 0e       	add	r14, r24
    12f2:	f9 1e       	adc	r15, r25
_ZN7FatFile4syncEv.part.34():
C:\Users\Ted\Documents\Arduino\libraries\SdFat\src\FatLib/FatFile.cpp:1200
    return true;
  }
  if (m_flags & FILE_FLAG_DIR_DIRTY) {
    DirFat_t* dir = cacheDirEntry(FsCache::CACHE_FOR_WRITE);
    // check for deleted by another open file object
    if (!dir || dir->name[0] == FAT_NAME_DELETED) {
    12f4:	e1 14       	cp	r14, r1
    12f6:	f1 04       	cpc	r15, r1
    12f8:	f9 f2       	breq	.-66     	; 0x12b8 <FatFile::sync() [clone .part.34]+0x38>
    12fa:	f7 01       	movw	r30, r14
    12fc:	80 81       	ld	r24, Z
    12fe:	85 3e       	cpi	r24, 0xE5	; 229
    1300:	d9 f2       	breq	.-74     	; 0x12b8 <FatFile::sync() [clone .part.34]+0x38>
C:\Users\Ted\Documents\Arduino\libraries\SdFat\src\FatLib/FatFile.cpp:1205
      DBG_FAIL_MACRO;
      goto fail;
    }
    // do not set filesize for dir files
    if (isFile()) {
    1302:	f8 01       	movw	r30, r16
    1304:	80 81       	ld	r24, Z
    1306:	83 ff       	sbrs	r24, 3
    1308:	09 c0       	rjmp	.+18     	; 0x131c <FatFile::sync() [clone .part.34]+0x9c>
C:\Users\Ted\Documents\Arduino\libraries\SdFat\src\FatLib/FatFile.cpp:1206
      setLe32(dir->fileSize, m_fileSize);
    130a:	80 8d       	ldd	r24, Z+24	; 0x18
    130c:	91 8d       	ldd	r25, Z+25	; 0x19
    130e:	a2 8d       	ldd	r26, Z+26	; 0x1a
    1310:	b3 8d       	ldd	r27, Z+27	; 0x1b
_Z7setLe32Phm():
C:\Users\Ted\Documents\Arduino\libraries\SdFat\src\common/fsstructs.h:47
inline void setLe16(uint8_t* dst, uint16_t src) {
  *reinterpret_cast<uint16_t*>(dst) = src;
}

inline void setLe32(uint8_t* dst, uint32_t src) {
  *reinterpret_cast<uint32_t*>(dst) = src;
    1312:	f7 01       	movw	r30, r14
    1314:	84 8f       	std	Z+28, r24	; 0x1c
    1316:	95 8f       	std	Z+29, r25	; 0x1d
    1318:	a6 8f       	std	Z+30, r26	; 0x1e
    131a:	b7 8f       	std	Z+31, r27	; 0x1f
_ZN7FatFile4syncEv.part.34():
C:\Users\Ted\Documents\Arduino\libraries\SdFat\src\FatLib/FatFile.cpp:1210
    }

    // update first cluster fields
    setLe16(dir->firstClusterLow, m_firstCluster & 0XFFFF);
    131c:	f8 01       	movw	r30, r16
    131e:	84 8d       	ldd	r24, Z+28	; 0x1c
    1320:	95 8d       	ldd	r25, Z+29	; 0x1d
    1322:	a6 8d       	ldd	r26, Z+30	; 0x1e
    1324:	b7 8d       	ldd	r27, Z+31	; 0x1f
    1326:	f7 01       	movw	r30, r14
    1328:	93 8f       	std	Z+27, r25	; 0x1b
    132a:	82 8f       	std	Z+26, r24	; 0x1a
C:\Users\Ted\Documents\Arduino\libraries\SdFat\src\FatLib/FatFile.cpp:1211
    setLe16(dir->firstClusterHigh, m_firstCluster >> 16);
    132c:	b5 8b       	std	Z+21, r27	; 0x15
    132e:	a4 8b       	std	Z+20, r26	; 0x14
C:\Users\Ted\Documents\Arduino\libraries\SdFat\src\FatLib/FatFile.cpp:1214

    // set modify time if user supplied a callback date/time function
    if (FsDateTime::callback) {
    1330:	e0 91 0a 03 	lds	r30, 0x030A	; 0x80030a <FsDateTime::callback>
    1334:	f0 91 0b 03 	lds	r31, 0x030B	; 0x80030b <FsDateTime::callback+0x1>
    1338:	30 97       	sbiw	r30, 0x00	; 0
    133a:	a1 f0       	breq	.+40     	; 0x1364 <FatFile::sync() [clone .part.34]+0xe4>
C:\Users\Ted\Documents\Arduino\libraries\SdFat\src\FatLib/FatFile.cpp:1215
      FsDateTime::callback(&date, &time, &ms10);
    133c:	ae 01       	movw	r20, r28
    133e:	4b 5f       	subi	r20, 0xFB	; 251
    1340:	5f 4f       	sbci	r21, 0xFF	; 255
    1342:	be 01       	movw	r22, r28
    1344:	6d 5f       	subi	r22, 0xFD	; 253
    1346:	7f 4f       	sbci	r23, 0xFF	; 255
    1348:	ce 01       	movw	r24, r28
    134a:	01 96       	adiw	r24, 0x01	; 1
    134c:	09 95       	icall
C:\Users\Ted\Documents\Arduino\libraries\SdFat\src\FatLib/FatFile.cpp:1216
      setLe16(dir->modifyDate, date);
    134e:	89 81       	ldd	r24, Y+1	; 0x01
    1350:	9a 81       	ldd	r25, Y+2	; 0x02
_Z7setLe16Phj():
C:\Users\Ted\Documents\Arduino\libraries\SdFat\src\common/fsstructs.h:43
}
inline uint64_t getLe64(const uint8_t* src) {
  return *reinterpret_cast<const uint64_t*>(src);
}
inline void setLe16(uint8_t* dst, uint16_t src) {
  *reinterpret_cast<uint16_t*>(dst) = src;
    1352:	f7 01       	movw	r30, r14
    1354:	91 8f       	std	Z+25, r25	; 0x19
    1356:	80 8f       	std	Z+24, r24	; 0x18
    1358:	93 8b       	std	Z+19, r25	; 0x13
    135a:	82 8b       	std	Z+18, r24	; 0x12
    135c:	8b 81       	ldd	r24, Y+3	; 0x03
    135e:	9c 81       	ldd	r25, Y+4	; 0x04
    1360:	97 8b       	std	Z+23, r25	; 0x17
    1362:	86 8b       	std	Z+22, r24	; 0x16
_ZN7FatFile4syncEv.part.34():
C:\Users\Ted\Documents\Arduino\libraries\SdFat\src\FatLib/FatFile.cpp:1221
      setLe16(dir->accessDate, date);
      setLe16(dir->modifyTime, time);
    }
    // clear directory dirty
    m_flags &= ~FILE_FLAG_DIR_DIRTY;
    1364:	f8 01       	movw	r30, r16
    1366:	82 81       	ldd	r24, Z+2	; 0x02
    1368:	8f 77       	andi	r24, 0x7F	; 127
    136a:	82 83       	std	Z+2, r24	; 0x02
C:\Users\Ted\Documents\Arduino\libraries\SdFat\src\FatLib/FatFile.cpp:1223
  }
  if (m_vol->cacheSync()) {
    136c:	f8 01       	movw	r30, r16
    136e:	e6 80       	ldd	r14, Z+6	; 0x06
    1370:	f7 80       	ldd	r15, Z+7	; 0x07
cacheSync():
C:\Users\Ted\Documents\Arduino\libraries\SdFat\src\FatLib/FatPartition.h:264
  cache_t* cacheFetchFat(uint32_t sector, uint8_t options) {
    options |= FsCache::CACHE_STATUS_MIRROR_FAT;
    return cacheFetchData(sector, options);
  }
  bool cacheSync() {
    return m_cache.sync() && syncDevice();
    1372:	c7 01       	movw	r24, r14
    1374:	80 96       	adiw	r24, 0x20	; 32
    1376:	0e 94 4a 06 	call	0xc94	; 0xc94 <FsCache::sync()>
    137a:	88 23       	and	r24, r24
    137c:	09 f4       	brne	.+2      	; 0x1380 <FatFile::sync() [clone .part.34]+0x100>
    137e:	9c cf       	rjmp	.-200    	; 0x12b8 <FatFile::sync() [clone .part.34]+0x38>
_ZN12FatPartition10syncDeviceEv():
C:\Users\Ted\Documents\Arduino\libraries\SdFat\src\FatLib/FatPartition.h:224
  }
  bool readSector(uint32_t sector, uint8_t* dst) {
    return m_blockDev->readSector(sector, dst);
  }
  bool syncDevice() {
    return m_blockDev->syncDevice();
    1380:	f7 01       	movw	r30, r14
    1382:	80 81       	ld	r24, Z
    1384:	91 81       	ldd	r25, Z+1	; 0x01
    1386:	0e 94 f9 04 	call	0x9f2	; 0x9f2 <SdSpiCard::syncDevice()>
cacheSync():
C:\Users\Ted\Documents\Arduino\libraries\SdFat\src\FatLib/FatPartition.h:264
  cache_t* cacheFetchFat(uint32_t sector, uint8_t options) {
    options |= FsCache::CACHE_STATUS_MIRROR_FAT;
    return cacheFetchData(sector, options);
  }
  bool cacheSync() {
    return m_cache.sync() && syncDevice();
    138a:	88 23       	and	r24, r24
    138c:	09 f4       	brne	.+2      	; 0x1390 <FatFile::sync() [clone .part.34]+0x110>
    138e:	94 cf       	rjmp	.-216    	; 0x12b8 <FatFile::sync() [clone .part.34]+0x38>
    1390:	98 cf       	rjmp	.-208    	; 0x12c2 <FatFile::sync() [clone .part.34]+0x42>

00001392 <FatFile::close()>:
_ZN7FatFile5closeEv():
C:\Users\Ted\Documents\Arduino\libraries\SdFat\src\FatLib/FatFile.cpp:110

 fail:
  return nullptr;
}
//------------------------------------------------------------------------------
bool FatFile::close() {
    1392:	cf 93       	push	r28
    1394:	df 93       	push	r29
    1396:	ec 01       	movw	r28, r24
sync():
C:\Users\Ted\Documents\Arduino\libraries\SdFat\src\FatLib/FatFile.cpp:1194
}
//------------------------------------------------------------------------------
bool FatFile::sync() {
  uint16_t date, time;
  uint8_t ms10;
  if (!isOpen()) {
    1398:	88 81       	ld	r24, Y
    139a:	88 23       	and	r24, r24
    139c:	41 f0       	breq	.+16     	; 0x13ae <FatFile::close()+0x1c>
    139e:	ce 01       	movw	r24, r28
    13a0:	0e 94 40 09 	call	0x1280	; 0x1280 <FatFile::sync() [clone .part.34]>
_ZN7FatFile5closeEv():
C:\Users\Ted\Documents\Arduino\libraries\SdFat\src\FatLib/FatFile.cpp:112
  return nullptr;
}
//------------------------------------------------------------------------------
bool FatFile::close() {
  bool rtn = sync();
  m_attributes = FILE_ATTR_CLOSED;
    13a4:	18 82       	st	Y, r1
C:\Users\Ted\Documents\Arduino\libraries\SdFat\src\FatLib/FatFile.cpp:113
  m_flags = 0;
    13a6:	1a 82       	std	Y+2, r1	; 0x02
C:\Users\Ted\Documents\Arduino\libraries\SdFat\src\FatLib/FatFile.cpp:115
  return rtn;
}
    13a8:	df 91       	pop	r29
    13aa:	cf 91       	pop	r28
    13ac:	08 95       	ret
C:\Users\Ted\Documents\Arduino\libraries\SdFat\src\FatLib/FatFile.cpp:1195
//------------------------------------------------------------------------------
bool FatFile::sync() {
  uint16_t date, time;
  uint8_t ms10;
  if (!isOpen()) {
    return true;
    13ae:	81 e0       	ldi	r24, 0x01	; 1
    13b0:	f9 cf       	rjmp	.-14     	; 0x13a4 <FatFile::close()+0x12>

000013b2 <twi_stop>:
twi_stop():
C:\Users\Ted\AppData\Local\Arduino15\packages\MiniCore\hardware\avr\2.1.3\libraries\Wire\src\utility/twi.c:372
 * Output   none
 */
void twi_stop(void)
{
  // send stop condition
  TWCR = _BV(TWEN) | _BV(TWIE) | _BV(TWEA) | _BV(TWINT) | _BV(TWSTO);
    13b2:	85 ed       	ldi	r24, 0xD5	; 213
    13b4:	80 93 bc 00 	sts	0x00BC, r24	; 0x8000bc <__DATA_REGION_ORIGIN__+0x5c>
C:\Users\Ted\AppData\Local\Arduino15\packages\MiniCore\hardware\avr\2.1.3\libraries\Wire\src\utility/twi.c:376

  // wait for stop condition to be exectued on bus
  // TWINT is not set after a stop condition!
  while(TWCR & _BV(TWSTO)){
    13b8:	80 91 bc 00 	lds	r24, 0x00BC	; 0x8000bc <__DATA_REGION_ORIGIN__+0x5c>
    13bc:	84 fd       	sbrc	r24, 4
    13be:	fc cf       	rjmp	.-8      	; 0x13b8 <twi_stop+0x6>
C:\Users\Ted\AppData\Local\Arduino15\packages\MiniCore\hardware\avr\2.1.3\libraries\Wire\src\utility/twi.c:381
    continue;
  }

  // update twi state
  twi_state = TWI_READY;
    13c0:	10 92 5c 03 	sts	0x035C, r1	; 0x80035c <twi_state>
C:\Users\Ted\AppData\Local\Arduino15\packages\MiniCore\hardware\avr\2.1.3\libraries\Wire\src\utility/twi.c:382
}
    13c4:	08 95       	ret

000013c6 <twi_transmit>:
twi_transmit():
C:\Users\Ted\AppData\Local\Arduino15\packages\MiniCore\hardware\avr\2.1.3\libraries\Wire\src\utility/twi.c:307
uint8_t twi_transmit(const uint8_t* data, uint8_t length)
{
  uint8_t i;

  // ensure data will fit into buffer
  if(TWI_BUFFER_SIZE < (twi_txBufferLength+length)){
    13c6:	20 91 43 02 	lds	r18, 0x0243	; 0x800243 <twi_txBufferLength>
    13ca:	26 0f       	add	r18, r22
    13cc:	33 27       	eor	r19, r19
    13ce:	33 1f       	adc	r19, r19
    13d0:	21 32       	cpi	r18, 0x21	; 33
    13d2:	31 05       	cpc	r19, r1
    13d4:	ec f4       	brge	.+58     	; 0x1410 <twi_transmit+0x4a>
C:\Users\Ted\AppData\Local\Arduino15\packages\MiniCore\hardware\avr\2.1.3\libraries\Wire\src\utility/twi.c:312
    return 1;
  }
  
  // ensure we are currently a slave transmitter
  if(TWI_STX != twi_state){
    13d6:	20 91 5c 03 	lds	r18, 0x035C	; 0x80035c <twi_state>
    13da:	fc 01       	movw	r30, r24
    13dc:	90 e0       	ldi	r25, 0x00	; 0
    13de:	80 e0       	ldi	r24, 0x00	; 0
    13e0:	24 30       	cpi	r18, 0x04	; 4
    13e2:	69 f0       	breq	.+26     	; 0x13fe <twi_transmit+0x38>
C:\Users\Ted\AppData\Local\Arduino15\packages\MiniCore\hardware\avr\2.1.3\libraries\Wire\src\utility/twi.c:313
    return 2;
    13e4:	82 e0       	ldi	r24, 0x02	; 2
C:\Users\Ted\AppData\Local\Arduino15\packages\MiniCore\hardware\avr\2.1.3\libraries\Wire\src\utility/twi.c:323
    twi_txBuffer[twi_txBufferLength+i] = data[i];
  }
  twi_txBufferLength += length;

  return 0;
}
    13e6:	08 95       	ret
C:\Users\Ted\AppData\Local\Arduino15\packages\MiniCore\hardware\avr\2.1.3\libraries\Wire\src\utility/twi.c:318
    return 2;
  }
  
  // set length and copy data into tx buffer
  for(i = 0; i < length; ++i){
    twi_txBuffer[twi_txBufferLength+i] = data[i];
    13e8:	a0 91 43 02 	lds	r26, 0x0243	; 0x800243 <twi_txBufferLength>
    13ec:	21 91       	ld	r18, Z+
    13ee:	ac 01       	movw	r20, r24
    13f0:	4d 5d       	subi	r20, 0xDD	; 221
    13f2:	5d 4f       	sbci	r21, 0xFD	; 253
    13f4:	a4 0f       	add	r26, r20
    13f6:	b5 2f       	mov	r27, r21
    13f8:	b1 1d       	adc	r27, r1
    13fa:	2c 93       	st	X, r18
    13fc:	01 96       	adiw	r24, 0x01	; 1
C:\Users\Ted\AppData\Local\Arduino15\packages\MiniCore\hardware\avr\2.1.3\libraries\Wire\src\utility/twi.c:317
  if(TWI_STX != twi_state){
    return 2;
  }
  
  // set length and copy data into tx buffer
  for(i = 0; i < length; ++i){
    13fe:	86 17       	cp	r24, r22
    1400:	98 f3       	brcs	.-26     	; 0x13e8 <twi_transmit+0x22>
C:\Users\Ted\AppData\Local\Arduino15\packages\MiniCore\hardware\avr\2.1.3\libraries\Wire\src\utility/twi.c:320
    twi_txBuffer[twi_txBufferLength+i] = data[i];
  }
  twi_txBufferLength += length;
    1402:	80 91 43 02 	lds	r24, 0x0243	; 0x800243 <twi_txBufferLength>
    1406:	68 0f       	add	r22, r24
    1408:	60 93 43 02 	sts	0x0243, r22	; 0x800243 <twi_txBufferLength>
    140c:	80 e0       	ldi	r24, 0x00	; 0
    140e:	08 95       	ret
C:\Users\Ted\AppData\Local\Arduino15\packages\MiniCore\hardware\avr\2.1.3\libraries\Wire\src\utility/twi.c:308
{
  uint8_t i;

  // ensure data will fit into buffer
  if(TWI_BUFFER_SIZE < (twi_txBufferLength+length)){
    return 1;
    1410:	81 e0       	ldi	r24, 0x01	; 1
    1412:	08 95       	ret

00001414 <TwoWire::flush()>:
_ZN7TwoWire5flushEv():
C:\Users\Ted\AppData\Local\Arduino15\packages\MiniCore\hardware\avr\2.1.3\libraries\Wire\src/Wire.cpp:277
}

void TwoWire::flush(void)
{
  // XXX: to be implemented.
}
    1414:	08 95       	ret

00001416 <TwoWire::peek()>:
_ZN7TwoWire4peekEv():
C:\Users\Ted\AppData\Local\Arduino15\packages\MiniCore\hardware\avr\2.1.3\libraries\Wire\src/Wire.cpp:267
// or after requestFrom(address, numBytes)
int TwoWire::peek(void)
{
  int value = -1;

  if(rxBufferIndex < rxBufferLength){
    1416:	e0 91 7e 03 	lds	r30, 0x037E	; 0x80037e <TwoWire::rxBufferIndex>
    141a:	80 91 7d 03 	lds	r24, 0x037D	; 0x80037d <TwoWire::rxBufferLength>
    141e:	e8 17       	cp	r30, r24
    1420:	30 f4       	brcc	.+12     	; 0x142e <TwoWire::peek()+0x18>
C:\Users\Ted\AppData\Local\Arduino15\packages\MiniCore\hardware\avr\2.1.3\libraries\Wire\src/Wire.cpp:268
    value = rxBuffer[rxBufferIndex];
    1422:	f0 e0       	ldi	r31, 0x00	; 0
    1424:	e3 5a       	subi	r30, 0xA3	; 163
    1426:	fc 4f       	sbci	r31, 0xFC	; 252
    1428:	80 81       	ld	r24, Z
    142a:	90 e0       	ldi	r25, 0x00	; 0
    142c:	08 95       	ret
C:\Users\Ted\AppData\Local\Arduino15\packages\MiniCore\hardware\avr\2.1.3\libraries\Wire\src/Wire.cpp:265
// must be called in:
// slave rx event callback
// or after requestFrom(address, numBytes)
int TwoWire::peek(void)
{
  int value = -1;
    142e:	8f ef       	ldi	r24, 0xFF	; 255
    1430:	9f ef       	ldi	r25, 0xFF	; 255
C:\Users\Ted\AppData\Local\Arduino15\packages\MiniCore\hardware\avr\2.1.3\libraries\Wire\src/Wire.cpp:272
  if(rxBufferIndex < rxBufferLength){
    value = rxBuffer[rxBufferIndex];
  }

  return value;
}
    1432:	08 95       	ret

00001434 <TwoWire::write(unsigned char const*, unsigned int)>:
_ZN7TwoWire5writeEPKhj():
C:\Users\Ted\AppData\Local\Arduino15\packages\MiniCore\hardware\avr\2.1.3\libraries\Wire\src/Wire.cpp:222

// must be called in:
// slave tx event callback
// or after beginTransmission(address)
size_t TwoWire::write(const uint8_t *data, size_t quantity)
{
    1434:	cf 92       	push	r12
    1436:	df 92       	push	r13
    1438:	ef 92       	push	r14
    143a:	ff 92       	push	r15
    143c:	0f 93       	push	r16
    143e:	1f 93       	push	r17
    1440:	cf 93       	push	r28
    1442:	df 93       	push	r29
    1444:	7c 01       	movw	r14, r24
    1446:	cb 01       	movw	r24, r22
    1448:	8a 01       	movw	r16, r20
C:\Users\Ted\AppData\Local\Arduino15\packages\MiniCore\hardware\avr\2.1.3\libraries\Wire\src/Wire.cpp:223
  if(transmitting){
    144a:	20 91 12 03 	lds	r18, 0x0312	; 0x800312 <TwoWire::transmitting>
    144e:	22 23       	and	r18, r18
    1450:	89 f0       	breq	.+34     	; 0x1474 <TwoWire::write(unsigned char const*, unsigned int)+0x40>
    1452:	eb 01       	movw	r28, r22
    1454:	6b 01       	movw	r12, r22
    1456:	c4 0e       	add	r12, r20
    1458:	d5 1e       	adc	r13, r21
C:\Users\Ted\AppData\Local\Arduino15\packages\MiniCore\hardware\avr\2.1.3\libraries\Wire\src/Wire.cpp:225
  // in master transmitter mode
    for(size_t i = 0; i < quantity; ++i){
    145a:	cc 15       	cp	r28, r12
    145c:	dd 05       	cpc	r29, r13
    145e:	69 f0       	breq	.+26     	; 0x147a <TwoWire::write(unsigned char const*, unsigned int)+0x46>
C:\Users\Ted\AppData\Local\Arduino15\packages\MiniCore\hardware\avr\2.1.3\libraries\Wire\src/Wire.cpp:226
      write(data[i]);
    1460:	69 91       	ld	r22, Y+
    1462:	d7 01       	movw	r26, r14
    1464:	ed 91       	ld	r30, X+
    1466:	fc 91       	ld	r31, X
    1468:	01 90       	ld	r0, Z+
    146a:	f0 81       	ld	r31, Z
    146c:	e0 2d       	mov	r30, r0
    146e:	c7 01       	movw	r24, r14
    1470:	09 95       	icall
    1472:	f3 cf       	rjmp	.-26     	; 0x145a <TwoWire::write(unsigned char const*, unsigned int)+0x26>
C:\Users\Ted\AppData\Local\Arduino15\packages\MiniCore\hardware\avr\2.1.3\libraries\Wire\src/Wire.cpp:231
    }
  }else{
  // in slave send mode
    // reply to master
    twi_transmit(data, quantity);
    1474:	64 2f       	mov	r22, r20
    1476:	0e 94 e3 09 	call	0x13c6	; 0x13c6 <twi_transmit>
C:\Users\Ted\AppData\Local\Arduino15\packages\MiniCore\hardware\avr\2.1.3\libraries\Wire\src/Wire.cpp:234
  }
  return quantity;
}
    147a:	c8 01       	movw	r24, r16
    147c:	df 91       	pop	r29
    147e:	cf 91       	pop	r28
    1480:	1f 91       	pop	r17
    1482:	0f 91       	pop	r16
    1484:	ff 90       	pop	r15
    1486:	ef 90       	pop	r14
    1488:	df 90       	pop	r13
    148a:	cf 90       	pop	r12
    148c:	08 95       	ret

0000148e <TwoWire::write(unsigned char)>:
_ZN7TwoWire5writeEh():
C:\Users\Ted\AppData\Local\Arduino15\packages\MiniCore\hardware\avr\2.1.3\libraries\Wire\src/Wire.cpp:197

// must be called in:
// slave tx event callback
// or after beginTransmission(address)
size_t TwoWire::write(uint8_t data)
{
    148e:	cf 93       	push	r28
    1490:	df 93       	push	r29
    1492:	1f 92       	push	r1
    1494:	cd b7       	in	r28, 0x3d	; 61
    1496:	de b7       	in	r29, 0x3e	; 62
    1498:	69 83       	std	Y+1, r22	; 0x01
C:\Users\Ted\AppData\Local\Arduino15\packages\MiniCore\hardware\avr\2.1.3\libraries\Wire\src/Wire.cpp:198
  if(transmitting){
    149a:	20 91 12 03 	lds	r18, 0x0312	; 0x800312 <TwoWire::transmitting>
    149e:	22 23       	and	r18, r18
    14a0:	f9 f0       	breq	.+62     	; 0x14e0 <TwoWire::write(unsigned char)+0x52>
C:\Users\Ted\AppData\Local\Arduino15\packages\MiniCore\hardware\avr\2.1.3\libraries\Wire\src/Wire.cpp:201
  // in master transmitter mode
    // don't bother if buffer is full
    if(txBufferLength >= TWI_BUFFER_SIZE){
    14a2:	20 91 35 03 	lds	r18, 0x0335	; 0x800335 <TwoWire::txBufferLength>
    14a6:	20 32       	cpi	r18, 0x20	; 32
    14a8:	58 f0       	brcs	.+22     	; 0x14c0 <TwoWire::write(unsigned char)+0x32>
_ZN5Print13setWriteErrorEi():
C:\Users\Ted\AppData\Local\Arduino15\packages\MiniCore\hardware\avr\2.1.3\cores\MCUdude_corefiles/Print.h:44
  private:
    int write_error;
    size_t printNumber(unsigned long, uint8_t);
    size_t printFloat(double, uint8_t);
  protected:
    void setWriteError(int err = 1) { write_error = err; }
    14aa:	21 e0       	ldi	r18, 0x01	; 1
    14ac:	30 e0       	ldi	r19, 0x00	; 0
    14ae:	fc 01       	movw	r30, r24
    14b0:	33 83       	std	Z+3, r19	; 0x03
    14b2:	22 83       	std	Z+2, r18	; 0x02
_ZN7TwoWire5writeEh():
C:\Users\Ted\AppData\Local\Arduino15\packages\MiniCore\hardware\avr\2.1.3\libraries\Wire\src/Wire.cpp:203
      setWriteError();
      return 0;
    14b4:	90 e0       	ldi	r25, 0x00	; 0
    14b6:	80 e0       	ldi	r24, 0x00	; 0
C:\Users\Ted\AppData\Local\Arduino15\packages\MiniCore\hardware\avr\2.1.3\libraries\Wire\src/Wire.cpp:216
  // in slave send mode
    // reply to master
    twi_transmit(&data, 1);
  }
  return 1;
}
    14b8:	0f 90       	pop	r0
    14ba:	df 91       	pop	r29
    14bc:	cf 91       	pop	r28
    14be:	08 95       	ret
C:\Users\Ted\AppData\Local\Arduino15\packages\MiniCore\hardware\avr\2.1.3\libraries\Wire\src/Wire.cpp:206
    if(txBufferLength >= TWI_BUFFER_SIZE){
      setWriteError();
      return 0;
    }
    // put byte in tx buffer
    txBuffer[txBufferIndex] = data;
    14c0:	80 91 13 03 	lds	r24, 0x0313	; 0x800313 <TwoWire::txBufferIndex>
    14c4:	e8 2f       	mov	r30, r24
    14c6:	f0 e0       	ldi	r31, 0x00	; 0
    14c8:	ec 5e       	subi	r30, 0xEC	; 236
    14ca:	fc 4f       	sbci	r31, 0xFC	; 252
    14cc:	99 81       	ldd	r25, Y+1	; 0x01
    14ce:	90 83       	st	Z, r25
C:\Users\Ted\AppData\Local\Arduino15\packages\MiniCore\hardware\avr\2.1.3\libraries\Wire\src/Wire.cpp:207
    ++txBufferIndex;
    14d0:	8f 5f       	subi	r24, 0xFF	; 255
    14d2:	80 93 13 03 	sts	0x0313, r24	; 0x800313 <TwoWire::txBufferIndex>
C:\Users\Ted\AppData\Local\Arduino15\packages\MiniCore\hardware\avr\2.1.3\libraries\Wire\src/Wire.cpp:209
    // update amount in buffer
    txBufferLength = txBufferIndex;
    14d6:	80 93 35 03 	sts	0x0335, r24	; 0x800335 <TwoWire::txBufferLength>
C:\Users\Ted\AppData\Local\Arduino15\packages\MiniCore\hardware\avr\2.1.3\libraries\Wire\src/Wire.cpp:215
  }else{
  // in slave send mode
    // reply to master
    twi_transmit(&data, 1);
  }
  return 1;
    14da:	81 e0       	ldi	r24, 0x01	; 1
    14dc:	90 e0       	ldi	r25, 0x00	; 0
    14de:	ec cf       	rjmp	.-40     	; 0x14b8 <TwoWire::write(unsigned char)+0x2a>
C:\Users\Ted\AppData\Local\Arduino15\packages\MiniCore\hardware\avr\2.1.3\libraries\Wire\src/Wire.cpp:213
    // update amount in buffer
    txBufferLength = txBufferIndex;
  }else{
  // in slave send mode
    // reply to master
    twi_transmit(&data, 1);
    14e0:	61 e0       	ldi	r22, 0x01	; 1
    14e2:	ce 01       	movw	r24, r28
    14e4:	01 96       	adiw	r24, 0x01	; 1
    14e6:	0e 94 e3 09 	call	0x13c6	; 0x13c6 <twi_transmit>
    14ea:	f7 cf       	rjmp	.-18     	; 0x14da <TwoWire::write(unsigned char)+0x4c>

000014ec <TwoWire::endTransmission()>:
_ZN7TwoWire15endTransmissionEv():
C:\Users\Ted\AppData\Local\Arduino15\packages\MiniCore\hardware\avr\2.1.3\libraries\Wire\src/Wire.cpp:190
//  This provides backwards compatibility with the original
//  definition, and expected behaviour, of endTransmission
//
uint8_t TwoWire::endTransmission(void)
{
  return endTransmission(true);
    14ec:	81 e0       	ldi	r24, 0x01	; 1
    14ee:	0c 94 59 01 	jmp	0x2b2	; 0x2b2 <TwoWire::endTransmission(unsigned char) [clone .constprop.118]>

000014f2 <DS3231::writeRegister(unsigned char, unsigned char) [clone .constprop.105]>:
_ZN6DS323113writeRegisterEhh.constprop.105():
C:\Users\Ted\Documents\GitHub\OpenOBS-328\sensor\firmware\OpenOBS-328\src\libs\DS3231/DS3231.cpp:151

		Wire.requestFrom(DS3231_ADDRESS, 1);
		return Wire.read();
}

void DS3231::writeRegister(uint8_t regaddress,uint8_t value)
    14f2:	cf 93       	push	r28
    14f4:	df 93       	push	r29
    14f6:	d8 2f       	mov	r29, r24
    14f8:	c6 2f       	mov	r28, r22
beginTransmission():
C:\Users\Ted\AppData\Local\Arduino15\packages\MiniCore\hardware\avr\2.1.3\libraries\Wire\src/Wire.cpp:157
  txBufferLength = 0;
}

void TwoWire::beginTransmission(int address)
{
  beginTransmission((uint8_t)address);
    14fa:	88 e6       	ldi	r24, 0x68	; 104
    14fc:	0e 94 b6 01 	call	0x36c	; 0x36c <TwoWire::beginTransmission(unsigned char) [clone .constprop.117]>
_ZN6DS323113writeRegisterEhh.constprop.105():
C:\Users\Ted\Documents\GitHub\OpenOBS-328\sensor\firmware\OpenOBS-328\src\libs\DS3231/DS3231.cpp:154
{
		Wire.beginTransmission(DS3231_ADDRESS);
		Wire.write(regaddress);
    1500:	6d 2f       	mov	r22, r29
    1502:	8c e1       	ldi	r24, 0x1C	; 28
    1504:	94 e0       	ldi	r25, 0x04	; 4
    1506:	0e 94 47 0a 	call	0x148e	; 0x148e <TwoWire::write(unsigned char)>
C:\Users\Ted\Documents\GitHub\OpenOBS-328\sensor\firmware\OpenOBS-328\src\libs\DS3231/DS3231.cpp:155
		Wire.write(value);
    150a:	6c 2f       	mov	r22, r28
    150c:	8c e1       	ldi	r24, 0x1C	; 28
    150e:	94 e0       	ldi	r25, 0x04	; 4
    1510:	0e 94 47 0a 	call	0x148e	; 0x148e <TwoWire::write(unsigned char)>
C:\Users\Ted\Documents\GitHub\OpenOBS-328\sensor\firmware\OpenOBS-328\src\libs\DS3231/DS3231.cpp:156
		Wire.endTransmission();
    1514:	8c e1       	ldi	r24, 0x1C	; 28
    1516:	94 e0       	ldi	r25, 0x04	; 4
C:\Users\Ted\Documents\GitHub\OpenOBS-328\sensor\firmware\OpenOBS-328\src\libs\DS3231/DS3231.cpp:157
}
    1518:	df 91       	pop	r29
    151a:	cf 91       	pop	r28
C:\Users\Ted\Documents\GitHub\OpenOBS-328\sensor\firmware\OpenOBS-328\src\libs\DS3231/DS3231.cpp:156
void DS3231::writeRegister(uint8_t regaddress,uint8_t value)
{
		Wire.beginTransmission(DS3231_ADDRESS);
		Wire.write(regaddress);
		Wire.write(value);
		Wire.endTransmission();
    151c:	0c 94 76 0a 	jmp	0x14ec	; 0x14ec <TwoWire::endTransmission()>

00001520 <DS3231::adjust(DateTime const&) [clone .constprop.41]>:
_ZN6DS32316adjustERK8DateTime.constprop.41():
C:\Users\Ted\Documents\GitHub\OpenOBS-328\sensor\firmware\OpenOBS-328\src\libs\DS3231/DS3231.cpp:178
	return 1; 
}

//Adjust the time-date specified in DateTime format
//writing any non-existent time-data may interfere with normal operation of the RTC
void DS3231::adjust(const DateTime& dt) {
    1520:	1f 93       	push	r17
    1522:	cf 93       	push	r28
    1524:	df 93       	push	r29
    1526:	ec 01       	movw	r28, r24
beginTransmission():
C:\Users\Ted\AppData\Local\Arduino15\packages\MiniCore\hardware\avr\2.1.3\libraries\Wire\src/Wire.cpp:157
    1528:	88 e6       	ldi	r24, 0x68	; 104
    152a:	0e 94 b6 01 	call	0x36c	; 0x36c <TwoWire::beginTransmission(unsigned char) [clone .constprop.117]>
_ZN6DS32316adjustERK8DateTime.constprop.41():
C:\Users\Ted\Documents\GitHub\OpenOBS-328\sensor\firmware\OpenOBS-328\src\libs\DS3231/DS3231.cpp:181

	Wire.beginTransmission(DS3231_ADDRESS);
	Wire.write((byte)DS3231_SEC_REG);  //beginning from SEC Register address
    152e:	60 e0       	ldi	r22, 0x00	; 0
    1530:	8c e1       	ldi	r24, 0x1C	; 28
    1532:	94 e0       	ldi	r25, 0x04	; 4
    1534:	0e 94 47 0a 	call	0x148e	; 0x148e <TwoWire::write(unsigned char)>
    1538:	2d 81       	ldd	r18, Y+5	; 0x05
bin2bcd():
C:\Users\Ted\Documents\GitHub\OpenOBS-328\sensor\firmware\OpenOBS-328\src\libs\DS3231/DS3231.cpp:134
	t = time2long(days, hh, mm, ss);
	return t;
}

static uint8_t bcd2bin (uint8_t val) { return val - 6 * (val >> 4); }
static uint8_t bin2bcd (uint8_t val) { return val + 6 * (val / 10); }
    153a:	1a e0       	ldi	r17, 0x0A	; 10
    153c:	82 2f       	mov	r24, r18
    153e:	61 2f       	mov	r22, r17
    1540:	0e 94 b7 2f 	call	0x5f6e	; 0x5f6e <__udivmodqi4>
    1544:	68 2f       	mov	r22, r24
    1546:	66 0f       	add	r22, r22
    1548:	68 0f       	add	r22, r24
    154a:	66 0f       	add	r22, r22
    154c:	62 0f       	add	r22, r18
_ZN6DS32316adjustERK8DateTime.constprop.41():
C:\Users\Ted\Documents\GitHub\OpenOBS-328\sensor\firmware\OpenOBS-328\src\libs\DS3231/DS3231.cpp:183
void DS3231::adjust(const DateTime& dt) {

	Wire.beginTransmission(DS3231_ADDRESS);
	Wire.write((byte)DS3231_SEC_REG);  //beginning from SEC Register address

	Wire.write(bin2bcd(dt.second())); 
    154e:	8c e1       	ldi	r24, 0x1C	; 28
    1550:	94 e0       	ldi	r25, 0x04	; 4
    1552:	0e 94 47 0a 	call	0x148e	; 0x148e <TwoWire::write(unsigned char)>
    1556:	2c 81       	ldd	r18, Y+4	; 0x04
bin2bcd():
C:\Users\Ted\Documents\GitHub\OpenOBS-328\sensor\firmware\OpenOBS-328\src\libs\DS3231/DS3231.cpp:134
	t = time2long(days, hh, mm, ss);
	return t;
}

static uint8_t bcd2bin (uint8_t val) { return val - 6 * (val >> 4); }
static uint8_t bin2bcd (uint8_t val) { return val + 6 * (val / 10); }
    1558:	82 2f       	mov	r24, r18
    155a:	61 2f       	mov	r22, r17
    155c:	0e 94 b7 2f 	call	0x5f6e	; 0x5f6e <__udivmodqi4>
    1560:	68 2f       	mov	r22, r24
    1562:	66 0f       	add	r22, r22
    1564:	68 0f       	add	r22, r24
    1566:	66 0f       	add	r22, r22
    1568:	62 0f       	add	r22, r18
_ZN6DS32316adjustERK8DateTime.constprop.41():
C:\Users\Ted\Documents\GitHub\OpenOBS-328\sensor\firmware\OpenOBS-328\src\libs\DS3231/DS3231.cpp:184

	Wire.beginTransmission(DS3231_ADDRESS);
	Wire.write((byte)DS3231_SEC_REG);  //beginning from SEC Register address

	Wire.write(bin2bcd(dt.second())); 
	Wire.write(bin2bcd(dt.minute()));
    156a:	8c e1       	ldi	r24, 0x1C	; 28
    156c:	94 e0       	ldi	r25, 0x04	; 4
    156e:	0e 94 47 0a 	call	0x148e	; 0x148e <TwoWire::write(unsigned char)>
C:\Users\Ted\Documents\GitHub\OpenOBS-328\sensor\firmware\OpenOBS-328\src\libs\DS3231/DS3231.cpp:185
	Wire.write(bin2bcd((dt.hour()) & 0b10111111)); //Make sure clock is still 24 Hour
    1572:	2b 81       	ldd	r18, Y+3	; 0x03
    1574:	2f 7b       	andi	r18, 0xBF	; 191
bin2bcd():
C:\Users\Ted\Documents\GitHub\OpenOBS-328\sensor\firmware\OpenOBS-328\src\libs\DS3231/DS3231.cpp:134
	t = time2long(days, hh, mm, ss);
	return t;
}

static uint8_t bcd2bin (uint8_t val) { return val - 6 * (val >> 4); }
static uint8_t bin2bcd (uint8_t val) { return val + 6 * (val / 10); }
    1576:	82 2f       	mov	r24, r18
    1578:	61 2f       	mov	r22, r17
    157a:	0e 94 b7 2f 	call	0x5f6e	; 0x5f6e <__udivmodqi4>
    157e:	68 2f       	mov	r22, r24
    1580:	66 0f       	add	r22, r22
    1582:	68 0f       	add	r22, r24
    1584:	66 0f       	add	r22, r22
    1586:	62 0f       	add	r22, r18
_ZN6DS32316adjustERK8DateTime.constprop.41():
C:\Users\Ted\Documents\GitHub\OpenOBS-328\sensor\firmware\OpenOBS-328\src\libs\DS3231/DS3231.cpp:185
	Wire.beginTransmission(DS3231_ADDRESS);
	Wire.write((byte)DS3231_SEC_REG);  //beginning from SEC Register address

	Wire.write(bin2bcd(dt.second())); 
	Wire.write(bin2bcd(dt.minute()));
	Wire.write(bin2bcd((dt.hour()) & 0b10111111)); //Make sure clock is still 24 Hour
    1588:	8c e1       	ldi	r24, 0x1C	; 28
    158a:	94 e0       	ldi	r25, 0x04	; 4
    158c:	0e 94 47 0a 	call	0x148e	; 0x148e <TwoWire::write(unsigned char)>
C:\Users\Ted\Documents\GitHub\OpenOBS-328\sensor\firmware\OpenOBS-328\src\libs\DS3231/DS3231.cpp:186
	Wire.write(dt.dayOfWeek());
    1590:	6e 81       	ldd	r22, Y+6	; 0x06
    1592:	8c e1       	ldi	r24, 0x1C	; 28
    1594:	94 e0       	ldi	r25, 0x04	; 4
    1596:	0e 94 47 0a 	call	0x148e	; 0x148e <TwoWire::write(unsigned char)>
    159a:	2a 81       	ldd	r18, Y+2	; 0x02
bin2bcd():
C:\Users\Ted\Documents\GitHub\OpenOBS-328\sensor\firmware\OpenOBS-328\src\libs\DS3231/DS3231.cpp:134
	t = time2long(days, hh, mm, ss);
	return t;
}

static uint8_t bcd2bin (uint8_t val) { return val - 6 * (val >> 4); }
static uint8_t bin2bcd (uint8_t val) { return val + 6 * (val / 10); }
    159c:	82 2f       	mov	r24, r18
    159e:	61 2f       	mov	r22, r17
    15a0:	0e 94 b7 2f 	call	0x5f6e	; 0x5f6e <__udivmodqi4>
    15a4:	68 2f       	mov	r22, r24
    15a6:	66 0f       	add	r22, r22
    15a8:	68 0f       	add	r22, r24
    15aa:	66 0f       	add	r22, r22
    15ac:	62 0f       	add	r22, r18
_ZN6DS32316adjustERK8DateTime.constprop.41():
C:\Users\Ted\Documents\GitHub\OpenOBS-328\sensor\firmware\OpenOBS-328\src\libs\DS3231/DS3231.cpp:187

	Wire.write(bin2bcd(dt.second())); 
	Wire.write(bin2bcd(dt.minute()));
	Wire.write(bin2bcd((dt.hour()) & 0b10111111)); //Make sure clock is still 24 Hour
	Wire.write(dt.dayOfWeek());
	Wire.write(bin2bcd(dt.date()));
    15ae:	8c e1       	ldi	r24, 0x1C	; 28
    15b0:	94 e0       	ldi	r25, 0x04	; 4
    15b2:	0e 94 47 0a 	call	0x148e	; 0x148e <TwoWire::write(unsigned char)>
    15b6:	29 81       	ldd	r18, Y+1	; 0x01
bin2bcd():
C:\Users\Ted\Documents\GitHub\OpenOBS-328\sensor\firmware\OpenOBS-328\src\libs\DS3231/DS3231.cpp:134
	t = time2long(days, hh, mm, ss);
	return t;
}

static uint8_t bcd2bin (uint8_t val) { return val - 6 * (val >> 4); }
static uint8_t bin2bcd (uint8_t val) { return val + 6 * (val / 10); }
    15b8:	82 2f       	mov	r24, r18
    15ba:	61 2f       	mov	r22, r17
    15bc:	0e 94 b7 2f 	call	0x5f6e	; 0x5f6e <__udivmodqi4>
    15c0:	68 2f       	mov	r22, r24
    15c2:	66 0f       	add	r22, r22
    15c4:	68 0f       	add	r22, r24
    15c6:	66 0f       	add	r22, r22
    15c8:	62 0f       	add	r22, r18
_ZN6DS32316adjustERK8DateTime.constprop.41():
C:\Users\Ted\Documents\GitHub\OpenOBS-328\sensor\firmware\OpenOBS-328\src\libs\DS3231/DS3231.cpp:188
	Wire.write(bin2bcd(dt.second())); 
	Wire.write(bin2bcd(dt.minute()));
	Wire.write(bin2bcd((dt.hour()) & 0b10111111)); //Make sure clock is still 24 Hour
	Wire.write(dt.dayOfWeek());
	Wire.write(bin2bcd(dt.date()));
	Wire.write(bin2bcd(dt.month()));
    15ca:	8c e1       	ldi	r24, 0x1C	; 28
    15cc:	94 e0       	ldi	r25, 0x04	; 4
    15ce:	0e 94 47 0a 	call	0x148e	; 0x148e <TwoWire::write(unsigned char)>
    15d2:	28 81       	ld	r18, Y
bin2bcd():
C:\Users\Ted\Documents\GitHub\OpenOBS-328\sensor\firmware\OpenOBS-328\src\libs\DS3231/DS3231.cpp:134
	t = time2long(days, hh, mm, ss);
	return t;
}

static uint8_t bcd2bin (uint8_t val) { return val - 6 * (val >> 4); }
static uint8_t bin2bcd (uint8_t val) { return val + 6 * (val / 10); }
    15d4:	82 2f       	mov	r24, r18
    15d6:	61 2f       	mov	r22, r17
    15d8:	0e 94 b7 2f 	call	0x5f6e	; 0x5f6e <__udivmodqi4>
    15dc:	68 2f       	mov	r22, r24
    15de:	66 0f       	add	r22, r22
    15e0:	68 0f       	add	r22, r24
    15e2:	66 0f       	add	r22, r22
    15e4:	62 0f       	add	r22, r18
_ZN6DS32316adjustERK8DateTime.constprop.41():
C:\Users\Ted\Documents\GitHub\OpenOBS-328\sensor\firmware\OpenOBS-328\src\libs\DS3231/DS3231.cpp:189
	Wire.write(bin2bcd(dt.minute()));
	Wire.write(bin2bcd((dt.hour()) & 0b10111111)); //Make sure clock is still 24 Hour
	Wire.write(dt.dayOfWeek());
	Wire.write(bin2bcd(dt.date()));
	Wire.write(bin2bcd(dt.month()));
	Wire.write(bin2bcd(dt.year() - 2000));  
    15e6:	8c e1       	ldi	r24, 0x1C	; 28
    15e8:	94 e0       	ldi	r25, 0x04	; 4
    15ea:	0e 94 47 0a 	call	0x148e	; 0x148e <TwoWire::write(unsigned char)>
C:\Users\Ted\Documents\GitHub\OpenOBS-328\sensor\firmware\OpenOBS-328\src\libs\DS3231/DS3231.cpp:190
	Wire.endTransmission();
    15ee:	8c e1       	ldi	r24, 0x1C	; 28
    15f0:	94 e0       	ldi	r25, 0x04	; 4
C:\Users\Ted\Documents\GitHub\OpenOBS-328\sensor\firmware\OpenOBS-328\src\libs\DS3231/DS3231.cpp:192

}
    15f2:	df 91       	pop	r29
    15f4:	cf 91       	pop	r28
    15f6:	1f 91       	pop	r17
C:\Users\Ted\Documents\GitHub\OpenOBS-328\sensor\firmware\OpenOBS-328\src\libs\DS3231/DS3231.cpp:190
	Wire.write(bin2bcd((dt.hour()) & 0b10111111)); //Make sure clock is still 24 Hour
	Wire.write(dt.dayOfWeek());
	Wire.write(bin2bcd(dt.date()));
	Wire.write(bin2bcd(dt.month()));
	Wire.write(bin2bcd(dt.year() - 2000));  
	Wire.endTransmission();
    15f8:	0c 94 76 0a 	jmp	0x14ec	; 0x14ec <TwoWire::endTransmission()>

000015fc <LowPowerClass::powerDown(period_t, adc_t, bod_t)>:
_ZN13LowPowerClass9powerDownE8period_t5adc_t5bod_t():
C:\Users\Ted\Documents\GitHub\OpenOBS-328\sensor\firmware\OpenOBS-328\src\libs\LowPower/LowPower.cpp:856
*				(b) BOD_ON - Leave BOD module in its default state
*
*******************************************************************************/
void	LowPowerClass::powerDown(period_t period, adc_t adc, bod_t bod)
{
	if (adc == ADC_OFF)	ADCSRA &= ~(1 << ADEN);
    15fc:	41 15       	cp	r20, r1
    15fe:	51 05       	cpc	r21, r1
    1600:	29 f4       	brne	.+10     	; 0x160c <LowPowerClass::powerDown(period_t, adc_t, bod_t)+0x10>
    1602:	ea e7       	ldi	r30, 0x7A	; 122
    1604:	f0 e0       	ldi	r31, 0x00	; 0
    1606:	80 81       	ld	r24, Z
    1608:	8f 77       	andi	r24, 0x7F	; 127
    160a:	80 83       	st	Z, r24
C:\Users\Ted\Documents\GitHub\OpenOBS-328\sensor\firmware\OpenOBS-328\src\libs\LowPower/LowPower.cpp:858

	if (period != SLEEP_FOREVER)
    160c:	6a 30       	cpi	r22, 0x0A	; 10
    160e:	71 05       	cpc	r23, r1
    1610:	b9 f0       	breq	.+46     	; 0x1640 <LowPowerClass::powerDown(period_t, adc_t, bod_t)+0x44>
wdt_enable():
c:\users\ted\appdata\local\arduino15\packages\arduino\tools\avr-gcc\7.3.0-atmel3.6.1-arduino7\avr\include\avr/wdt.h:483
				"out __SREG__,__tmp_reg__" "\n\t"
				"sts %0, %2" "\n \t"
				: /* no outputs */
				: "n" (_SFR_MEM_ADDR(_WD_CONTROL_REG)),
				"r" ((uint8_t)(_BV(_WD_CHANGE_BIT) | _BV(WDE))),
				"r" ((uint8_t) ((value & 0x08 ? _WD_PS3_MASK : 0x00) |
    1612:	cb 01       	movw	r24, r22
    1614:	88 0f       	add	r24, r24
    1616:	99 1f       	adc	r25, r25
    1618:	88 0f       	add	r24, r24
    161a:	99 1f       	adc	r25, r25
    161c:	80 72       	andi	r24, 0x20	; 32
c:\users\ted\appdata\local\arduino15\packages\arduino\tools\avr-gcc\7.3.0-atmel3.6.1-arduino7\avr\include\avr/wdt.h:484
						_BV(WDE) | (value & 0x07)) )
    161e:	67 70       	andi	r22, 0x07	; 7
    1620:	68 60       	ori	r22, 0x08	; 8
    1622:	68 2b       	or	r22, r24
c:\users\ted\appdata\local\arduino15\packages\arduino\tools\avr-gcc\7.3.0-atmel3.6.1-arduino7\avr\include\avr/wdt.h:486
				: "r0"
		);
    1624:	88 e1       	ldi	r24, 0x18	; 24
    1626:	0f b6       	in	r0, 0x3f	; 63
    1628:	f8 94       	cli
    162a:	a8 95       	wdr
    162c:	80 93 60 00 	sts	0x0060, r24	; 0x800060 <__DATA_REGION_ORIGIN__>
    1630:	0f be       	out	0x3f, r0	; 63
    1632:	60 93 60 00 	sts	0x0060, r22	; 0x800060 <__DATA_REGION_ORIGIN__>
_ZN13LowPowerClass9powerDownE8period_t5adc_t5bod_t():
C:\Users\Ted\Documents\GitHub\OpenOBS-328\sensor\firmware\OpenOBS-328\src\libs\LowPower/LowPower.cpp:861
	{
		wdt_enable(period);
		WDTCSR |= (1 << WDIE);
    1636:	e0 e6       	ldi	r30, 0x60	; 96
    1638:	f0 e0       	ldi	r31, 0x00	; 0
    163a:	80 81       	ld	r24, Z
    163c:	80 64       	ori	r24, 0x40	; 64
    163e:	80 83       	st	Z, r24
C:\Users\Ted\Documents\GitHub\OpenOBS-328\sensor\firmware\OpenOBS-328\src\libs\LowPower/LowPower.cpp:863
	}
	if (bod == BOD_OFF)
    1640:	23 2b       	or	r18, r19
    1642:	d9 f4       	brne	.+54     	; 0x167a <LowPowerClass::powerDown(period_t, adc_t, bod_t)+0x7e>
C:\Users\Ted\Documents\GitHub\OpenOBS-328\sensor\firmware\OpenOBS-328\src\libs\LowPower/LowPower.cpp:866
	{
		#if defined (__AVR_ATmega328P__) || defined (__AVR_ATmega168P__)
			lowPowerBodOff(SLEEP_MODE_PWR_DOWN);
    1644:	83 b7       	in	r24, 0x33	; 51
    1646:	81 7f       	andi	r24, 0xF1	; 241
    1648:	84 60       	ori	r24, 0x04	; 4
    164a:	83 bf       	out	0x33, r24	; 51
    164c:	f8 94       	cli
    164e:	83 b7       	in	r24, 0x33	; 51
    1650:	81 60       	ori	r24, 0x01	; 1
    1652:	83 bf       	out	0x33, r24	; 51
    1654:	85 b7       	in	r24, 0x35	; 53
    1656:	80 66       	ori	r24, 0x60	; 96
    1658:	85 bf       	out	0x35, r24	; 53
    165a:	8f 7d       	andi	r24, 0xDF	; 223
    165c:	85 bf       	out	0x35, r24	; 53
    165e:	78 94       	sei
    1660:	88 95       	sleep
    1662:	83 b7       	in	r24, 0x33	; 51
    1664:	8e 7f       	andi	r24, 0xFE	; 254
    1666:	83 bf       	out	0x33, r24	; 51
    1668:	78 94       	sei
C:\Users\Ted\Documents\GitHub\OpenOBS-328\sensor\firmware\OpenOBS-328\src\libs\LowPower/LowPower.cpp:876
	else
	{
		lowPowerBodOn(SLEEP_MODE_PWR_DOWN);
	}

	if (adc == ADC_OFF) ADCSRA |= (1 << ADEN);
    166a:	45 2b       	or	r20, r21
    166c:	29 f4       	brne	.+10     	; 0x1678 <LowPowerClass::powerDown(period_t, adc_t, bod_t)+0x7c>
    166e:	ea e7       	ldi	r30, 0x7A	; 122
    1670:	f0 e0       	ldi	r31, 0x00	; 0
    1672:	80 81       	ld	r24, Z
    1674:	80 68       	ori	r24, 0x80	; 128
    1676:	80 83       	st	Z, r24
C:\Users\Ted\Documents\GitHub\OpenOBS-328\sensor\firmware\OpenOBS-328\src\libs\LowPower/LowPower.cpp:877
}
    1678:	08 95       	ret
C:\Users\Ted\Documents\GitHub\OpenOBS-328\sensor\firmware\OpenOBS-328\src\libs\LowPower/LowPower.cpp:873
			lowPowerBodOn(SLEEP_MODE_PWR_DOWN);
		#endif
	}
	else
	{
		lowPowerBodOn(SLEEP_MODE_PWR_DOWN);
    167a:	83 b7       	in	r24, 0x33	; 51
    167c:	81 7f       	andi	r24, 0xF1	; 241
    167e:	84 60       	ori	r24, 0x04	; 4
    1680:	83 bf       	out	0x33, r24	; 51
    1682:	f8 94       	cli
    1684:	83 b7       	in	r24, 0x33	; 51
    1686:	81 60       	ori	r24, 0x01	; 1
    1688:	83 bf       	out	0x33, r24	; 51
    168a:	78 94       	sei
    168c:	88 95       	sleep
    168e:	83 b7       	in	r24, 0x33	; 51
    1690:	8e 7f       	andi	r24, 0xFE	; 254
    1692:	83 bf       	out	0x33, r24	; 51
    1694:	78 94       	sei
    1696:	e9 cf       	rjmp	.-46     	; 0x166a <LowPowerClass::powerDown(period_t, adc_t, bod_t)+0x6e>

00001698 <DateTime::unixtime() const>:
_ZNK8DateTime8unixtimeEv():
C:\Users\Ted\Documents\GitHub\OpenOBS-328\sensor\firmware\OpenOBS-328\src\libs\DS3231/DS3231.cpp:118
		hh = conv2d(time);
		mm = conv2d(time + 3);
		ss = conv2d(time + 6);
}

uint32_t DateTime::unixtime(void) const {
    1698:	ef 92       	push	r14
    169a:	ff 92       	push	r15
    169c:	0f 93       	push	r16
    169e:	1f 93       	push	r17
    16a0:	cf 93       	push	r28
    16a2:	df 93       	push	r29
    16a4:	ec 01       	movw	r28, r24
C:\Users\Ted\Documents\GitHub\OpenOBS-328\sensor\firmware\OpenOBS-328\src\libs\DS3231/DS3231.cpp:120
	uint32_t t;
	uint16_t days = date2days(yOff, m, d);
    16a6:	69 81       	ldd	r22, Y+1	; 0x01
    16a8:	38 81       	ld	r19, Y
    16aa:	43 2f       	mov	r20, r19
    16ac:	50 e0       	ldi	r21, 0x00	; 0
date2days():
C:\Users\Ted\Documents\GitHub\OpenOBS-328\sensor\firmware\OpenOBS-328\src\libs\DS3231/DS3231.cpp:33

// number of days since 2000/01/01, valid for 2001..2099
static uint16_t date2days(uint16_t y, uint8_t m, uint8_t d) {
		if (y >= 2000)
				y -= 2000;
		uint16_t days = d;
    16ae:	2a 81       	ldd	r18, Y+2	; 0x02
    16b0:	82 2f       	mov	r24, r18
    16b2:	90 e0       	ldi	r25, 0x00	; 0
    16b4:	e8 e6       	ldi	r30, 0x68	; 104
    16b6:	f0 e0       	ldi	r31, 0x00	; 0
_ZNK8DateTime8unixtimeEv():
C:\Users\Ted\Documents\GitHub\OpenOBS-328\sensor\firmware\OpenOBS-328\src\libs\DS3231/DS3231.cpp:34
		for (uint8_t i = 1; i < m; ++i)
    16b8:	21 e0       	ldi	r18, 0x01	; 1
date2days():
    16ba:	26 17       	cp	r18, r22
    16bc:	30 f4       	brcc	.+12     	; 0x16ca <DateTime::unixtime() const+0x32>
C:\Users\Ted\Documents\GitHub\OpenOBS-328\sensor\firmware\OpenOBS-328\src\libs\DS3231/DS3231.cpp:35
				days += pgm_read_byte(daysInMonth + i - 1);
    16be:	74 91       	lpm	r23, Z
    16c0:	87 0f       	add	r24, r23
    16c2:	91 1d       	adc	r25, r1
C:\Users\Ted\Documents\GitHub\OpenOBS-328\sensor\firmware\OpenOBS-328\src\libs\DS3231/DS3231.cpp:34
// number of days since 2000/01/01, valid for 2001..2099
static uint16_t date2days(uint16_t y, uint8_t m, uint8_t d) {
		if (y >= 2000)
				y -= 2000;
		uint16_t days = d;
		for (uint8_t i = 1; i < m; ++i)
    16c4:	2f 5f       	subi	r18, 0xFF	; 255
    16c6:	31 96       	adiw	r30, 0x01	; 1
    16c8:	f8 cf       	rjmp	.-16     	; 0x16ba <DateTime::unixtime() const+0x22>
C:\Users\Ted\Documents\GitHub\OpenOBS-328\sensor\firmware\OpenOBS-328\src\libs\DS3231/DS3231.cpp:36
				days += pgm_read_byte(daysInMonth + i - 1);
		if (m > 2 && y % 4 == 0)
    16ca:	63 30       	cpi	r22, 0x03	; 3
    16cc:	18 f0       	brcs	.+6      	; 0x16d4 <DateTime::unixtime() const+0x3c>
    16ce:	33 70       	andi	r19, 0x03	; 3
    16d0:	09 f4       	brne	.+2      	; 0x16d4 <DateTime::unixtime() const+0x3c>
C:\Users\Ted\Documents\GitHub\OpenOBS-328\sensor\firmware\OpenOBS-328\src\libs\DS3231/DS3231.cpp:37
				++days;
    16d2:	01 96       	adiw	r24, 0x01	; 1
C:\Users\Ted\Documents\GitHub\OpenOBS-328\sensor\firmware\OpenOBS-328\src\libs\DS3231/DS3231.cpp:38
		return days + 365 * y + (y + 3) / 4 - 1;
    16d4:	6d e6       	ldi	r22, 0x6D	; 109
    16d6:	71 e0       	ldi	r23, 0x01	; 1
    16d8:	46 9f       	mul	r20, r22
    16da:	90 01       	movw	r18, r0
    16dc:	47 9f       	mul	r20, r23
    16de:	30 0d       	add	r19, r0
    16e0:	56 9f       	mul	r21, r22
    16e2:	30 0d       	add	r19, r0
    16e4:	11 24       	eor	r1, r1
    16e6:	21 50       	subi	r18, 0x01	; 1
    16e8:	31 09       	sbc	r19, r1
    16ea:	4d 5f       	subi	r20, 0xFD	; 253
    16ec:	5f 4f       	sbci	r21, 0xFF	; 255
    16ee:	56 95       	lsr	r21
    16f0:	47 95       	ror	r20
    16f2:	56 95       	lsr	r21
    16f4:	47 95       	ror	r20
    16f6:	24 0f       	add	r18, r20
    16f8:	35 1f       	adc	r19, r21
    16fa:	28 0f       	add	r18, r24
    16fc:	39 1f       	adc	r19, r25
time2long():
C:\Users\Ted\Documents\GitHub\OpenOBS-328\sensor\firmware\OpenOBS-328\src\libs\DS3231/DS3231.cpp:42
}

static long time2long(uint16_t days, uint8_t h, uint8_t m, uint8_t s) {
		return ((days * 24L + h) * 60 + m) * 60 + s;
    16fe:	a8 e1       	ldi	r26, 0x18	; 24
    1700:	b0 e0       	ldi	r27, 0x00	; 0
    1702:	0e 94 98 2f 	call	0x5f30	; 0x5f30 <__umulhisi3>
    1706:	2b 81       	ldd	r18, Y+3	; 0x03
    1708:	7b 01       	movw	r14, r22
    170a:	8c 01       	movw	r16, r24
    170c:	e2 0e       	add	r14, r18
    170e:	f1 1c       	adc	r15, r1
    1710:	01 1d       	adc	r16, r1
    1712:	11 1d       	adc	r17, r1
    1714:	a8 01       	movw	r20, r16
    1716:	97 01       	movw	r18, r14
    1718:	ac e3       	ldi	r26, 0x3C	; 60
    171a:	b0 e0       	ldi	r27, 0x00	; 0
    171c:	0e 94 56 2f 	call	0x5eac	; 0x5eac <__muluhisi3>
    1720:	2c 81       	ldd	r18, Y+4	; 0x04
    1722:	7b 01       	movw	r14, r22
    1724:	8c 01       	movw	r16, r24
    1726:	e2 0e       	add	r14, r18
    1728:	f1 1c       	adc	r15, r1
    172a:	01 1d       	adc	r16, r1
    172c:	11 1d       	adc	r17, r1
    172e:	a8 01       	movw	r20, r16
    1730:	97 01       	movw	r18, r14
    1732:	0e 94 56 2f 	call	0x5eac	; 0x5eac <__muluhisi3>
    1736:	2d 81       	ldd	r18, Y+5	; 0x05
    1738:	62 0f       	add	r22, r18
    173a:	71 1d       	adc	r23, r1
    173c:	81 1d       	adc	r24, r1
    173e:	91 1d       	adc	r25, r1
_ZNK8DateTime8unixtimeEv():
C:\Users\Ted\Documents\GitHub\OpenOBS-328\sensor\firmware\OpenOBS-328\src\libs\DS3231/DS3231.cpp:122

uint32_t DateTime::unixtime(void) const {
	uint32_t t;
	uint16_t days = date2days(yOff, m, d);
	t = time2long(days, hh, mm, ss);
	t += SECONDS_FROM_1970_TO_2000;  // seconds from 1970 to 2000
    1740:	60 58       	subi	r22, 0x80	; 128
    1742:	7c 4b       	sbci	r23, 0xBC	; 188
    1744:	82 49       	sbci	r24, 0x92	; 146
    1746:	97 4c       	sbci	r25, 0xC7	; 199
C:\Users\Ted\Documents\GitHub\OpenOBS-328\sensor\firmware\OpenOBS-328\src\libs\DS3231/DS3231.cpp:124
	return t;
}
    1748:	df 91       	pop	r29
    174a:	cf 91       	pop	r28
    174c:	1f 91       	pop	r17
    174e:	0f 91       	pop	r16
    1750:	ff 90       	pop	r15
    1752:	ef 90       	pop	r14
    1754:	08 95       	ret

00001756 <DateTime::DateTime(long)>:
_ZN8DateTimeC2El():
C:\Users\Ted\Documents\GitHub\OpenOBS-328\sensor\firmware\OpenOBS-328\src\libs\DS3231/DS3231.cpp:56

////////////////////////////////////////////////////////////////////////////////
// DateTime implementation - ignores time zones and DST changes
// NOTE: also ignores leap seconds, see http://en.wikipedia.org/wiki/Leap_second

DateTime::DateTime (long t) {
    1756:	8f 92       	push	r8
    1758:	9f 92       	push	r9
    175a:	af 92       	push	r10
    175c:	bf 92       	push	r11
    175e:	cf 92       	push	r12
    1760:	df 92       	push	r13
    1762:	ef 92       	push	r14
    1764:	ff 92       	push	r15
    1766:	cf 93       	push	r28
    1768:	df 93       	push	r29
    176a:	ec 01       	movw	r28, r24
C:\Users\Ted\Documents\GitHub\OpenOBS-328\sensor\firmware\OpenOBS-328\src\libs\DS3231/DS3231.cpp:57
		t -= SECONDS_FROM_1970_TO_2000;    // bring to 2000 timestamp from 1970
    176c:	6a 01       	movw	r12, r20
    176e:	7b 01       	movw	r14, r22
    1770:	80 e8       	ldi	r24, 0x80	; 128
    1772:	c8 1a       	sub	r12, r24
    1774:	83 e4       	ldi	r24, 0x43	; 67
    1776:	d8 0a       	sbc	r13, r24
    1778:	8d e6       	ldi	r24, 0x6D	; 109
    177a:	e8 0a       	sbc	r14, r24
    177c:	88 e3       	ldi	r24, 0x38	; 56
    177e:	f8 0a       	sbc	r15, r24
C:\Users\Ted\Documents\GitHub\OpenOBS-328\sensor\firmware\OpenOBS-328\src\libs\DS3231/DS3231.cpp:59

		ss = t % 60;
    1780:	8c e3       	ldi	r24, 0x3C	; 60
    1782:	88 2e       	mov	r8, r24
    1784:	91 2c       	mov	r9, r1
    1786:	a1 2c       	mov	r10, r1
    1788:	b1 2c       	mov	r11, r1
    178a:	c7 01       	movw	r24, r14
    178c:	b6 01       	movw	r22, r12
    178e:	a5 01       	movw	r20, r10
    1790:	94 01       	movw	r18, r8
    1792:	0e 94 f9 2f 	call	0x5ff2	; 0x5ff2 <__divmodsi4>
    1796:	6d 83       	std	Y+5, r22	; 0x05
C:\Users\Ted\Documents\GitHub\OpenOBS-328\sensor\firmware\OpenOBS-328\src\libs\DS3231/DS3231.cpp:61
		t /= 60;
		mm = t % 60;
    1798:	ca 01       	movw	r24, r20
    179a:	b9 01       	movw	r22, r18
    179c:	a5 01       	movw	r20, r10
    179e:	94 01       	movw	r18, r8
    17a0:	0e 94 f9 2f 	call	0x5ff2	; 0x5ff2 <__divmodsi4>
    17a4:	6c 83       	std	Y+4, r22	; 0x04
C:\Users\Ted\Documents\GitHub\OpenOBS-328\sensor\firmware\OpenOBS-328\src\libs\DS3231/DS3231.cpp:62
		t /= 60;
    17a6:	c7 01       	movw	r24, r14
    17a8:	b6 01       	movw	r22, r12
    17aa:	20 e1       	ldi	r18, 0x10	; 16
    17ac:	3e e0       	ldi	r19, 0x0E	; 14
    17ae:	40 e0       	ldi	r20, 0x00	; 0
    17b0:	50 e0       	ldi	r21, 0x00	; 0
    17b2:	0e 94 f9 2f 	call	0x5ff2	; 0x5ff2 <__divmodsi4>
C:\Users\Ted\Documents\GitHub\OpenOBS-328\sensor\firmware\OpenOBS-328\src\libs\DS3231/DS3231.cpp:63
		hh = t % 24;
    17b6:	ca 01       	movw	r24, r20
    17b8:	b9 01       	movw	r22, r18
    17ba:	28 e1       	ldi	r18, 0x18	; 24
    17bc:	30 e0       	ldi	r19, 0x00	; 0
    17be:	40 e0       	ldi	r20, 0x00	; 0
    17c0:	50 e0       	ldi	r21, 0x00	; 0
    17c2:	0e 94 f9 2f 	call	0x5ff2	; 0x5ff2 <__divmodsi4>
    17c6:	6b 83       	std	Y+3, r22	; 0x03
C:\Users\Ted\Documents\GitHub\OpenOBS-328\sensor\firmware\OpenOBS-328\src\libs\DS3231/DS3231.cpp:64
		uint16_t days = t / 24;
    17c8:	c7 01       	movw	r24, r14
    17ca:	b6 01       	movw	r22, r12
    17cc:	20 e8       	ldi	r18, 0x80	; 128
    17ce:	31 e5       	ldi	r19, 0x51	; 81
    17d0:	41 e0       	ldi	r20, 0x01	; 1
    17d2:	50 e0       	ldi	r21, 0x00	; 0
    17d4:	0e 94 f9 2f 	call	0x5ff2	; 0x5ff2 <__divmodsi4>
C:\Users\Ted\Documents\GitHub\OpenOBS-328\sensor\firmware\OpenOBS-328\src\libs\DS3231/DS3231.cpp:66
		uint8_t leap;
		for (yOff = 0; ; ++yOff) {
    17d8:	18 82       	st	Y, r1
C:\Users\Ted\Documents\GitHub\OpenOBS-328\sensor\firmware\OpenOBS-328\src\libs\DS3231/DS3231.cpp:70
				leap = yOff % 4 == 0;
				if (days < 365 + leap)
						break;
				days -= 365 + leap;
    17da:	63 e9       	ldi	r22, 0x93	; 147
    17dc:	7e ef       	ldi	r23, 0xFE	; 254
C:\Users\Ted\Documents\GitHub\OpenOBS-328\sensor\firmware\OpenOBS-328\src\libs\DS3231/DS3231.cpp:67
		t /= 60;
		hh = t % 24;
		uint16_t days = t / 24;
		uint8_t leap;
		for (yOff = 0; ; ++yOff) {
				leap = yOff % 4 == 0;
    17de:	48 81       	ld	r20, Y
    17e0:	54 2f       	mov	r21, r20
    17e2:	53 70       	andi	r21, 0x03	; 3
    17e4:	81 e0       	ldi	r24, 0x01	; 1
    17e6:	09 f0       	breq	.+2      	; 0x17ea <DateTime::DateTime(long)+0x94>
    17e8:	80 e0       	ldi	r24, 0x00	; 0
C:\Users\Ted\Documents\GitHub\OpenOBS-328\sensor\firmware\OpenOBS-328\src\libs\DS3231/DS3231.cpp:68
				if (days < 365 + leap)
    17ea:	90 e0       	ldi	r25, 0x00	; 0
    17ec:	fc 01       	movw	r30, r24
    17ee:	e3 59       	subi	r30, 0x93	; 147
    17f0:	fe 4f       	sbci	r31, 0xFE	; 254
    17f2:	2e 17       	cp	r18, r30
    17f4:	3f 07       	cpc	r19, r31
    17f6:	40 f0       	brcs	.+16     	; 0x1808 <DateTime::DateTime(long)+0xb2>
C:\Users\Ted\Documents\GitHub\OpenOBS-328\sensor\firmware\OpenOBS-328\src\libs\DS3231/DS3231.cpp:70
						break;
				days -= 365 + leap;
    17f8:	fb 01       	movw	r30, r22
    17fa:	e8 1b       	sub	r30, r24
    17fc:	f9 0b       	sbc	r31, r25
    17fe:	2e 0f       	add	r18, r30
    1800:	3f 1f       	adc	r19, r31
C:\Users\Ted\Documents\GitHub\OpenOBS-328\sensor\firmware\OpenOBS-328\src\libs\DS3231/DS3231.cpp:66
		mm = t % 60;
		t /= 60;
		hh = t % 24;
		uint16_t days = t / 24;
		uint8_t leap;
		for (yOff = 0; ; ++yOff) {
    1802:	4f 5f       	subi	r20, 0xFF	; 255
    1804:	48 83       	st	Y, r20
    1806:	eb cf       	rjmp	.-42     	; 0x17de <DateTime::DateTime(long)+0x88>
C:\Users\Ted\Documents\GitHub\OpenOBS-328\sensor\firmware\OpenOBS-328\src\libs\DS3231/DS3231.cpp:72
				leap = yOff % 4 == 0;
				if (days < 365 + leap)
						break;
				days -= 365 + leap;
		}
		for (m = 1; ; ++m) {
    1808:	81 e0       	ldi	r24, 0x01	; 1
    180a:	89 83       	std	Y+1, r24	; 0x01
C:\Users\Ted\Documents\GitHub\OpenOBS-328\sensor\firmware\OpenOBS-328\src\libs\DS3231/DS3231.cpp:73
				uint8_t daysPerMonth = pgm_read_byte(daysInMonth + m - 1);
    180c:	89 81       	ldd	r24, Y+1	; 0x01
    180e:	68 2f       	mov	r22, r24
    1810:	61 50       	subi	r22, 0x01	; 1
    1812:	77 0b       	sbc	r23, r23
    1814:	fb 01       	movw	r30, r22
    1816:	e8 59       	subi	r30, 0x98	; 152
    1818:	ff 4f       	sbci	r31, 0xFF	; 255
    181a:	e4 91       	lpm	r30, Z
C:\Users\Ted\Documents\GitHub\OpenOBS-328\sensor\firmware\OpenOBS-328\src\libs\DS3231/DS3231.cpp:74
				if (leap && m == 2)
    181c:	51 11       	cpse	r21, r1
    181e:	03 c0       	rjmp	.+6      	; 0x1826 <DateTime::DateTime(long)+0xd0>
    1820:	82 30       	cpi	r24, 0x02	; 2
    1822:	09 f4       	brne	.+2      	; 0x1826 <DateTime::DateTime(long)+0xd0>
C:\Users\Ted\Documents\GitHub\OpenOBS-328\sensor\firmware\OpenOBS-328\src\libs\DS3231/DS3231.cpp:75
						++daysPerMonth;
    1824:	ef 5f       	subi	r30, 0xFF	; 255
C:\Users\Ted\Documents\GitHub\OpenOBS-328\sensor\firmware\OpenOBS-328\src\libs\DS3231/DS3231.cpp:76
				if (days < daysPerMonth)
    1826:	f0 e0       	ldi	r31, 0x00	; 0
    1828:	2e 17       	cp	r18, r30
    182a:	3f 07       	cpc	r19, r31
    182c:	20 f0       	brcs	.+8      	; 0x1836 <DateTime::DateTime(long)+0xe0>
C:\Users\Ted\Documents\GitHub\OpenOBS-328\sensor\firmware\OpenOBS-328\src\libs\DS3231/DS3231.cpp:78
						break;
				days -= daysPerMonth;
    182e:	2e 1b       	sub	r18, r30
    1830:	3f 0b       	sbc	r19, r31
C:\Users\Ted\Documents\GitHub\OpenOBS-328\sensor\firmware\OpenOBS-328\src\libs\DS3231/DS3231.cpp:72
				leap = yOff % 4 == 0;
				if (days < 365 + leap)
						break;
				days -= 365 + leap;
		}
		for (m = 1; ; ++m) {
    1832:	8f 5f       	subi	r24, 0xFF	; 255
    1834:	ea cf       	rjmp	.-44     	; 0x180a <DateTime::DateTime(long)+0xb4>
C:\Users\Ted\Documents\GitHub\OpenOBS-328\sensor\firmware\OpenOBS-328\src\libs\DS3231/DS3231.cpp:80
						++daysPerMonth;
				if (days < daysPerMonth)
						break;
				days -= daysPerMonth;
		}
		d = days + 1;
    1836:	2f 5f       	subi	r18, 0xFF	; 255
    1838:	2a 83       	std	Y+2, r18	; 0x02
C:\Users\Ted\Documents\GitHub\OpenOBS-328\sensor\firmware\OpenOBS-328\src\libs\DS3231/DS3231.cpp:81
}
    183a:	df 91       	pop	r29
    183c:	cf 91       	pop	r28
    183e:	ff 90       	pop	r15
    1840:	ef 90       	pop	r14
    1842:	df 90       	pop	r13
    1844:	cf 90       	pop	r12
    1846:	bf 90       	pop	r11
    1848:	af 90       	pop	r10
    184a:	9f 90       	pop	r9
    184c:	8f 90       	pop	r8
    184e:	08 95       	ret

00001850 <Adafruit_I2CDevice::write(unsigned char const*, unsigned int, bool, unsigned char const*, unsigned int) [clone .part.1]>:
_ZN18Adafruit_I2CDevice5writeEPKhjbS1_j.part.1():
C:\Users\Ted\Documents\GitHub\OpenOBS-328\sensor\firmware\OpenOBS-328\src\libs\Adafruit_VCNL4010/Adafruit_I2CDevice.cpp:71
 *            ensure the content of this buffer doesn't change.
 *    @param  prefix_len Number of bytes from prefix buffer to write
 *    @param  stop Whether to send an I2C STOP signal on write
 *    @return True if write was successful, otherwise false.
 */
bool Adafruit_I2CDevice::write(const uint8_t *buffer, size_t len, bool stop,
    1850:	1f 93       	push	r17
    1852:	cf 93       	push	r28
    1854:	df 93       	push	r29
    1856:	ea 01       	movw	r28, r20
    1858:	12 2f       	mov	r17, r18
C:\Users\Ted\Documents\GitHub\OpenOBS-328\sensor\firmware\OpenOBS-328\src\libs\Adafruit_VCNL4010/Adafruit_I2CDevice.cpp:97
      return false;
    }
  }

  // Write the data itself
  if (_wire->write(buffer, len) != len) {
    185a:	dc 01       	movw	r26, r24
    185c:	11 96       	adiw	r26, 0x01	; 1
    185e:	8d 91       	ld	r24, X+
    1860:	9c 91       	ld	r25, X
    1862:	dc 01       	movw	r26, r24
    1864:	ed 91       	ld	r30, X+
    1866:	fc 91       	ld	r31, X
    1868:	02 80       	ldd	r0, Z+2	; 0x02
    186a:	f3 81       	ldd	r31, Z+3	; 0x03
    186c:	e0 2d       	mov	r30, r0
    186e:	09 95       	icall
    1870:	c8 17       	cp	r28, r24
    1872:	d9 07       	cpc	r29, r25
    1874:	29 f4       	brne	.+10     	; 0x1880 <Adafruit_I2CDevice::write(unsigned char const*, unsigned int, bool, unsigned char const*, unsigned int) [clone .part.1]+0x30>
C:\Users\Ted\Documents\GitHub\OpenOBS-328\sensor\firmware\OpenOBS-328\src\libs\Adafruit_VCNL4010/Adafruit_I2CDevice.cpp:131

#ifdef DEBUG_SERIAL
  // DEBUG_SERIAL.print("Stop: "); DEBUG_SERIAL.println(stop);
#endif

  if (_wire->endTransmission(stop) == 0) {
    1876:	81 2f       	mov	r24, r17
    1878:	0e 94 59 01 	call	0x2b2	; 0x2b2 <TwoWire::endTransmission(unsigned char) [clone .constprop.118]>
    187c:	91 e0       	ldi	r25, 0x01	; 1
    187e:	81 11       	cpse	r24, r1
C:\Users\Ted\Documents\GitHub\OpenOBS-328\sensor\firmware\OpenOBS-328\src\libs\Adafruit_VCNL4010/Adafruit_I2CDevice.cpp:101
  // Write the data itself
  if (_wire->write(buffer, len) != len) {
#ifdef DEBUG_SERIAL
    DEBUG_SERIAL.println(F("\tI2CDevice failed to write"));
#endif
    return false;
    1880:	90 e0       	ldi	r25, 0x00	; 0
C:\Users\Ted\Documents\GitHub\OpenOBS-328\sensor\firmware\OpenOBS-328\src\libs\Adafruit_VCNL4010/Adafruit_I2CDevice.cpp:142
#ifdef DEBUG_SERIAL
    DEBUG_SERIAL.println("Failed to send!");
#endif
    return false;
  }
}
    1882:	89 2f       	mov	r24, r25
    1884:	df 91       	pop	r29
    1886:	cf 91       	pop	r28
    1888:	1f 91       	pop	r17
    188a:	08 95       	ret

0000188c <Adafruit_I2CDevice::detected()>:
_ZN18Adafruit_I2CDevice8detectedEv():
C:\Users\Ted\Documents\GitHub\OpenOBS-328\sensor\firmware\OpenOBS-328\src\libs\Adafruit_VCNL4010/Adafruit_I2CDevice.cpp:44
/*!
 *    @brief  Scans I2C for the address - note will give a false-positive
 *    if there's no pullups on I2C
 *    @return True if I2C initialized and a device with the addr found
 */
bool Adafruit_I2CDevice::detected(void) {
    188c:	cf 93       	push	r28
    188e:	df 93       	push	r29
    1890:	ec 01       	movw	r28, r24
C:\Users\Ted\Documents\GitHub\OpenOBS-328\sensor\firmware\OpenOBS-328\src\libs\Adafruit_VCNL4010/Adafruit_I2CDevice.cpp:46
  // Init I2C if not done yet
  if (!_begun && !begin()) {
    1892:	8b 81       	ldd	r24, Y+3	; 0x03
    1894:	88 23       	and	r24, r24
    1896:	71 f0       	breq	.+28     	; 0x18b4 <Adafruit_I2CDevice::detected()+0x28>
C:\Users\Ted\Documents\GitHub\OpenOBS-328\sensor\firmware\OpenOBS-328\src\libs\Adafruit_VCNL4010/Adafruit_I2CDevice.cpp:51
    return false;
  }

  // A basic scanner, see if it ACK's
  _wire->beginTransmission(_addr);
    1898:	88 81       	ld	r24, Y
    189a:	0e 94 b6 01 	call	0x36c	; 0x36c <TwoWire::beginTransmission(unsigned char) [clone .constprop.117]>
C:\Users\Ted\Documents\GitHub\OpenOBS-328\sensor\firmware\OpenOBS-328\src\libs\Adafruit_VCNL4010/Adafruit_I2CDevice.cpp:52
  if (_wire->endTransmission() == 0) {
    189e:	89 81       	ldd	r24, Y+1	; 0x01
    18a0:	9a 81       	ldd	r25, Y+2	; 0x02
    18a2:	0e 94 76 0a 	call	0x14ec	; 0x14ec <TwoWire::endTransmission()>
    18a6:	91 e0       	ldi	r25, 0x01	; 1
    18a8:	81 11       	cpse	r24, r1
    18aa:	90 e0       	ldi	r25, 0x00	; 0
C:\Users\Ted\Documents\GitHub\OpenOBS-328\sensor\firmware\OpenOBS-328\src\libs\Adafruit_VCNL4010/Adafruit_I2CDevice.cpp:56
    return true;
  }
  return false;
}
    18ac:	89 2f       	mov	r24, r25
    18ae:	df 91       	pop	r29
    18b0:	cf 91       	pop	r28
    18b2:	08 95       	ret
begin():
C:\Users\Ted\Documents\GitHub\OpenOBS-328\sensor\firmware\OpenOBS-328\src\libs\Adafruit_VCNL4010/Adafruit_I2CDevice.cpp:30
 * with a scan. 99% of sensors/devices don't mind but once in a while, they spaz
 * on a scan!
 *    @return True if I2C initialized and a device with the addr found
 */
bool Adafruit_I2CDevice::begin(bool addr_detect) {
  _wire->begin();
    18b4:	0e 94 6a 03 	call	0x6d4	; 0x6d4 <TwoWire::begin() [clone .constprop.22]>
C:\Users\Ted\Documents\GitHub\OpenOBS-328\sensor\firmware\OpenOBS-328\src\libs\Adafruit_VCNL4010/Adafruit_I2CDevice.cpp:31
  _begun = true;
    18b8:	81 e0       	ldi	r24, 0x01	; 1
    18ba:	8b 83       	std	Y+3, r24	; 0x03
C:\Users\Ted\Documents\GitHub\OpenOBS-328\sensor\firmware\OpenOBS-328\src\libs\Adafruit_VCNL4010/Adafruit_I2CDevice.cpp:34

  if (addr_detect) {
    return detected();
    18bc:	ce 01       	movw	r24, r28
    18be:	0e 94 46 0c 	call	0x188c	; 0x188c <Adafruit_I2CDevice::detected()>
    18c2:	98 2f       	mov	r25, r24
_ZN18Adafruit_I2CDevice8detectedEv():
C:\Users\Ted\Documents\GitHub\OpenOBS-328\sensor\firmware\OpenOBS-328\src\libs\Adafruit_VCNL4010/Adafruit_I2CDevice.cpp:46
 *    if there's no pullups on I2C
 *    @return True if I2C initialized and a device with the addr found
 */
bool Adafruit_I2CDevice::detected(void) {
  // Init I2C if not done yet
  if (!_begun && !begin()) {
    18c4:	81 11       	cpse	r24, r1
    18c6:	e8 cf       	rjmp	.-48     	; 0x1898 <Adafruit_I2CDevice::detected()+0xc>
    18c8:	f1 cf       	rjmp	.-30     	; 0x18ac <Adafruit_I2CDevice::detected()+0x20>

000018ca <generateChecksum(char const*, char*)>:
_Z16generateChecksumPKcPc():
C:\Users\Ted\Documents\GitHub\OpenOBS-328\sensor\firmware\OpenOBS-328/GUI.ino:111

//calculates and returns the 2 char XOR checksum from sentence
const char* generateChecksum(const char* s, char* checksum) {
  uint8_t c = 0;
  // Initial $ is omitted from checksum, if present ignore it.
  if (*s == '$')
    18ca:	fc 01       	movw	r30, r24
    18cc:	20 81       	ld	r18, Z
    18ce:	24 32       	cpi	r18, 0x24	; 36
    18d0:	09 f4       	brne	.+2      	; 0x18d4 <generateChecksum(char const*, char*)+0xa>
C:\Users\Ted\Documents\GitHub\OpenOBS-328\sensor\firmware\OpenOBS-328/GUI.ino:112
    ++s;
    18d2:	01 96       	adiw	r24, 0x01	; 1
    18d4:	fc 01       	movw	r30, r24
C:\Users\Ted\Documents\GitHub\OpenOBS-328\sensor\firmware\OpenOBS-328/GUI.ino:108
  
    Serial.flush();
}

//calculates and returns the 2 char XOR checksum from sentence
const char* generateChecksum(const char* s, char* checksum) {
    18d6:	20 e0       	ldi	r18, 0x00	; 0
    18d8:	cf 01       	movw	r24, r30
C:\Users\Ted\Documents\GitHub\OpenOBS-328\sensor\firmware\OpenOBS-328/GUI.ino:115
  // Initial $ is omitted from checksum, if present ignore it.
  if (*s == '$')
    ++s;

  //iterate through with bitwise XOR
  while (*s != '\0' && *s != '*')
    18da:	31 91       	ld	r19, Z+
    18dc:	33 23       	and	r19, r19
    18de:	41 f0       	breq	.+16     	; 0x18f0 <generateChecksum(char const*, char*)+0x26>
    18e0:	3a 32       	cpi	r19, 0x2A	; 42
    18e2:	31 f0       	breq	.+12     	; 0x18f0 <generateChecksum(char const*, char*)+0x26>
C:\Users\Ted\Documents\GitHub\OpenOBS-328\sensor\firmware\OpenOBS-328/GUI.ino:116
    c ^= *s++;
    18e4:	23 27       	eor	r18, r19
    18e6:	f8 cf       	rjmp	.-16     	; 0x18d8 <generateChecksum(char const*, char*)+0xe>
toHex():
C:\Users\Ted\Documents\GitHub\OpenOBS-328\sensor\firmware\OpenOBS-328/GUI.ino:136

static char toHex(uint8_t nibble) {
  if (nibble >= 10)
    return nibble + 'A' - 10;
  else
    return nibble + '0';
    18e8:	30 5d       	subi	r19, 0xD0	; 208
    18ea:	08 c0       	rjmp	.+16     	; 0x18fc <generateChecksum(char const*, char*)+0x32>
    18ec:	20 5d       	subi	r18, 0xD0	; 208
    18ee:	0c c0       	rjmp	.+24     	; 0x1908 <generateChecksum(char const*, char*)+0x3e>
_Z16generateChecksumPKcPc():
C:\Users\Ted\Documents\GitHub\OpenOBS-328\sensor\firmware\OpenOBS-328/GUI.ino:119
  //iterate through with bitwise XOR
  while (*s != '\0' && *s != '*')
    c ^= *s++;

  if (checksum) {
    checksum[0] = toHex(c / 16);
    18f0:	32 2f       	mov	r19, r18
    18f2:	32 95       	swap	r19
    18f4:	3f 70       	andi	r19, 0x0F	; 15
toHex():
C:\Users\Ted\Documents\GitHub\OpenOBS-328\sensor\firmware\OpenOBS-328/GUI.ino:133
  const char* p = generateChecksum(s, checksum);
  return *p == '*' && p[1] == checksum[0] && p[2] == checksum[1];
}

static char toHex(uint8_t nibble) {
  if (nibble >= 10)
    18f6:	3a 30       	cpi	r19, 0x0A	; 10
    18f8:	b8 f3       	brcs	.-18     	; 0x18e8 <generateChecksum(char const*, char*)+0x1e>
C:\Users\Ted\Documents\GitHub\OpenOBS-328\sensor\firmware\OpenOBS-328/GUI.ino:134
    return nibble + 'A' - 10;
    18fa:	39 5c       	subi	r19, 0xC9	; 201
_Z16generateChecksumPKcPc():
C:\Users\Ted\Documents\GitHub\OpenOBS-328\sensor\firmware\OpenOBS-328/GUI.ino:119
  //iterate through with bitwise XOR
  while (*s != '\0' && *s != '*')
    c ^= *s++;

  if (checksum) {
    checksum[0] = toHex(c / 16);
    18fc:	fb 01       	movw	r30, r22
    18fe:	30 83       	st	Z, r19
C:\Users\Ted\Documents\GitHub\OpenOBS-328\sensor\firmware\OpenOBS-328/GUI.ino:120
    checksum[1] = toHex(c % 16);
    1900:	2f 70       	andi	r18, 0x0F	; 15
toHex():
C:\Users\Ted\Documents\GitHub\OpenOBS-328\sensor\firmware\OpenOBS-328/GUI.ino:133
  const char* p = generateChecksum(s, checksum);
  return *p == '*' && p[1] == checksum[0] && p[2] == checksum[1];
}

static char toHex(uint8_t nibble) {
  if (nibble >= 10)
    1902:	2a 30       	cpi	r18, 0x0A	; 10
    1904:	98 f3       	brcs	.-26     	; 0x18ec <generateChecksum(char const*, char*)+0x22>
C:\Users\Ted\Documents\GitHub\OpenOBS-328\sensor\firmware\OpenOBS-328/GUI.ino:134
    return nibble + 'A' - 10;
    1906:	29 5c       	subi	r18, 0xC9	; 201
_Z16generateChecksumPKcPc():
C:\Users\Ted\Documents\GitHub\OpenOBS-328\sensor\firmware\OpenOBS-328/GUI.ino:120
  while (*s != '\0' && *s != '*')
    c ^= *s++;

  if (checksum) {
    checksum[0] = toHex(c / 16);
    checksum[1] = toHex(c % 16);
    1908:	fb 01       	movw	r30, r22
    190a:	21 83       	std	Z+1, r18	; 0x01
C:\Users\Ted\Documents\GitHub\OpenOBS-328\sensor\firmware\OpenOBS-328/GUI.ino:123
  }
  return s;
}
    190c:	08 95       	ret

0000190e <serialReceive(char*) [clone .constprop.44]>:
_Z13serialReceivePc.constprop.44():
C:\Users\Ted\Documents\GitHub\OpenOBS-328\sensor\firmware\OpenOBS-328/GUI.ino:61

/*function reads in the available serial data, checks for an NMEA-style sentence,
  and verifies the checksum. The function returns the result of the checksum validation
  and the sentence is stored in the pointer argument for later parsing.
*/
bool serialReceive(char *sentence) {
    190e:	cf 92       	push	r12
    1910:	df 92       	push	r13
    1912:	ef 92       	push	r14
    1914:	ff 92       	push	r15
    1916:	0f 93       	push	r16
    1918:	1f 93       	push	r17
    191a:	cf 93       	push	r28
    191c:	df 93       	push	r29
    191e:	00 d0       	rcall	.+0      	; 0x1920 <serialReceive(char*) [clone .constprop.44]+0x12>
    1920:	cd b7       	in	r28, 0x3d	; 61
    1922:	de b7       	in	r29, 0x3e	; 62
    1924:	0e e3       	ldi	r16, 0x3E	; 62
    1926:	10 e0       	ldi	r17, 0x00	; 0
C:\Users\Ted\Documents\GitHub\OpenOBS-328\sensor\firmware\OpenOBS-328/GUI.ino:64
  //look for a $, initiating NMEA-style string.
  int idx = 0;
  while (Serial.available() > 0) {
    1928:	8f e7       	ldi	r24, 0x7F	; 127
    192a:	93 e0       	ldi	r25, 0x03	; 3
    192c:	0e 94 71 02 	call	0x4e2	; 0x4e2 <HardwareSerial::available()>
    1930:	18 16       	cp	r1, r24
    1932:	19 06       	cpc	r1, r25
    1934:	5c f5       	brge	.+86     	; 0x198c <serialReceive(char*) [clone .constprop.44]+0x7e>
C:\Users\Ted\Documents\GitHub\OpenOBS-328\sensor\firmware\OpenOBS-328/GUI.ino:65
    if (Serial.read() == '$') {
    1936:	8f e7       	ldi	r24, 0x7F	; 127
    1938:	93 e0       	ldi	r25, 0x03	; 3
    193a:	0e 94 4f 02 	call	0x49e	; 0x49e <HardwareSerial::read()>
    193e:	84 97       	sbiw	r24, 0x24	; 36
    1940:	41 f5       	brne	.+80     	; 0x1992 <serialReceive(char*) [clone .constprop.44]+0x84>
C:\Users\Ted\Documents\GitHub\OpenOBS-328\sensor\firmware\OpenOBS-328/GUI.ino:66
      *sentence++ = '$';
    1942:	84 e2       	ldi	r24, 0x24	; 36
    1944:	80 93 ce 02 	sts	0x02CE, r24	; 0x8002ce <messageBuffer>
    1948:	0f ec       	ldi	r16, 0xCF	; 207
    194a:	12 e0       	ldi	r17, 0x02	; 2
    194c:	8a e3       	ldi	r24, 0x3A	; 58
    194e:	c8 2e       	mov	r12, r24
    1950:	d1 2c       	mov	r13, r1
    1952:	ee 24       	eor	r14, r14
    1954:	e3 94       	inc	r14
    1956:	f1 2c       	mov	r15, r1
C:\Users\Ted\Documents\GitHub\OpenOBS-328\sensor\firmware\OpenOBS-328/GUI.ino:77
  }

  //look for NMEA-style string
  idx = 1; //if we get here, $ is at idx 0.
  int idxChk = MAX_CHAR - 2;
  while (Serial.available() > 0 && idx <= idxChk + 2) {
    1958:	8f e7       	ldi	r24, 0x7F	; 127
    195a:	93 e0       	ldi	r25, 0x03	; 3
    195c:	0e 94 71 02 	call	0x4e2	; 0x4e2 <HardwareSerial::available()>
    1960:	18 16       	cp	r1, r24
    1962:	19 06       	cpc	r1, r25
    1964:	dc f4       	brge	.+54     	; 0x199c <serialReceive(char*) [clone .constprop.44]+0x8e>
    1966:	c6 01       	movw	r24, r12
    1968:	02 96       	adiw	r24, 0x02	; 2
    196a:	8e 15       	cp	r24, r14
    196c:	9f 05       	cpc	r25, r15
    196e:	b4 f0       	brlt	.+44     	; 0x199c <serialReceive(char*) [clone .constprop.44]+0x8e>
C:\Users\Ted\Documents\GitHub\OpenOBS-328\sensor\firmware\OpenOBS-328/GUI.ino:78
    char incoming = Serial.read();
    1970:	8f e7       	ldi	r24, 0x7F	; 127
    1972:	93 e0       	ldi	r25, 0x03	; 3
    1974:	0e 94 4f 02 	call	0x49e	; 0x49e <HardwareSerial::read()>
C:\Users\Ted\Documents\GitHub\OpenOBS-328\sensor\firmware\OpenOBS-328/GUI.ino:79
    if (incoming == '*') {
    1978:	8a 32       	cpi	r24, 0x2A	; 42
    197a:	09 f4       	brne	.+2      	; 0x197e <serialReceive(char*) [clone .constprop.44]+0x70>
    197c:	67 01       	movw	r12, r14
C:\Users\Ted\Documents\GitHub\OpenOBS-328\sensor\firmware\OpenOBS-328/GUI.ino:82
      idxChk = idx;
    }
    *sentence++ = incoming;
    197e:	f8 01       	movw	r30, r16
    1980:	81 93       	st	Z+, r24
    1982:	8f 01       	movw	r16, r30
C:\Users\Ted\Documents\GitHub\OpenOBS-328\sensor\firmware\OpenOBS-328/GUI.ino:83
    idx++;
    1984:	ff ef       	ldi	r31, 0xFF	; 255
    1986:	ef 1a       	sub	r14, r31
    1988:	ff 0a       	sbc	r15, r31
    198a:	e6 cf       	rjmp	.-52     	; 0x1958 <serialReceive(char*) [clone .constprop.44]+0x4a>
C:\Users\Ted\Documents\GitHub\OpenOBS-328\sensor\firmware\OpenOBS-328/GUI.ino:64
  and the sentence is stored in the pointer argument for later parsing.
*/
bool serialReceive(char *sentence) {
  //look for a $, initiating NMEA-style string.
  int idx = 0;
  while (Serial.available() > 0) {
    198c:	0e ec       	ldi	r16, 0xCE	; 206
    198e:	12 e0       	ldi	r17, 0x02	; 2
    1990:	dd cf       	rjmp	.-70     	; 0x194c <serialReceive(char*) [clone .constprop.44]+0x3e>
    1992:	01 50       	subi	r16, 0x01	; 1
    1994:	11 09       	sbc	r17, r1
C:\Users\Ted\Documents\GitHub\OpenOBS-328\sensor\firmware\OpenOBS-328/GUI.ino:68
    if (Serial.read() == '$') {
      *sentence++ = '$';
      break;
    } else if (idx++ > MAX_CHAR) {
    1996:	41 f6       	brne	.-112    	; 0x1928 <serialReceive(char*) [clone .constprop.44]+0x1a>
C:\Users\Ted\Documents\GitHub\OpenOBS-328\sensor\firmware\OpenOBS-328/GUI.ino:70
      //read a bunch of junk. return control to loop().
      return false;
    1998:	80 e0       	ldi	r24, 0x00	; 0
    199a:	17 c0       	rjmp	.+46     	; 0x19ca <serialReceive(char*) [clone .constprop.44]+0xbc>
C:\Users\Ted\Documents\GitHub\OpenOBS-328\sensor\firmware\OpenOBS-328/GUI.ino:85
      idxChk = idx;
    }
    *sentence++ = incoming;
    idx++;
  }
  *sentence = '\0'; //terminate
    199c:	f8 01       	movw	r30, r16
    199e:	10 82       	st	Z, r1
testChecksum():
C:\Users\Ted\Documents\GitHub\OpenOBS-328\sensor\firmware\OpenOBS-328/GUI.ino:128
}

//returns true if the checksum at end of sentence matches a calculated one.
bool testChecksum(const char* s) {
  char checksum[2];
  const char* p = generateChecksum(s, checksum);
    19a0:	be 01       	movw	r22, r28
    19a2:	6f 5f       	subi	r22, 0xFF	; 255
    19a4:	7f 4f       	sbci	r23, 0xFF	; 255
    19a6:	c8 01       	movw	r24, r16
    19a8:	8e 19       	sub	r24, r14
    19aa:	9f 09       	sbc	r25, r15
    19ac:	0e 94 65 0c 	call	0x18ca	; 0x18ca <generateChecksum(char const*, char*)>
    19b0:	fc 01       	movw	r30, r24
C:\Users\Ted\Documents\GitHub\OpenOBS-328\sensor\firmware\OpenOBS-328/GUI.ino:129
  return *p == '*' && p[1] == checksum[0] && p[2] == checksum[1];
    19b2:	80 81       	ld	r24, Z
    19b4:	8a 32       	cpi	r24, 0x2A	; 42
    19b6:	81 f7       	brne	.-32     	; 0x1998 <serialReceive(char*) [clone .constprop.44]+0x8a>
    19b8:	91 81       	ldd	r25, Z+1	; 0x01
    19ba:	89 81       	ldd	r24, Y+1	; 0x01
    19bc:	98 13       	cpse	r25, r24
    19be:	ec cf       	rjmp	.-40     	; 0x1998 <serialReceive(char*) [clone .constprop.44]+0x8a>
    19c0:	81 e0       	ldi	r24, 0x01	; 1
    19c2:	22 81       	ldd	r18, Z+2	; 0x02
    19c4:	9a 81       	ldd	r25, Y+2	; 0x02
    19c6:	29 13       	cpse	r18, r25
    19c8:	e7 cf       	rjmp	.-50     	; 0x1998 <serialReceive(char*) [clone .constprop.44]+0x8a>
_Z13serialReceivePc.constprop.44():
C:\Users\Ted\Documents\GitHub\OpenOBS-328\sensor\firmware\OpenOBS-328/GUI.ino:89
  }
  *sentence = '\0'; //terminate

  //returns true if we received a valid sentence
  return testChecksum((sentence - idx));
}
    19ca:	0f 90       	pop	r0
    19cc:	0f 90       	pop	r0
    19ce:	df 91       	pop	r29
    19d0:	cf 91       	pop	r28
    19d2:	1f 91       	pop	r17
    19d4:	0f 91       	pop	r16
    19d6:	ff 90       	pop	r15
    19d8:	ef 90       	pop	r14
    19da:	df 90       	pop	r13
    19dc:	cf 90       	pop	r12
    19de:	08 95       	ret

000019e0 <Print::flush()>:
_ZN5Print5flushEv():
C:\Users\Ted\AppData\Local\Arduino15\packages\MiniCore\hardware\avr\2.1.3\cores\MCUdude_corefiles/Print.h:65

    // default to zero, meaning "a single write may block"
    // should be overriden by subclasses with buffering
    virtual int availableForWrite() { return 0; }

    virtual void flush() { /* Empty implementation for backward compatibility */ }
    19e0:	08 95       	ret

000019e2 <Print::availableForWrite()>:
_ZN5Print17availableForWriteEv():
C:\Users\Ted\AppData\Local\Arduino15\packages\MiniCore\hardware\avr\2.1.3\cores\MCUdude_corefiles/Print.h:63
      return write((const uint8_t *)buffer, size);
    }

    // default to zero, meaning "a single write may block"
    // should be overriden by subclasses with buffering
    virtual int availableForWrite() { return 0; }
    19e2:	90 e0       	ldi	r25, 0x00	; 0
    19e4:	80 e0       	ldi	r24, 0x00	; 0
    19e6:	08 95       	ret

000019e8 <TwoWire::requestFrom(int, int) [clone .constprop.115]>:
_ZN7TwoWire11requestFromEii.constprop.115():
C:\Users\Ted\AppData\Local\Arduino15\packages\MiniCore\hardware\avr\2.1.3\libraries\Wire\src/Wire.cpp:134
uint8_t TwoWire::requestFrom(uint8_t address, uint8_t quantity)
{
  return requestFrom((uint8_t)address, (uint8_t)quantity, (uint8_t)true);
}

uint8_t TwoWire::requestFrom(int address, int quantity)
    19e8:	41 e0       	ldi	r20, 0x01	; 1
    19ea:	0e 94 17 01 	call	0x22e	; 0x22e <twi_readFrom.part.0.constprop.122>
C:\Users\Ted\AppData\Local\Arduino15\packages\MiniCore\hardware\avr\2.1.3\libraries\Wire\src/Wire.cpp:119
    quantity = TWI_BUFFER_SIZE;
  }
  // perform blocking read into buffer
  uint8_t read = twi_readFrom(address, rxBuffer, quantity, sendStop);
  // set rx buffer iterator vars
  rxBufferIndex = 0;
    19ee:	10 92 7e 03 	sts	0x037E, r1	; 0x80037e <TwoWire::rxBufferIndex>
C:\Users\Ted\AppData\Local\Arduino15\packages\MiniCore\hardware\avr\2.1.3\libraries\Wire\src/Wire.cpp:120
  rxBufferLength = read;
    19f2:	80 93 7d 03 	sts	0x037D, r24	; 0x80037d <TwoWire::rxBufferLength>
C:\Users\Ted\AppData\Local\Arduino15\packages\MiniCore\hardware\avr\2.1.3\libraries\Wire\src/Wire.cpp:137
}

uint8_t TwoWire::requestFrom(int address, int quantity)
{
  return requestFrom((uint8_t)address, (uint8_t)quantity, (uint8_t)true);
}
    19f6:	08 95       	ret

000019f8 <DS3231::readRegister(unsigned char) [clone .constprop.104]>:
_ZN6DS323112readRegisterEh.constprop.104():
C:\Users\Ted\Documents\GitHub\OpenOBS-328\sensor\firmware\OpenOBS-328\src\libs\DS3231/DS3231.cpp:141


////////////////////////////////////////////////////////////////////////////////
// RTC DS3231 implementation

uint8_t DS3231::readRegister(uint8_t regaddress)
    19f8:	cf 93       	push	r28
    19fa:	c8 2f       	mov	r28, r24
beginTransmission():
C:\Users\Ted\AppData\Local\Arduino15\packages\MiniCore\hardware\avr\2.1.3\libraries\Wire\src/Wire.cpp:157
  txBufferLength = 0;
}

void TwoWire::beginTransmission(int address)
{
  beginTransmission((uint8_t)address);
    19fc:	88 e6       	ldi	r24, 0x68	; 104
    19fe:	0e 94 b6 01 	call	0x36c	; 0x36c <TwoWire::beginTransmission(unsigned char) [clone .constprop.117]>
_ZN6DS323112readRegisterEh.constprop.104():
C:\Users\Ted\Documents\GitHub\OpenOBS-328\sensor\firmware\OpenOBS-328\src\libs\DS3231/DS3231.cpp:144
{
		Wire.beginTransmission(DS3231_ADDRESS);
		Wire.write(regaddress);
    1a02:	6c 2f       	mov	r22, r28
    1a04:	8c e1       	ldi	r24, 0x1C	; 28
    1a06:	94 e0       	ldi	r25, 0x04	; 4
    1a08:	0e 94 47 0a 	call	0x148e	; 0x148e <TwoWire::write(unsigned char)>
C:\Users\Ted\Documents\GitHub\OpenOBS-328\sensor\firmware\OpenOBS-328\src\libs\DS3231/DS3231.cpp:145
		Wire.endTransmission();
    1a0c:	8c e1       	ldi	r24, 0x1C	; 28
    1a0e:	94 e0       	ldi	r25, 0x04	; 4
    1a10:	0e 94 76 0a 	call	0x14ec	; 0x14ec <TwoWire::endTransmission()>
C:\Users\Ted\Documents\GitHub\OpenOBS-328\sensor\firmware\OpenOBS-328\src\libs\DS3231/DS3231.cpp:147

		Wire.requestFrom(DS3231_ADDRESS, 1);
    1a14:	61 e0       	ldi	r22, 0x01	; 1
    1a16:	70 e0       	ldi	r23, 0x00	; 0
    1a18:	88 e6       	ldi	r24, 0x68	; 104
    1a1a:	90 e0       	ldi	r25, 0x00	; 0
    1a1c:	0e 94 f4 0c 	call	0x19e8	; 0x19e8 <TwoWire::requestFrom(int, int) [clone .constprop.115]>
C:\Users\Ted\Documents\GitHub\OpenOBS-328\sensor\firmware\OpenOBS-328\src\libs\DS3231/DS3231.cpp:148
		return Wire.read();
    1a20:	0e 94 04 01 	call	0x208	; 0x208 <TwoWire::read() [clone .constprop.123]>
C:\Users\Ted\Documents\GitHub\OpenOBS-328\sensor\firmware\OpenOBS-328\src\libs\DS3231/DS3231.cpp:149
}
    1a24:	cf 91       	pop	r28
    1a26:	08 95       	ret

00001a28 <DS3231::begin() [clone .constprop.103]>:
_ZN6DS32315beginEv.constprop.103():
C:\Users\Ted\Documents\GitHub\OpenOBS-328\sensor\firmware\OpenOBS-328\src\libs\DS3231/DS3231.cpp:163

uint8_t DS3231::begin(void) {

	unsigned char ctReg=0;
	ctReg |= 0b00011100; 
	writeRegister(DS3231_CONTROL_REG, ctReg);     //CONTROL Register Address
    1a28:	6c e1       	ldi	r22, 0x1C	; 28
    1a2a:	8e e0       	ldi	r24, 0x0E	; 14
    1a2c:	0e 94 79 0a 	call	0x14f2	; 0x14f2 <DS3231::writeRegister(unsigned char, unsigned char) [clone .constprop.105]>
C:\Users\Ted\Documents\GitHub\OpenOBS-328\sensor\firmware\OpenOBS-328\src\libs\DS3231/DS3231.cpp:164
	delay(10);
    1a30:	6a e0       	ldi	r22, 0x0A	; 10
    1a32:	70 e0       	ldi	r23, 0x00	; 0
    1a34:	80 e0       	ldi	r24, 0x00	; 0
    1a36:	90 e0       	ldi	r25, 0x00	; 0
    1a38:	0e 94 c1 03 	call	0x782	; 0x782 <delay>
C:\Users\Ted\Documents\GitHub\OpenOBS-328\sensor\firmware\OpenOBS-328\src\libs\DS3231/DS3231.cpp:167

	// set the clock to 24hr format  
	uint8_t hrReg = readRegister(DS3231_HOUR_REG);
    1a3c:	82 e0       	ldi	r24, 0x02	; 2
    1a3e:	0e 94 fc 0c 	call	0x19f8	; 0x19f8 <DS3231::readRegister(unsigned char) [clone .constprop.104]>
C:\Users\Ted\Documents\GitHub\OpenOBS-328\sensor\firmware\OpenOBS-328\src\libs\DS3231/DS3231.cpp:168
	hrReg &= 0b10111111;
    1a42:	68 2f       	mov	r22, r24
    1a44:	6f 7b       	andi	r22, 0xBF	; 191
C:\Users\Ted\Documents\GitHub\OpenOBS-328\sensor\firmware\OpenOBS-328\src\libs\DS3231/DS3231.cpp:169
	writeRegister(DS3231_HOUR_REG, hrReg);       
    1a46:	82 e0       	ldi	r24, 0x02	; 2
    1a48:	0e 94 79 0a 	call	0x14f2	; 0x14f2 <DS3231::writeRegister(unsigned char, unsigned char) [clone .constprop.105]>
C:\Users\Ted\Documents\GitHub\OpenOBS-328\sensor\firmware\OpenOBS-328\src\libs\DS3231/DS3231.cpp:171

	delay(10);
    1a4c:	6a e0       	ldi	r22, 0x0A	; 10
    1a4e:	70 e0       	ldi	r23, 0x00	; 0
    1a50:	80 e0       	ldi	r24, 0x00	; 0
    1a52:	90 e0       	ldi	r25, 0x00	; 0
    1a54:	0e 94 c1 03 	call	0x782	; 0x782 <delay>
C:\Users\Ted\Documents\GitHub\OpenOBS-328\sensor\firmware\OpenOBS-328\src\libs\DS3231/DS3231.cpp:174

	return 1; 
}
    1a58:	81 e0       	ldi	r24, 0x01	; 1
    1a5a:	08 95       	ret

00001a5c <MS_5803::MS_5803_ADC(char) [clone .constprop.37]>:
_ZN7MS_580311MS_5803_ADCEc.constprop.37():
C:\Users\Ted\Documents\GitHub\OpenOBS-328\sensor\firmware\OpenOBS-328\src\libs\MS5803/MS5803.cpp:352
    return (n_rem ^ 0x00); 
}

//-----------------------------------------------------------------
// Send commands and read the temperature and pressure from the sensor
unsigned long MS_5803::MS_5803_ADC(char commandADC) {
    1a5c:	0f 93       	push	r16
    1a5e:	1f 93       	push	r17
    1a60:	cf 93       	push	r28
    1a62:	c8 2f       	mov	r28, r24
C:\Users\Ted\Documents\GitHub\OpenOBS-328\sensor\firmware\OpenOBS-328\src\libs\MS5803/MS5803.cpp:357
	// D1 and D2 will come back as 24-bit values, and so they must be stored in 
	// a long integer on 8-bit Arduinos.
    long result = 0;
    // Send the command to do the ADC conversion on the chip
	Wire.beginTransmission(_I2C_Address);
    1a64:	80 91 45 04 	lds	r24, 0x0445	; 0x800445 <sensors+0x1d>
    1a68:	0e 94 b6 01 	call	0x36c	; 0x36c <TwoWire::beginTransmission(unsigned char) [clone .constprop.117]>
C:\Users\Ted\Documents\GitHub\OpenOBS-328\sensor\firmware\OpenOBS-328\src\libs\MS5803/MS5803.cpp:358
    Wire.write(CMD_ADC_CONV + commandADC);
    1a6c:	6c 2f       	mov	r22, r28
    1a6e:	0c 2e       	mov	r0, r28
    1a70:	00 0c       	add	r0, r0
    1a72:	77 0b       	sbc	r23, r23
    1a74:	60 5c       	subi	r22, 0xC0	; 192
    1a76:	7f 4f       	sbci	r23, 0xFF	; 255
write():
C:\Users\Ted\AppData\Local\Arduino15\packages\MiniCore\hardware\avr\2.1.3\libraries\Wire\src/Wire.h:81
    void onRequest( void (*)(void) );

    inline size_t write(unsigned long n) { return write((uint8_t)n); }
    inline size_t write(long n) { return write((uint8_t)n); }
    inline size_t write(unsigned int n) { return write((uint8_t)n); }
    inline size_t write(int n) { return write((uint8_t)n); }
    1a78:	8c e1       	ldi	r24, 0x1C	; 28
    1a7a:	94 e0       	ldi	r25, 0x04	; 4
    1a7c:	0e 94 47 0a 	call	0x148e	; 0x148e <TwoWire::write(unsigned char)>
_ZN7MS_580311MS_5803_ADCEc.constprop.37():
C:\Users\Ted\Documents\GitHub\OpenOBS-328\sensor\firmware\OpenOBS-328\src\libs\MS5803/MS5803.cpp:359
    Wire.endTransmission();
    1a80:	8c e1       	ldi	r24, 0x1C	; 28
    1a82:	94 e0       	ldi	r25, 0x04	; 4
    1a84:	0e 94 76 0a 	call	0x14ec	; 0x14ec <TwoWire::endTransmission()>
C:\Users\Ted\Documents\GitHub\OpenOBS-328\sensor\firmware\OpenOBS-328\src\libs\MS5803/MS5803.cpp:363
    // Wait a specified period of time for the ADC conversion to happen
    // See table on page 1 of the MS5803 data sheet showing response times of
    // 0.5, 1.1, 2.1, 4.1, 8.22 ms for each accuracy level. 
    switch (commandADC & 0x0F) 
    1a88:	cf 70       	andi	r28, 0x0F	; 15
    1a8a:	c4 30       	cpi	r28, 0x04	; 4
    1a8c:	09 f4       	brne	.+2      	; 0x1a90 <MS_5803::MS_5803_ADC(char) [clone .constprop.37]+0x34>
    1a8e:	40 c0       	rjmp	.+128    	; 0x1b10 <MS_5803::MS_5803_ADC(char) [clone .constprop.37]+0xb4>
    1a90:	7c f5       	brge	.+94     	; 0x1af0 <MS_5803::MS_5803_ADC(char) [clone .constprop.37]+0x94>
    1a92:	cc 23       	and	r28, r28
    1a94:	c1 f1       	breq	.+112    	; 0x1b06 <MS_5803::MS_5803_ADC(char) [clone .constprop.37]+0xaa>
C:\Users\Ted\Documents\GitHub\OpenOBS-328\sensor\firmware\OpenOBS-328\src\libs\MS5803/MS5803.cpp:369
    {
        case CMD_ADC_256 :
            delay(1); // 1 ms
            break;
        case CMD_ADC_512 :
            delay(3); // 3 ms
    1a96:	63 e0       	ldi	r22, 0x03	; 3
    1a98:	70 e0       	ldi	r23, 0x00	; 0
    1a9a:	80 e0       	ldi	r24, 0x00	; 0
    1a9c:	90 e0       	ldi	r25, 0x00	; 0
C:\Users\Ted\Documents\GitHub\OpenOBS-328\sensor\firmware\OpenOBS-328\src\libs\MS5803/MS5803.cpp:363
    Wire.write(CMD_ADC_CONV + commandADC);
    Wire.endTransmission();
    // Wait a specified period of time for the ADC conversion to happen
    // See table on page 1 of the MS5803 data sheet showing response times of
    // 0.5, 1.1, 2.1, 4.1, 8.22 ms for each accuracy level. 
    switch (commandADC & 0x0F) 
    1a9e:	c2 30       	cpi	r28, 0x02	; 2
    1aa0:	79 f1       	breq	.+94     	; 0x1b00 <MS_5803::MS_5803_ADC(char) [clone .constprop.37]+0xa4>
C:\Users\Ted\Documents\GitHub\OpenOBS-328\sensor\firmware\OpenOBS-328\src\libs\MS5803/MS5803.cpp:382
        case CMD_ADC_4096:
            delay(10);
            break;
    }
    // Now send the read command to the MS5803 
    Wire.beginTransmission(_I2C_Address);
    1aa2:	80 91 45 04 	lds	r24, 0x0445	; 0x800445 <sensors+0x1d>
    1aa6:	0e 94 b6 01 	call	0x36c	; 0x36c <TwoWire::beginTransmission(unsigned char) [clone .constprop.117]>
C:\Users\Ted\Documents\GitHub\OpenOBS-328\sensor\firmware\OpenOBS-328\src\libs\MS5803/MS5803.cpp:383
    Wire.write((byte)CMD_ADC_READ); // added cast
    1aaa:	60 e0       	ldi	r22, 0x00	; 0
    1aac:	8c e1       	ldi	r24, 0x1C	; 28
    1aae:	94 e0       	ldi	r25, 0x04	; 4
    1ab0:	0e 94 47 0a 	call	0x148e	; 0x148e <TwoWire::write(unsigned char)>
C:\Users\Ted\Documents\GitHub\OpenOBS-328\sensor\firmware\OpenOBS-328\src\libs\MS5803/MS5803.cpp:384
    Wire.endTransmission();
    1ab4:	8c e1       	ldi	r24, 0x1C	; 28
    1ab6:	94 e0       	ldi	r25, 0x04	; 4
    1ab8:	0e 94 76 0a 	call	0x14ec	; 0x14ec <TwoWire::endTransmission()>
C:\Users\Ted\Documents\GitHub\OpenOBS-328\sensor\firmware\OpenOBS-328\src\libs\MS5803/MS5803.cpp:386
    // Then request the results. This should be a 24-bit result (3 bytes)
    Wire.requestFrom(_I2C_Address, 3);
    1abc:	80 91 45 04 	lds	r24, 0x0445	; 0x800445 <sensors+0x1d>
    1ac0:	63 e0       	ldi	r22, 0x03	; 3
    1ac2:	70 e0       	ldi	r23, 0x00	; 0
    1ac4:	90 e0       	ldi	r25, 0x00	; 0
    1ac6:	0e 94 f4 0c 	call	0x19e8	; 0x19e8 <TwoWire::requestFrom(int, int) [clone .constprop.115]>
C:\Users\Ted\Documents\GitHub\OpenOBS-328\sensor\firmware\OpenOBS-328\src\libs\MS5803/MS5803.cpp:387
    while(Wire.available()) {
    1aca:	90 91 7d 03 	lds	r25, 0x037D	; 0x80037d <TwoWire::rxBufferLength>
    1ace:	80 91 7e 03 	lds	r24, 0x037E	; 0x80037e <TwoWire::rxBufferIndex>
    1ad2:	98 17       	cp	r25, r24
    1ad4:	39 f1       	breq	.+78     	; 0x1b24 <MS_5803::MS_5803_ADC(char) [clone .constprop.37]+0xc8>
C:\Users\Ted\Documents\GitHub\OpenOBS-328\sensor\firmware\OpenOBS-328\src\libs\MS5803/MS5803.cpp:388
    	HighByte = Wire.read();
    1ad6:	0e 94 04 01 	call	0x208	; 0x208 <TwoWire::read() [clone .constprop.123]>
    1ada:	80 93 cd 02 	sts	0x02CD, r24	; 0x8002cd <HighByte>
C:\Users\Ted\Documents\GitHub\OpenOBS-328\sensor\firmware\OpenOBS-328\src\libs\MS5803/MS5803.cpp:389
    	MidByte = Wire.read();
    1ade:	0e 94 04 01 	call	0x208	; 0x208 <TwoWire::read() [clone .constprop.123]>
    1ae2:	80 93 cc 02 	sts	0x02CC, r24	; 0x8002cc <MidByte>
C:\Users\Ted\Documents\GitHub\OpenOBS-328\sensor\firmware\OpenOBS-328\src\libs\MS5803/MS5803.cpp:390
    	LowByte = Wire.read();
    1ae6:	0e 94 04 01 	call	0x208	; 0x208 <TwoWire::read() [clone .constprop.123]>
    1aea:	80 93 cb 02 	sts	0x02CB, r24	; 0x8002cb <LowByte>
    1aee:	ed cf       	rjmp	.-38     	; 0x1aca <MS_5803::MS_5803_ADC(char) [clone .constprop.37]+0x6e>
C:\Users\Ted\Documents\GitHub\OpenOBS-328\sensor\firmware\OpenOBS-328\src\libs\MS5803/MS5803.cpp:363
    Wire.write(CMD_ADC_CONV + commandADC);
    Wire.endTransmission();
    // Wait a specified period of time for the ADC conversion to happen
    // See table on page 1 of the MS5803 data sheet showing response times of
    // 0.5, 1.1, 2.1, 4.1, 8.22 ms for each accuracy level. 
    switch (commandADC & 0x0F) 
    1af0:	c6 30       	cpi	r28, 0x06	; 6
    1af2:	99 f0       	breq	.+38     	; 0x1b1a <MS_5803::MS_5803_ADC(char) [clone .constprop.37]+0xbe>
C:\Users\Ted\Documents\GitHub\OpenOBS-328\sensor\firmware\OpenOBS-328\src\libs\MS5803/MS5803.cpp:378
            break;
        case CMD_ADC_2048:
            delay(6);
            break;
        case CMD_ADC_4096:
            delay(10);
    1af4:	6a e0       	ldi	r22, 0x0A	; 10
    1af6:	70 e0       	ldi	r23, 0x00	; 0
    1af8:	80 e0       	ldi	r24, 0x00	; 0
    1afa:	90 e0       	ldi	r25, 0x00	; 0
C:\Users\Ted\Documents\GitHub\OpenOBS-328\sensor\firmware\OpenOBS-328\src\libs\MS5803/MS5803.cpp:363
    Wire.write(CMD_ADC_CONV + commandADC);
    Wire.endTransmission();
    // Wait a specified period of time for the ADC conversion to happen
    // See table on page 1 of the MS5803 data sheet showing response times of
    // 0.5, 1.1, 2.1, 4.1, 8.22 ms for each accuracy level. 
    switch (commandADC & 0x0F) 
    1afc:	c8 30       	cpi	r28, 0x08	; 8
    1afe:	89 f6       	brne	.-94     	; 0x1aa2 <MS_5803::MS_5803_ADC(char) [clone .constprop.37]+0x46>
C:\Users\Ted\Documents\GitHub\OpenOBS-328\sensor\firmware\OpenOBS-328\src\libs\MS5803/MS5803.cpp:378
            break;
        case CMD_ADC_2048:
            delay(6);
            break;
        case CMD_ADC_4096:
            delay(10);
    1b00:	0e 94 c1 03 	call	0x782	; 0x782 <delay>
    1b04:	ce cf       	rjmp	.-100    	; 0x1aa2 <MS_5803::MS_5803_ADC(char) [clone .constprop.37]+0x46>
C:\Users\Ted\Documents\GitHub\OpenOBS-328\sensor\firmware\OpenOBS-328\src\libs\MS5803/MS5803.cpp:366
    // See table on page 1 of the MS5803 data sheet showing response times of
    // 0.5, 1.1, 2.1, 4.1, 8.22 ms for each accuracy level. 
    switch (commandADC & 0x0F) 
    {
        case CMD_ADC_256 :
            delay(1); // 1 ms
    1b06:	61 e0       	ldi	r22, 0x01	; 1
    1b08:	70 e0       	ldi	r23, 0x00	; 0
    1b0a:	80 e0       	ldi	r24, 0x00	; 0
    1b0c:	90 e0       	ldi	r25, 0x00	; 0
    1b0e:	f8 cf       	rjmp	.-16     	; 0x1b00 <MS_5803::MS_5803_ADC(char) [clone .constprop.37]+0xa4>
C:\Users\Ted\Documents\GitHub\OpenOBS-328\sensor\firmware\OpenOBS-328\src\libs\MS5803/MS5803.cpp:372
            break;
        case CMD_ADC_512 :
            delay(3); // 3 ms
            break;
        case CMD_ADC_1024:
            delay(4);
    1b10:	64 e0       	ldi	r22, 0x04	; 4
    1b12:	70 e0       	ldi	r23, 0x00	; 0
    1b14:	80 e0       	ldi	r24, 0x00	; 0
    1b16:	90 e0       	ldi	r25, 0x00	; 0
    1b18:	f3 cf       	rjmp	.-26     	; 0x1b00 <MS_5803::MS_5803_ADC(char) [clone .constprop.37]+0xa4>
C:\Users\Ted\Documents\GitHub\OpenOBS-328\sensor\firmware\OpenOBS-328\src\libs\MS5803/MS5803.cpp:375
            break;
        case CMD_ADC_2048:
            delay(6);
    1b1a:	66 e0       	ldi	r22, 0x06	; 6
    1b1c:	70 e0       	ldi	r23, 0x00	; 0
    1b1e:	80 e0       	ldi	r24, 0x00	; 0
    1b20:	90 e0       	ldi	r25, 0x00	; 0
    1b22:	ee cf       	rjmp	.-36     	; 0x1b00 <MS_5803::MS_5803_ADC(char) [clone .constprop.37]+0xa4>
C:\Users\Ted\Documents\GitHub\OpenOBS-328\sensor\firmware\OpenOBS-328\src\libs\MS5803/MS5803.cpp:393
    	HighByte = Wire.read();
    	MidByte = Wire.read();
    	LowByte = Wire.read();
    }
    // Combine the bytes into one integer
    result = ((long)HighByte << 16) + ((long)MidByte << 8) + (long)LowByte;
    1b24:	60 91 cd 02 	lds	r22, 0x02CD	; 0x8002cd <HighByte>
    1b28:	70 e0       	ldi	r23, 0x00	; 0
    1b2a:	90 e0       	ldi	r25, 0x00	; 0
    1b2c:	80 e0       	ldi	r24, 0x00	; 0
    1b2e:	cb 01       	movw	r24, r22
    1b30:	77 27       	eor	r23, r23
    1b32:	66 27       	eor	r22, r22
    1b34:	00 91 cc 02 	lds	r16, 0x02CC	; 0x8002cc <MidByte>
    1b38:	10 e0       	ldi	r17, 0x00	; 0
    1b3a:	30 e0       	ldi	r19, 0x00	; 0
    1b3c:	20 e0       	ldi	r18, 0x00	; 0
    1b3e:	32 2f       	mov	r19, r18
    1b40:	21 2f       	mov	r18, r17
    1b42:	10 2f       	mov	r17, r16
    1b44:	00 27       	eor	r16, r16
    1b46:	60 0f       	add	r22, r16
    1b48:	71 1f       	adc	r23, r17
    1b4a:	82 1f       	adc	r24, r18
    1b4c:	93 1f       	adc	r25, r19
    1b4e:	20 91 cb 02 	lds	r18, 0x02CB	; 0x8002cb <LowByte>
    1b52:	62 0f       	add	r22, r18
    1b54:	71 1d       	adc	r23, r1
    1b56:	81 1d       	adc	r24, r1
    1b58:	91 1d       	adc	r25, r1
C:\Users\Ted\Documents\GitHub\OpenOBS-328\sensor\firmware\OpenOBS-328\src\libs\MS5803/MS5803.cpp:395
    return result;
}
    1b5a:	cf 91       	pop	r28
    1b5c:	1f 91       	pop	r17
    1b5e:	0f 91       	pop	r16
    1b60:	08 95       	ret

00001b62 <DS3231::now()>:
_ZN6DS32313nowEv():
C:\Users\Ted\Documents\GitHub\OpenOBS-328\sensor\firmware\OpenOBS-328\src\libs\DS3231/DS3231.cpp:195
	Wire.endTransmission();

}

//Read the current time-date and return it in DateTime format
DateTime DS3231::now() {
    1b62:	cf 92       	push	r12
    1b64:	df 92       	push	r13
    1b66:	ef 92       	push	r14
    1b68:	ff 92       	push	r15
    1b6a:	0f 93       	push	r16
    1b6c:	1f 93       	push	r17
    1b6e:	cf 93       	push	r28
    1b70:	df 93       	push	r29
    1b72:	00 d0       	rcall	.+0      	; 0x1b74 <DS3231::now()+0x12>
    1b74:	00 d0       	rcall	.+0      	; 0x1b76 <DS3231::now()+0x14>
    1b76:	00 d0       	rcall	.+0      	; 0x1b78 <DS3231::now()+0x16>
    1b78:	1f 92       	push	r1
    1b7a:	cd b7       	in	r28, 0x3d	; 61
    1b7c:	de b7       	in	r29, 0x3e	; 62
beginTransmission():
C:\Users\Ted\AppData\Local\Arduino15\packages\MiniCore\hardware\avr\2.1.3\libraries\Wire\src/Wire.cpp:157
    1b7e:	88 e6       	ldi	r24, 0x68	; 104
    1b80:	0e 94 b6 01 	call	0x36c	; 0x36c <TwoWire::beginTransmission(unsigned char) [clone .constprop.117]>
_ZN6DS32313nowEv():
C:\Users\Ted\Documents\GitHub\OpenOBS-328\sensor\firmware\OpenOBS-328\src\libs\DS3231/DS3231.cpp:197
	Wire.beginTransmission(DS3231_ADDRESS);
	Wire.write((byte)0x00);	
    1b84:	60 e0       	ldi	r22, 0x00	; 0
    1b86:	8c e1       	ldi	r24, 0x1C	; 28
    1b88:	94 e0       	ldi	r25, 0x04	; 4
    1b8a:	0e 94 47 0a 	call	0x148e	; 0x148e <TwoWire::write(unsigned char)>
C:\Users\Ted\Documents\GitHub\OpenOBS-328\sensor\firmware\OpenOBS-328\src\libs\DS3231/DS3231.cpp:198
	Wire.endTransmission();
    1b8e:	8c e1       	ldi	r24, 0x1C	; 28
    1b90:	94 e0       	ldi	r25, 0x04	; 4
    1b92:	0e 94 76 0a 	call	0x14ec	; 0x14ec <TwoWire::endTransmission()>
C:\Users\Ted\Documents\GitHub\OpenOBS-328\sensor\firmware\OpenOBS-328\src\libs\DS3231/DS3231.cpp:200
	
	Wire.requestFrom(DS3231_ADDRESS, 8);
    1b96:	68 e0       	ldi	r22, 0x08	; 8
    1b98:	70 e0       	ldi	r23, 0x00	; 0
    1b9a:	88 e6       	ldi	r24, 0x68	; 104
    1b9c:	90 e0       	ldi	r25, 0x00	; 0
    1b9e:	0e 94 f4 0c 	call	0x19e8	; 0x19e8 <TwoWire::requestFrom(int, int) [clone .constprop.115]>
C:\Users\Ted\Documents\GitHub\OpenOBS-328\sensor\firmware\OpenOBS-328\src\libs\DS3231/DS3231.cpp:201
	uint8_t ss = bcd2bin(Wire.read());
    1ba2:	0e 94 04 01 	call	0x208	; 0x208 <TwoWire::read() [clone .constprop.123]>
bcd2bin():
C:\Users\Ted\Documents\GitHub\OpenOBS-328\sensor\firmware\OpenOBS-328\src\libs\DS3231/DS3231.cpp:133
	uint16_t days = date2days(yOff, m, d);
	t = time2long(days, hh, mm, ss);
	return t;
}

static uint8_t bcd2bin (uint8_t val) { return val - 6 * (val >> 4); }
    1ba6:	9c 01       	movw	r18, r24
    1ba8:	94 e0       	ldi	r25, 0x04	; 4
    1baa:	35 95       	asr	r19
    1bac:	27 95       	ror	r18
    1bae:	9a 95       	dec	r25
    1bb0:	e1 f7       	brne	.-8      	; 0x1baa <DS3231::now()+0x48>
    1bb2:	2f 70       	andi	r18, 0x0F	; 15
    1bb4:	33 27       	eor	r19, r19
    1bb6:	92 2f       	mov	r25, r18
    1bb8:	99 0f       	add	r25, r25
    1bba:	99 0f       	add	r25, r25
    1bbc:	12 2f       	mov	r17, r18
    1bbe:	19 1b       	sub	r17, r25
    1bc0:	11 0f       	add	r17, r17
    1bc2:	18 0f       	add	r17, r24
_ZN6DS32313nowEv():
C:\Users\Ted\Documents\GitHub\OpenOBS-328\sensor\firmware\OpenOBS-328\src\libs\DS3231/DS3231.cpp:202
	Wire.write((byte)0x00);	
	Wire.endTransmission();
	
	Wire.requestFrom(DS3231_ADDRESS, 8);
	uint8_t ss = bcd2bin(Wire.read());
	uint8_t mm = bcd2bin(Wire.read());
    1bc4:	0e 94 04 01 	call	0x208	; 0x208 <TwoWire::read() [clone .constprop.123]>
bcd2bin():
C:\Users\Ted\Documents\GitHub\OpenOBS-328\sensor\firmware\OpenOBS-328\src\libs\DS3231/DS3231.cpp:133
	uint16_t days = date2days(yOff, m, d);
	t = time2long(days, hh, mm, ss);
	return t;
}

static uint8_t bcd2bin (uint8_t val) { return val - 6 * (val >> 4); }
    1bc8:	9c 01       	movw	r18, r24
    1bca:	44 e0       	ldi	r20, 0x04	; 4
    1bcc:	35 95       	asr	r19
    1bce:	27 95       	ror	r18
    1bd0:	4a 95       	dec	r20
    1bd2:	e1 f7       	brne	.-8      	; 0x1bcc <DS3231::now()+0x6a>
    1bd4:	2f 70       	andi	r18, 0x0F	; 15
    1bd6:	33 27       	eor	r19, r19
    1bd8:	92 2f       	mov	r25, r18
    1bda:	99 0f       	add	r25, r25
    1bdc:	99 0f       	add	r25, r25
    1bde:	02 2f       	mov	r16, r18
    1be0:	09 1b       	sub	r16, r25
    1be2:	00 0f       	add	r16, r16
    1be4:	08 0f       	add	r16, r24
_ZN6DS32313nowEv():
C:\Users\Ted\Documents\GitHub\OpenOBS-328\sensor\firmware\OpenOBS-328\src\libs\DS3231/DS3231.cpp:204
	
	Wire.requestFrom(DS3231_ADDRESS, 8);
	uint8_t ss = bcd2bin(Wire.read());
	uint8_t mm = bcd2bin(Wire.read());
	 
	uint8_t hrreg = Wire.read();
    1be6:	0e 94 04 01 	call	0x208	; 0x208 <TwoWire::read() [clone .constprop.123]>
C:\Users\Ted\Documents\GitHub\OpenOBS-328\sensor\firmware\OpenOBS-328\src\libs\DS3231/DS3231.cpp:205
	uint8_t hh = bcd2bin((hrreg & ~0b11000000)); //Ignore 24 Hour bit
    1bea:	8f 73       	andi	r24, 0x3F	; 63
bcd2bin():
C:\Users\Ted\Documents\GitHub\OpenOBS-328\sensor\firmware\OpenOBS-328\src\libs\DS3231/DS3231.cpp:133
	uint16_t days = date2days(yOff, m, d);
	t = time2long(days, hh, mm, ss);
	return t;
}

static uint8_t bcd2bin (uint8_t val) { return val - 6 * (val >> 4); }
    1bec:	28 2f       	mov	r18, r24
    1bee:	30 e0       	ldi	r19, 0x00	; 0
    1bf0:	54 e0       	ldi	r21, 0x04	; 4
    1bf2:	35 95       	asr	r19
    1bf4:	27 95       	ror	r18
    1bf6:	5a 95       	dec	r21
    1bf8:	e1 f7       	brne	.-8      	; 0x1bf2 <DS3231::now()+0x90>
    1bfa:	92 2f       	mov	r25, r18
    1bfc:	99 0f       	add	r25, r25
    1bfe:	99 0f       	add	r25, r25
    1c00:	f2 2e       	mov	r15, r18
    1c02:	f9 1a       	sub	r15, r25
    1c04:	ff 0c       	add	r15, r15
    1c06:	f8 0e       	add	r15, r24
_ZN6DS32313nowEv():
C:\Users\Ted\Documents\GitHub\OpenOBS-328\sensor\firmware\OpenOBS-328\src\libs\DS3231/DS3231.cpp:207
	uint8_t mm = bcd2bin(Wire.read());
	 
	uint8_t hrreg = Wire.read();
	uint8_t hh = bcd2bin((hrreg & ~0b11000000)); //Ignore 24 Hour bit

	uint8_t wd =  Wire.read();
    1c08:	0e 94 04 01 	call	0x208	; 0x208 <TwoWire::read() [clone .constprop.123]>
    1c0c:	c8 2e       	mov	r12, r24
C:\Users\Ted\Documents\GitHub\OpenOBS-328\sensor\firmware\OpenOBS-328\src\libs\DS3231/DS3231.cpp:208
	uint8_t d = bcd2bin(Wire.read());
    1c0e:	0e 94 04 01 	call	0x208	; 0x208 <TwoWire::read() [clone .constprop.123]>
bcd2bin():
C:\Users\Ted\Documents\GitHub\OpenOBS-328\sensor\firmware\OpenOBS-328\src\libs\DS3231/DS3231.cpp:133
	uint16_t days = date2days(yOff, m, d);
	t = time2long(days, hh, mm, ss);
	return t;
}

static uint8_t bcd2bin (uint8_t val) { return val - 6 * (val >> 4); }
    1c12:	9c 01       	movw	r18, r24
    1c14:	64 e0       	ldi	r22, 0x04	; 4
    1c16:	35 95       	asr	r19
    1c18:	27 95       	ror	r18
    1c1a:	6a 95       	dec	r22
    1c1c:	e1 f7       	brne	.-8      	; 0x1c16 <DS3231::now()+0xb4>
    1c1e:	2f 70       	andi	r18, 0x0F	; 15
    1c20:	33 27       	eor	r19, r19
    1c22:	92 2f       	mov	r25, r18
    1c24:	99 0f       	add	r25, r25
    1c26:	99 0f       	add	r25, r25
    1c28:	e2 2e       	mov	r14, r18
    1c2a:	e9 1a       	sub	r14, r25
    1c2c:	ee 0c       	add	r14, r14
    1c2e:	e8 0e       	add	r14, r24
_ZN6DS32313nowEv():
C:\Users\Ted\Documents\GitHub\OpenOBS-328\sensor\firmware\OpenOBS-328\src\libs\DS3231/DS3231.cpp:209
	uint8_t hrreg = Wire.read();
	uint8_t hh = bcd2bin((hrreg & ~0b11000000)); //Ignore 24 Hour bit

	uint8_t wd =  Wire.read();
	uint8_t d = bcd2bin(Wire.read());
	uint8_t m = bcd2bin(Wire.read());
    1c30:	0e 94 04 01 	call	0x208	; 0x208 <TwoWire::read() [clone .constprop.123]>
bcd2bin():
C:\Users\Ted\Documents\GitHub\OpenOBS-328\sensor\firmware\OpenOBS-328\src\libs\DS3231/DS3231.cpp:133
	uint16_t days = date2days(yOff, m, d);
	t = time2long(days, hh, mm, ss);
	return t;
}

static uint8_t bcd2bin (uint8_t val) { return val - 6 * (val >> 4); }
    1c34:	9c 01       	movw	r18, r24
    1c36:	74 e0       	ldi	r23, 0x04	; 4
    1c38:	35 95       	asr	r19
    1c3a:	27 95       	ror	r18
    1c3c:	7a 95       	dec	r23
    1c3e:	e1 f7       	brne	.-8      	; 0x1c38 <DS3231::now()+0xd6>
    1c40:	2f 70       	andi	r18, 0x0F	; 15
    1c42:	33 27       	eor	r19, r19
    1c44:	92 2f       	mov	r25, r18
    1c46:	99 0f       	add	r25, r25
    1c48:	99 0f       	add	r25, r25
    1c4a:	d2 2e       	mov	r13, r18
    1c4c:	d9 1a       	sub	r13, r25
    1c4e:	dd 0c       	add	r13, r13
    1c50:	d8 0e       	add	r13, r24
_ZN6DS32313nowEv():
C:\Users\Ted\Documents\GitHub\OpenOBS-328\sensor\firmware\OpenOBS-328\src\libs\DS3231/DS3231.cpp:210
	uint8_t hh = bcd2bin((hrreg & ~0b11000000)); //Ignore 24 Hour bit

	uint8_t wd =  Wire.read();
	uint8_t d = bcd2bin(Wire.read());
	uint8_t m = bcd2bin(Wire.read());
	uint16_t y = bcd2bin(Wire.read()) + 2000;
    1c52:	0e 94 04 01 	call	0x208	; 0x208 <TwoWire::read() [clone .constprop.123]>
bcd2bin():
C:\Users\Ted\Documents\GitHub\OpenOBS-328\sensor\firmware\OpenOBS-328\src\libs\DS3231/DS3231.cpp:133
	uint16_t days = date2days(yOff, m, d);
	t = time2long(days, hh, mm, ss);
	return t;
}

static uint8_t bcd2bin (uint8_t val) { return val - 6 * (val >> 4); }
    1c56:	ac 01       	movw	r20, r24
    1c58:	e4 e0       	ldi	r30, 0x04	; 4
    1c5a:	55 95       	asr	r21
    1c5c:	47 95       	ror	r20
    1c5e:	ea 95       	dec	r30
    1c60:	e1 f7       	brne	.-8      	; 0x1c5a <DS3231::now()+0xf8>
    1c62:	4f 70       	andi	r20, 0x0F	; 15
    1c64:	55 27       	eor	r21, r21
    1c66:	94 2f       	mov	r25, r20
    1c68:	99 0f       	add	r25, r25
    1c6a:	99 0f       	add	r25, r25
    1c6c:	24 2f       	mov	r18, r20
    1c6e:	29 1b       	sub	r18, r25
    1c70:	22 0f       	add	r18, r18
    1c72:	28 0f       	add	r18, r24
_ZN6DS32313nowEv():
C:\Users\Ted\Documents\GitHub\OpenOBS-328\sensor\firmware\OpenOBS-328\src\libs\DS3231/DS3231.cpp:213
	uint8_t d = bcd2bin(Wire.read());
	uint8_t m = bcd2bin(Wire.read());
	uint16_t y = bcd2bin(Wire.read()) + 2000;
	
	return DateTime (y, m, d, hh, mm, ss, wd);
}
    1c74:	3d 2d       	mov	r19, r13
    1c76:	a7 01       	movw	r20, r14
    1c78:	b8 01       	movw	r22, r16
    1c7a:	8c 2d       	mov	r24, r12
    1c7c:	90 e0       	ldi	r25, 0x00	; 0
    1c7e:	27 96       	adiw	r28, 0x07	; 7
    1c80:	0f b6       	in	r0, 0x3f	; 63
    1c82:	f8 94       	cli
    1c84:	de bf       	out	0x3e, r29	; 62
    1c86:	0f be       	out	0x3f, r0	; 63
    1c88:	cd bf       	out	0x3d, r28	; 61
    1c8a:	df 91       	pop	r29
    1c8c:	cf 91       	pop	r28
    1c8e:	1f 91       	pop	r17
    1c90:	0f 91       	pop	r16
    1c92:	ff 90       	pop	r15
    1c94:	ef 90       	pop	r14
    1c96:	df 90       	pop	r13
    1c98:	cf 90       	pop	r12
    1c9a:	08 95       	ret

00001c9c <dateTime_callback(unsigned int*, unsigned int*)>:
_Z17dateTime_callbackPjS_():
C:\Users\Ted\Documents\GitHub\OpenOBS-328\sensor\firmware\OpenOBS-328/utils.ino:54
  serialSend(messageBuffer);
}


//callback for SD file creation date.
void dateTime_callback(uint16_t* date, uint16_t* time) {
    1c9c:	ef 92       	push	r14
    1c9e:	ff 92       	push	r15
    1ca0:	0f 93       	push	r16
    1ca2:	1f 93       	push	r17
    1ca4:	cf 93       	push	r28
    1ca6:	df 93       	push	r29
    1ca8:	00 d0       	rcall	.+0      	; 0x1caa <dateTime_callback(unsigned int*, unsigned int*)+0xe>
    1caa:	00 d0       	rcall	.+0      	; 0x1cac <dateTime_callback(unsigned int*, unsigned int*)+0x10>
    1cac:	00 d0       	rcall	.+0      	; 0x1cae <dateTime_callback(unsigned int*, unsigned int*)+0x12>
    1cae:	1f 92       	push	r1
    1cb0:	cd b7       	in	r28, 0x3d	; 61
    1cb2:	de b7       	in	r29, 0x3e	; 62
    1cb4:	7c 01       	movw	r14, r24
    1cb6:	8b 01       	movw	r16, r22
C:\Users\Ted\Documents\GitHub\OpenOBS-328\sensor\firmware\OpenOBS-328/utils.ino:55
  DateTime now = RTC.now();
    1cb8:	0e 94 b1 0d 	call	0x1b62	; 0x1b62 <DS3231::now()>
    1cbc:	5c 83       	std	Y+4, r21	; 0x04
    1cbe:	6d 83       	std	Y+5, r22	; 0x05
    1cc0:	7e 83       	std	Y+6, r23	; 0x06
_ZNK8DateTime4yearEv():
C:\Users\Ted\Documents\GitHub\OpenOBS-328\sensor\firmware\OpenOBS-328\src\libs\DS3231/DS3231.h:68
	uint8_t minute() const      { return mm; } 
	uint8_t hour() const        { return hh; }
 
	uint8_t date() const        { return d; }
	uint8_t month() const       { return m; }
	uint16_t year() const       { return 2000 + yOff; }
    1cc2:	82 2f       	mov	r24, r18
    1cc4:	90 e0       	ldi	r25, 0x00	; 0
FS_DATE():
C:\Users\Ted\Documents\Arduino\libraries\SdFat\src\common/fsdatetime.h:117
 * \param[in] day [1,31]
 *
 * \return Packed date for directory entry.
 */
static inline uint16_t FS_DATE(uint16_t year, uint8_t month, uint8_t day) {
  year -= 1980;
    1cc6:	44 96       	adiw	r24, 0x14	; 20
C:\Users\Ted\Documents\Arduino\libraries\SdFat\src\common/fsdatetime.h:118
  return year > 127 || month > 12 || day > 31 ? 0 :
    1cc8:	80 38       	cpi	r24, 0x80	; 128
    1cca:	91 05       	cpc	r25, r1
    1ccc:	d8 f5       	brcc	.+118    	; 0x1d44 <dateTime_callback(unsigned int*, unsigned int*)+0xa8>
    1cce:	3d 30       	cpi	r19, 0x0D	; 13
    1cd0:	c8 f5       	brcc	.+114    	; 0x1d44 <dateTime_callback(unsigned int*, unsigned int*)+0xa8>
    1cd2:	40 32       	cpi	r20, 0x20	; 32
    1cd4:	b8 f5       	brcc	.+110    	; 0x1d44 <dateTime_callback(unsigned int*, unsigned int*)+0xa8>
C:\Users\Ted\Documents\Arduino\libraries\SdFat\src\common/fsdatetime.h:119
         year << 9 | month << 5 | day;
    1cd6:	50 e2       	ldi	r21, 0x20	; 32
    1cd8:	35 9f       	mul	r19, r21
    1cda:	90 01       	movw	r18, r0
    1cdc:	11 24       	eor	r1, r1
C:\Users\Ted\Documents\Arduino\libraries\SdFat\src\common/fsdatetime.h:118
 *
 * \return Packed date for directory entry.
 */
static inline uint16_t FS_DATE(uint16_t year, uint8_t month, uint8_t day) {
  year -= 1980;
  return year > 127 || month > 12 || day > 31 ? 0 :
    1cde:	24 2b       	or	r18, r20
C:\Users\Ted\Documents\Arduino\libraries\SdFat\src\common/fsdatetime.h:119
         year << 9 | month << 5 | day;
    1ce0:	98 2f       	mov	r25, r24
    1ce2:	88 27       	eor	r24, r24
    1ce4:	99 0f       	add	r25, r25
C:\Users\Ted\Documents\Arduino\libraries\SdFat\src\common/fsdatetime.h:118
 *
 * \return Packed date for directory entry.
 */
static inline uint16_t FS_DATE(uint16_t year, uint8_t month, uint8_t day) {
  year -= 1980;
  return year > 127 || month > 12 || day > 31 ? 0 :
    1ce6:	28 2b       	or	r18, r24
    1ce8:	39 2b       	or	r19, r25
_Z17dateTime_callbackPjS_():
C:\Users\Ted\Documents\GitHub\OpenOBS-328\sensor\firmware\OpenOBS-328/utils.ino:57
  // return date using FAT_DATE macro to format fields
  *date = FAT_DATE(now.year(), now.month(), now.date());
    1cea:	f7 01       	movw	r30, r14
    1cec:	31 83       	std	Z+1, r19	; 0x01
    1cee:	20 83       	st	Z, r18
    1cf0:	2e 81       	ldd	r18, Y+6	; 0x06
    1cf2:	4d 81       	ldd	r20, Y+5	; 0x05
    1cf4:	8c 81       	ldd	r24, Y+4	; 0x04
FS_TIME():
C:\Users\Ted\Documents\Arduino\libraries\SdFat\src\common/fsdatetime.h:153
 * \param[in] second [0,59]
 *
 * \return Packed time for directory entry.
 */
static inline uint16_t FS_TIME(uint8_t hour, uint8_t minute, uint8_t second) {
  return hour > 23 || minute > 59 || second > 59 ? 0 :
    1cf6:	88 31       	cpi	r24, 0x18	; 24
    1cf8:	40 f5       	brcc	.+80     	; 0x1d4a <dateTime_callback(unsigned int*, unsigned int*)+0xae>
    1cfa:	4c 33       	cpi	r20, 0x3C	; 60
    1cfc:	30 f5       	brcc	.+76     	; 0x1d4a <dateTime_callback(unsigned int*, unsigned int*)+0xae>
    1cfe:	2c 33       	cpi	r18, 0x3C	; 60
    1d00:	20 f5       	brcc	.+72     	; 0x1d4a <dateTime_callback(unsigned int*, unsigned int*)+0xae>
C:\Users\Ted\Documents\Arduino\libraries\SdFat\src\common/fsdatetime.h:154
         hour << 11 | minute << 5 | second >> 1;
    1d02:	90 e0       	ldi	r25, 0x00	; 0
    1d04:	98 2f       	mov	r25, r24
    1d06:	88 27       	eor	r24, r24
    1d08:	99 0f       	add	r25, r25
    1d0a:	99 0f       	add	r25, r25
    1d0c:	99 0f       	add	r25, r25
    1d0e:	f0 e2       	ldi	r31, 0x20	; 32
    1d10:	4f 9f       	mul	r20, r31
    1d12:	a0 01       	movw	r20, r0
    1d14:	11 24       	eor	r1, r1
    1d16:	84 2b       	or	r24, r20
    1d18:	95 2b       	or	r25, r21
    1d1a:	30 e0       	ldi	r19, 0x00	; 0
    1d1c:	35 95       	asr	r19
    1d1e:	27 95       	ror	r18
    1d20:	82 2b       	or	r24, r18
    1d22:	93 2b       	or	r25, r19
_Z17dateTime_callbackPjS_():
C:\Users\Ted\Documents\GitHub\OpenOBS-328\sensor\firmware\OpenOBS-328/utils.ino:59
  // return time using FAT_TIME macro to format fields
  *time = FAT_TIME(now.hour(), now.minute(), now.second());
    1d24:	f8 01       	movw	r30, r16
    1d26:	91 83       	std	Z+1, r25	; 0x01
    1d28:	80 83       	st	Z, r24
C:\Users\Ted\Documents\GitHub\OpenOBS-328\sensor\firmware\OpenOBS-328/utils.ino:60
}
    1d2a:	27 96       	adiw	r28, 0x07	; 7
    1d2c:	0f b6       	in	r0, 0x3f	; 63
    1d2e:	f8 94       	cli
    1d30:	de bf       	out	0x3e, r29	; 62
    1d32:	0f be       	out	0x3f, r0	; 63
    1d34:	cd bf       	out	0x3d, r28	; 61
    1d36:	df 91       	pop	r29
    1d38:	cf 91       	pop	r28
    1d3a:	1f 91       	pop	r17
    1d3c:	0f 91       	pop	r16
    1d3e:	ff 90       	pop	r15
    1d40:	ef 90       	pop	r14
    1d42:	08 95       	ret
C:\Users\Ted\Documents\Arduino\libraries\SdFat\src\common/fsdatetime.h:118
 *
 * \return Packed date for directory entry.
 */
static inline uint16_t FS_DATE(uint16_t year, uint8_t month, uint8_t day) {
  year -= 1980;
  return year > 127 || month > 12 || day > 31 ? 0 :
    1d44:	30 e0       	ldi	r19, 0x00	; 0
    1d46:	20 e0       	ldi	r18, 0x00	; 0
    1d48:	d0 cf       	rjmp	.-96     	; 0x1cea <dateTime_callback(unsigned int*, unsigned int*)+0x4e>
C:\Users\Ted\Documents\Arduino\libraries\SdFat\src\common/fsdatetime.h:153
 * \param[in] second [0,59]
 *
 * \return Packed time for directory entry.
 */
static inline uint16_t FS_TIME(uint8_t hour, uint8_t minute, uint8_t second) {
  return hour > 23 || minute > 59 || second > 59 ? 0 :
    1d4a:	90 e0       	ldi	r25, 0x00	; 0
    1d4c:	80 e0       	ldi	r24, 0x00	; 0
    1d4e:	ea cf       	rjmp	.-44     	; 0x1d24 <dateTime_callback(unsigned int*, unsigned int*)+0x88>

00001d50 <Adafruit_VCNL4010::write8(unsigned char, unsigned char) [clone .constprop.72]>:
_ZN17Adafruit_VCNL40106write8Ehh.constprop.72():
C:\Users\Ted\Documents\GitHub\OpenOBS-328\sensor\firmware\OpenOBS-328\src\libs\Adafruit_VCNL4010/Adafruit_VCNL4010.cpp:205
  i2c_dev->write_then_read(buffer, 1, buffer, 2);
  return (uint16_t(buffer[0]) << 8) | uint16_t(buffer[1]);
}

// write 1 byte
void Adafruit_VCNL4010::write8(uint8_t address, uint8_t data) {
    1d50:	0f 93       	push	r16
    1d52:	1f 93       	push	r17
    1d54:	cf 93       	push	r28
    1d56:	df 93       	push	r29
    1d58:	00 d0       	rcall	.+0      	; 0x1d5a <Adafruit_VCNL4010::write8(unsigned char, unsigned char) [clone .constprop.72]+0xa>
    1d5a:	cd b7       	in	r28, 0x3d	; 61
    1d5c:	de b7       	in	r29, 0x3e	; 62
C:\Users\Ted\Documents\GitHub\OpenOBS-328\sensor\firmware\OpenOBS-328\src\libs\Adafruit_VCNL4010/Adafruit_VCNL4010.cpp:206
  uint8_t buffer[2] = {address, data};
    1d5e:	89 83       	std	Y+1, r24	; 0x01
    1d60:	6a 83       	std	Y+2, r22	; 0x02
C:\Users\Ted\Documents\GitHub\OpenOBS-328\sensor\firmware\OpenOBS-328\src\libs\Adafruit_VCNL4010/Adafruit_VCNL4010.cpp:207
  i2c_dev->write(buffer, 2);
    1d62:	00 91 31 04 	lds	r16, 0x0431	; 0x800431 <sensors+0x9>
    1d66:	10 91 32 04 	lds	r17, 0x0432	; 0x800432 <sensors+0xa>
write():
C:\Users\Ted\Documents\GitHub\OpenOBS-328\sensor\firmware\OpenOBS-328\src\libs\Adafruit_VCNL4010/Adafruit_I2CDevice.cpp:74
 *    @return True if write was successful, otherwise false.
 */
bool Adafruit_I2CDevice::write(const uint8_t *buffer, size_t len, bool stop,
                               const uint8_t *prefix_buffer,
                               size_t prefix_len) {
  if ((len + prefix_len) > maxBufferSize()) {
    1d6a:	f8 01       	movw	r30, r16
    1d6c:	84 81       	ldd	r24, Z+4	; 0x04
    1d6e:	95 81       	ldd	r25, Z+5	; 0x05
    1d70:	02 97       	sbiw	r24, 0x02	; 2
    1d72:	60 f0       	brcs	.+24     	; 0x1d8c <Adafruit_VCNL4010::write8(unsigned char, unsigned char) [clone .constprop.72]+0x3c>
C:\Users\Ted\Documents\GitHub\OpenOBS-328\sensor\firmware\OpenOBS-328\src\libs\Adafruit_VCNL4010/Adafruit_I2CDevice.cpp:84
    DEBUG_SERIAL.println(F("\tI2CDevice could not write such a large buffer"));
#endif
    return false;
  }

  _wire->beginTransmission(_addr);
    1d74:	80 81       	ld	r24, Z
    1d76:	0e 94 b6 01 	call	0x36c	; 0x36c <TwoWire::beginTransmission(unsigned char) [clone .constprop.117]>
    1d7a:	21 e0       	ldi	r18, 0x01	; 1
    1d7c:	42 e0       	ldi	r20, 0x02	; 2
    1d7e:	50 e0       	ldi	r21, 0x00	; 0
    1d80:	be 01       	movw	r22, r28
    1d82:	6f 5f       	subi	r22, 0xFF	; 255
    1d84:	7f 4f       	sbci	r23, 0xFF	; 255
    1d86:	c8 01       	movw	r24, r16
    1d88:	0e 94 28 0c 	call	0x1850	; 0x1850 <Adafruit_I2CDevice::write(unsigned char const*, unsigned int, bool, unsigned char const*, unsigned int) [clone .part.1]>
_ZN17Adafruit_VCNL40106write8Ehh.constprop.72():
C:\Users\Ted\Documents\GitHub\OpenOBS-328\sensor\firmware\OpenOBS-328\src\libs\Adafruit_VCNL4010/Adafruit_VCNL4010.cpp:208
}
    1d8c:	0f 90       	pop	r0
    1d8e:	0f 90       	pop	r0
    1d90:	df 91       	pop	r29
    1d92:	cf 91       	pop	r28
    1d94:	1f 91       	pop	r17
    1d96:	0f 91       	pop	r16
    1d98:	08 95       	ret

00001d9a <Adafruit_I2CDevice::write_then_read(unsigned char const*, unsigned int, unsigned char*, unsigned int, bool) [clone .constprop.33]>:
_ZN18Adafruit_I2CDevice15write_then_readEPKhjPhjb.constprop.33():
C:\Users\Ted\Documents\GitHub\OpenOBS-328\sensor\firmware\OpenOBS-328\src\libs\Adafruit_VCNL4010/Adafruit_I2CDevice.cpp:206
 *    @param  read_buffer Pointer to buffer of data to read into.
 *    @param  read_len Number of bytes from buffer to read.
 *    @param  stop Whether to send an I2C STOP signal between the write and read
 *    @return True if write & read was successful, otherwise false.
 */
bool Adafruit_I2CDevice::write_then_read(const uint8_t *write_buffer,
    1d9a:	bf 92       	push	r11
    1d9c:	cf 92       	push	r12
    1d9e:	df 92       	push	r13
    1da0:	ef 92       	push	r14
    1da2:	ff 92       	push	r15
    1da4:	0f 93       	push	r16
    1da6:	1f 93       	push	r17
    1da8:	cf 93       	push	r28
    1daa:	df 93       	push	r29
write():
C:\Users\Ted\Documents\GitHub\OpenOBS-328\sensor\firmware\OpenOBS-328\src\libs\Adafruit_VCNL4010/Adafruit_I2CDevice.cpp:74
 *    @return True if write was successful, otherwise false.
 */
bool Adafruit_I2CDevice::write(const uint8_t *buffer, size_t len, bool stop,
                               const uint8_t *prefix_buffer,
                               size_t prefix_len) {
  if ((len + prefix_len) > maxBufferSize()) {
    1dac:	dc 01       	movw	r26, r24
    1dae:	14 96       	adiw	r26, 0x04	; 4
    1db0:	ed 91       	ld	r30, X+
    1db2:	fc 91       	ld	r31, X
    1db4:	ef 2b       	or	r30, r31
    1db6:	09 f4       	brne	.+2      	; 0x1dba <Adafruit_I2CDevice::write_then_read(unsigned char const*, unsigned int, unsigned char*, unsigned int, bool) [clone .constprop.33]+0x20>
    1db8:	46 c0       	rjmp	.+140    	; 0x1e46 <Adafruit_I2CDevice::write_then_read(unsigned char const*, unsigned int, unsigned char*, unsigned int, bool) [clone .constprop.33]+0xac>
    1dba:	e9 01       	movw	r28, r18
    1dbc:	c5 2e       	mov	r12, r21
    1dbe:	b4 2e       	mov	r11, r20
    1dc0:	7b 01       	movw	r14, r22
    1dc2:	8c 01       	movw	r16, r24
C:\Users\Ted\Documents\GitHub\OpenOBS-328\sensor\firmware\OpenOBS-328\src\libs\Adafruit_VCNL4010/Adafruit_I2CDevice.cpp:84
    DEBUG_SERIAL.println(F("\tI2CDevice could not write such a large buffer"));
#endif
    return false;
  }

  _wire->beginTransmission(_addr);
    1dc4:	fc 01       	movw	r30, r24
    1dc6:	80 81       	ld	r24, Z
    1dc8:	0e 94 b6 01 	call	0x36c	; 0x36c <TwoWire::beginTransmission(unsigned char) [clone .constprop.117]>
    1dcc:	20 e0       	ldi	r18, 0x00	; 0
    1dce:	41 e0       	ldi	r20, 0x01	; 1
    1dd0:	50 e0       	ldi	r21, 0x00	; 0
    1dd2:	b7 01       	movw	r22, r14
    1dd4:	c8 01       	movw	r24, r16
    1dd6:	0e 94 28 0c 	call	0x1850	; 0x1850 <Adafruit_I2CDevice::write(unsigned char const*, unsigned int, bool, unsigned char const*, unsigned int) [clone .part.1]>
    1dda:	d8 2e       	mov	r13, r24
_ZN18Adafruit_I2CDevice15write_then_readEPKhjPhjb.constprop.33():
C:\Users\Ted\Documents\GitHub\OpenOBS-328\sensor\firmware\OpenOBS-328\src\libs\Adafruit_VCNL4010/Adafruit_I2CDevice.cpp:209
 *    @return True if write & read was successful, otherwise false.
 */
bool Adafruit_I2CDevice::write_then_read(const uint8_t *write_buffer,
                                         size_t write_len, uint8_t *read_buffer,
                                         size_t read_len, bool stop) {
  if (!write(write_buffer, write_len, stop)) {
    1ddc:	88 23       	and	r24, r24
    1dde:	99 f1       	breq	.+102    	; 0x1e46 <Adafruit_I2CDevice::write_then_read(unsigned char const*, unsigned int, unsigned char*, unsigned int, bool) [clone .constprop.33]+0xac>
read():
C:\Users\Ted\Documents\GitHub\OpenOBS-328\sensor\firmware\OpenOBS-328\src\libs\Adafruit_VCNL4010/Adafruit_I2CDevice.cpp:153
 *    @param  len Number of bytes from buffer to read.
 *    @param  stop Whether to send an I2C STOP signal on read
 *    @return True if read was successful, otherwise false.
 */
bool Adafruit_I2CDevice::read(uint8_t *buffer, size_t len, bool stop) {
  if (len > maxBufferSize()) {
    1de0:	d8 01       	movw	r26, r16
    1de2:	14 96       	adiw	r26, 0x04	; 4
    1de4:	8d 91       	ld	r24, X+
    1de6:	9c 91       	ld	r25, X
    1de8:	15 97       	sbiw	r26, 0x05	; 5
    1dea:	8c 17       	cp	r24, r28
    1dec:	9d 07       	cpc	r25, r29
    1dee:	58 f1       	brcs	.+86     	; 0x1e46 <Adafruit_I2CDevice::write_then_read(unsigned char const*, unsigned int, unsigned char*, unsigned int, bool) [clone .constprop.33]+0xac>
twi_readFrom():
    1df0:	41 e0       	ldi	r20, 0x01	; 1
    1df2:	6c 2f       	mov	r22, r28
    1df4:	8c 91       	ld	r24, X
    1df6:	0e 94 17 01 	call	0x22e	; 0x22e <twi_readFrom.part.0.constprop.122>
requestFrom():
C:\Users\Ted\AppData\Local\Arduino15\packages\MiniCore\hardware\avr\2.1.3\libraries\Wire\src/Wire.cpp:119
    quantity = TWI_BUFFER_SIZE;
  }
  // perform blocking read into buffer
  uint8_t read = twi_readFrom(address, rxBuffer, quantity, sendStop);
  // set rx buffer iterator vars
  rxBufferIndex = 0;
    1dfa:	10 92 7e 03 	sts	0x037E, r1	; 0x80037e <TwoWire::rxBufferIndex>
C:\Users\Ted\AppData\Local\Arduino15\packages\MiniCore\hardware\avr\2.1.3\libraries\Wire\src/Wire.cpp:120
  rxBufferLength = read;
    1dfe:	80 93 7d 03 	sts	0x037D, r24	; 0x80037d <TwoWire::rxBufferLength>
read():
C:\Users\Ted\Documents\GitHub\OpenOBS-328\sensor\firmware\OpenOBS-328\src\libs\Adafruit_VCNL4010/Adafruit_I2CDevice.cpp:164
#endif
    return false;
  }

  size_t recv = _wire->requestFrom((uint8_t)_addr, (uint8_t)len, (uint8_t)stop);
  if (recv != len) {
    1e02:	8c 17       	cp	r24, r28
    1e04:	1d 06       	cpc	r1, r29
    1e06:	f9 f4       	brne	.+62     	; 0x1e46 <Adafruit_I2CDevice::write_then_read(unsigned char const*, unsigned int, unsigned char*, unsigned int, bool) [clone .constprop.33]+0xac>
    1e08:	eb 2c       	mov	r14, r11
    1e0a:	fc 2c       	mov	r15, r12
    1e0c:	ce 0d       	add	r28, r14
    1e0e:	df 1d       	adc	r29, r15
C:\Users\Ted\Documents\GitHub\OpenOBS-328\sensor\firmware\OpenOBS-328\src\libs\Adafruit_VCNL4010/Adafruit_I2CDevice.cpp:174
#endif
    return false;
  }

  for (uint16_t i = 0; i < len; i++) {
    buffer[i] = _wire->read();
    1e10:	f8 01       	movw	r30, r16
    1e12:	81 81       	ldd	r24, Z+1	; 0x01
    1e14:	92 81       	ldd	r25, Z+2	; 0x02
    1e16:	dc 01       	movw	r26, r24
    1e18:	ed 91       	ld	r30, X+
    1e1a:	fc 91       	ld	r31, X
    1e1c:	02 84       	ldd	r0, Z+10	; 0x0a
    1e1e:	f3 85       	ldd	r31, Z+11	; 0x0b
    1e20:	e0 2d       	mov	r30, r0
    1e22:	09 95       	icall
    1e24:	f7 01       	movw	r30, r14
    1e26:	81 93       	st	Z+, r24
    1e28:	7f 01       	movw	r14, r30
C:\Users\Ted\Documents\GitHub\OpenOBS-328\sensor\firmware\OpenOBS-328\src\libs\Adafruit_VCNL4010/Adafruit_I2CDevice.cpp:173
    DEBUG_SERIAL.println(recv);
#endif
    return false;
  }

  for (uint16_t i = 0; i < len; i++) {
    1e2a:	ce 17       	cp	r28, r30
    1e2c:	df 07       	cpc	r29, r31
    1e2e:	81 f7       	brne	.-32     	; 0x1e10 <Adafruit_I2CDevice::write_then_read(unsigned char const*, unsigned int, unsigned char*, unsigned int, bool) [clone .constprop.33]+0x76>
_ZN18Adafruit_I2CDevice15write_then_readEPKhjPhjb.constprop.33():
C:\Users\Ted\Documents\GitHub\OpenOBS-328\sensor\firmware\OpenOBS-328\src\libs\Adafruit_VCNL4010/Adafruit_I2CDevice.cpp:214
  if (!write(write_buffer, write_len, stop)) {
    return false;
  }

  return read(read_buffer, read_len);
}
    1e30:	8d 2d       	mov	r24, r13
    1e32:	df 91       	pop	r29
    1e34:	cf 91       	pop	r28
    1e36:	1f 91       	pop	r17
    1e38:	0f 91       	pop	r16
    1e3a:	ff 90       	pop	r15
    1e3c:	ef 90       	pop	r14
    1e3e:	df 90       	pop	r13
    1e40:	cf 90       	pop	r12
    1e42:	bf 90       	pop	r11
    1e44:	08 95       	ret
C:\Users\Ted\Documents\GitHub\OpenOBS-328\sensor\firmware\OpenOBS-328\src\libs\Adafruit_VCNL4010/Adafruit_I2CDevice.cpp:210
 */
bool Adafruit_I2CDevice::write_then_read(const uint8_t *write_buffer,
                                         size_t write_len, uint8_t *read_buffer,
                                         size_t read_len, bool stop) {
  if (!write(write_buffer, write_len, stop)) {
    return false;
    1e46:	d1 2c       	mov	r13, r1
    1e48:	f3 cf       	rjmp	.-26     	; 0x1e30 <Adafruit_I2CDevice::write_then_read(unsigned char const*, unsigned int, unsigned char*, unsigned int, bool) [clone .constprop.33]+0x96>

00001e4a <Adafruit_VCNL4010::read16(unsigned char) [clone .constprop.32]>:
_ZN17Adafruit_VCNL40106read16Eh.constprop.32():
C:\Users\Ted\Documents\GitHub\OpenOBS-328\sensor\firmware\OpenOBS-328\src\libs\Adafruit_VCNL4010/Adafruit_VCNL4010.cpp:198
  i2c_dev->write_then_read(buffer, 1, buffer, 1);
  return buffer[0];
}

// Read 2 byte from the VCNL4000 at 'address'
uint16_t Adafruit_VCNL4010::read16(uint8_t address) {
    1e4a:	cf 93       	push	r28
    1e4c:	df 93       	push	r29
    1e4e:	00 d0       	rcall	.+0      	; 0x1e50 <Adafruit_VCNL4010::read16(unsigned char) [clone .constprop.32]+0x6>
    1e50:	cd b7       	in	r28, 0x3d	; 61
    1e52:	de b7       	in	r29, 0x3e	; 62
C:\Users\Ted\Documents\GitHub\OpenOBS-328\sensor\firmware\OpenOBS-328\src\libs\Adafruit_VCNL4010/Adafruit_VCNL4010.cpp:199
  uint8_t buffer[2] = {address, 0};
    1e54:	1a 82       	std	Y+2, r1	; 0x02
    1e56:	19 82       	std	Y+1, r1	; 0x01
    1e58:	89 83       	std	Y+1, r24	; 0x01
C:\Users\Ted\Documents\GitHub\OpenOBS-328\sensor\firmware\OpenOBS-328\src\libs\Adafruit_VCNL4010/Adafruit_VCNL4010.cpp:200
  i2c_dev->write_then_read(buffer, 1, buffer, 2);
    1e5a:	22 e0       	ldi	r18, 0x02	; 2
    1e5c:	30 e0       	ldi	r19, 0x00	; 0
    1e5e:	ae 01       	movw	r20, r28
    1e60:	4f 5f       	subi	r20, 0xFF	; 255
    1e62:	5f 4f       	sbci	r21, 0xFF	; 255
    1e64:	ba 01       	movw	r22, r20
    1e66:	80 91 31 04 	lds	r24, 0x0431	; 0x800431 <sensors+0x9>
    1e6a:	90 91 32 04 	lds	r25, 0x0432	; 0x800432 <sensors+0xa>
    1e6e:	0e 94 cd 0e 	call	0x1d9a	; 0x1d9a <Adafruit_I2CDevice::write_then_read(unsigned char const*, unsigned int, unsigned char*, unsigned int, bool) [clone .constprop.33]>
    1e72:	89 81       	ldd	r24, Y+1	; 0x01
    1e74:	9a 81       	ldd	r25, Y+2	; 0x02
C:\Users\Ted\Documents\GitHub\OpenOBS-328\sensor\firmware\OpenOBS-328\src\libs\Adafruit_VCNL4010/Adafruit_VCNL4010.cpp:202
  return (uint16_t(buffer[0]) << 8) | uint16_t(buffer[1]);
}
    1e76:	98 27       	eor	r25, r24
    1e78:	89 27       	eor	r24, r25
    1e7a:	98 27       	eor	r25, r24
    1e7c:	0f 90       	pop	r0
    1e7e:	0f 90       	pop	r0
    1e80:	df 91       	pop	r29
    1e82:	cf 91       	pop	r28
    1e84:	08 95       	ret

00001e86 <Adafruit_VCNL4010::read8(unsigned char) [clone .constprop.31]>:
_ZN17Adafruit_VCNL40105read8Eh.constprop.31():
C:\Users\Ted\Documents\GitHub\OpenOBS-328\sensor\firmware\OpenOBS-328\src\libs\Adafruit_VCNL4010/Adafruit_VCNL4010.cpp:191
    @brief  I2C low level interfacing
*/
/**************************************************************************/

// Read 1 byte from the VCNL4000 at 'address'
uint8_t Adafruit_VCNL4010::read8(uint8_t address) {
    1e86:	cf 93       	push	r28
    1e88:	df 93       	push	r29
    1e8a:	1f 92       	push	r1
    1e8c:	cd b7       	in	r28, 0x3d	; 61
    1e8e:	de b7       	in	r29, 0x3e	; 62
C:\Users\Ted\Documents\GitHub\OpenOBS-328\sensor\firmware\OpenOBS-328\src\libs\Adafruit_VCNL4010/Adafruit_VCNL4010.cpp:192
  uint8_t buffer[1] = {address};
    1e90:	89 83       	std	Y+1, r24	; 0x01
C:\Users\Ted\Documents\GitHub\OpenOBS-328\sensor\firmware\OpenOBS-328\src\libs\Adafruit_VCNL4010/Adafruit_VCNL4010.cpp:193
  i2c_dev->write_then_read(buffer, 1, buffer, 1);
    1e92:	21 e0       	ldi	r18, 0x01	; 1
    1e94:	30 e0       	ldi	r19, 0x00	; 0
    1e96:	ae 01       	movw	r20, r28
    1e98:	4f 5f       	subi	r20, 0xFF	; 255
    1e9a:	5f 4f       	sbci	r21, 0xFF	; 255
    1e9c:	ba 01       	movw	r22, r20
    1e9e:	80 91 31 04 	lds	r24, 0x0431	; 0x800431 <sensors+0x9>
    1ea2:	90 91 32 04 	lds	r25, 0x0432	; 0x800432 <sensors+0xa>
    1ea6:	0e 94 cd 0e 	call	0x1d9a	; 0x1d9a <Adafruit_I2CDevice::write_then_read(unsigned char const*, unsigned int, unsigned char*, unsigned int, bool) [clone .constprop.33]>
C:\Users\Ted\Documents\GitHub\OpenOBS-328\sensor\firmware\OpenOBS-328\src\libs\Adafruit_VCNL4010/Adafruit_VCNL4010.cpp:195
  return buffer[0];
}
    1eaa:	89 81       	ldd	r24, Y+1	; 0x01
    1eac:	0f 90       	pop	r0
    1eae:	df 91       	pop	r29
    1eb0:	cf 91       	pop	r28
    1eb2:	08 95       	ret

00001eb4 <unsigned int& EEPROMClass::get<unsigned int>(int, unsigned int&) [clone .isra.8] [clone .constprop.100]>:
_ZN11EEPROMClass3getIjEERT_iS2_.isra.8.constprop.100():
C:\Users\Ted\AppData\Local\Arduino15\packages\MiniCore\hardware\avr\2.1.3\libraries\EEPROM\src/EEPROM.h:130
    EEPtr begin()                        { return 0x00; }
    EEPtr end()                          { return length(); } //Standards requires this to be the item after the last valid entry. The returned pointer is invalid.
    uint16_t length()                    { return E2END + 1; }
    
    //Functionality to 'get' and 'put' objects to and from EEPROM.
    template< typename T > T &get( int idx, T &t ){
    1eb4:	cf 93       	push	r28
    1eb6:	df 93       	push	r29
operator*():
C:\Users\Ted\AppData\Local\Arduino15\packages\MiniCore\hardware\avr\2.1.3\libraries\EEPROM\src/EEPROM.h:42

    EERef( const int index )
        : index( index )                 {}
    
    //Access/read members.
    uint8_t operator*() const            { return eeprom_read_byte( (uint8_t*) index ); }
    1eb8:	84 ef       	ldi	r24, 0xF4	; 244
    1eba:	91 e0       	ldi	r25, 0x01	; 1
    1ebc:	0e 94 40 2f 	call	0x5e80	; 0x5e80 <eeprom_read_byte>
_ZN11EEPROMClass3getIjEERT_iS2_.isra.8.constprop.100():
C:\Users\Ted\AppData\Local\Arduino15\packages\MiniCore\hardware\avr\2.1.3\libraries\EEPROM\src/EEPROM.h:133
    
    //Functionality to 'get' and 'put' objects to and from EEPROM.
    template< typename T > T &get( int idx, T &t ){
        EEPtr e = idx;
        uint8_t *ptr = (uint8_t*) &t;
        for( int count = sizeof(T) ; count ; --count, ++e )  *ptr++ = *e;
    1ec0:	c0 e1       	ldi	r28, 0x10	; 16
    1ec2:	d3 e0       	ldi	r29, 0x03	; 3
    1ec4:	88 83       	st	Y, r24
operator*():
C:\Users\Ted\AppData\Local\Arduino15\packages\MiniCore\hardware\avr\2.1.3\libraries\EEPROM\src/EEPROM.h:42

    EERef( const int index )
        : index( index )                 {}
    
    //Access/read members.
    uint8_t operator*() const            { return eeprom_read_byte( (uint8_t*) index ); }
    1ec6:	85 ef       	ldi	r24, 0xF5	; 245
    1ec8:	91 e0       	ldi	r25, 0x01	; 1
    1eca:	0e 94 40 2f 	call	0x5e80	; 0x5e80 <eeprom_read_byte>
_ZN11EEPROMClass3getIjEERT_iS2_.isra.8.constprop.100():
C:\Users\Ted\AppData\Local\Arduino15\packages\MiniCore\hardware\avr\2.1.3\libraries\EEPROM\src/EEPROM.h:133
    
    //Functionality to 'get' and 'put' objects to and from EEPROM.
    template< typename T > T &get( int idx, T &t ){
        EEPtr e = idx;
        uint8_t *ptr = (uint8_t*) &t;
        for( int count = sizeof(T) ; count ; --count, ++e )  *ptr++ = *e;
    1ece:	89 83       	std	Y+1, r24	; 0x01
C:\Users\Ted\AppData\Local\Arduino15\packages\MiniCore\hardware\avr\2.1.3\libraries\EEPROM\src/EEPROM.h:135
        return t;
    }
    1ed0:	ce 01       	movw	r24, r28
    1ed2:	df 91       	pop	r29
    1ed4:	cf 91       	pop	r28
    1ed6:	08 95       	ret

00001ed8 <FatFile::openRoot(FatVolume*)>:
_ZN7FatFile8openRootEP9FatVolume():
C:\Users\Ted\Documents\Arduino\libraries\SdFat\src\FatLib/FatFile.cpp:654

 fail:
  return false;
}
//------------------------------------------------------------------------------
bool FatFile::openRoot(FatVolume* vol) {
    1ed8:	fc 01       	movw	r30, r24
C:\Users\Ted\Documents\Arduino\libraries\SdFat\src\FatLib/FatFile.cpp:656
  // error if file is already open
  if (isOpen()) {
    1eda:	80 81       	ld	r24, Z
    1edc:	81 11       	cpse	r24, r1
    1ede:	0f c0       	rjmp	.+30     	; 0x1efe <FatFile::openRoot(FatVolume*)+0x26>
C:\Users\Ted\Documents\Arduino\libraries\SdFat\src\FatLib/FatFile.cpp:660
    DBG_FAIL_MACRO;
    goto fail;
  }
  memset(this, 0, sizeof(FatFile));
    1ee0:	80 e2       	ldi	r24, 0x20	; 32
    1ee2:	df 01       	movw	r26, r30
    1ee4:	98 2f       	mov	r25, r24
    1ee6:	1d 92       	st	X+, r1
    1ee8:	9a 95       	dec	r25
    1eea:	e9 f7       	brne	.-6      	; 0x1ee6 <FatFile::openRoot(FatVolume*)+0xe>
C:\Users\Ted\Documents\Arduino\libraries\SdFat\src\FatLib/FatFile.cpp:662

  m_vol = vol;
    1eec:	77 83       	std	Z+7, r23	; 0x07
    1eee:	66 83       	std	Z+6, r22	; 0x06
C:\Users\Ted\Documents\Arduino\libraries\SdFat\src\FatLib/FatFile.cpp:663
  switch (vol->fatType()) {
    1ef0:	db 01       	movw	r26, r22
    1ef2:	15 96       	adiw	r26, 0x05	; 5
    1ef4:	9c 91       	ld	r25, X
    1ef6:	90 31       	cpi	r25, 0x10	; 16
    1ef8:	29 f0       	breq	.+10     	; 0x1f04 <FatFile::openRoot(FatVolume*)+0x2c>
    1efa:	90 32       	cpi	r25, 0x20	; 32
    1efc:	11 f0       	breq	.+4      	; 0x1f02 <FatFile::openRoot(FatVolume*)+0x2a>
C:\Users\Ted\Documents\Arduino\libraries\SdFat\src\FatLib/FatFile.cpp:684
  // read only
  m_flags = FILE_FLAG_READ;
  return true;

 fail:
  return false;
    1efe:	80 e0       	ldi	r24, 0x00	; 0
C:\Users\Ted\Documents\Arduino\libraries\SdFat\src\FatLib/FatFile.cpp:685
}
    1f00:	08 95       	ret
C:\Users\Ted\Documents\Arduino\libraries\SdFat\src\FatLib/FatFile.cpp:672
  case 16:
    m_attributes = FILE_ATTR_ROOT_FIXED;
    break;

  case 32:
    m_attributes = FILE_ATTR_ROOT32;
    1f02:	80 e4       	ldi	r24, 0x40	; 64
    1f04:	80 83       	st	Z, r24
C:\Users\Ted\Documents\Arduino\libraries\SdFat\src\FatLib/FatFile.cpp:680
  default:
    DBG_FAIL_MACRO;
    goto fail;
  }
  // read only
  m_flags = FILE_FLAG_READ;
    1f06:	81 e0       	ldi	r24, 0x01	; 1
    1f08:	82 83       	std	Z+2, r24	; 0x02
    1f0a:	08 95       	ret

00001f0c <FatFile::readDirCache(bool)>:
_ZN7FatFile12readDirCacheEb():
C:\Users\Ted\Documents\Arduino\libraries\SdFat\src\FatLib/FatFile.cpp:863
  }
}
//------------------------------------------------------------------------------
// Read next directory entry into the cache
// Assumes file is correctly positioned
DirFat_t* FatFile::readDirCache(bool skipReadOk) {
    1f0c:	bf 92       	push	r11
    1f0e:	cf 92       	push	r12
    1f10:	df 92       	push	r13
    1f12:	ef 92       	push	r14
    1f14:	ff 92       	push	r15
    1f16:	0f 93       	push	r16
    1f18:	1f 93       	push	r17
    1f1a:	cf 93       	push	r28
    1f1c:	df 93       	push	r29
    1f1e:	ec 01       	movw	r28, r24
C:\Users\Ted\Documents\Arduino\libraries\SdFat\src\FatLib/FatFile.cpp:864
  uint8_t i = (m_curPosition >> 5) & 0XF;
    1f20:	c8 88       	ldd	r12, Y+16	; 0x10
    1f22:	d9 88       	ldd	r13, Y+17	; 0x11
    1f24:	ea 88       	ldd	r14, Y+18	; 0x12
    1f26:	fb 88       	ldd	r15, Y+19	; 0x13
    1f28:	d7 01       	movw	r26, r14
    1f2a:	c6 01       	movw	r24, r12
    1f2c:	55 e0       	ldi	r21, 0x05	; 5
    1f2e:	b6 95       	lsr	r27
    1f30:	a7 95       	ror	r26
    1f32:	97 95       	ror	r25
    1f34:	87 95       	ror	r24
    1f36:	5a 95       	dec	r21
    1f38:	d1 f7       	brne	.-12     	; 0x1f2e <FatFile::readDirCache(bool)+0x22>
    1f3a:	18 2f       	mov	r17, r24
    1f3c:	1f 70       	andi	r17, 0x0F	; 15
C:\Users\Ted\Documents\Arduino\libraries\SdFat\src\FatLib/FatFile.cpp:866

  if (i == 0 || !skipReadOk) {
    1f3e:	11 f0       	breq	.+4      	; 0x1f44 <FatFile::readDirCache(bool)+0x38>
    1f40:	61 11       	cpse	r22, r1
    1f42:	e3 c0       	rjmp	.+454    	; 0x210a <FatFile::readDirCache(bool)+0x1fe>
    1f44:	3a 81       	ldd	r19, Y+2	; 0x02
read():
C:\Users\Ted\Documents\Arduino\libraries\SdFat\src\FatLib/FatFile.cpp:733
  size_t toRead;
  uint32_t sector;  // raw device sector number
  cache_t* pc;

  // error if not open for read
  if (!isReadable()) {
    1f46:	30 ff       	sbrs	r19, 0
    1f48:	b6 c0       	rjmp	.+364    	; 0x20b6 <FatFile::readDirCache(bool)+0x1aa>
    1f4a:	28 81       	ld	r18, Y
C:\Users\Ted\Documents\Arduino\libraries\SdFat\src\FatLib/FatFile.cpp:738
    DBG_FAIL_MACRO;
    goto fail;
  }

  if (isFile()) {
    1f4c:	42 2f       	mov	r20, r18
    1f4e:	48 70       	andi	r20, 0x08	; 8
    1f50:	b4 2e       	mov	r11, r20
    1f52:	23 ff       	sbrs	r18, 3
    1f54:	19 c0       	rjmp	.+50     	; 0x1f88 <FatFile::readDirCache(bool)+0x7c>
C:\Users\Ted\Documents\Arduino\libraries\SdFat\src\FatLib/FatFile.cpp:739
    uint32_t tmp32 = m_fileSize - m_curPosition;
    1f56:	88 8d       	ldd	r24, Y+24	; 0x18
    1f58:	99 8d       	ldd	r25, Y+25	; 0x19
    1f5a:	aa 8d       	ldd	r26, Y+26	; 0x1a
    1f5c:	bb 8d       	ldd	r27, Y+27	; 0x1b
    1f5e:	8c 19       	sub	r24, r12
    1f60:	9d 09       	sbc	r25, r13
    1f62:	ae 09       	sbc	r26, r14
    1f64:	bf 09       	sbc	r27, r15
C:\Users\Ted\Documents\Arduino\libraries\SdFat\src\FatLib/FatFile.cpp:740
    if (nbyte >= tmp32) {
    1f66:	82 30       	cpi	r24, 0x02	; 2
    1f68:	91 05       	cpc	r25, r1
    1f6a:	a1 05       	cpc	r26, r1
    1f6c:	b1 05       	cpc	r27, r1
    1f6e:	d8 f4       	brcc	.+54     	; 0x1fa6 <FatFile::readDirCache(bool)+0x9a>
C:\Users\Ted\Documents\Arduino\libraries\SdFat\src\FatLib/FatFile.cpp:750
    if (nbyte > tmp16) {
      nbyte = tmp16;
    }
  }
  toRead = nbyte;
  while (toRead) {
    1f70:	00 97       	sbiw	r24, 0x00	; 0
    1f72:	c9 f4       	brne	.+50     	; 0x1fa6 <FatFile::readDirCache(bool)+0x9a>
    1f74:	30 e0       	ldi	r19, 0x00	; 0
    1f76:	20 e0       	ldi	r18, 0x00	; 0
C:\Users\Ted\Documents\Arduino\libraries\SdFat\src\FatLib/FatFile.cpp:827
    }
    dst += n;
    m_curPosition += n;
    toRead -= n;
  }
  return nbyte - toRead;
    1f78:	28 1b       	sub	r18, r24
    1f7a:	39 0b       	sbc	r19, r25
_ZN7FatFile12readDirCacheEb():
C:\Users\Ted\Documents\Arduino\libraries\SdFat\src\FatLib/FatFile.cpp:868
DirFat_t* FatFile::readDirCache(bool skipReadOk) {
  uint8_t i = (m_curPosition >> 5) & 0XF;

  if (i == 0 || !skipReadOk) {
    int8_t n = read(&n, 1);
    if  (n != 1) {
    1f7c:	21 30       	cpi	r18, 0x01	; 1
    1f7e:	09 f4       	brne	.+2      	; 0x1f82 <FatFile::readDirCache(bool)+0x76>
    1f80:	a6 c0       	rjmp	.+332    	; 0x20ce <FatFile::readDirCache(bool)+0x1c2>
C:\Users\Ted\Documents\Arduino\libraries\SdFat\src\FatLib/FatFile.cpp:882
  }
  // return pointer to entry
  return reinterpret_cast<DirFat_t*>(m_vol->cacheAddress()) + i;

 fail:
  return nullptr;
    1f82:	90 e0       	ldi	r25, 0x00	; 0
    1f84:	80 e0       	ldi	r24, 0x00	; 0
    1f86:	b7 c0       	rjmp	.+366    	; 0x20f6 <FatFile::readDirCache(bool)+0x1ea>
read():
C:\Users\Ted\Documents\Arduino\libraries\SdFat\src\FatLib/FatFile.cpp:743
  if (isFile()) {
    uint32_t tmp32 = m_fileSize - m_curPosition;
    if (nbyte >= tmp32) {
      nbyte = tmp32;
    }
  } else if (isRootFixed()) {
    1f88:	25 ff       	sbrs	r18, 5
    1f8a:	0d c0       	rjmp	.+26     	; 0x1fa6 <FatFile::readDirCache(bool)+0x9a>
C:\Users\Ted\Documents\Arduino\libraries\SdFat\src\FatLib/FatFile.cpp:744
    uint16_t tmp16 = 32*m_vol->m_rootDirEntryCount - (uint16_t)m_curPosition;
    1f8c:	ee 81       	ldd	r30, Y+6	; 0x06
    1f8e:	ff 81       	ldd	r31, Y+7	; 0x07
    1f90:	86 81       	ldd	r24, Z+6	; 0x06
    1f92:	97 81       	ldd	r25, Z+7	; 0x07
    1f94:	45 e0       	ldi	r20, 0x05	; 5
    1f96:	88 0f       	add	r24, r24
    1f98:	99 1f       	adc	r25, r25
    1f9a:	4a 95       	dec	r20
    1f9c:	e1 f7       	brne	.-8      	; 0x1f96 <FatFile::readDirCache(bool)+0x8a>
C:\Users\Ted\Documents\Arduino\libraries\SdFat\src\FatLib/FatFile.cpp:745
    if (nbyte > tmp16) {
    1f9e:	8c 15       	cp	r24, r12
    1fa0:	9d 05       	cpc	r25, r13
    1fa2:	09 f4       	brne	.+2      	; 0x1fa6 <FatFile::readDirCache(bool)+0x9a>
    1fa4:	8c c0       	rjmp	.+280    	; 0x20be <FatFile::readDirCache(bool)+0x1b2>
C:\Users\Ted\Documents\Arduino\libraries\SdFat\src\FatLib/FatFile.cpp:752
    }
  }
  toRead = nbyte;
  while (toRead) {
    size_t n;
    offset = m_curPosition & m_vol->sectorMask();  // offset in sector
    1fa6:	ee 81       	ldd	r30, Y+6	; 0x06
    1fa8:	ff 81       	ldd	r31, Y+7	; 0x07
    1faa:	b7 01       	movw	r22, r14
    1fac:	a6 01       	movw	r20, r12
    1fae:	89 e0       	ldi	r24, 0x09	; 9
    1fb0:	76 95       	lsr	r23
    1fb2:	67 95       	ror	r22
    1fb4:	57 95       	ror	r21
    1fb6:	47 95       	ror	r20
    1fb8:	8a 95       	dec	r24
    1fba:	d1 f7       	brne	.-12     	; 0x1fb0 <FatFile::readDirCache(bool)+0xa4>
C:\Users\Ted\Documents\Arduino\libraries\SdFat\src\FatLib/FatFile.cpp:753
    if (isRootFixed()) {
    1fbc:	25 ff       	sbrs	r18, 5
    1fbe:	21 c0       	rjmp	.+66     	; 0x2002 <FatFile::readDirCache(bool)+0xf6>
C:\Users\Ted\Documents\Arduino\libraries\SdFat\src\FatLib/FatFile.cpp:754
      sector = m_vol->rootDirStart()
    1fc0:	84 8d       	ldd	r24, Z+28	; 0x1c
    1fc2:	95 8d       	ldd	r25, Z+29	; 0x1d
    1fc4:	a6 8d       	ldd	r26, Z+30	; 0x1e
    1fc6:	b7 8d       	ldd	r27, Z+31	; 0x1f
    1fc8:	48 0f       	add	r20, r24
    1fca:	59 1f       	adc	r21, r25
    1fcc:	6a 1f       	adc	r22, r26
    1fce:	7b 1f       	adc	r23, r27
_ZN12FatPartition14cacheFetchDataEmh():
C:\Users\Ted\Documents\Arduino\libraries\SdFat\src\FatLib/FatPartition.h:268
  }
#endif  // USE_SEPARATE_FAT_CACHE
  cache_t* cacheFetchData(uint32_t sector, uint8_t options) {
    return reinterpret_cast<cache_t*>(m_cache.get(sector, options));
    1fd0:	8e 81       	ldd	r24, Y+6	; 0x06
    1fd2:	9f 81       	ldd	r25, Y+7	; 0x07
    1fd4:	20 e0       	ldi	r18, 0x00	; 0
    1fd6:	80 96       	adiw	r24, 0x20	; 32
    1fd8:	0e 94 88 06 	call	0xd10	; 0xd10 <FsCache::get(unsigned long, unsigned char)>
read():
C:\Users\Ted\Documents\Arduino\libraries\SdFat\src\FatLib/FatFile.cpp:794
      if (n > toRead) {
        n = toRead;
      }
      // read sector to cache and copy data to caller
      pc = m_vol->cacheFetchData(sector, FsCache::CACHE_FOR_READ);
      if (!pc) {
    1fdc:	89 2b       	or	r24, r25
    1fde:	09 f4       	brne	.+2      	; 0x1fe2 <FatFile::readDirCache(bool)+0xd6>
    1fe0:	6a c0       	rjmp	.+212    	; 0x20b6 <FatFile::readDirCache(bool)+0x1aa>
C:\Users\Ted\Documents\Arduino\libraries\SdFat\src\FatLib/FatFile.cpp:824
        DBG_FAIL_MACRO;
        goto fail;
      }
    }
    dst += n;
    m_curPosition += n;
    1fe2:	88 89       	ldd	r24, Y+16	; 0x10
    1fe4:	99 89       	ldd	r25, Y+17	; 0x11
    1fe6:	aa 89       	ldd	r26, Y+18	; 0x12
    1fe8:	bb 89       	ldd	r27, Y+19	; 0x13
    1fea:	01 96       	adiw	r24, 0x01	; 1
    1fec:	a1 1d       	adc	r26, r1
    1fee:	b1 1d       	adc	r27, r1
    1ff0:	88 8b       	std	Y+16, r24	; 0x10
    1ff2:	99 8b       	std	Y+17, r25	; 0x11
    1ff4:	aa 8b       	std	Y+18, r26	; 0x12
    1ff6:	bb 8b       	std	Y+19, r27	; 0x13
    1ff8:	21 e0       	ldi	r18, 0x01	; 1
    1ffa:	30 e0       	ldi	r19, 0x00	; 0
C:\Users\Ted\Documents\Arduino\libraries\SdFat\src\FatLib/FatFile.cpp:745
    if (nbyte >= tmp32) {
      nbyte = tmp32;
    }
  } else if (isRootFixed()) {
    uint16_t tmp16 = 32*m_vol->m_rootDirEntryCount - (uint16_t)m_curPosition;
    if (nbyte > tmp16) {
    1ffc:	90 e0       	ldi	r25, 0x00	; 0
    1ffe:	80 e0       	ldi	r24, 0x00	; 0
    2000:	bb cf       	rjmp	.-138    	; 0x1f78 <FatFile::readDirCache(bool)+0x6c>
_ZNK12FatPartition15sectorOfClusterEm():
C:\Users\Ted\Documents\Arduino\libraries\SdFat\src\FatLib/FatPartition.h:289
  }
  //----------------------------------------------------------------------------
  bool allocateCluster(uint32_t current, uint32_t* next);
  bool allocContiguous(uint32_t count, uint32_t* firstCluster);
  uint8_t sectorOfCluster(uint32_t position) const {
    return (position >> 9) & m_clusterSectorMask;
    2002:	03 81       	ldd	r16, Z+3	; 0x03
    2004:	04 23       	and	r16, r20
read():
C:\Users\Ted\Documents\Arduino\libraries\SdFat\src\FatLib/FatFile.cpp:752
    }
  }
  toRead = nbyte;
  while (toRead) {
    size_t n;
    offset = m_curPosition & m_vol->sectorMask();  // offset in sector
    2006:	c6 01       	movw	r24, r12
    2008:	91 70       	andi	r25, 0x01	; 1
C:\Users\Ted\Documents\Arduino\libraries\SdFat\src\FatLib/FatFile.cpp:758
    if (isRootFixed()) {
      sector = m_vol->rootDirStart()
               + (m_curPosition >> m_vol->bytesPerSectorShift());
    } else {
      sectorOfCluster = m_vol->sectorOfCluster(m_curPosition);
      if (offset == 0 && sectorOfCluster == 0) {
    200a:	89 2b       	or	r24, r25
    200c:	81 f4       	brne	.+32     	; 0x202e <FatFile::readDirCache(bool)+0x122>
    200e:	01 11       	cpse	r16, r1
    2010:	0e c0       	rjmp	.+28     	; 0x202e <FatFile::readDirCache(bool)+0x122>
C:\Users\Ted\Documents\Arduino\libraries\SdFat\src\FatLib/FatFile.cpp:760
        // start of new cluster
        if (m_curPosition == 0) {
    2012:	cd 28       	or	r12, r13
    2014:	ce 28       	or	r12, r14
    2016:	cf 28       	or	r12, r15
    2018:	81 f5       	brne	.+96     	; 0x207a <FatFile::readDirCache(bool)+0x16e>
C:\Users\Ted\Documents\Arduino\libraries\SdFat\src\FatLib/FatFile.cpp:762
          // use first cluster in file
          m_curCluster = isRoot32() ? m_vol->rootDirStart() : m_firstCluster;
    201a:	26 ff       	sbrs	r18, 6
    201c:	29 c0       	rjmp	.+82     	; 0x2070 <FatFile::readDirCache(bool)+0x164>
_ZNK12FatPartition12rootDirStartEv():
C:\Users\Ted\Documents\Arduino\libraries\SdFat\src\FatLib/FatPartition.h:157
    return m_rootDirEntryCount;
  }
  /** \return The logical sector number for the start of the root directory
       on FAT16 volumes or the first cluster number on FAT32 volumes. */
  uint32_t rootDirStart() const {
    return m_rootDirStart;
    201e:	84 8d       	ldd	r24, Z+28	; 0x1c
    2020:	95 8d       	ldd	r25, Z+29	; 0x1d
    2022:	a6 8d       	ldd	r26, Z+30	; 0x1e
    2024:	b7 8d       	ldd	r27, Z+31	; 0x1f
read():
C:\Users\Ted\Documents\Arduino\libraries\SdFat\src\FatLib/FatFile.cpp:762
    2026:	8c 87       	std	Y+12, r24	; 0x0c
    2028:	9d 87       	std	Y+13, r25	; 0x0d
    202a:	ae 87       	std	Y+14, r26	; 0x0e
    202c:	bf 87       	std	Y+15, r27	; 0x0f
C:\Users\Ted\Documents\Arduino\libraries\SdFat\src\FatLib/FatFile.cpp:783
            DBG_FAIL_MACRO;
            goto fail;
          }
        }
      }
      sector = m_vol->clusterStartSector(m_curCluster) + sectorOfCluster;
    202e:	ee 81       	ldd	r30, Y+6	; 0x06
    2030:	ff 81       	ldd	r31, Y+7	; 0x07
_ZNK12FatPartition18clusterStartSectorEm():
C:\Users\Ted\Documents\Arduino\libraries\SdFat\src\FatLib/FatPartition.h:292
  bool allocContiguous(uint32_t count, uint32_t* firstCluster);
  uint8_t sectorOfCluster(uint32_t position) const {
    return (position >> 9) & m_clusterSectorMask;
  }
  uint32_t clusterStartSector(uint32_t cluster) const {
    return m_dataStartSector + ((cluster - 2) << m_sectorsPerClusterShift);
    2032:	4c 85       	ldd	r20, Y+12	; 0x0c
    2034:	5d 85       	ldd	r21, Y+13	; 0x0d
    2036:	6e 85       	ldd	r22, Y+14	; 0x0e
    2038:	7f 85       	ldd	r23, Y+15	; 0x0f
    203a:	42 50       	subi	r20, 0x02	; 2
    203c:	51 09       	sbc	r21, r1
    203e:	61 09       	sbc	r22, r1
    2040:	71 09       	sbc	r23, r1
    2042:	84 81       	ldd	r24, Z+4	; 0x04
    2044:	04 c0       	rjmp	.+8      	; 0x204e <FatFile::readDirCache(bool)+0x142>
    2046:	44 0f       	add	r20, r20
    2048:	55 1f       	adc	r21, r21
    204a:	66 1f       	adc	r22, r22
    204c:	77 1f       	adc	r23, r23
    204e:	8a 95       	dec	r24
    2050:	d2 f7       	brpl	.-12     	; 0x2046 <FatFile::readDirCache(bool)+0x13a>
    2052:	80 89       	ldd	r24, Z+16	; 0x10
    2054:	91 89       	ldd	r25, Z+17	; 0x11
    2056:	a2 89       	ldd	r26, Z+18	; 0x12
    2058:	b3 89       	ldd	r27, Z+19	; 0x13
    205a:	84 0f       	add	r24, r20
    205c:	95 1f       	adc	r25, r21
    205e:	a6 1f       	adc	r26, r22
    2060:	b7 1f       	adc	r27, r23
read():
C:\Users\Ted\Documents\Arduino\libraries\SdFat\src\FatLib/FatFile.cpp:783
    2062:	ac 01       	movw	r20, r24
    2064:	bd 01       	movw	r22, r26
    2066:	40 0f       	add	r20, r16
    2068:	51 1d       	adc	r21, r1
    206a:	61 1d       	adc	r22, r1
    206c:	71 1d       	adc	r23, r1
    206e:	b0 cf       	rjmp	.-160    	; 0x1fd0 <FatFile::readDirCache(bool)+0xc4>
C:\Users\Ted\Documents\Arduino\libraries\SdFat\src\FatLib/FatFile.cpp:762
      sectorOfCluster = m_vol->sectorOfCluster(m_curPosition);
      if (offset == 0 && sectorOfCluster == 0) {
        // start of new cluster
        if (m_curPosition == 0) {
          // use first cluster in file
          m_curCluster = isRoot32() ? m_vol->rootDirStart() : m_firstCluster;
    2070:	8c 8d       	ldd	r24, Y+28	; 0x1c
    2072:	9d 8d       	ldd	r25, Y+29	; 0x1d
    2074:	ae 8d       	ldd	r26, Y+30	; 0x1e
    2076:	bf 8d       	ldd	r27, Y+31	; 0x1f
    2078:	d6 cf       	rjmp	.-84     	; 0x2026 <FatFile::readDirCache(bool)+0x11a>
    207a:	4c 85       	ldd	r20, Y+12	; 0x0c
    207c:	5d 85       	ldd	r21, Y+13	; 0x0d
    207e:	6e 85       	ldd	r22, Y+14	; 0x0e
    2080:	7f 85       	ldd	r23, Y+15	; 0x0f
C:\Users\Ted\Documents\Arduino\libraries\SdFat\src\FatLib/FatFile.cpp:764
#if USE_FAT_FILE_FLAG_CONTIGUOUS
        } else if (isFile() && isContiguous()) {
    2082:	bb 20       	and	r11, r11
    2084:	59 f0       	breq	.+22     	; 0x209c <FatFile::readDirCache(bool)+0x190>
    2086:	36 ff       	sbrs	r19, 6
    2088:	09 c0       	rjmp	.+18     	; 0x209c <FatFile::readDirCache(bool)+0x190>
C:\Users\Ted\Documents\Arduino\libraries\SdFat\src\FatLib/FatFile.cpp:765
          m_curCluster++;
    208a:	4f 5f       	subi	r20, 0xFF	; 255
    208c:	5f 4f       	sbci	r21, 0xFF	; 255
    208e:	6f 4f       	sbci	r22, 0xFF	; 255
    2090:	7f 4f       	sbci	r23, 0xFF	; 255
    2092:	4c 87       	std	Y+12, r20	; 0x0c
    2094:	5d 87       	std	Y+13, r21	; 0x0d
    2096:	6e 87       	std	Y+14, r22	; 0x0e
    2098:	7f 87       	std	Y+15, r23	; 0x0f
    209a:	c9 cf       	rjmp	.-110    	; 0x202e <FatFile::readDirCache(bool)+0x122>
C:\Users\Ted\Documents\Arduino\libraries\SdFat\src\FatLib/FatFile.cpp:769
#endif  // USE_FAT_FILE_FLAG_CONTIGUOUS
        } else {
          // get next cluster from FAT
          fg = m_vol->fatGet(m_curCluster, &m_curCluster);
    209c:	9e 01       	movw	r18, r28
    209e:	24 5f       	subi	r18, 0xF4	; 244
    20a0:	3f 4f       	sbci	r19, 0xFF	; 255
    20a2:	cf 01       	movw	r24, r30
    20a4:	0e 94 3d 07 	call	0xe7a	; 0xe7a <FatPartition::fatGet(unsigned long, unsigned long*)>
C:\Users\Ted\Documents\Arduino\libraries\SdFat\src\FatLib/FatFile.cpp:770
          if (fg < 0) {
    20a8:	87 fd       	sbrc	r24, 7
    20aa:	05 c0       	rjmp	.+10     	; 0x20b6 <FatFile::readDirCache(bool)+0x1aa>
C:\Users\Ted\Documents\Arduino\libraries\SdFat\src\FatLib/FatFile.cpp:774
            DBG_FAIL_MACRO;
            goto fail;
          }
          if (fg == 0) {
    20ac:	81 11       	cpse	r24, r1
    20ae:	bf cf       	rjmp	.-130    	; 0x202e <FatFile::readDirCache(bool)+0x122>
C:\Users\Ted\Documents\Arduino\libraries\SdFat\src\FatLib/FatFile.cpp:775
            if (isDir()) {
    20b0:	88 81       	ld	r24, Y
    20b2:	80 77       	andi	r24, 0x70	; 112
    20b4:	39 f4       	brne	.+14     	; 0x20c4 <FatFile::readDirCache(bool)+0x1b8>
C:\Users\Ted\Documents\Arduino\libraries\SdFat\src\FatLib/FatFile.cpp:830
    toRead -= n;
  }
  return nbyte - toRead;

 fail:
  m_error |= READ_ERROR;
    20b6:	89 81       	ldd	r24, Y+1	; 0x01
    20b8:	82 60       	ori	r24, 0x02	; 2
    20ba:	89 83       	std	Y+1, r24	; 0x01
    20bc:	62 cf       	rjmp	.-316    	; 0x1f82 <FatFile::readDirCache(bool)+0x76>
C:\Users\Ted\Documents\Arduino\libraries\SdFat\src\FatLib/FatFile.cpp:745
    if (nbyte >= tmp32) {
      nbyte = tmp32;
    }
  } else if (isRootFixed()) {
    uint16_t tmp16 = 32*m_vol->m_rootDirEntryCount - (uint16_t)m_curPosition;
    if (nbyte > tmp16) {
    20be:	30 e0       	ldi	r19, 0x00	; 0
    20c0:	20 e0       	ldi	r18, 0x00	; 0
    20c2:	9c cf       	rjmp	.-200    	; 0x1ffc <FatFile::readDirCache(bool)+0xf0>
C:\Users\Ted\Documents\Arduino\libraries\SdFat\src\FatLib/FatFile.cpp:775
          if (fg < 0) {
            DBG_FAIL_MACRO;
            goto fail;
          }
          if (fg == 0) {
            if (isDir()) {
    20c4:	21 e0       	ldi	r18, 0x01	; 1
    20c6:	30 e0       	ldi	r19, 0x00	; 0
    20c8:	81 e0       	ldi	r24, 0x01	; 1
    20ca:	90 e0       	ldi	r25, 0x00	; 0
    20cc:	55 cf       	rjmp	.-342    	; 0x1f78 <FatFile::readDirCache(bool)+0x6c>
_ZN7FatFile12readDirCacheEb():
C:\Users\Ted\Documents\Arduino\libraries\SdFat\src\FatLib/FatFile.cpp:874
      if (n != 0) {
        DBG_FAIL_MACRO;
      }
      goto fail;
    }
    m_curPosition += 31;
    20ce:	88 89       	ldd	r24, Y+16	; 0x10
    20d0:	99 89       	ldd	r25, Y+17	; 0x11
    20d2:	aa 89       	ldd	r26, Y+18	; 0x12
    20d4:	bb 89       	ldd	r27, Y+19	; 0x13
    20d6:	4f 96       	adiw	r24, 0x1f	; 31
    20d8:	a1 1d       	adc	r26, r1
    20da:	b1 1d       	adc	r27, r1
    20dc:	88 8b       	std	Y+16, r24	; 0x10
    20de:	99 8b       	std	Y+17, r25	; 0x11
    20e0:	aa 8b       	std	Y+18, r26	; 0x12
    20e2:	bb 8b       	std	Y+19, r27	; 0x13
_ZN7FsCache11cacheBufferEv():
C:\Users\Ted\Documents\Arduino\libraries\SdFat\src\common/fscache.h:58
  static const uint8_t CACHE_RESERVE_FOR_WRITE =
    CACHE_STATUS_DIRTY | CACHE_OPTION_NO_READ;
  //----------------------------------------------------------------------------
  /** \return Cache buffer address. */
  uint8_t* cacheBuffer() {
    return m_buffer;
    20e4:	8e 81       	ldd	r24, Y+6	; 0x06
    20e6:	9f 81       	ldd	r25, Y+7	; 0x07
    20e8:	8b 96       	adiw	r24, 0x2b	; 43
_ZN7FatFile12readDirCacheEb():
C:\Users\Ted\Documents\Arduino\libraries\SdFat\src\FatLib/FatFile.cpp:879
  } else {
    m_curPosition += 32;
  }
  // return pointer to entry
  return reinterpret_cast<DirFat_t*>(m_vol->cacheAddress()) + i;
    20ea:	40 e2       	ldi	r20, 0x20	; 32
    20ec:	14 9f       	mul	r17, r20
    20ee:	90 01       	movw	r18, r0
    20f0:	11 24       	eor	r1, r1
    20f2:	82 0f       	add	r24, r18
    20f4:	93 1f       	adc	r25, r19
C:\Users\Ted\Documents\Arduino\libraries\SdFat\src\FatLib/FatFile.cpp:883

 fail:
  return nullptr;
}
    20f6:	df 91       	pop	r29
    20f8:	cf 91       	pop	r28
    20fa:	1f 91       	pop	r17
    20fc:	0f 91       	pop	r16
    20fe:	ff 90       	pop	r15
    2100:	ef 90       	pop	r14
    2102:	df 90       	pop	r13
    2104:	cf 90       	pop	r12
    2106:	bf 90       	pop	r11
    2108:	08 95       	ret
C:\Users\Ted\Documents\Arduino\libraries\SdFat\src\FatLib/FatFile.cpp:876
      }
      goto fail;
    }
    m_curPosition += 31;
  } else {
    m_curPosition += 32;
    210a:	80 e2       	ldi	r24, 0x20	; 32
    210c:	c8 0e       	add	r12, r24
    210e:	d1 1c       	adc	r13, r1
    2110:	e1 1c       	adc	r14, r1
    2112:	f1 1c       	adc	r15, r1
    2114:	c8 8a       	std	Y+16, r12	; 0x10
    2116:	d9 8a       	std	Y+17, r13	; 0x11
    2118:	ea 8a       	std	Y+18, r14	; 0x12
    211a:	fb 8a       	std	Y+19, r15	; 0x13
    211c:	e3 cf       	rjmp	.-58     	; 0x20e4 <FatFile::readDirCache(bool)+0x1d8>

0000211e <FatFile::open(FatFile*, fname_t*, unsigned char) [clone .constprop.65]>:
_ZN7FatFile4openEPS_P7fname_th.constprop.65():
C:\Users\Ted\Documents\Arduino\libraries\SdFat\src\FatLib/FatFileLFN.cpp:303

 fail:
  return false;
}
//------------------------------------------------------------------------------
bool FatFile::open(FatFile* dirFile, fname_t* fname, oflag_t oflag) {
    211e:	2f 92       	push	r2
    2120:	3f 92       	push	r3
    2122:	4f 92       	push	r4
    2124:	5f 92       	push	r5
    2126:	6f 92       	push	r6
    2128:	7f 92       	push	r7
    212a:	8f 92       	push	r8
    212c:	9f 92       	push	r9
    212e:	af 92       	push	r10
    2130:	bf 92       	push	r11
    2132:	cf 92       	push	r12
    2134:	df 92       	push	r13
    2136:	ef 92       	push	r14
    2138:	ff 92       	push	r15
    213a:	0f 93       	push	r16
    213c:	1f 93       	push	r17
    213e:	cf 93       	push	r28
    2140:	df 93       	push	r29
    2142:	cd b7       	in	r28, 0x3d	; 61
    2144:	de b7       	in	r29, 0x3e	; 62
    2146:	2e 97       	sbiw	r28, 0x0e	; 14
    2148:	0f b6       	in	r0, 0x3f	; 63
    214a:	f8 94       	cli
    214c:	de bf       	out	0x3e, r29	; 62
    214e:	0f be       	out	0x3f, r0	; 63
    2150:	cd bf       	out	0x3d, r28	; 61
    2152:	8c 01       	movw	r16, r24
    2154:	fb 01       	movw	r30, r22
C:\Users\Ted\Documents\Arduino\libraries\SdFat\src\FatLib/FatFileLFN.cpp:319
  uint16_t time;
  DirFat_t* dir;
  DirLfn_t* ldir;
  size_t len = fname->len;

  if (!dirFile->isDir() || isOpen()) {
    2156:	dc 01       	movw	r26, r24
    2158:	8c 91       	ld	r24, X
    215a:	80 77       	andi	r24, 0x70	; 112
    215c:	11 f4       	brne	.+4      	; 0x2162 <FatFile::open(FatFile*, fname_t*, unsigned char) [clone .constprop.65]+0x44>
C:\Users\Ted\Documents\Arduino\libraries\SdFat\src\FatLib/FatFileLFN.cpp:520
    goto fail;
  }
  return true;

 fail:
  return false;
    215e:	80 e0       	ldi	r24, 0x00	; 0
    2160:	68 c3       	rjmp	.+1744   	; 0x2832 <FatFile::open(FatFile*, fname_t*, unsigned char) [clone .constprop.65]+0x714>
C:\Users\Ted\Documents\Arduino\libraries\SdFat\src\FatLib/FatFileLFN.cpp:319
  uint16_t time;
  DirFat_t* dir;
  DirLfn_t* ldir;
  size_t len = fname->len;

  if (!dirFile->isDir() || isOpen()) {
    2162:	80 91 4b 04 	lds	r24, 0x044B	; 0x80044b <file+0x4>
    2166:	81 11       	cpse	r24, r1
    2168:	fa cf       	rjmp	.-12     	; 0x215e <FatFile::open(FatFile*, fname_t*, unsigned char) [clone .constprop.65]+0x40>
C:\Users\Ted\Documents\Arduino\libraries\SdFat\src\FatLib/FatFileLFN.cpp:317
  uint16_t curIndex;
  uint16_t date;
  uint16_t time;
  DirFat_t* dir;
  DirLfn_t* ldir;
  size_t len = fname->len;
    216a:	81 80       	ldd	r8, Z+1	; 0x01
    216c:	92 80       	ldd	r9, Z+2	; 0x02
C:\Users\Ted\Documents\Arduino\libraries\SdFat\src\FatLib/FatFileLFN.cpp:324
  if (!dirFile->isDir() || isOpen()) {
    DBG_FAIL_MACRO;
    goto fail;
  }
  // Number of directory entries needed.
  freeNeed = fname->flags & FNAME_FLAG_NEED_LFN ? 1 + (len + 12)/13 : 1;
    216e:	80 81       	ld	r24, Z
    2170:	83 70       	andi	r24, 0x03	; 3
    2172:	aa 24       	eor	r10, r10
    2174:	a3 94       	inc	r10
    2176:	88 23       	and	r24, r24
    2178:	49 f0       	breq	.+18     	; 0x218c <FatFile::open(FatFile*, fname_t*, unsigned char) [clone .constprop.65]+0x6e>
    217a:	c4 01       	movw	r24, r8
    217c:	0c 96       	adiw	r24, 0x0c	; 12
    217e:	6d e0       	ldi	r22, 0x0D	; 13
    2180:	70 e0       	ldi	r23, 0x00	; 0
    2182:	0e 94 c3 2f 	call	0x5f86	; 0x5f86 <__udivmodhi4>
    2186:	aa 24       	eor	r10, r10
    2188:	a3 94       	inc	r10
    218a:	a6 0e       	add	r10, r22
    218c:	4f 83       	std	Y+7, r20	; 0x07
    218e:	6f 01       	movw	r12, r30
rewind():
C:\Users\Ted\Documents\Arduino\libraries\SdFat\src\FatLib/FatFile.h:753
   * \return true for success or false for failure.
   */
  bool rename(FatFile* dirFile, const char* newPath);
  /** Set the file's current position to zero. */
  void rewind() {
    seekSet(0);
    2190:	40 e0       	ldi	r20, 0x00	; 0
    2192:	50 e0       	ldi	r21, 0x00	; 0
    2194:	ba 01       	movw	r22, r20
    2196:	c8 01       	movw	r24, r16
    2198:	0e 94 bd 07 	call	0xf7a	; 0xf7a <FatFile::seekSet(unsigned long)>
_ZN7FatFile4openEPS_P7fname_th.constprop.65():
C:\Users\Ted\Documents\Arduino\libraries\SdFat\src\FatLib/FatFileLFN.cpp:311
  uint8_t freeNeed;
  uint8_t freeFound = 0;
  uint8_t order = 0;
  uint8_t checksum = 0;
  uint8_t ms10;
  uint16_t freeIndex = 0;
    219c:	18 86       	std	Y+8, r1	; 0x08
    219e:	1a 86       	std	Y+10, r1	; 0x0a
C:\Users\Ted\Documents\Arduino\libraries\SdFat\src\FatLib/FatFileLFN.cpp:309
  bool fnameFound = false;
  uint8_t lfnOrd = 0;
  uint8_t freeNeed;
  uint8_t freeFound = 0;
  uint8_t order = 0;
  uint8_t checksum = 0;
    21a0:	1e 82       	std	Y+6, r1	; 0x06
C:\Users\Ted\Documents\Arduino\libraries\SdFat\src\FatLib/FatFileLFN.cpp:308
bool FatFile::open(FatFile* dirFile, fname_t* fname, oflag_t oflag) {
  bool fnameFound = false;
  uint8_t lfnOrd = 0;
  uint8_t freeNeed;
  uint8_t freeFound = 0;
  uint8_t order = 0;
    21a2:	21 2c       	mov	r2, r1
C:\Users\Ted\Documents\Arduino\libraries\SdFat\src\FatLib/FatFileLFN.cpp:307
//------------------------------------------------------------------------------
bool FatFile::open(FatFile* dirFile, fname_t* fname, oflag_t oflag) {
  bool fnameFound = false;
  uint8_t lfnOrd = 0;
  uint8_t freeNeed;
  uint8_t freeFound = 0;
    21a4:	b1 2c       	mov	r11, r1
C:\Users\Ted\Documents\Arduino\libraries\SdFat\src\FatLib/FatFileLFN.cpp:305
  return false;
}
//------------------------------------------------------------------------------
bool FatFile::open(FatFile* dirFile, fname_t* fname, oflag_t oflag) {
  bool fnameFound = false;
  uint8_t lfnOrd = 0;
    21a6:	31 2c       	mov	r3, r1
C:\Users\Ted\Documents\Arduino\libraries\SdFat\src\FatLib/FatFileLFN.cpp:304
 fail:
  return false;
}
//------------------------------------------------------------------------------
bool FatFile::open(FatFile* dirFile, fname_t* fname, oflag_t oflag) {
  bool fnameFound = false;
    21a8:	19 86       	std	Y+9, r1	; 0x09
C:\Users\Ted\Documents\Arduino\libraries\SdFat\src\FatLib/FatFileLFN.cpp:401
          goto found;
        }
        DBG_FAIL_MACRO;
        goto fail;
      }
      if (!memcmp(dir->name, fname->sfn, sizeof(fname->sfn))) {
    21aa:	f6 01       	movw	r30, r12
    21ac:	36 96       	adiw	r30, 0x06	; 6
    21ae:	fc 87       	std	Y+12, r31	; 0x0c
    21b0:	eb 87       	std	Y+11, r30	; 0x0b
C:\Users\Ted\Documents\Arduino\libraries\SdFat\src\FatLib/FatFileLFN.cpp:363
      if (!lfnOrd) {
        if ((ldir->order & FAT_ORDER_LAST_LONG_ENTRY) == 0) {
          continue;
        }
        order = ldir->order & 0X1F;
        if (order != (freeNeed - 1)) {
    21b2:	8a 2d       	mov	r24, r10
    21b4:	81 50       	subi	r24, 0x01	; 1
    21b6:	99 0b       	sbc	r25, r25
    21b8:	9e 87       	std	Y+14, r25	; 0x0e
    21ba:	8d 87       	std	Y+13, r24	; 0x0d
C:\Users\Ted\Documents\Arduino\libraries\SdFat\src\FatLib/FatFileLFN.cpp:328
  // Number of directory entries needed.
  freeNeed = fname->flags & FNAME_FLAG_NEED_LFN ? 1 + (len + 12)/13 : 1;

  dirFile->rewind();
  while (1) {
    curIndex = dirFile->m_curPosition/32;
    21bc:	d8 01       	movw	r26, r16
    21be:	50 96       	adiw	r26, 0x10	; 16
    21c0:	4d 90       	ld	r4, X+
    21c2:	5d 90       	ld	r5, X+
    21c4:	6d 90       	ld	r6, X+
    21c6:	7c 90       	ld	r7, X
    21c8:	53 97       	sbiw	r26, 0x13	; 19
    21ca:	25 e0       	ldi	r18, 0x05	; 5
    21cc:	76 94       	lsr	r7
    21ce:	67 94       	ror	r6
    21d0:	57 94       	ror	r5
    21d2:	47 94       	ror	r4
    21d4:	2a 95       	dec	r18
    21d6:	d1 f7       	brne	.-12     	; 0x21cc <FatFile::open(FatFile*, fname_t*, unsigned char) [clone .constprop.65]+0xae>
    21d8:	72 01       	movw	r14, r4
C:\Users\Ted\Documents\Arduino\libraries\SdFat\src\FatLib/FatFileLFN.cpp:329
    dir = dirFile->readDirCache(true);
    21da:	61 e0       	ldi	r22, 0x01	; 1
    21dc:	c8 01       	movw	r24, r16
    21de:	0e 94 86 0f 	call	0x1f0c	; 0x1f0c <FatFile::readDirCache(bool)>
    21e2:	fc 01       	movw	r30, r24
C:\Users\Ted\Documents\Arduino\libraries\SdFat\src\FatLib/FatFileLFN.cpp:330
    if (!dir) {
    21e4:	89 2b       	or	r24, r25
    21e6:	09 f0       	breq	.+2      	; 0x21ea <FatFile::open(FatFile*, fname_t*, unsigned char) [clone .constprop.65]+0xcc>
    21e8:	81 c0       	rjmp	.+258    	; 0x22ec <FatFile::open(FatFile*, fname_t*, unsigned char) [clone .constprop.65]+0x1ce>
C:\Users\Ted\Documents\Arduino\libraries\SdFat\src\FatLib/FatFileLFN.cpp:331
      if (dirFile->getError()) {
    21ea:	f8 01       	movw	r30, r16
    21ec:	81 81       	ldd	r24, Z+1	; 0x01
    21ee:	81 11       	cpse	r24, r1
    21f0:	b6 cf       	rjmp	.-148    	; 0x215e <FatFile::open(FatFile*, fname_t*, unsigned char) [clone .constprop.65]+0x40>
C:\Users\Ted\Documents\Arduino\libraries\SdFat\src\FatLib/FatFileLFN.cpp:422
  }
  goto open;

 create:
  // don't create unless O_CREAT and write mode
  if (!(oflag & O_CREAT) || !isWriteMode(oflag)) {
    21f2:	ef 81       	ldd	r30, Y+7	; 0x07
    21f4:	e4 ff       	sbrs	r30, 4
    21f6:	b3 cf       	rjmp	.-154    	; 0x215e <FatFile::open(FatFile*, fname_t*, unsigned char) [clone .constprop.65]+0x40>
_Z11isWriteModeh():
C:\Users\Ted\Documents\Arduino\libraries\SdFat\src\common/fsapiconstants.h:65

#define O_READ    O_RDONLY
#define O_WRITE   O_WRONLY

inline bool isWriteMode(oflag_t oflag) {
  oflag &= O_ACCMODE;
    21f8:	8e 2f       	mov	r24, r30
    21fa:	83 70       	andi	r24, 0x03	; 3
C:\Users\Ted\Documents\Arduino\libraries\SdFat\src\common/fsapiconstants.h:66
  return oflag == O_WRONLY || oflag == O_RDWR;
    21fc:	81 50       	subi	r24, 0x01	; 1
_ZN7FatFile4openEPS_P7fname_th.constprop.65():
C:\Users\Ted\Documents\Arduino\libraries\SdFat\src\FatLib/FatFileLFN.cpp:422
    21fe:	82 30       	cpi	r24, 0x02	; 2
    2200:	08 f0       	brcs	.+2      	; 0x2204 <FatFile::open(FatFile*, fname_t*, unsigned char) [clone .constprop.65]+0xe6>
    2202:	ad cf       	rjmp	.-166    	; 0x215e <FatFile::open(FatFile*, fname_t*, unsigned char) [clone .constprop.65]+0x40>
C:\Users\Ted\Documents\Arduino\libraries\SdFat\src\FatLib/FatFileLFN.cpp:427
    DBG_FAIL_MACRO;
    goto fail;
  }
  // If at EOF start in next cluster.
  if (freeFound == 0) {
    2204:	bb 20       	and	r11, r11
    2206:	11 f0       	breq	.+4      	; 0x220c <FatFile::open(FatFile*, fname_t*, unsigned char) [clone .constprop.65]+0xee>
    2208:	e8 84       	ldd	r14, Y+8	; 0x08
    220a:	fa 84       	ldd	r15, Y+10	; 0x0a
C:\Users\Ted\Documents\Arduino\libraries\SdFat\src\FatLib/FatFileLFN.cpp:431
    freeIndex = curIndex;
  }

  while (freeFound < freeNeed) {
    220c:	ba 14       	cp	r11, r10
    220e:	08 f0       	brcs	.+2      	; 0x2212 <FatFile::open(FatFile*, fname_t*, unsigned char) [clone .constprop.65]+0xf4>
    2210:	7a c1       	rjmp	.+756    	; 0x2506 <FatFile::open(FatFile*, fname_t*, unsigned char) [clone .constprop.65]+0x3e8>
C:\Users\Ted\Documents\Arduino\libraries\SdFat\src\FatLib/FatFileLFN.cpp:432
    dir = dirFile->readDirCache();
    2212:	60 e0       	ldi	r22, 0x00	; 0
    2214:	c8 01       	movw	r24, r16
    2216:	0e 94 86 0f 	call	0x1f0c	; 0x1f0c <FatFile::readDirCache(bool)>
C:\Users\Ted\Documents\Arduino\libraries\SdFat\src\FatLib/FatFileLFN.cpp:433
    if (!dir) {
    221a:	89 2b       	or	r24, r25
    221c:	09 f0       	breq	.+2      	; 0x2220 <FatFile::open(FatFile*, fname_t*, unsigned char) [clone .constprop.65]+0x102>
    221e:	50 c1       	rjmp	.+672    	; 0x24c0 <FatFile::open(FatFile*, fname_t*, unsigned char) [clone .constprop.65]+0x3a2>
C:\Users\Ted\Documents\Arduino\libraries\SdFat\src\FatLib/FatFileLFN.cpp:434
      if (dirFile->getError()) {
    2220:	d8 01       	movw	r26, r16
    2222:	11 96       	adiw	r26, 0x01	; 1
    2224:	8c 91       	ld	r24, X
    2226:	81 11       	cpse	r24, r1
    2228:	9a cf       	rjmp	.-204    	; 0x215e <FatFile::open(FatFile*, fname_t*, unsigned char) [clone .constprop.65]+0x40>
addDirCluster():
C:\Users\Ted\Documents\Arduino\libraries\SdFat\src\FatLib/FatFile.cpp:60
// Return with first sector of cluster in the cache.
bool FatFile::addDirCluster() {
  uint32_t sector;
  cache_t* pc;

  if (isRootFixed()) {
    222a:	f8 01       	movw	r30, r16
    222c:	80 81       	ld	r24, Z
    222e:	85 fd       	sbrc	r24, 5
    2230:	96 cf       	rjmp	.-212    	; 0x215e <FatFile::open(FatFile*, fname_t*, unsigned char) [clone .constprop.65]+0x40>
C:\Users\Ted\Documents\Arduino\libraries\SdFat\src\FatLib/FatFile.cpp:65
    DBG_FAIL_MACRO;
    goto fail;
  }
  // max folder size
  if (m_curPosition >= 512UL*4095) {
    2232:	80 89       	ldd	r24, Z+16	; 0x10
    2234:	91 89       	ldd	r25, Z+17	; 0x11
    2236:	a2 89       	ldd	r26, Z+18	; 0x12
    2238:	b3 89       	ldd	r27, Z+19	; 0x13
    223a:	81 15       	cp	r24, r1
    223c:	9e 4f       	sbci	r25, 0xFE	; 254
    223e:	af 41       	sbci	r26, 0x1F	; 31
    2240:	b1 05       	cpc	r27, r1
    2242:	08 f0       	brcs	.+2      	; 0x2246 <FatFile::open(FatFile*, fname_t*, unsigned char) [clone .constprop.65]+0x128>
    2244:	8c cf       	rjmp	.-232    	; 0x215e <FatFile::open(FatFile*, fname_t*, unsigned char) [clone .constprop.65]+0x40>
C:\Users\Ted\Documents\Arduino\libraries\SdFat\src\FatLib/FatFile.cpp:69
    DBG_FAIL_MACRO;
    goto fail;
  }
  if (!addCluster()) {
    2246:	c8 01       	movw	r24, r16
    2248:	0e 94 8d 08 	call	0x111a	; 0x111a <FatFile::addCluster()>
    224c:	88 23       	and	r24, r24
    224e:	09 f4       	brne	.+2      	; 0x2252 <FatFile::open(FatFile*, fname_t*, unsigned char) [clone .constprop.65]+0x134>
    2250:	86 cf       	rjmp	.-244    	; 0x215e <FatFile::open(FatFile*, fname_t*, unsigned char) [clone .constprop.65]+0x40>
C:\Users\Ted\Documents\Arduino\libraries\SdFat\src\FatLib/FatFile.cpp:73
    DBG_FAIL_MACRO;
    goto fail;
  }
  sector = m_vol->clusterStartSector(m_curCluster);
    2252:	d8 01       	movw	r26, r16
    2254:	16 96       	adiw	r26, 0x06	; 6
    2256:	ed 91       	ld	r30, X+
    2258:	fc 91       	ld	r31, X
    225a:	17 97       	sbiw	r26, 0x07	; 7
_ZNK12FatPartition18clusterStartSectorEm():
C:\Users\Ted\Documents\Arduino\libraries\SdFat\src\FatLib/FatPartition.h:292
    225c:	1c 96       	adiw	r26, 0x0c	; 12
    225e:	2d 90       	ld	r2, X+
    2260:	3d 90       	ld	r3, X+
    2262:	4d 90       	ld	r4, X+
    2264:	5c 90       	ld	r5, X
    2266:	1f 97       	sbiw	r26, 0x0f	; 15
    2268:	b2 e0       	ldi	r27, 0x02	; 2
    226a:	2b 1a       	sub	r2, r27
    226c:	31 08       	sbc	r3, r1
    226e:	41 08       	sbc	r4, r1
    2270:	51 08       	sbc	r5, r1
    2272:	84 81       	ldd	r24, Z+4	; 0x04
    2274:	04 c0       	rjmp	.+8      	; 0x227e <FatFile::open(FatFile*, fname_t*, unsigned char) [clone .constprop.65]+0x160>
    2276:	22 0c       	add	r2, r2
    2278:	33 1c       	adc	r3, r3
    227a:	44 1c       	adc	r4, r4
    227c:	55 1c       	adc	r5, r5
    227e:	8a 95       	dec	r24
    2280:	d2 f7       	brpl	.-12     	; 0x2276 <FatFile::open(FatFile*, fname_t*, unsigned char) [clone .constprop.65]+0x158>
    2282:	80 89       	ldd	r24, Z+16	; 0x10
    2284:	91 89       	ldd	r25, Z+17	; 0x11
    2286:	a2 89       	ldd	r26, Z+18	; 0x12
    2288:	b3 89       	ldd	r27, Z+19	; 0x13
    228a:	28 0e       	add	r2, r24
    228c:	39 1e       	adc	r3, r25
    228e:	4a 1e       	adc	r4, r26
    2290:	5b 1e       	adc	r5, r27
_ZN12FatPartition14cacheFetchDataEmh():
C:\Users\Ted\Documents\Arduino\libraries\SdFat\src\FatLib/FatPartition.h:268
  bool cacheSync() {
    return m_cache.sync() && syncDevice();
  }
#endif  // USE_SEPARATE_FAT_CACHE
  cache_t* cacheFetchData(uint32_t sector, uint8_t options) {
    return reinterpret_cast<cache_t*>(m_cache.get(sector, options));
    2292:	25 e0       	ldi	r18, 0x05	; 5
    2294:	b2 01       	movw	r22, r4
    2296:	a1 01       	movw	r20, r2
    2298:	cf 01       	movw	r24, r30
    229a:	80 96       	adiw	r24, 0x20	; 32
    229c:	0e 94 88 06 	call	0xd10	; 0xd10 <FsCache::get(unsigned long, unsigned char)>
    22a0:	3c 01       	movw	r6, r24
addDirCluster():
C:\Users\Ted\Documents\Arduino\libraries\SdFat\src\FatLib/FatFile.cpp:75
  pc = m_vol->cacheFetchData(sector, FsCache::CACHE_RESERVE_FOR_WRITE);
  if (!pc) {
    22a2:	00 97       	sbiw	r24, 0x00	; 0
    22a4:	09 f4       	brne	.+2      	; 0x22a8 <FatFile::open(FatFile*, fname_t*, unsigned char) [clone .constprop.65]+0x18a>
    22a6:	5b cf       	rjmp	.-330    	; 0x215e <FatFile::open(FatFile*, fname_t*, unsigned char) [clone .constprop.65]+0x40>
C:\Users\Ted\Documents\Arduino\libraries\SdFat\src\FatLib/FatFile.cpp:79
    DBG_FAIL_MACRO;
    goto fail;
  }
  memset(pc, 0, m_vol->bytesPerSector());
    22a8:	fc 01       	movw	r30, r24
    22aa:	80 e0       	ldi	r24, 0x00	; 0
    22ac:	92 e0       	ldi	r25, 0x02	; 2
    22ae:	11 92       	st	Z+, r1
    22b0:	01 97       	sbiw	r24, 0x01	; 1
    22b2:	e9 f7       	brne	.-6      	; 0x22ae <FatFile::open(FatFile*, fname_t*, unsigned char) [clone .constprop.65]+0x190>
_ZN7FatFile4openEPS_P7fname_th.constprop.65():
C:\Users\Ted\Documents\Arduino\libraries\SdFat\src\FatLib/FatFile.cpp:81
  // zero rest of clusters
  for (uint8_t i = 1; i < m_vol->sectorsPerCluster(); i++) {
    22b4:	91 e0       	ldi	r25, 0x01	; 1
    22b6:	9e 83       	std	Y+6, r25	; 0x06
addDirCluster():
    22b8:	d8 01       	movw	r26, r16
    22ba:	16 96       	adiw	r26, 0x06	; 6
    22bc:	ed 91       	ld	r30, X+
    22be:	fc 91       	ld	r31, X
    22c0:	82 81       	ldd	r24, Z+2	; 0x02
    22c2:	be 81       	ldd	r27, Y+6	; 0x06
    22c4:	b8 17       	cp	r27, r24
    22c6:	08 f0       	brcs	.+2      	; 0x22ca <FatFile::open(FatFile*, fname_t*, unsigned char) [clone .constprop.65]+0x1ac>
    22c8:	fd c0       	rjmp	.+506    	; 0x24c4 <FatFile::open(FatFile*, fname_t*, unsigned char) [clone .constprop.65]+0x3a6>
_ZN12FatPartition11writeSectorEmPKh():
C:\Users\Ted\Documents\Arduino\libraries\SdFat\src\FatLib/FatPartition.h:227
  }
  bool syncDevice() {
    return m_blockDev->syncDevice();
  }
  bool writeSector(uint32_t sector, const uint8_t* src) {
    return m_blockDev->writeSector(sector, src);
    22ca:	93 01       	movw	r18, r6
    22cc:	b2 01       	movw	r22, r4
    22ce:	a1 01       	movw	r20, r2
    22d0:	4b 0f       	add	r20, r27
    22d2:	51 1d       	adc	r21, r1
    22d4:	61 1d       	adc	r22, r1
    22d6:	71 1d       	adc	r23, r1
    22d8:	80 81       	ld	r24, Z
    22da:	91 81       	ldd	r25, Z+1	; 0x01
    22dc:	0e 94 b9 05 	call	0xb72	; 0xb72 <SdSpiCard::writeSector(unsigned long, unsigned char const*)>
addDirCluster():
C:\Users\Ted\Documents\Arduino\libraries\SdFat\src\FatLib/FatFile.cpp:82
    if (!m_vol->writeSector(sector + i, pc->data)) {
    22e0:	88 23       	and	r24, r24
    22e2:	09 f4       	brne	.+2      	; 0x22e6 <FatFile::open(FatFile*, fname_t*, unsigned char) [clone .constprop.65]+0x1c8>
    22e4:	3c cf       	rjmp	.-392    	; 0x215e <FatFile::open(FatFile*, fname_t*, unsigned char) [clone .constprop.65]+0x40>
C:\Users\Ted\Documents\Arduino\libraries\SdFat\src\FatLib/FatFile.cpp:81
    DBG_FAIL_MACRO;
    goto fail;
  }
  memset(pc, 0, m_vol->bytesPerSector());
  // zero rest of clusters
  for (uint8_t i = 1; i < m_vol->sectorsPerCluster(); i++) {
    22e6:	9e 81       	ldd	r25, Y+6	; 0x06
    22e8:	9f 5f       	subi	r25, 0xFF	; 255
    22ea:	e5 cf       	rjmp	.-54     	; 0x22b6 <FatFile::open(FatFile*, fname_t*, unsigned char) [clone .constprop.65]+0x198>
_ZN7FatFile4openEPS_P7fname_th.constprop.65():
C:\Users\Ted\Documents\Arduino\libraries\SdFat\src\FatLib/FatFileLFN.cpp:338
        goto fail;
      }
      // At EOF
      goto create;
    }
    if (dir->name[0] == FAT_NAME_DELETED || dir->name[0] == FAT_NAME_FREE) {
    22ec:	20 81       	ld	r18, Z
    22ee:	25 3e       	cpi	r18, 0xE5	; 229
    22f0:	11 f0       	breq	.+4      	; 0x22f6 <FatFile::open(FatFile*, fname_t*, unsigned char) [clone .constprop.65]+0x1d8>
    22f2:	21 11       	cpse	r18, r1
    22f4:	0e c0       	rjmp	.+28     	; 0x2312 <FatFile::open(FatFile*, fname_t*, unsigned char) [clone .constprop.65]+0x1f4>
C:\Users\Ted\Documents\Arduino\libraries\SdFat\src\FatLib/FatFileLFN.cpp:339
      if (freeFound == 0) {
    22f6:	b1 10       	cpse	r11, r1
    22f8:	02 c0       	rjmp	.+4      	; 0x22fe <FatFile::open(FatFile*, fname_t*, unsigned char) [clone .constprop.65]+0x1e0>
C:\Users\Ted\Documents\Arduino\libraries\SdFat\src\FatLib/FatFileLFN.cpp:328
  // Number of directory entries needed.
  freeNeed = fname->flags & FNAME_FLAG_NEED_LFN ? 1 + (len + 12)/13 : 1;

  dirFile->rewind();
  while (1) {
    curIndex = dirFile->m_curPosition/32;
    22fa:	48 86       	std	Y+8, r4	; 0x08
    22fc:	5a 86       	std	Y+10, r5	; 0x0a
C:\Users\Ted\Documents\Arduino\libraries\SdFat\src\FatLib/FatFileLFN.cpp:342
    }
    if (dir->name[0] == FAT_NAME_DELETED || dir->name[0] == FAT_NAME_FREE) {
      if (freeFound == 0) {
        freeIndex = curIndex;
      }
      if (freeFound < freeNeed) {
    22fe:	ba 14       	cp	r11, r10
    2300:	08 f4       	brcc	.+2      	; 0x2304 <FatFile::open(FatFile*, fname_t*, unsigned char) [clone .constprop.65]+0x1e6>
C:\Users\Ted\Documents\Arduino\libraries\SdFat\src\FatLib/FatFileLFN.cpp:343
        freeFound++;
    2302:	b3 94       	inc	r11
C:\Users\Ted\Documents\Arduino\libraries\SdFat\src\FatLib/FatFileLFN.cpp:345
      }
      if (dir->name[0] == FAT_NAME_FREE) {
    2304:	22 23       	and	r18, r18
    2306:	09 f4       	brne	.+2      	; 0x230a <FatFile::open(FatFile*, fname_t*, unsigned char) [clone .constprop.65]+0x1ec>
    2308:	74 cf       	rjmp	.-280    	; 0x21f2 <FatFile::open(FatFile*, fname_t*, unsigned char) [clone .constprop.65]+0xd4>
C:\Users\Ted\Documents\Arduino\libraries\SdFat\src\FatLib/FatFileLFN.cpp:354
      if (freeFound < freeNeed) {
        freeFound = 0;
      }
    }
    // skip empty slot or '.' or '..'
    if (dir->name[0] == FAT_NAME_DELETED || dir->name[0] == '.') {
    230a:	25 3e       	cpi	r18, 0xE5	; 229
    230c:	21 f4       	brne	.+8      	; 0x2316 <FatFile::open(FatFile*, fname_t*, unsigned char) [clone .constprop.65]+0x1f8>
C:\Users\Ted\Documents\Arduino\libraries\SdFat\src\FatLib/FatFileLFN.cpp:408
          goto found;
        }
        fnameFound = true;
      }
    } else {
      lfnOrd = 0;
    230e:	31 2c       	mov	r3, r1
    2310:	55 cf       	rjmp	.-342    	; 0x21bc <FatFile::open(FatFile*, fname_t*, unsigned char) [clone .constprop.65]+0x9e>
C:\Users\Ted\Documents\Arduino\libraries\SdFat\src\FatLib/FatFileLFN.cpp:349
      }
      if (dir->name[0] == FAT_NAME_FREE) {
        goto create;
      }
    } else {
      if (freeFound < freeNeed) {
    2312:	ba 14       	cp	r11, r10
    2314:	70 f1       	brcs	.+92     	; 0x2372 <FatFile::open(FatFile*, fname_t*, unsigned char) [clone .constprop.65]+0x254>
C:\Users\Ted\Documents\Arduino\libraries\SdFat\src\FatLib/FatFileLFN.cpp:354
        freeFound = 0;
      }
    }
    // skip empty slot or '.' or '..'
    if (dir->name[0] == FAT_NAME_DELETED || dir->name[0] == '.') {
    2316:	2e 32       	cpi	r18, 0x2E	; 46
    2318:	d1 f3       	breq	.-12     	; 0x230e <FatFile::open(FatFile*, fname_t*, unsigned char) [clone .constprop.65]+0x1f0>
    231a:	33 85       	ldd	r19, Z+11	; 0x0b
C:\Users\Ted\Documents\Arduino\libraries\SdFat\src\FatLib/FatFileLFN.cpp:356
      lfnOrd = 0;
    } else if (isLongName(dir)) {
    231c:	3f 30       	cpi	r19, 0x0F	; 15
    231e:	09 f0       	breq	.+2      	; 0x2322 <FatFile::open(FatFile*, fname_t*, unsigned char) [clone .constprop.65]+0x204>
    2320:	5f c0       	rjmp	.+190    	; 0x23e0 <FatFile::open(FatFile*, fname_t*, unsigned char) [clone .constprop.65]+0x2c2>
C:\Users\Ted\Documents\Arduino\libraries\SdFat\src\FatLib/FatFileLFN.cpp:358
      ldir = reinterpret_cast<DirLfn_t*>(dir);
      if (!lfnOrd) {
    2322:	31 10       	cpse	r3, r1
    2324:	28 c0       	rjmp	.+80     	; 0x2376 <FatFile::open(FatFile*, fname_t*, unsigned char) [clone .constprop.65]+0x258>
C:\Users\Ted\Documents\Arduino\libraries\SdFat\src\FatLib/FatFileLFN.cpp:359
        if ((ldir->order & FAT_ORDER_LAST_LONG_ENTRY) == 0) {
    2326:	26 ff       	sbrs	r18, 6
    2328:	49 cf       	rjmp	.-366    	; 0x21bc <FatFile::open(FatFile*, fname_t*, unsigned char) [clone .constprop.65]+0x9e>
C:\Users\Ted\Documents\Arduino\libraries\SdFat\src\FatLib/FatFileLFN.cpp:362
          continue;
        }
        order = ldir->order & 0X1F;
    232a:	2f 71       	andi	r18, 0x1F	; 31
    232c:	22 2e       	mov	r2, r18
C:\Users\Ted\Documents\Arduino\libraries\SdFat\src\FatLib/FatFileLFN.cpp:363
        if (order != (freeNeed - 1)) {
    232e:	8d 85       	ldd	r24, Y+13	; 0x0d
    2330:	9e 85       	ldd	r25, Y+14	; 0x0e
    2332:	28 17       	cp	r18, r24
    2334:	19 06       	cpc	r1, r25
    2336:	09 f0       	breq	.+2      	; 0x233a <FatFile::open(FatFile*, fname_t*, unsigned char) [clone .constprop.65]+0x21c>
    2338:	41 cf       	rjmp	.-382    	; 0x21bc <FatFile::open(FatFile*, fname_t*, unsigned char) [clone .constprop.65]+0x9e>
C:\Users\Ted\Documents\Arduino\libraries\SdFat\src\FatLib/FatFileLFN.cpp:367
          continue;
        }
        lfnOrd = order;
        checksum = ldir->checksum;
    233a:	95 85       	ldd	r25, Z+13	; 0x0d
    233c:	9e 83       	std	Y+6, r25	; 0x06
C:\Users\Ted\Documents\Arduino\libraries\SdFat\src\FatLib/FatFileLFN.cpp:366
        }
        order = ldir->order & 0X1F;
        if (order != (freeNeed - 1)) {
          continue;
        }
        lfnOrd = order;
    233e:	32 2e       	mov	r3, r18
C:\Users\Ted\Documents\Arduino\libraries\SdFat\src\FatLib/FatFileLFN.cpp:372
        checksum = ldir->checksum;
      } else if (ldir->order != --order || checksum != ldir->checksum) {
        lfnOrd = 0;
        continue;
      }
      size_t k = 13*(order - 1);
    2340:	82 2d       	mov	r24, r2
    2342:	81 50       	subi	r24, 0x01	; 1
    2344:	99 0b       	sbc	r25, r25
    2346:	ac 01       	movw	r20, r24
    2348:	9d e0       	ldi	r25, 0x0D	; 13
    234a:	94 9f       	mul	r25, r20
    234c:	90 01       	movw	r18, r0
    234e:	95 9f       	mul	r25, r21
    2350:	30 0d       	add	r19, r0
    2352:	11 24       	eor	r1, r1
C:\Users\Ted\Documents\Arduino\libraries\SdFat\src\FatLib/FatFileLFN.cpp:373
      if (k >= len) {
    2354:	28 15       	cp	r18, r8
    2356:	39 05       	cpc	r19, r9
    2358:	d0 f6       	brcc	.-76     	; 0x230e <FatFile::open(FatFile*, fname_t*, unsigned char) [clone .constprop.65]+0x1f0>
C:\Users\Ted\Documents\Arduino\libraries\SdFat\src\FatLib/FatFileLFN.cpp:378
        // Not found.
        lfnOrd = 0;
        continue;
      }
      for (uint8_t i = 0; i < 13; i++) {
    235a:	f1 2c       	mov	r15, r1
lfnGetChar():
C:\Users\Ted\Documents\Arduino\libraries\SdFat\src\FatLib/FatFileLFN.cpp:63
 * \param[in] ldir Pointer to long file name directory entry.
 * \param[in] i Index of character.
 * \return The 16-bit character.
 */
static uint16_t lfnGetChar(DirLfn_t* ldir, uint8_t i) {
  if (i < 5) {
    235c:	a4 e0       	ldi	r26, 0x04	; 4
    235e:	af 15       	cp	r26, r15
    2360:	90 f0       	brcs	.+36     	; 0x2386 <FatFile::open(FatFile*, fname_t*, unsigned char) [clone .constprop.65]+0x268>
_Z7getLe16PKh():
C:\Users\Ted\Documents\Arduino\libraries\SdFat\src\common/fsstructs.h:34
void lbaToMbrChs(uint8_t* chs, uint32_t capacityMB, uint32_t lba);
//-----------------------------------------------------------------------------
#if !defined(USE_SIMPLE_LITTLE_ENDIAN) || USE_SIMPLE_LITTLE_ENDIAN
// assumes CPU is little-endian and handles alignment issues.
inline uint16_t getLe16(const uint8_t* src) {
  return *reinterpret_cast<const uint16_t*>(src);
    2362:	81 81       	ldd	r24, Z+1	; 0x01
    2364:	92 81       	ldd	r25, Z+2	; 0x02
_ZN7FatFile4openEPS_P7fname_th.constprop.65():
C:\Users\Ted\Documents\Arduino\libraries\SdFat\src\FatLib/FatFileLFN.cpp:380
        lfnOrd = 0;
        continue;
      }
      for (uint8_t i = 0; i < 13; i++) {
        uint16_t u = lfnGetChar(ldir, i);
        if (k == len) {
    2366:	82 16       	cp	r8, r18
    2368:	93 06       	cpc	r9, r19
    236a:	b1 f4       	brne	.+44     	; 0x2398 <FatFile::open(FatFile*, fname_t*, unsigned char) [clone .constprop.65]+0x27a>
C:\Users\Ted\Documents\Arduino\libraries\SdFat\src\FatLib/FatFileLFN.cpp:381
          if (u != 0) {
    236c:	89 2b       	or	r24, r25
    236e:	79 f6       	brne	.-98     	; 0x230e <FatFile::open(FatFile*, fname_t*, unsigned char) [clone .constprop.65]+0x1f0>
    2370:	25 cf       	rjmp	.-438    	; 0x21bc <FatFile::open(FatFile*, fname_t*, unsigned char) [clone .constprop.65]+0x9e>
C:\Users\Ted\Documents\Arduino\libraries\SdFat\src\FatLib/FatFileLFN.cpp:350
      if (dir->name[0] == FAT_NAME_FREE) {
        goto create;
      }
    } else {
      if (freeFound < freeNeed) {
        freeFound = 0;
    2372:	b1 2c       	mov	r11, r1
    2374:	d0 cf       	rjmp	.-96     	; 0x2316 <FatFile::open(FatFile*, fname_t*, unsigned char) [clone .constprop.65]+0x1f8>
C:\Users\Ted\Documents\Arduino\libraries\SdFat\src\FatLib/FatFileLFN.cpp:368
        if (order != (freeNeed - 1)) {
          continue;
        }
        lfnOrd = order;
        checksum = ldir->checksum;
      } else if (ldir->order != --order || checksum != ldir->checksum) {
    2376:	2a 94       	dec	r2
    2378:	22 11       	cpse	r18, r2
    237a:	c9 cf       	rjmp	.-110    	; 0x230e <FatFile::open(FatFile*, fname_t*, unsigned char) [clone .constprop.65]+0x1f0>
    237c:	25 85       	ldd	r18, Z+13	; 0x0d
    237e:	ae 81       	ldd	r26, Y+6	; 0x06
    2380:	2a 17       	cp	r18, r26
    2382:	f1 f2       	breq	.-68     	; 0x2340 <FatFile::open(FatFile*, fname_t*, unsigned char) [clone .constprop.65]+0x222>
    2384:	c4 cf       	rjmp	.-120    	; 0x230e <FatFile::open(FatFile*, fname_t*, unsigned char) [clone .constprop.65]+0x1f0>
lfnGetChar():
C:\Users\Ted\Documents\Arduino\libraries\SdFat\src\FatLib/FatFileLFN.cpp:65
 * \return The 16-bit character.
 */
static uint16_t lfnGetChar(DirLfn_t* ldir, uint8_t i) {
  if (i < 5) {
    return getLe16(ldir->unicode1 + 2*i);
  } else if (i < 11) {
    2386:	ba e0       	ldi	r27, 0x0A	; 10
    2388:	bf 15       	cp	r27, r15
    238a:	18 f0       	brcs	.+6      	; 0x2392 <FatFile::open(FatFile*, fname_t*, unsigned char) [clone .constprop.65]+0x274>
_Z7getLe16PKh():
C:\Users\Ted\Documents\Arduino\libraries\SdFat\src\common/fsstructs.h:34
    238c:	84 81       	ldd	r24, Z+4	; 0x04
    238e:	95 81       	ldd	r25, Z+5	; 0x05
    2390:	ea cf       	rjmp	.-44     	; 0x2366 <FatFile::open(FatFile*, fname_t*, unsigned char) [clone .constprop.65]+0x248>
    2392:	86 81       	ldd	r24, Z+6	; 0x06
    2394:	97 81       	ldd	r25, Z+7	; 0x07
    2396:	e7 cf       	rjmp	.-50     	; 0x2366 <FatFile::open(FatFile*, fname_t*, unsigned char) [clone .constprop.65]+0x248>
_ZN7FatFile4openEPS_P7fname_th.constprop.65():
C:\Users\Ted\Documents\Arduino\libraries\SdFat\src\FatLib/FatFileLFN.cpp:387
            // Not found.
            lfnOrd = 0;
          }
          break;
        }
        if (u > 255 || lfnToLower(u) != lfnToLower(fname->lfn[k++])) {
    2398:	8f 3f       	cpi	r24, 0xFF	; 255
    239a:	91 05       	cpc	r25, r1
    239c:	11 f0       	breq	.+4      	; 0x23a2 <FatFile::open(FatFile*, fname_t*, unsigned char) [clone .constprop.65]+0x284>
    239e:	08 f0       	brcs	.+2      	; 0x23a2 <FatFile::open(FatFile*, fname_t*, unsigned char) [clone .constprop.65]+0x284>
    23a0:	b6 cf       	rjmp	.-148    	; 0x230e <FatFile::open(FatFile*, fname_t*, unsigned char) [clone .constprop.65]+0x1f0>
lfnToLower():
C:\Users\Ted\Documents\Arduino\libraries\SdFat\src\FatLib/FatFileLFN.cpp:42
}
#if USE_LONG_FILE_NAMES
//------------------------------------------------------------------------------
// Saves about 90 bytes of flash on 328 over tolower().
inline char lfnToLower(char c) {
  return 'A' <= c && c <= 'Z' ? c + 'a' - 'A' : c;
    23a2:	4f eb       	ldi	r20, 0xBF	; 191
    23a4:	48 0f       	add	r20, r24
    23a6:	4a 31       	cpi	r20, 0x1A	; 26
    23a8:	08 f4       	brcc	.+2      	; 0x23ac <FatFile::open(FatFile*, fname_t*, unsigned char) [clone .constprop.65]+0x28e>
    23aa:	80 5e       	subi	r24, 0xE0	; 224
_ZN7FatFile4openEPS_P7fname_th.constprop.65():
C:\Users\Ted\Documents\Arduino\libraries\SdFat\src\FatLib/FatFileLFN.cpp:387
            // Not found.
            lfnOrd = 0;
          }
          break;
        }
        if (u > 255 || lfnToLower(u) != lfnToLower(fname->lfn[k++])) {
    23ac:	b9 01       	movw	r22, r18
    23ae:	6f 5f       	subi	r22, 0xFF	; 255
    23b0:	7f 4f       	sbci	r23, 0xFF	; 255
    23b2:	d6 01       	movw	r26, r12
    23b4:	13 96       	adiw	r26, 0x03	; 3
    23b6:	4d 91       	ld	r20, X+
    23b8:	5c 91       	ld	r21, X
    23ba:	24 0f       	add	r18, r20
    23bc:	35 1f       	adc	r19, r21
    23be:	d9 01       	movw	r26, r18
    23c0:	9c 91       	ld	r25, X
lfnToLower():
C:\Users\Ted\Documents\Arduino\libraries\SdFat\src\FatLib/FatFileLFN.cpp:42
}
#if USE_LONG_FILE_NAMES
//------------------------------------------------------------------------------
// Saves about 90 bytes of flash on 328 over tolower().
inline char lfnToLower(char c) {
  return 'A' <= c && c <= 'Z' ? c + 'a' - 'A' : c;
    23c2:	2f eb       	ldi	r18, 0xBF	; 191
    23c4:	29 0f       	add	r18, r25
    23c6:	2a 31       	cpi	r18, 0x1A	; 26
    23c8:	08 f4       	brcc	.+2      	; 0x23cc <FatFile::open(FatFile*, fname_t*, unsigned char) [clone .constprop.65]+0x2ae>
    23ca:	90 5e       	subi	r25, 0xE0	; 224
_ZN7FatFile4openEPS_P7fname_th.constprop.65():
C:\Users\Ted\Documents\Arduino\libraries\SdFat\src\FatLib/FatFileLFN.cpp:387
            // Not found.
            lfnOrd = 0;
          }
          break;
        }
        if (u > 255 || lfnToLower(u) != lfnToLower(fname->lfn[k++])) {
    23cc:	98 13       	cpse	r25, r24
    23ce:	9f cf       	rjmp	.-194    	; 0x230e <FatFile::open(FatFile*, fname_t*, unsigned char) [clone .constprop.65]+0x1f0>
C:\Users\Ted\Documents\Arduino\libraries\SdFat\src\FatLib/FatFileLFN.cpp:378
      if (k >= len) {
        // Not found.
        lfnOrd = 0;
        continue;
      }
      for (uint8_t i = 0; i < 13; i++) {
    23d0:	f3 94       	inc	r15
    23d2:	32 96       	adiw	r30, 0x02	; 2
    23d4:	bd e0       	ldi	r27, 0x0D	; 13
    23d6:	fb 16       	cp	r15, r27
    23d8:	09 f4       	brne	.+2      	; 0x23dc <FatFile::open(FatFile*, fname_t*, unsigned char) [clone .constprop.65]+0x2be>
    23da:	f0 ce       	rjmp	.-544    	; 0x21bc <FatFile::open(FatFile*, fname_t*, unsigned char) [clone .constprop.65]+0x9e>
C:\Users\Ted\Documents\Arduino\libraries\SdFat\src\FatLib/FatFileLFN.cpp:387
            // Not found.
            lfnOrd = 0;
          }
          break;
        }
        if (u > 255 || lfnToLower(u) != lfnToLower(fname->lfn[k++])) {
    23dc:	9b 01       	movw	r18, r22
    23de:	be cf       	rjmp	.-132    	; 0x235c <FatFile::open(FatFile*, fname_t*, unsigned char) [clone .constprop.65]+0x23e>
C:\Users\Ted\Documents\Arduino\libraries\SdFat\src\FatLib/FatFileLFN.cpp:393
          // Not found.
          lfnOrd = 0;
          break;
        }
      }
    } else if (isFileOrSubdir(dir)) {
    23e0:	33 fd       	sbrc	r19, 3
    23e2:	95 cf       	rjmp	.-214    	; 0x230e <FatFile::open(FatFile*, fname_t*, unsigned char) [clone .constprop.65]+0x1f0>
C:\Users\Ted\Documents\Arduino\libraries\SdFat\src\FatLib/FatFileLFN.cpp:394
      if (lfnOrd) {
    23e4:	33 20       	and	r3, r3
    23e6:	09 f4       	brne	.+2      	; 0x23ea <FatFile::open(FatFile*, fname_t*, unsigned char) [clone .constprop.65]+0x2cc>
    23e8:	5a c0       	rjmp	.+180    	; 0x249e <FatFile::open(FatFile*, fname_t*, unsigned char) [clone .constprop.65]+0x380>
C:\Users\Ted\Documents\Arduino\libraries\SdFat\src\FatLib/FatFileLFN.cpp:395
        if (1 == order && lfnChecksum(dir->name) == checksum) {
    23ea:	21 e0       	ldi	r18, 0x01	; 1
    23ec:	22 12       	cpse	r2, r18
    23ee:	b7 ce       	rjmp	.-658    	; 0x215e <FatFile::open(FatFile*, fname_t*, unsigned char) [clone .constprop.65]+0x40>
    23f0:	9f 01       	movw	r18, r30
    23f2:	25 5f       	subi	r18, 0xF5	; 245
    23f4:	3f 4f       	sbci	r19, 0xFF	; 255
C:\Users\Ted\Documents\Arduino\libraries\SdFat\src\FatLib/FatFileLFN.cpp:32
#include "FatFile.h"
#include "FatVolume.h"
//------------------------------------------------------------------------------
//
uint8_t FatFile::lfnChecksum(uint8_t* name) {
  uint8_t sum = 0;
    23f6:	90 e0       	ldi	r25, 0x00	; 0
lfnChecksum():
C:\Users\Ted\Documents\Arduino\libraries\SdFat\src\FatLib/FatFileLFN.cpp:34
  for (uint8_t i = 0; i < 11; i++) {
    sum = (((sum & 1) << 7) | ((sum & 0xfe) >> 1)) + name[i];
    23f8:	90 fb       	bst	r25, 0
    23fa:	97 95       	ror	r25
    23fc:	97 f9       	bld	r25, 7
    23fe:	81 91       	ld	r24, Z+
    2400:	98 0f       	add	r25, r24
C:\Users\Ted\Documents\Arduino\libraries\SdFat\src\FatLib/FatFileLFN.cpp:33
#include "FatVolume.h"
//------------------------------------------------------------------------------
//
uint8_t FatFile::lfnChecksum(uint8_t* name) {
  uint8_t sum = 0;
  for (uint8_t i = 0; i < 11; i++) {
    2402:	2e 17       	cp	r18, r30
    2404:	3f 07       	cpc	r19, r31
    2406:	c1 f7       	brne	.-16     	; 0x23f8 <FatFile::open(FatFile*, fname_t*, unsigned char) [clone .constprop.65]+0x2da>
_ZN7FatFile4openEPS_P7fname_th.constprop.65():
C:\Users\Ted\Documents\Arduino\libraries\SdFat\src\FatLib/FatFileLFN.cpp:395
          break;
        }
      }
    } else if (isFileOrSubdir(dir)) {
      if (lfnOrd) {
        if (1 == order && lfnChecksum(dir->name) == checksum) {
    2408:	8e 81       	ldd	r24, Y+6	; 0x06
    240a:	89 13       	cpse	r24, r25
    240c:	a8 ce       	rjmp	.-688    	; 0x215e <FatFile::open(FatFile*, fname_t*, unsigned char) [clone .constprop.65]+0x40>
C:\Users\Ted\Documents\Arduino\libraries\SdFat\src\FatLib/FatFileLFN.cpp:414
    }
  }

 found:
  // Don't open if create only.
  if (oflag & O_EXCL) {
    240e:	bf 81       	ldd	r27, Y+7	; 0x07
    2410:	b6 fd       	sbrc	r27, 6
    2412:	a5 ce       	rjmp	.-694    	; 0x215e <FatFile::open(FatFile*, fname_t*, unsigned char) [clone .constprop.65]+0x40>
openCachedEntry():
C:\Users\Ted\Documents\Arduino\libraries\SdFat\src\FatLib/FatFile.cpp:522
//------------------------------------------------------------------------------
// open a cached directory entry.
bool FatFile::openCachedEntry(FatFile* dirFile, uint16_t dirIndex,
                              oflag_t oflag, uint8_t lfnOrd) {
  uint32_t firstCluster;
  memset(this, 0, sizeof(FatFile));
    2414:	eb e4       	ldi	r30, 0x4B	; 75
    2416:	f4 e0       	ldi	r31, 0x04	; 4
    2418:	80 e2       	ldi	r24, 0x20	; 32
    241a:	df 01       	movw	r26, r30
    241c:	1d 92       	st	X+, r1
    241e:	8a 95       	dec	r24
    2420:	e9 f7       	brne	.-6      	; 0x241c <FatFile::open(FatFile*, fname_t*, unsigned char) [clone .constprop.65]+0x2fe>
C:\Users\Ted\Documents\Arduino\libraries\SdFat\src\FatLib/FatFile.cpp:524
  // location of entry in cache
  m_vol = dirFile->m_vol;
    2422:	f8 01       	movw	r30, r16
    2424:	a6 81       	ldd	r26, Z+6	; 0x06
    2426:	b7 81       	ldd	r27, Z+7	; 0x07
    2428:	b0 93 52 04 	sts	0x0452, r27	; 0x800452 <file+0xb>
    242c:	a0 93 51 04 	sts	0x0451, r26	; 0x800451 <file+0xa>
C:\Users\Ted\Documents\Arduino\libraries\SdFat\src\FatLib/FatFile.cpp:525
  m_dirIndex = dirIndex;
    2430:	f0 92 50 04 	sts	0x0450, r15	; 0x800450 <file+0x9>
    2434:	e0 92 4f 04 	sts	0x044F, r14	; 0x80044f <file+0x8>
C:\Users\Ted\Documents\Arduino\libraries\SdFat\src\FatLib/FatFile.cpp:526
  m_dirCluster = dirFile->m_firstCluster;
    2438:	44 8d       	ldd	r20, Z+28	; 0x1c
    243a:	55 8d       	ldd	r21, Z+29	; 0x1d
    243c:	66 8d       	ldd	r22, Z+30	; 0x1e
    243e:	77 8d       	ldd	r23, Z+31	; 0x1f
    2440:	40 93 53 04 	sts	0x0453, r20	; 0x800453 <file+0xc>
    2444:	50 93 54 04 	sts	0x0454, r21	; 0x800454 <file+0xd>
    2448:	60 93 55 04 	sts	0x0455, r22	; 0x800455 <file+0xe>
    244c:	70 93 56 04 	sts	0x0456, r23	; 0x800456 <file+0xf>
_ZN7FsCache11cacheBufferEv():
C:\Users\Ted\Documents\Arduino\libraries\SdFat\src\common/fscache.h:58
    2450:	fd 01       	movw	r30, r26
    2452:	bb 96       	adiw	r30, 0x2b	; 43
openCachedEntry():
C:\Users\Ted\Documents\Arduino\libraries\SdFat\src\FatLib/FatFile.cpp:528
  DirFat_t* dir = reinterpret_cast<DirFat_t*>(m_vol->cacheAddress());
  dir += 0XF & dirIndex;
    2454:	2f e0       	ldi	r18, 0x0F	; 15
    2456:	e2 22       	and	r14, r18
    2458:	ff 24       	eor	r15, r15
    245a:	35 e0       	ldi	r19, 0x05	; 5
    245c:	ee 0c       	add	r14, r14
    245e:	ff 1c       	adc	r15, r15
    2460:	3a 95       	dec	r19
    2462:	e1 f7       	brne	.-8      	; 0x245c <FatFile::open(FatFile*, fname_t*, unsigned char) [clone .constprop.65]+0x33e>
    2464:	ee 0d       	add	r30, r14
    2466:	ff 1d       	adc	r31, r15
    2468:	83 85       	ldd	r24, Z+11	; 0x0b
C:\Users\Ted\Documents\Arduino\libraries\SdFat\src\FatLib/FatFile.cpp:531

  // Must be file or subdirectory.
  if (!isFileOrSubdir(dir)) {
    246a:	83 fd       	sbrc	r24, 3
    246c:	13 c0       	rjmp	.+38     	; 0x2494 <FatFile::open(FatFile*, fname_t*, unsigned char) [clone .constprop.65]+0x376>
C:\Users\Ted\Documents\Arduino\libraries\SdFat\src\FatLib/FatFile.cpp:535
    DBG_FAIL_MACRO;
    goto fail;
  }
  m_attributes = dir->attributes & FILE_ATTR_COPY;
    246e:	98 2f       	mov	r25, r24
    2470:	97 71       	andi	r25, 0x17	; 23
C:\Users\Ted\Documents\Arduino\libraries\SdFat\src\FatLib/FatFile.cpp:536
  if (isFileDir(dir)) {
    2472:	88 71       	andi	r24, 0x18	; 24
    2474:	09 f4       	brne	.+2      	; 0x2478 <FatFile::open(FatFile*, fname_t*, unsigned char) [clone .constprop.65]+0x35a>
    2476:	98 c1       	rjmp	.+816    	; 0x27a8 <FatFile::open(FatFile*, fname_t*, unsigned char) [clone .constprop.65]+0x68a>
C:\Users\Ted\Documents\Arduino\libraries\SdFat\src\FatLib/FatFile.cpp:537
    m_attributes |= FILE_ATTR_FILE;
    2478:	90 93 4b 04 	sts	0x044B, r25	; 0x80044b <file+0x4>
C:\Users\Ted\Documents\Arduino\libraries\SdFat\src\FatLib/FatFile.cpp:539
  }
  m_lfnOrd = lfnOrd;
    247c:	30 92 4e 04 	sts	0x044E, r3	; 0x80044e <file+0x7>
C:\Users\Ted\Documents\Arduino\libraries\SdFat\src\FatLib/FatFile.cpp:541

  switch (oflag & O_ACCMODE) {
    2480:	8f 81       	ldd	r24, Y+7	; 0x07
    2482:	83 70       	andi	r24, 0x03	; 3
    2484:	81 30       	cpi	r24, 0x01	; 1
    2486:	09 f4       	brne	.+2      	; 0x248a <FatFile::open(FatFile*, fname_t*, unsigned char) [clone .constprop.65]+0x36c>
    2488:	ef c1       	rjmp	.+990    	; 0x2868 <FatFile::open(FatFile*, fname_t*, unsigned char) [clone .constprop.65]+0x74a>
    248a:	08 f4       	brcc	.+2      	; 0x248e <FatFile::open(FatFile*, fname_t*, unsigned char) [clone .constprop.65]+0x370>
    248c:	8f c1       	rjmp	.+798    	; 0x27ac <FatFile::open(FatFile*, fname_t*, unsigned char) [clone .constprop.65]+0x68e>
    248e:	82 30       	cpi	r24, 0x02	; 2
    2490:	09 f4       	brne	.+2      	; 0x2494 <FatFile::open(FatFile*, fname_t*, unsigned char) [clone .constprop.65]+0x376>
    2492:	e8 c1       	rjmp	.+976    	; 0x2864 <FatFile::open(FatFile*, fname_t*, unsigned char) [clone .constprop.65]+0x746>
C:\Users\Ted\Documents\Arduino\libraries\SdFat\src\FatLib/FatFile.cpp:596
    goto fail;
  }
  return true;

 fail:
  m_attributes = FILE_ATTR_CLOSED;
    2494:	10 92 4b 04 	sts	0x044B, r1	; 0x80044b <file+0x4>
C:\Users\Ted\Documents\Arduino\libraries\SdFat\src\FatLib/FatFile.cpp:597
  m_flags = 0;
    2498:	10 92 4d 04 	sts	0x044D, r1	; 0x80044d <file+0x6>
    249c:	60 ce       	rjmp	.-832    	; 0x215e <FatFile::open(FatFile*, fname_t*, unsigned char) [clone .constprop.65]+0x40>
_ZN7FatFile4openEPS_P7fname_th.constprop.65():
C:\Users\Ted\Documents\Arduino\libraries\SdFat\src\FatLib/FatFileLFN.cpp:401
          goto found;
        }
        DBG_FAIL_MACRO;
        goto fail;
      }
      if (!memcmp(dir->name, fname->sfn, sizeof(fname->sfn))) {
    249e:	4b e0       	ldi	r20, 0x0B	; 11
    24a0:	50 e0       	ldi	r21, 0x00	; 0
    24a2:	6b 85       	ldd	r22, Y+11	; 0x0b
    24a4:	7c 85       	ldd	r23, Y+12	; 0x0c
    24a6:	cf 01       	movw	r24, r30
    24a8:	0e 94 10 31 	call	0x6220	; 0x6220 <memcmp>
    24ac:	89 2b       	or	r24, r25
    24ae:	09 f0       	breq	.+2      	; 0x24b2 <FatFile::open(FatFile*, fname_t*, unsigned char) [clone .constprop.65]+0x394>
    24b0:	85 ce       	rjmp	.-758    	; 0x21bc <FatFile::open(FatFile*, fname_t*, unsigned char) [clone .constprop.65]+0x9e>
C:\Users\Ted\Documents\Arduino\libraries\SdFat\src\FatLib/FatFileLFN.cpp:402
        if (!(fname->flags & FNAME_FLAG_LOST_CHARS)) {
    24b2:	d6 01       	movw	r26, r12
    24b4:	8c 91       	ld	r24, X
    24b6:	80 ff       	sbrs	r24, 0
    24b8:	aa cf       	rjmp	.-172    	; 0x240e <FatFile::open(FatFile*, fname_t*, unsigned char) [clone .constprop.65]+0x2f0>
C:\Users\Ted\Documents\Arduino\libraries\SdFat\src\FatLib/FatFileLFN.cpp:405
          goto found;
        }
        fnameFound = true;
    24ba:	91 e0       	ldi	r25, 0x01	; 1
    24bc:	99 87       	std	Y+9, r25	; 0x09
    24be:	7e ce       	rjmp	.-772    	; 0x21bc <FatFile::open(FatFile*, fname_t*, unsigned char) [clone .constprop.65]+0x9e>
C:\Users\Ted\Documents\Arduino\libraries\SdFat\src\FatLib/FatFileLFN.cpp:441
        goto fail;
      }
      // EOF if no error.
      break;
    }
    freeFound++;
    24c0:	b3 94       	inc	r11
    24c2:	a4 ce       	rjmp	.-696    	; 0x220c <FatFile::open(FatFile*, fname_t*, unsigned char) [clone .constprop.65]+0xee>
_ZNK12FatPartition15bytesPerClusterEv():
C:\Users\Ted\Documents\Arduino\libraries\SdFat\src\FatLib/FatPartition.h:78
  uint8_t bytesPerClusterShift() const {
    return m_sectorsPerClusterShift + m_bytesPerSectorShift;
  }
  /** \return Number of bytes in a cluster. */
  uint16_t bytesPerCluster() const {
    return m_bytesPerSector << m_sectorsPerClusterShift;
    24c4:	84 81       	ldd	r24, Z+4	; 0x04
    24c6:	20 e0       	ldi	r18, 0x00	; 0
    24c8:	32 e0       	ldi	r19, 0x02	; 2
    24ca:	02 c0       	rjmp	.+4      	; 0x24d0 <FatFile::open(FatFile*, fname_t*, unsigned char) [clone .constprop.65]+0x3b2>
    24cc:	22 0f       	add	r18, r18
    24ce:	33 1f       	adc	r19, r19
    24d0:	8a 95       	dec	r24
    24d2:	e2 f7       	brpl	.-8      	; 0x24cc <FatFile::open(FatFile*, fname_t*, unsigned char) [clone .constprop.65]+0x3ae>
addDirCluster():
C:\Users\Ted\Documents\Arduino\libraries\SdFat\src\FatLib/FatFile.cpp:88
      DBG_FAIL_MACRO;
      goto fail;
    }
  }
  // Set position to EOF to avoid inconsistent curCluster/curPosition.
  m_curPosition += m_vol->bytesPerCluster();
    24d4:	d8 01       	movw	r26, r16
    24d6:	50 96       	adiw	r26, 0x10	; 16
    24d8:	4d 91       	ld	r20, X+
    24da:	5d 91       	ld	r21, X+
    24dc:	6d 91       	ld	r22, X+
    24de:	7c 91       	ld	r23, X
    24e0:	53 97       	sbiw	r26, 0x13	; 19
    24e2:	42 0f       	add	r20, r18
    24e4:	53 1f       	adc	r21, r19
    24e6:	61 1d       	adc	r22, r1
    24e8:	71 1d       	adc	r23, r1
    24ea:	50 96       	adiw	r26, 0x10	; 16
    24ec:	4d 93       	st	X+, r20
    24ee:	5d 93       	st	X+, r21
    24f0:	6d 93       	st	X+, r22
    24f2:	7c 93       	st	X, r23
    24f4:	53 97       	sbiw	r26, 0x13	; 19
_ZN7FatFile4openEPS_P7fname_th.constprop.65():
C:\Users\Ted\Documents\Arduino\libraries\SdFat\src\FatLib/FatFileLFN.cpp:450
    if (!dirFile->addDirCluster()) {
      DBG_FAIL_MACRO;
      goto fail;
    }
    // Done if more than one sector per cluster.  Max freeNeed is 21.
    if (dirFile->m_vol->sectorsPerCluster() > 1) {
    24f6:	82 81       	ldd	r24, Z+2	; 0x02
    24f8:	82 30       	cpi	r24, 0x02	; 2
    24fa:	28 f4       	brcc	.+10     	; 0x2506 <FatFile::open(FatFile*, fname_t*, unsigned char) [clone .constprop.65]+0x3e8>
C:\Users\Ted\Documents\Arduino\libraries\SdFat\src\FatLib/FatFileLFN.cpp:453
      break;
    }
    freeFound += 16;
    24fc:	b0 e1       	ldi	r27, 0x10	; 16
    24fe:	bb 0e       	add	r11, r27
C:\Users\Ted\Documents\Arduino\libraries\SdFat\src\FatLib/FatFileLFN.cpp:443
      // EOF if no error.
      break;
    }
    freeFound++;
  }
  while (freeFound < freeNeed) {
    2500:	ba 14       	cp	r11, r10
    2502:	08 f4       	brcc	.+2      	; 0x2506 <FatFile::open(FatFile*, fname_t*, unsigned char) [clone .constprop.65]+0x3e8>
    2504:	92 ce       	rjmp	.-732    	; 0x222a <FatFile::open(FatFile*, fname_t*, unsigned char) [clone .constprop.65]+0x10c>
C:\Users\Ted\Documents\Arduino\libraries\SdFat\src\FatLib/FatFileLFN.cpp:455
    if (dirFile->m_vol->sectorsPerCluster() > 1) {
      break;
    }
    freeFound += 16;
  }
  if (fnameFound) {
    2506:	e9 85       	ldd	r30, Y+9	; 0x09
    2508:	ee 23       	and	r30, r30
    250a:	09 f4       	brne	.+2      	; 0x250e <FatFile::open(FatFile*, fname_t*, unsigned char) [clone .constprop.65]+0x3f0>
    250c:	58 c0       	rjmp	.+176    	; 0x25be <FatFile::open(FatFile*, fname_t*, unsigned char) [clone .constprop.65]+0x4a0>
lfnUniqueSfn():
C:\Users\Ted\Documents\Arduino\libraries\SdFat\src\FatLib/FatFileLFN.cpp:651
  return false;
}
//------------------------------------------------------------------------------
bool FatFile::lfnUniqueSfn(fname_t* fname) {
  const uint8_t FIRST_HASH_SEQ = 2;  // min value is 2
  uint8_t pos = fname->seqPos;
    250e:	d6 01       	movw	r26, r12
    2510:	15 96       	adiw	r26, 0x05	; 5
    2512:	bc 90       	ld	r11, X
    2514:	82 e0       	ldi	r24, 0x02	; 2
    2516:	68 2e       	mov	r6, r24
    2518:	71 2c       	mov	r7, r1
C:\Users\Ted\Documents\Arduino\libraries\SdFat\src\FatLib/FatFileLFN.cpp:674
        uint8_t h = hex & 0XF;
        fname->sfn[i] = h < 10 ? h + '0' : h + 'A' - 10;
        hex >>= 4;
      }
    }
    fname->sfn[pos] = '~';
    251a:	9e e7       	ldi	r25, 0x7E	; 126
    251c:	39 2e       	mov	r3, r25
C:\Users\Ted\Documents\Arduino\libraries\SdFat\src\FatLib/FatFileLFN.cpp:689
        goto fail;
      }
      if (dir->name[0] == FAT_NAME_FREE) {
        goto done;
      }
      if (isFileOrSubdir(dir) && !memcmp(fname->sfn, dir->name, 11)) {
    251e:	26 01       	movw	r4, r12
    2520:	b6 e0       	ldi	r27, 0x06	; 6
    2522:	4b 0e       	add	r4, r27
    2524:	51 1c       	adc	r5, r1
C:\Users\Ted\Documents\Arduino\libraries\SdFat\src\FatLib/FatFileLFN.cpp:663
  for (uint8_t seq = 2; seq < 100; seq++) {
    if (seq < FIRST_HASH_SEQ) {
      fname->sfn[pos + 1] = '0' + seq;
    } else {
      DBG_PRINT_IF(seq > FIRST_HASH_SEQ);
      hex = Bernstein(seq + fname->len, fname->lfn, fname->len);
    2526:	f6 01       	movw	r30, r12
    2528:	81 81       	ldd	r24, Z+1	; 0x01
    252a:	92 81       	ldd	r25, Z+2	; 0x02
    252c:	9c 01       	movw	r18, r24
    252e:	26 0d       	add	r18, r6
    2530:	37 1d       	adc	r19, r7
    2532:	03 80       	ldd	r0, Z+3	; 0x03
    2534:	f4 81       	ldd	r31, Z+4	; 0x04
    2536:	e0 2d       	mov	r30, r0
    2538:	8e 0f       	add	r24, r30
    253a:	9f 1f       	adc	r25, r31
Bernstein():
C:\Users\Ted\Documents\Arduino\libraries\SdFat\src\FatLib/FatFileLFN.cpp:48
}
//------------------------------------------------------------------------------
// Daniel Bernstein University of Illinois at Chicago.
// Original had + instead of ^
static uint16_t Bernstein(uint16_t hash, const char *str, size_t len) {
  for (size_t i = 0; i < len; i++) {
    253c:	8e 17       	cp	r24, r30
    253e:	9f 07       	cpc	r25, r31
    2540:	79 f0       	breq	.+30     	; 0x2560 <FatFile::open(FatFile*, fname_t*, unsigned char) [clone .constprop.65]+0x442>
C:\Users\Ted\Documents\Arduino\libraries\SdFat\src\FatLib/FatFileLFN.cpp:50
    // hash = hash * 33 ^ str[i];
    hash = ((hash << 5) + hash) ^ str[i];
    2542:	a9 01       	movw	r20, r18
    2544:	b5 e0       	ldi	r27, 0x05	; 5
    2546:	44 0f       	add	r20, r20
    2548:	55 1f       	adc	r21, r21
    254a:	ba 95       	dec	r27
    254c:	e1 f7       	brne	.-8      	; 0x2546 <FatFile::open(FatFile*, fname_t*, unsigned char) [clone .constprop.65]+0x428>
    254e:	24 0f       	add	r18, r20
    2550:	35 1f       	adc	r19, r21
    2552:	41 91       	ld	r20, Z+
    2554:	04 2e       	mov	r0, r20
    2556:	00 0c       	add	r0, r0
    2558:	55 0b       	sbc	r21, r21
    255a:	24 27       	eor	r18, r20
    255c:	35 27       	eor	r19, r21
    255e:	ee cf       	rjmp	.-36     	; 0x253c <FatFile::open(FatFile*, fname_t*, unsigned char) [clone .constprop.65]+0x41e>
    2560:	f3 e0       	ldi	r31, 0x03	; 3
    2562:	fb 15       	cp	r31, r11
    2564:	10 f4       	brcc	.+4      	; 0x256a <FatFile::open(FatFile*, fname_t*, unsigned char) [clone .constprop.65]+0x44c>
    2566:	a3 e0       	ldi	r26, 0x03	; 3
    2568:	ba 2e       	mov	r11, r26
lfnUniqueSfn():
C:\Users\Ted\Documents\Arduino\libraries\SdFat\src\FatLib/FatFileLFN.cpp:668
      hex = Bernstein(seq + fname->len, fname->lfn, fname->len);
      if (pos > 3) {
        // Make space in name for ~HHHH.
        pos = 3;
      }
      for (uint8_t i = pos + 4 ; i > pos; i--) {
    256a:	94 e0       	ldi	r25, 0x04	; 4
    256c:	9b 0d       	add	r25, r11
C:\Users\Ted\Documents\Arduino\libraries\SdFat\src\FatLib/FatFileLFN.cpp:669
        uint8_t h = hex & 0XF;
    256e:	82 2f       	mov	r24, r18
    2570:	8f 70       	andi	r24, 0x0F	; 15
C:\Users\Ted\Documents\Arduino\libraries\SdFat\src\FatLib/FatFileLFN.cpp:670
        fname->sfn[i] = h < 10 ? h + '0' : h + 'A' - 10;
    2572:	8a 30       	cpi	r24, 0x0A	; 10
    2574:	08 f0       	brcs	.+2      	; 0x2578 <FatFile::open(FatFile*, fname_t*, unsigned char) [clone .constprop.65]+0x45a>
    2576:	8f c0       	rjmp	.+286    	; 0x2696 <FatFile::open(FatFile*, fname_t*, unsigned char) [clone .constprop.65]+0x578>
    2578:	80 5d       	subi	r24, 0xD0	; 208
    257a:	f6 01       	movw	r30, r12
    257c:	e9 0f       	add	r30, r25
    257e:	f1 1d       	adc	r31, r1
    2580:	86 83       	std	Z+6, r24	; 0x06
C:\Users\Ted\Documents\Arduino\libraries\SdFat\src\FatLib/FatFileLFN.cpp:671
        hex >>= 4;
    2582:	f4 e0       	ldi	r31, 0x04	; 4
    2584:	36 95       	lsr	r19
    2586:	27 95       	ror	r18
    2588:	fa 95       	dec	r31
    258a:	e1 f7       	brne	.-8      	; 0x2584 <FatFile::open(FatFile*, fname_t*, unsigned char) [clone .constprop.65]+0x466>
C:\Users\Ted\Documents\Arduino\libraries\SdFat\src\FatLib/FatFileLFN.cpp:668
      hex = Bernstein(seq + fname->len, fname->lfn, fname->len);
      if (pos > 3) {
        // Make space in name for ~HHHH.
        pos = 3;
      }
      for (uint8_t i = pos + 4 ; i > pos; i--) {
    258c:	91 50       	subi	r25, 0x01	; 1
    258e:	b9 16       	cp	r11, r25
    2590:	70 f3       	brcs	.-36     	; 0x256e <FatFile::open(FatFile*, fname_t*, unsigned char) [clone .constprop.65]+0x450>
C:\Users\Ted\Documents\Arduino\libraries\SdFat\src\FatLib/FatFileLFN.cpp:674
        uint8_t h = hex & 0XF;
        fname->sfn[i] = h < 10 ? h + '0' : h + 'A' - 10;
        hex >>= 4;
      }
    }
    fname->sfn[pos] = '~';
    2592:	f6 01       	movw	r30, r12
    2594:	eb 0d       	add	r30, r11
    2596:	f1 1d       	adc	r31, r1
    2598:	36 82       	std	Z+6, r3	; 0x06
rewind():
C:\Users\Ted\Documents\Arduino\libraries\SdFat\src\FatLib/FatFile.h:753
    259a:	40 e0       	ldi	r20, 0x00	; 0
    259c:	50 e0       	ldi	r21, 0x00	; 0
    259e:	ba 01       	movw	r22, r20
    25a0:	c8 01       	movw	r24, r16
    25a2:	0e 94 bd 07 	call	0xf7a	; 0xf7a <FatFile::seekSet(unsigned long)>
lfnUniqueSfn():
C:\Users\Ted\Documents\Arduino\libraries\SdFat\src\FatLib/FatFileLFN.cpp:677
    rewind();
    while (1) {
      dir = readDirCache(true);
    25a6:	61 e0       	ldi	r22, 0x01	; 1
    25a8:	c8 01       	movw	r24, r16
    25aa:	0e 94 86 0f 	call	0x1f0c	; 0x1f0c <FatFile::readDirCache(bool)>
C:\Users\Ted\Documents\Arduino\libraries\SdFat\src\FatLib/FatFileLFN.cpp:678
      if (!dir) {
    25ae:	00 97       	sbiw	r24, 0x00	; 0
    25b0:	09 f0       	breq	.+2      	; 0x25b4 <FatFile::open(FatFile*, fname_t*, unsigned char) [clone .constprop.65]+0x496>
    25b2:	73 c0       	rjmp	.+230    	; 0x269a <FatFile::open(FatFile*, fname_t*, unsigned char) [clone .constprop.65]+0x57c>
C:\Users\Ted\Documents\Arduino\libraries\SdFat\src\FatLib/FatFileLFN.cpp:679
        if (!getError()) {
    25b4:	d8 01       	movw	r26, r16
    25b6:	11 96       	adiw	r26, 0x01	; 1
    25b8:	8c 91       	ld	r24, X
    25ba:	81 11       	cpse	r24, r1
    25bc:	d0 cd       	rjmp	.-1120   	; 0x215e <FatFile::open(FatFile*, fname_t*, unsigned char) [clone .constprop.65]+0x40>
_ZN7FatFile4openEPS_P7fname_th.constprop.65():
C:\Users\Ted\Documents\Arduino\libraries\SdFat\src\FatLib/FatFileLFN.cpp:460
  if (fnameFound) {
    if (!dirFile->lfnUniqueSfn(fname)) {
      goto fail;
    }
  }
  if (!dirFile->seekSet(32UL*freeIndex)) {
    25be:	a7 01       	movw	r20, r14
    25c0:	70 e0       	ldi	r23, 0x00	; 0
    25c2:	60 e0       	ldi	r22, 0x00	; 0
    25c4:	e5 e0       	ldi	r30, 0x05	; 5
    25c6:	44 0f       	add	r20, r20
    25c8:	55 1f       	adc	r21, r21
    25ca:	66 1f       	adc	r22, r22
    25cc:	77 1f       	adc	r23, r23
    25ce:	ea 95       	dec	r30
    25d0:	d1 f7       	brne	.-12     	; 0x25c6 <FatFile::open(FatFile*, fname_t*, unsigned char) [clone .constprop.65]+0x4a8>
    25d2:	c8 01       	movw	r24, r16
    25d4:	0e 94 bd 07 	call	0xf7a	; 0xf7a <FatFile::seekSet(unsigned long)>
    25d8:	88 23       	and	r24, r24
    25da:	09 f4       	brne	.+2      	; 0x25de <FatFile::open(FatFile*, fname_t*, unsigned char) [clone .constprop.65]+0x4c0>
    25dc:	c0 cd       	rjmp	.-1152   	; 0x215e <FatFile::open(FatFile*, fname_t*, unsigned char) [clone .constprop.65]+0x40>
C:\Users\Ted\Documents\Arduino\libraries\SdFat\src\FatLib/FatFileLFN.cpp:464
    DBG_FAIL_MACRO;
    goto fail;
  }
  lfnOrd = freeNeed - 1;
    25de:	33 24       	eor	r3, r3
    25e0:	3a 94       	dec	r3
    25e2:	3a 0c       	add	r3, r10
C:\Users\Ted\Documents\Arduino\libraries\SdFat\src\FatLib/FatFileLFN.cpp:465
  for (order = lfnOrd ; order ; order--) {
    25e4:	b3 2c       	mov	r11, r3
C:\Users\Ted\Documents\Arduino\libraries\SdFat\src\FatLib/FatFileLFN.cpp:472
    if (!ldir) {
      DBG_FAIL_MACRO;
      goto fail;
    }
    dirFile->m_vol->cacheDirty();
    ldir->order = order == lfnOrd ? FAT_ORDER_LAST_LONG_ENTRY | order : order;
    25e6:	a3 2c       	mov	r10, r3
    25e8:	68 94       	set
    25ea:	a6 f8       	bld	r10, 6
C:\Users\Ted\Documents\Arduino\libraries\SdFat\src\FatLib/FatFileLFN.cpp:473
    ldir->attributes = FAT_ATTRIB_LONG_NAME;
    25ec:	5f e0       	ldi	r21, 0x0F	; 15
    25ee:	75 2e       	mov	r7, r21
    25f0:	76 01       	movw	r14, r12
    25f2:	81 e1       	ldi	r24, 0x11	; 17
    25f4:	e8 0e       	add	r14, r24
    25f6:	f1 1c       	adc	r15, r1
lfnPutName():
C:\Users\Ted\Documents\Arduino\libraries\SdFat\src\FatLib/FatFileLFN.cpp:117
    setLe16(ldir->unicode3 + 2*i - 22, c);
  }
}
//------------------------------------------------------------------------------
static void lfnPutName(DirLfn_t* ldir, const char* name, size_t n) {
  size_t k = 13*((ldir->order & 0X1F) - 1);
    25f8:	6d e0       	ldi	r22, 0x0D	; 13
    25fa:	66 2e       	mov	r6, r22
_ZN7FatFile4openEPS_P7fname_th.constprop.65():
C:\Users\Ted\Documents\Arduino\libraries\SdFat\src\FatLib/FatFileLFN.cpp:465
  if (!dirFile->seekSet(32UL*freeIndex)) {
    DBG_FAIL_MACRO;
    goto fail;
  }
  lfnOrd = freeNeed - 1;
  for (order = lfnOrd ; order ; order--) {
    25fc:	bb 20       	and	r11, r11
    25fe:	09 f4       	brne	.+2      	; 0x2602 <FatFile::open(FatFile*, fname_t*, unsigned char) [clone .constprop.65]+0x4e4>
    2600:	79 c0       	rjmp	.+242    	; 0x26f4 <FatFile::open(FatFile*, fname_t*, unsigned char) [clone .constprop.65]+0x5d6>
C:\Users\Ted\Documents\Arduino\libraries\SdFat\src\FatLib/FatFileLFN.cpp:466
    ldir = reinterpret_cast<DirLfn_t*>(dirFile->readDirCache());
    2602:	60 e0       	ldi	r22, 0x00	; 0
    2604:	c8 01       	movw	r24, r16
    2606:	0e 94 86 0f 	call	0x1f0c	; 0x1f0c <FatFile::readDirCache(bool)>
    260a:	fc 01       	movw	r30, r24
C:\Users\Ted\Documents\Arduino\libraries\SdFat\src\FatLib/FatFileLFN.cpp:467
    if (!ldir) {
    260c:	89 2b       	or	r24, r25
    260e:	09 f4       	brne	.+2      	; 0x2612 <FatFile::open(FatFile*, fname_t*, unsigned char) [clone .constprop.65]+0x4f4>
    2610:	a6 cd       	rjmp	.-1204   	; 0x215e <FatFile::open(FatFile*, fname_t*, unsigned char) [clone .constprop.65]+0x40>
C:\Users\Ted\Documents\Arduino\libraries\SdFat\src\FatLib/FatFileLFN.cpp:471
      DBG_FAIL_MACRO;
      goto fail;
    }
    dirFile->m_vol->cacheDirty();
    2612:	d8 01       	movw	r26, r16
    2614:	16 96       	adiw	r26, 0x06	; 6
    2616:	2d 91       	ld	r18, X+
    2618:	3c 91       	ld	r19, X
_ZN7FsCache5dirtyEv():
C:\Users\Ted\Documents\Arduino\libraries\SdFat\src\common/fscache.h:125
    invalidate();
    return m_buffer;
  }
  /** Set current sector dirty. */
  void dirty() {
    m_status |= CACHE_STATUS_DIRTY;
    261a:	d9 01       	movw	r26, r18
    261c:	90 96       	adiw	r26, 0x20	; 32
    261e:	8c 91       	ld	r24, X
    2620:	90 97       	sbiw	r26, 0x20	; 32
    2622:	81 60       	ori	r24, 0x01	; 1
    2624:	90 96       	adiw	r26, 0x20	; 32
    2626:	8c 93       	st	X, r24
_ZN7FatFile4openEPS_P7fname_th.constprop.65():
C:\Users\Ted\Documents\Arduino\libraries\SdFat\src\FatLib/FatFileLFN.cpp:472
    ldir->order = order == lfnOrd ? FAT_ORDER_LAST_LONG_ENTRY | order : order;
    2628:	8a 2d       	mov	r24, r10
    262a:	3b 10       	cpse	r3, r11
    262c:	8b 2d       	mov	r24, r11
    262e:	80 83       	st	Z, r24
C:\Users\Ted\Documents\Arduino\libraries\SdFat\src\FatLib/FatFileLFN.cpp:473
    ldir->attributes = FAT_ATTRIB_LONG_NAME;
    2630:	73 86       	std	Z+11, r7	; 0x0b
C:\Users\Ted\Documents\Arduino\libraries\SdFat\src\FatLib/FatFileLFN.cpp:474
    ldir->mustBeZero1 = 0;
    2632:	14 86       	std	Z+12, r1	; 0x0c
C:\Users\Ted\Documents\Arduino\libraries\SdFat\src\FatLib/FatFileLFN.cpp:475
    ldir->checksum = lfnChecksum(fname->sfn);
    2634:	d6 01       	movw	r26, r12
    2636:	16 96       	adiw	r26, 0x06	; 6
C:\Users\Ted\Documents\Arduino\libraries\SdFat\src\FatLib/FatFileLFN.cpp:32
#include "FatFile.h"
#include "FatVolume.h"
//------------------------------------------------------------------------------
//
uint8_t FatFile::lfnChecksum(uint8_t* name) {
  uint8_t sum = 0;
    2638:	90 e0       	ldi	r25, 0x00	; 0
lfnChecksum():
C:\Users\Ted\Documents\Arduino\libraries\SdFat\src\FatLib/FatFileLFN.cpp:34
  for (uint8_t i = 0; i < 11; i++) {
    sum = (((sum & 1) << 7) | ((sum & 0xfe) >> 1)) + name[i];
    263a:	90 fb       	bst	r25, 0
    263c:	97 95       	ror	r25
    263e:	97 f9       	bld	r25, 7
    2640:	2d 91       	ld	r18, X+
    2642:	92 0f       	add	r25, r18
C:\Users\Ted\Documents\Arduino\libraries\SdFat\src\FatLib/FatFileLFN.cpp:33
#include "FatVolume.h"
//------------------------------------------------------------------------------
//
uint8_t FatFile::lfnChecksum(uint8_t* name) {
  uint8_t sum = 0;
  for (uint8_t i = 0; i < 11; i++) {
    2644:	ea 16       	cp	r14, r26
    2646:	fb 06       	cpc	r15, r27
    2648:	c1 f7       	brne	.-16     	; 0x263a <FatFile::open(FatFile*, fname_t*, unsigned char) [clone .constprop.65]+0x51c>
_ZN7FatFile4openEPS_P7fname_th.constprop.65():
C:\Users\Ted\Documents\Arduino\libraries\SdFat\src\FatLib/FatFileLFN.cpp:475
    }
    dirFile->m_vol->cacheDirty();
    ldir->order = order == lfnOrd ? FAT_ORDER_LAST_LONG_ENTRY | order : order;
    ldir->attributes = FAT_ATTRIB_LONG_NAME;
    ldir->mustBeZero1 = 0;
    ldir->checksum = lfnChecksum(fname->sfn);
    264a:	95 87       	std	Z+13, r25	; 0x0d
_Z7setLe16Phj():
C:\Users\Ted\Documents\Arduino\libraries\SdFat\src\common/fsstructs.h:43
}
inline uint64_t getLe64(const uint8_t* src) {
  return *reinterpret_cast<const uint64_t*>(src);
}
inline void setLe16(uint8_t* dst, uint16_t src) {
  *reinterpret_cast<uint16_t*>(dst) = src;
    264c:	13 8e       	std	Z+27, r1	; 0x1b
    264e:	12 8e       	std	Z+26, r1	; 0x1a
_ZN7FatFile4openEPS_P7fname_th.constprop.65():
C:\Users\Ted\Documents\Arduino\libraries\SdFat\src\FatLib/FatFileLFN.cpp:477
    setLe16(ldir->mustBeZero2, 0);
    lfnPutName(ldir, fname->lfn, len);
    2650:	d6 01       	movw	r26, r12
    2652:	13 96       	adiw	r26, 0x03	; 3
    2654:	2d 91       	ld	r18, X+
    2656:	3c 91       	ld	r19, X
lfnPutName():
C:\Users\Ted\Documents\Arduino\libraries\SdFat\src\FatLib/FatFileLFN.cpp:117
    setLe16(ldir->unicode3 + 2*i - 22, c);
  }
}
//------------------------------------------------------------------------------
static void lfnPutName(DirLfn_t* ldir, const char* name, size_t n) {
  size_t k = 13*((ldir->order & 0X1F) - 1);
    2658:	8f 71       	andi	r24, 0x1F	; 31
    265a:	81 50       	subi	r24, 0x01	; 1
    265c:	99 0b       	sbc	r25, r25
    265e:	68 9e       	mul	r6, r24
    2660:	a0 01       	movw	r20, r0
    2662:	69 9e       	mul	r6, r25
    2664:	50 0d       	add	r21, r0
    2666:	11 24       	eor	r1, r1
_ZN7FatFile4openEPS_P7fname_th.constprop.65():
C:\Users\Ted\Documents\Arduino\libraries\SdFat\src\FatLib/FatFileLFN.cpp:118
  for (uint8_t i = 0; i < 13; i++, k++) {
    2668:	80 e0       	ldi	r24, 0x00	; 0
lfnPutName():
C:\Users\Ted\Documents\Arduino\libraries\SdFat\src\FatLib/FatFileLFN.cpp:119
    uint16_t c = k < n ? name[k] : k == n ? 0 : 0XFFFF;
    266a:	48 15       	cp	r20, r8
    266c:	59 05       	cpc	r21, r9
    266e:	78 f5       	brcc	.+94     	; 0x26ce <FatFile::open(FatFile*, fname_t*, unsigned char) [clone .constprop.65]+0x5b0>
    2670:	d9 01       	movw	r26, r18
    2672:	a4 0f       	add	r26, r20
    2674:	b5 1f       	adc	r27, r21
    2676:	6c 91       	ld	r22, X
    2678:	06 2e       	mov	r0, r22
    267a:	00 0c       	add	r0, r0
    267c:	77 0b       	sbc	r23, r23
lfnPutChar():
C:\Users\Ted\Documents\Arduino\libraries\SdFat\src\FatLib/FatFileLFN.cpp:107
 * \param[in] ldir Pointer to long file name directory entry.
 * \param[in] i Index of character.
 * \param[in] c  The 16-bit character.
 */
static void lfnPutChar(DirLfn_t* ldir, uint8_t i, uint16_t c) {
  if (i < 5) {
    267e:	85 30       	cpi	r24, 0x05	; 5
    2680:	88 f5       	brcc	.+98     	; 0x26e4 <FatFile::open(FatFile*, fname_t*, unsigned char) [clone .constprop.65]+0x5c6>
_Z7setLe16Phj():
C:\Users\Ted\Documents\Arduino\libraries\SdFat\src\common/fsstructs.h:43
    2682:	72 83       	std	Z+2, r23	; 0x02
    2684:	61 83       	std	Z+1, r22	; 0x01
lfnPutName():
C:\Users\Ted\Documents\Arduino\libraries\SdFat\src\FatLib/FatFileLFN.cpp:118
  }
}
//------------------------------------------------------------------------------
static void lfnPutName(DirLfn_t* ldir, const char* name, size_t n) {
  size_t k = 13*((ldir->order & 0X1F) - 1);
  for (uint8_t i = 0; i < 13; i++, k++) {
    2686:	8f 5f       	subi	r24, 0xFF	; 255
    2688:	4f 5f       	subi	r20, 0xFF	; 255
    268a:	5f 4f       	sbci	r21, 0xFF	; 255
    268c:	32 96       	adiw	r30, 0x02	; 2
    268e:	8d 30       	cpi	r24, 0x0D	; 13
    2690:	61 f7       	brne	.-40     	; 0x266a <FatFile::open(FatFile*, fname_t*, unsigned char) [clone .constprop.65]+0x54c>
_ZN7FatFile4openEPS_P7fname_th.constprop.65():
C:\Users\Ted\Documents\Arduino\libraries\SdFat\src\FatLib/FatFileLFN.cpp:465
  if (!dirFile->seekSet(32UL*freeIndex)) {
    DBG_FAIL_MACRO;
    goto fail;
  }
  lfnOrd = freeNeed - 1;
  for (order = lfnOrd ; order ; order--) {
    2692:	ba 94       	dec	r11
    2694:	b3 cf       	rjmp	.-154    	; 0x25fc <FatFile::open(FatFile*, fname_t*, unsigned char) [clone .constprop.65]+0x4de>
lfnUniqueSfn():
C:\Users\Ted\Documents\Arduino\libraries\SdFat\src\FatLib/FatFileLFN.cpp:670
        // Make space in name for ~HHHH.
        pos = 3;
      }
      for (uint8_t i = pos + 4 ; i > pos; i--) {
        uint8_t h = hex & 0XF;
        fname->sfn[i] = h < 10 ? h + '0' : h + 'A' - 10;
    2696:	89 5c       	subi	r24, 0xC9	; 201
    2698:	70 cf       	rjmp	.-288    	; 0x257a <FatFile::open(FatFile*, fname_t*, unsigned char) [clone .constprop.65]+0x45c>
C:\Users\Ted\Documents\Arduino\libraries\SdFat\src\FatLib/FatFileLFN.cpp:686
          goto done;
        }
        DBG_FAIL_MACRO;
        goto fail;
      }
      if (dir->name[0] == FAT_NAME_FREE) {
    269a:	fc 01       	movw	r30, r24
    269c:	20 81       	ld	r18, Z
    269e:	22 23       	and	r18, r18
    26a0:	09 f4       	brne	.+2      	; 0x26a4 <FatFile::open(FatFile*, fname_t*, unsigned char) [clone .constprop.65]+0x586>
    26a2:	8d cf       	rjmp	.-230    	; 0x25be <FatFile::open(FatFile*, fname_t*, unsigned char) [clone .constprop.65]+0x4a0>
C:\Users\Ted\Documents\Arduino\libraries\SdFat\src\FatLib/FatFileLFN.cpp:689
        goto done;
      }
      if (isFileOrSubdir(dir) && !memcmp(fname->sfn, dir->name, 11)) {
    26a4:	23 85       	ldd	r18, Z+11	; 0x0b
    26a6:	23 fd       	sbrc	r18, 3
    26a8:	7e cf       	rjmp	.-260    	; 0x25a6 <FatFile::open(FatFile*, fname_t*, unsigned char) [clone .constprop.65]+0x488>
    26aa:	4b e0       	ldi	r20, 0x0B	; 11
    26ac:	50 e0       	ldi	r21, 0x00	; 0
    26ae:	bc 01       	movw	r22, r24
    26b0:	c2 01       	movw	r24, r4
    26b2:	0e 94 10 31 	call	0x6220	; 0x6220 <memcmp>
    26b6:	89 2b       	or	r24, r25
    26b8:	09 f0       	breq	.+2      	; 0x26bc <FatFile::open(FatFile*, fname_t*, unsigned char) [clone .constprop.65]+0x59e>
    26ba:	75 cf       	rjmp	.-278    	; 0x25a6 <FatFile::open(FatFile*, fname_t*, unsigned char) [clone .constprop.65]+0x488>
    26bc:	ff ef       	ldi	r31, 0xFF	; 255
    26be:	6f 1a       	sub	r6, r31
    26c0:	7f 0a       	sbc	r7, r31
C:\Users\Ted\Documents\Arduino\libraries\SdFat\src\FatLib/FatFileLFN.cpp:658
  uint16_t hex;

  DBG_HALT_IF(!(fname->flags & FNAME_FLAG_LOST_CHARS));
  DBG_HALT_IF(fname->sfn[pos] != '~' && fname->sfn[pos + 1] != '1');

  for (uint8_t seq = 2; seq < 100; seq++) {
    26c2:	24 e6       	ldi	r18, 0x64	; 100
    26c4:	62 16       	cp	r6, r18
    26c6:	71 04       	cpc	r7, r1
    26c8:	09 f0       	breq	.+2      	; 0x26cc <FatFile::open(FatFile*, fname_t*, unsigned char) [clone .constprop.65]+0x5ae>
    26ca:	2d cf       	rjmp	.-422    	; 0x2526 <FatFile::open(FatFile*, fname_t*, unsigned char) [clone .constprop.65]+0x408>
    26cc:	48 cd       	rjmp	.-1392   	; 0x215e <FatFile::open(FatFile*, fname_t*, unsigned char) [clone .constprop.65]+0x40>
lfnPutName():
C:\Users\Ted\Documents\Arduino\libraries\SdFat\src\FatLib/FatFileLFN.cpp:119
}
//------------------------------------------------------------------------------
static void lfnPutName(DirLfn_t* ldir, const char* name, size_t n) {
  size_t k = 13*((ldir->order & 0X1F) - 1);
  for (uint8_t i = 0; i < 13; i++, k++) {
    uint16_t c = k < n ? name[k] : k == n ? 0 : 0XFFFF;
    26ce:	61 e0       	ldi	r22, 0x01	; 1
    26d0:	70 e0       	ldi	r23, 0x00	; 0
    26d2:	84 16       	cp	r8, r20
    26d4:	95 06       	cpc	r9, r21
    26d6:	11 f4       	brne	.+4      	; 0x26dc <FatFile::open(FatFile*, fname_t*, unsigned char) [clone .constprop.65]+0x5be>
    26d8:	70 e0       	ldi	r23, 0x00	; 0
    26da:	60 e0       	ldi	r22, 0x00	; 0
    26dc:	71 95       	neg	r23
    26de:	61 95       	neg	r22
    26e0:	71 09       	sbc	r23, r1
    26e2:	cd cf       	rjmp	.-102    	; 0x267e <FatFile::open(FatFile*, fname_t*, unsigned char) [clone .constprop.65]+0x560>
lfnPutChar():
C:\Users\Ted\Documents\Arduino\libraries\SdFat\src\FatLib/FatFileLFN.cpp:109
 * \param[in] c  The 16-bit character.
 */
static void lfnPutChar(DirLfn_t* ldir, uint8_t i, uint16_t c) {
  if (i < 5) {
    setLe16(ldir->unicode1 + 2*i, c);
  } else if (i < 11) {
    26e4:	8b 30       	cpi	r24, 0x0B	; 11
    26e6:	18 f4       	brcc	.+6      	; 0x26ee <FatFile::open(FatFile*, fname_t*, unsigned char) [clone .constprop.65]+0x5d0>
_Z7setLe16Phj():
C:\Users\Ted\Documents\Arduino\libraries\SdFat\src\common/fsstructs.h:43
    26e8:	75 83       	std	Z+5, r23	; 0x05
    26ea:	64 83       	std	Z+4, r22	; 0x04
    26ec:	cc cf       	rjmp	.-104    	; 0x2686 <FatFile::open(FatFile*, fname_t*, unsigned char) [clone .constprop.65]+0x568>
    26ee:	77 83       	std	Z+7, r23	; 0x07
    26f0:	66 83       	std	Z+6, r22	; 0x06
    26f2:	c9 cf       	rjmp	.-110    	; 0x2686 <FatFile::open(FatFile*, fname_t*, unsigned char) [clone .constprop.65]+0x568>
_ZN7FatFile4openEPS_P7fname_th.constprop.65():
C:\Users\Ted\Documents\Arduino\libraries\SdFat\src\FatLib/FatFileLFN.cpp:479
    ldir->mustBeZero1 = 0;
    ldir->checksum = lfnChecksum(fname->sfn);
    setLe16(ldir->mustBeZero2, 0);
    lfnPutName(ldir, fname->lfn, len);
  }
  curIndex = dirFile->m_curPosition/32;
    26f4:	f8 01       	movw	r30, r16
    26f6:	40 88       	ldd	r4, Z+16	; 0x10
    26f8:	51 88       	ldd	r5, Z+17	; 0x11
    26fa:	62 88       	ldd	r6, Z+18	; 0x12
    26fc:	73 88       	ldd	r7, Z+19	; 0x13
C:\Users\Ted\Documents\Arduino\libraries\SdFat\src\FatLib/FatFileLFN.cpp:480
  dir = dirFile->readDirCache();
    26fe:	60 e0       	ldi	r22, 0x00	; 0
    2700:	c8 01       	movw	r24, r16
    2702:	0e 94 86 0f 	call	0x1f0c	; 0x1f0c <FatFile::readDirCache(bool)>
    2706:	5c 01       	movw	r10, r24
C:\Users\Ted\Documents\Arduino\libraries\SdFat\src\FatLib/FatFileLFN.cpp:481
  if (!dir) {
    2708:	89 2b       	or	r24, r25
    270a:	09 f4       	brne	.+2      	; 0x270e <FatFile::open(FatFile*, fname_t*, unsigned char) [clone .constprop.65]+0x5f0>
    270c:	28 cd       	rjmp	.-1456   	; 0x215e <FatFile::open(FatFile*, fname_t*, unsigned char) [clone .constprop.65]+0x40>
C:\Users\Ted\Documents\Arduino\libraries\SdFat\src\FatLib/FatFileLFN.cpp:486
    DBG_FAIL_MACRO;
    goto fail;
  }
  // initialize as empty file
  memset(dir, 0, sizeof(DirFat_t));
    270e:	80 e2       	ldi	r24, 0x20	; 32
    2710:	d5 01       	movw	r26, r10
    2712:	1d 92       	st	X+, r1
    2714:	8a 95       	dec	r24
    2716:	e9 f7       	brne	.-6      	; 0x2712 <FatFile::open(FatFile*, fname_t*, unsigned char) [clone .constprop.65]+0x5f4>
C:\Users\Ted\Documents\Arduino\libraries\SdFat\src\FatLib/FatFileLFN.cpp:487
  memcpy(dir->name, fname->sfn, 11);
    2718:	f6 01       	movw	r30, r12
    271a:	36 96       	adiw	r30, 0x06	; 6
    271c:	8b e0       	ldi	r24, 0x0B	; 11
    271e:	d5 01       	movw	r26, r10
    2720:	01 90       	ld	r0, Z+
    2722:	0d 92       	st	X+, r0
    2724:	8a 95       	dec	r24
    2726:	e1 f7       	brne	.-8      	; 0x2720 <FatFile::open(FatFile*, fname_t*, unsigned char) [clone .constprop.65]+0x602>
C:\Users\Ted\Documents\Arduino\libraries\SdFat\src\FatLib/FatFileLFN.cpp:490

  // Set base-name and extension lower case bits.
  dir->caseFlags =  (FAT_CASE_LC_BASE | FAT_CASE_LC_EXT) & fname->flags;
    2728:	f6 01       	movw	r30, r12
    272a:	80 81       	ld	r24, Z
    272c:	88 71       	andi	r24, 0x18	; 24
    272e:	d5 01       	movw	r26, r10
    2730:	1c 96       	adiw	r26, 0x0c	; 12
    2732:	8c 93       	st	X, r24
    2734:	1c 97       	sbiw	r26, 0x0c	; 12
C:\Users\Ted\Documents\Arduino\libraries\SdFat\src\FatLib/FatFileLFN.cpp:493

  // Set timestamps.
  if (FsDateTime::callback) {
    2736:	e0 91 0a 03 	lds	r30, 0x030A	; 0x80030a <FsDateTime::callback>
    273a:	f0 91 0b 03 	lds	r31, 0x030B	; 0x80030b <FsDateTime::callback+0x1>
    273e:	30 97       	sbiw	r30, 0x00	; 0
    2740:	21 f1       	breq	.+72     	; 0x278a <FatFile::open(FatFile*, fname_t*, unsigned char) [clone .constprop.65]+0x66c>
C:\Users\Ted\Documents\Arduino\libraries\SdFat\src\FatLib/FatFileLFN.cpp:495
    // call user date/time function
    FsDateTime::callback(&date, &time, &ms10);
    2742:	ae 01       	movw	r20, r28
    2744:	4b 5f       	subi	r20, 0xFB	; 251
    2746:	5f 4f       	sbci	r21, 0xFF	; 255
    2748:	be 01       	movw	r22, r28
    274a:	6f 5f       	subi	r22, 0xFF	; 255
    274c:	7f 4f       	sbci	r23, 0xFF	; 255
    274e:	ce 01       	movw	r24, r28
    2750:	03 96       	adiw	r24, 0x03	; 3
    2752:	09 95       	icall
_Z7setLe16Phj():
C:\Users\Ted\Documents\Arduino\libraries\SdFat\src\common/fsstructs.h:43
    2754:	8b 81       	ldd	r24, Y+3	; 0x03
    2756:	9c 81       	ldd	r25, Y+4	; 0x04
    2758:	f5 01       	movw	r30, r10
    275a:	91 8b       	std	Z+17, r25	; 0x11
    275c:	80 8b       	std	Z+16, r24	; 0x10
    275e:	89 81       	ldd	r24, Y+1	; 0x01
    2760:	9a 81       	ldd	r25, Y+2	; 0x02
    2762:	97 87       	std	Z+15, r25	; 0x0f
    2764:	86 87       	std	Z+14, r24	; 0x0e
_ZN7FatFile4openEPS_P7fname_th.constprop.65():
C:\Users\Ted\Documents\Arduino\libraries\SdFat\src\FatLib/FatFileLFN.cpp:498
    setLe16(dir->createDate, date);
    setLe16(dir->createTime, time);
    dir->createTimeMs = ms10;
    2766:	8d 81       	ldd	r24, Y+5	; 0x05
    2768:	85 87       	std	Z+13, r24	; 0x0d
C:\Users\Ted\Documents\Arduino\libraries\SdFat\src\FatLib/FatFileLFN.cpp:479
    ldir->mustBeZero1 = 0;
    ldir->checksum = lfnChecksum(fname->sfn);
    setLe16(ldir->mustBeZero2, 0);
    lfnPutName(ldir, fname->lfn, len);
  }
  curIndex = dirFile->m_curPosition/32;
    276a:	45 e0       	ldi	r20, 0x05	; 5
    276c:	76 94       	lsr	r7
    276e:	67 94       	ror	r6
    2770:	57 94       	ror	r5
    2772:	47 94       	ror	r4
    2774:	4a 95       	dec	r20
    2776:	d1 f7       	brne	.-12     	; 0x276c <FatFile::open(FatFile*, fname_t*, unsigned char) [clone .constprop.65]+0x64e>
    2778:	72 01       	movw	r14, r4
C:\Users\Ted\Documents\Arduino\libraries\SdFat\src\FatLib/FatFileLFN.cpp:509
      setLe16(dir->createTime, FS_DEFAULT_TIME);
      setLe16(dir->modifyTime, FS_DEFAULT_TIME);
    }
  }
  // Force write of entry to device.
  dirFile->m_vol->cacheDirty();
    277a:	d8 01       	movw	r26, r16
    277c:	16 96       	adiw	r26, 0x06	; 6
    277e:	ed 91       	ld	r30, X+
    2780:	fc 91       	ld	r31, X
_ZN7FsCache5dirtyEv():
C:\Users\Ted\Documents\Arduino\libraries\SdFat\src\common/fscache.h:125
    2782:	80 a1       	ldd	r24, Z+32	; 0x20
    2784:	81 60       	ori	r24, 0x01	; 1
    2786:	80 a3       	std	Z+32, r24	; 0x20
    2788:	45 ce       	rjmp	.-886    	; 0x2414 <FatFile::open(FatFile*, fname_t*, unsigned char) [clone .constprop.65]+0x2f6>
_Z7setLe16Phj():
C:\Users\Ted\Documents\Arduino\libraries\SdFat\src\common/fsstructs.h:43
    278a:	81 e2       	ldi	r24, 0x21	; 33
    278c:	9a e5       	ldi	r25, 0x5A	; 90
    278e:	51 96       	adiw	r26, 0x11	; 17
    2790:	9c 93       	st	X, r25
    2792:	8e 93       	st	-X, r24
    2794:	50 97       	sbiw	r26, 0x10	; 16
    2796:	59 96       	adiw	r26, 0x19	; 25
    2798:	9c 93       	st	X, r25
    279a:	8e 93       	st	-X, r24
    279c:	58 97       	sbiw	r26, 0x18	; 24
    279e:	53 96       	adiw	r26, 0x13	; 19
    27a0:	9c 93       	st	X, r25
    27a2:	8e 93       	st	-X, r24
    27a4:	52 97       	sbiw	r26, 0x12	; 18
    27a6:	e1 cf       	rjmp	.-62     	; 0x276a <FatFile::open(FatFile*, fname_t*, unsigned char) [clone .constprop.65]+0x64c>
openCachedEntry():
C:\Users\Ted\Documents\Arduino\libraries\SdFat\src\FatLib/FatFile.cpp:537
    DBG_FAIL_MACRO;
    goto fail;
  }
  m_attributes = dir->attributes & FILE_ATTR_COPY;
  if (isFileDir(dir)) {
    m_attributes |= FILE_ATTR_FILE;
    27a8:	98 60       	ori	r25, 0x08	; 8
    27aa:	66 ce       	rjmp	.-820    	; 0x2478 <FatFile::open(FatFile*, fname_t*, unsigned char) [clone .constprop.65]+0x35a>
C:\Users\Ted\Documents\Arduino\libraries\SdFat\src\FatLib/FatFile.cpp:547
    case O_RDONLY:
      if (oflag & O_TRUNC) {
        DBG_FAIL_MACRO;
        goto fail;
      }
      m_flags = FILE_FLAG_READ;
    27ac:	81 e0       	ldi	r24, 0x01	; 1
C:\Users\Ted\Documents\Arduino\libraries\SdFat\src\FatLib/FatFile.cpp:555
    case O_RDWR:
      m_flags = FILE_FLAG_READ | FILE_FLAG_WRITE;
      break;

    case O_WRONLY:
      m_flags = FILE_FLAG_WRITE;
    27ae:	80 93 4d 04 	sts	0x044D, r24	; 0x80044d <file+0x6>
C:\Users\Ted\Documents\Arduino\libraries\SdFat\src\FatLib/FatFile.cpp:563
    default:
      DBG_FAIL_MACRO;
      goto fail;
  }

  if (m_flags & FILE_FLAG_WRITE) {
    27b2:	90 91 4d 04 	lds	r25, 0x044D	; 0x80044d <file+0x6>
    27b6:	91 ff       	sbrs	r25, 1
    27b8:	05 c0       	rjmp	.+10     	; 0x27c4 <FatFile::open(FatFile*, fname_t*, unsigned char) [clone .constprop.65]+0x6a6>
C:\Users\Ted\Documents\Arduino\libraries\SdFat\src\FatLib/FatFile.cpp:564
    if (isSubDir() || isReadOnly()) {
    27ba:	80 91 4b 04 	lds	r24, 0x044B	; 0x80044b <file+0x4>
    27be:	81 71       	andi	r24, 0x11	; 17
    27c0:	09 f0       	breq	.+2      	; 0x27c4 <FatFile::open(FatFile*, fname_t*, unsigned char) [clone .constprop.65]+0x6a6>
    27c2:	68 ce       	rjmp	.-816    	; 0x2494 <FatFile::open(FatFile*, fname_t*, unsigned char) [clone .constprop.65]+0x376>
C:\Users\Ted\Documents\Arduino\libraries\SdFat\src\FatLib/FatFile.cpp:569
      DBG_FAIL_MACRO;
      goto fail;
    }
  }
  m_flags |= (oflag & O_APPEND ? FILE_FLAG_APPEND : 0);
    27c4:	4f 81       	ldd	r20, Y+7	; 0x07
    27c6:	48 70       	andi	r20, 0x08	; 8
    27c8:	49 2b       	or	r20, r25
    27ca:	40 93 4d 04 	sts	0x044D, r20	; 0x80044d <file+0x6>
C:\Users\Ted\Documents\Arduino\libraries\SdFat\src\FatLib/FatFile.cpp:571

  m_dirSector = m_vol->cacheSectorNumber();
    27ce:	97 96       	adiw	r26, 0x27	; 39
    27d0:	8d 91       	ld	r24, X+
    27d2:	9d 91       	ld	r25, X+
    27d4:	0d 90       	ld	r0, X+
    27d6:	bc 91       	ld	r27, X
    27d8:	a0 2d       	mov	r26, r0
    27da:	80 93 5f 04 	sts	0x045F, r24	; 0x80045f <file+0x18>
    27de:	90 93 60 04 	sts	0x0460, r25	; 0x800460 <file+0x19>
    27e2:	a0 93 61 04 	sts	0x0461, r26	; 0x800461 <file+0x1a>
    27e6:	b0 93 62 04 	sts	0x0462, r27	; 0x800462 <file+0x1b>
C:\Users\Ted\Documents\Arduino\libraries\SdFat\src\FatLib/FatFile.cpp:574

  // copy first cluster number for directory fields
  firstCluster = ((uint32_t)getLe16(dir->firstClusterHigh) << 16)
    27ea:	84 89       	ldd	r24, Z+20	; 0x14
    27ec:	95 89       	ldd	r25, Z+21	; 0x15
    27ee:	b0 e0       	ldi	r27, 0x00	; 0
    27f0:	a0 e0       	ldi	r26, 0x00	; 0
    27f2:	dc 01       	movw	r26, r24
    27f4:	99 27       	eor	r25, r25
    27f6:	88 27       	eor	r24, r24
C:\Users\Ted\Documents\Arduino\libraries\SdFat\src\FatLib/FatFile.cpp:575
                 | getLe16(dir->firstClusterLow);
    27f8:	42 8d       	ldd	r20, Z+26	; 0x1a
    27fa:	53 8d       	ldd	r21, Z+27	; 0x1b
    27fc:	70 e0       	ldi	r23, 0x00	; 0
    27fe:	60 e0       	ldi	r22, 0x00	; 0
C:\Users\Ted\Documents\Arduino\libraries\SdFat\src\FatLib/FatFile.cpp:574
  m_flags |= (oflag & O_APPEND ? FILE_FLAG_APPEND : 0);

  m_dirSector = m_vol->cacheSectorNumber();

  // copy first cluster number for directory fields
  firstCluster = ((uint32_t)getLe16(dir->firstClusterHigh) << 16)
    2800:	84 2b       	or	r24, r20
    2802:	95 2b       	or	r25, r21
    2804:	a6 2b       	or	r26, r22
    2806:	b7 2b       	or	r27, r23
C:\Users\Ted\Documents\Arduino\libraries\SdFat\src\FatLib/FatFile.cpp:586
    }

    // need to update directory entry
    m_flags |= FILE_FLAG_DIR_DIRTY;
  } else {
    m_firstCluster = firstCluster;
    2808:	80 93 67 04 	sts	0x0467, r24	; 0x800467 <file+0x20>
    280c:	90 93 68 04 	sts	0x0468, r25	; 0x800468 <file+0x21>
    2810:	a0 93 69 04 	sts	0x0469, r26	; 0x800469 <file+0x22>
    2814:	b0 93 6a 04 	sts	0x046A, r27	; 0x80046a <file+0x23>
_Z7getLe32PKh():
C:\Users\Ted\Documents\Arduino\libraries\SdFat\src\common/fsstructs.h:37
// assumes CPU is little-endian and handles alignment issues.
inline uint16_t getLe16(const uint8_t* src) {
  return *reinterpret_cast<const uint16_t*>(src);
}
inline uint32_t getLe32(const uint8_t* src) {
  return *reinterpret_cast<const uint32_t*>(src);
    2818:	84 8d       	ldd	r24, Z+28	; 0x1c
    281a:	95 8d       	ldd	r25, Z+29	; 0x1d
    281c:	a6 8d       	ldd	r26, Z+30	; 0x1e
    281e:	b7 8d       	ldd	r27, Z+31	; 0x1f
openCachedEntry():
C:\Users\Ted\Documents\Arduino\libraries\SdFat\src\FatLib/FatFile.cpp:587
    m_fileSize = getLe32(dir->fileSize);
    2820:	80 93 63 04 	sts	0x0463, r24	; 0x800463 <file+0x1c>
    2824:	90 93 64 04 	sts	0x0464, r25	; 0x800464 <file+0x1d>
    2828:	a0 93 65 04 	sts	0x0465, r26	; 0x800465 <file+0x1e>
    282c:	b0 93 66 04 	sts	0x0466, r27	; 0x800466 <file+0x1f>
_ZN7FatFile4openEPS_P7fname_th.constprop.65():
C:\Users\Ted\Documents\Arduino\libraries\SdFat\src\FatLib/FatFileLFN.cpp:517
  // open entry in cache.
  if (!openCachedEntry(dirFile, curIndex, oflag, lfnOrd)) {
    DBG_FAIL_MACRO;
    goto fail;
  }
  return true;
    2830:	81 e0       	ldi	r24, 0x01	; 1
C:\Users\Ted\Documents\Arduino\libraries\SdFat\src\FatLib/FatFileLFN.cpp:521

 fail:
  return false;
}
    2832:	2e 96       	adiw	r28, 0x0e	; 14
    2834:	0f b6       	in	r0, 0x3f	; 63
    2836:	f8 94       	cli
    2838:	de bf       	out	0x3e, r29	; 62
    283a:	0f be       	out	0x3f, r0	; 63
    283c:	cd bf       	out	0x3d, r28	; 61
    283e:	df 91       	pop	r29
    2840:	cf 91       	pop	r28
    2842:	1f 91       	pop	r17
    2844:	0f 91       	pop	r16
    2846:	ff 90       	pop	r15
    2848:	ef 90       	pop	r14
    284a:	df 90       	pop	r13
    284c:	cf 90       	pop	r12
    284e:	bf 90       	pop	r11
    2850:	af 90       	pop	r10
    2852:	9f 90       	pop	r9
    2854:	8f 90       	pop	r8
    2856:	7f 90       	pop	r7
    2858:	6f 90       	pop	r6
    285a:	5f 90       	pop	r5
    285c:	4f 90       	pop	r4
    285e:	3f 90       	pop	r3
    2860:	2f 90       	pop	r2
    2862:	08 95       	ret
openCachedEntry():
C:\Users\Ted\Documents\Arduino\libraries\SdFat\src\FatLib/FatFile.cpp:551
      }
      m_flags = FILE_FLAG_READ;
      break;

    case O_RDWR:
      m_flags = FILE_FLAG_READ | FILE_FLAG_WRITE;
    2864:	83 e0       	ldi	r24, 0x03	; 3
    2866:	a3 cf       	rjmp	.-186    	; 0x27ae <FatFile::open(FatFile*, fname_t*, unsigned char) [clone .constprop.65]+0x690>
C:\Users\Ted\Documents\Arduino\libraries\SdFat\src\FatLib/FatFile.cpp:555
      break;

    case O_WRONLY:
      m_flags = FILE_FLAG_WRITE;
    2868:	82 e0       	ldi	r24, 0x02	; 2
    286a:	a1 cf       	rjmp	.-190    	; 0x27ae <FatFile::open(FatFile*, fname_t*, unsigned char) [clone .constprop.65]+0x690>

0000286c <FatFile::open(FatFile*, char const*, unsigned char) [clone .constprop.64]>:
_ZN7FatFile4openEPS_PKch.constprop.64():
C:\Users\Ted\Documents\Arduino\libraries\SdFat\src\FatLib/FatFile.cpp:430
//------------------------------------------------------------------------------
bool FatFile::open(FatVolume* vol, const char* path, oflag_t oflag) {
  return vol && open(vol->vwd(), path, oflag);
}
//------------------------------------------------------------------------------
bool FatFile::open(FatFile* dirFile, const char* path, oflag_t oflag) {
    286c:	2f 92       	push	r2
    286e:	3f 92       	push	r3
    2870:	4f 92       	push	r4
    2872:	5f 92       	push	r5
    2874:	6f 92       	push	r6
    2876:	7f 92       	push	r7
    2878:	8f 92       	push	r8
    287a:	9f 92       	push	r9
    287c:	af 92       	push	r10
    287e:	bf 92       	push	r11
    2880:	cf 92       	push	r12
    2882:	df 92       	push	r13
    2884:	ef 92       	push	r14
    2886:	ff 92       	push	r15
    2888:	0f 93       	push	r16
    288a:	1f 93       	push	r17
    288c:	cf 93       	push	r28
    288e:	df 93       	push	r29
    2890:	cd b7       	in	r28, 0x3d	; 61
    2892:	de b7       	in	r29, 0x3e	; 62
    2894:	e6 97       	sbiw	r28, 0x36	; 54
    2896:	0f b6       	in	r0, 0x3f	; 63
    2898:	f8 94       	cli
    289a:	de bf       	out	0x3e, r29	; 62
    289c:	0f be       	out	0x3f, r0	; 63
    289e:	cd bf       	out	0x3d, r28	; 61
    28a0:	d6 2e       	mov	r13, r22
_ZN7FatFileC2Ev():
C:\Users\Ted\Documents\Arduino\libraries\SdFat\src\FatLib/FatFile.h:113
 * \brief Basic file class.
 */
class FatFile {
 public:
  /** Create an instance. */
  FatFile() {}
    28a2:	19 82       	std	Y+1, r1	; 0x01
    28a4:	1a 82       	std	Y+2, r1	; 0x02
    28a6:	1b 82       	std	Y+3, r1	; 0x03
_ZN7FatFile4openEPS_PKch.constprop.64():
C:\Users\Ted\Documents\Arduino\libraries\SdFat\src\FatLib/FatFile.cpp:435
  FatFile tmpDir;
  fname_t fname;

  // error if already open
  if (isOpen() || !dirFile->isDir()) {
    28a8:	20 91 4b 04 	lds	r18, 0x044B	; 0x80044b <file+0x4>
    28ac:	22 23       	and	r18, r18
    28ae:	d1 f0       	breq	.+52     	; 0x28e4 <FatFile::open(FatFile*, char const*, unsigned char) [clone .constprop.64]+0x78>
C:\Users\Ted\Documents\Arduino\libraries\SdFat\src\FatLib/FatFile.cpp:471
    close();
  }
  return open(dirFile, &fname, oflag);

 fail:
  return false;
    28b0:	80 e0       	ldi	r24, 0x00	; 0
C:\Users\Ted\Documents\Arduino\libraries\SdFat\src\FatLib/FatFile.cpp:472
}
    28b2:	e6 96       	adiw	r28, 0x36	; 54
    28b4:	0f b6       	in	r0, 0x3f	; 63
    28b6:	f8 94       	cli
    28b8:	de bf       	out	0x3e, r29	; 62
    28ba:	0f be       	out	0x3f, r0	; 63
    28bc:	cd bf       	out	0x3d, r28	; 61
    28be:	df 91       	pop	r29
    28c0:	cf 91       	pop	r28
    28c2:	1f 91       	pop	r17
    28c4:	0f 91       	pop	r16
    28c6:	ff 90       	pop	r15
    28c8:	ef 90       	pop	r14
    28ca:	df 90       	pop	r13
    28cc:	cf 90       	pop	r12
    28ce:	bf 90       	pop	r11
    28d0:	af 90       	pop	r10
    28d2:	9f 90       	pop	r9
    28d4:	8f 90       	pop	r8
    28d6:	7f 90       	pop	r7
    28d8:	6f 90       	pop	r6
    28da:	5f 90       	pop	r5
    28dc:	4f 90       	pop	r4
    28de:	3f 90       	pop	r3
    28e0:	2f 90       	pop	r2
    28e2:	08 95       	ret
C:\Users\Ted\Documents\Arduino\libraries\SdFat\src\FatLib/FatFile.cpp:435
bool FatFile::open(FatFile* dirFile, const char* path, oflag_t oflag) {
  FatFile tmpDir;
  fname_t fname;

  // error if already open
  if (isOpen() || !dirFile->isDir()) {
    28e4:	dc 01       	movw	r26, r24
    28e6:	2c 91       	ld	r18, X
    28e8:	20 77       	andi	r18, 0x70	; 112
    28ea:	11 f3       	breq	.-60     	; 0x28b0 <FatFile::open(FatFile*, char const*, unsigned char) [clone .constprop.64]+0x44>
C:\Users\Ted\Documents\Arduino\libraries\SdFat\src\FatLib/FatFile.cpp:439
    DBG_FAIL_MACRO;
    goto fail;
  }
  if (isDirSeparator(*path)) {
    28ec:	20 91 02 01 	lds	r18, 0x0102	; 0x800102 <filename>
    28f0:	e2 e0       	ldi	r30, 0x02	; 2
    28f2:	f1 e0       	ldi	r31, 0x01	; 1
    28f4:	02 e0       	ldi	r16, 0x02	; 2
    28f6:	11 e0       	ldi	r17, 0x01	; 1
    28f8:	2f 32       	cpi	r18, 0x2F	; 47
    28fa:	b9 f4       	brne	.+46     	; 0x292a <FatFile::open(FatFile*, char const*, unsigned char) [clone .constprop.64]+0xbe>
    28fc:	8f 01       	movw	r16, r30
C:\Users\Ted\Documents\Arduino\libraries\SdFat\src\FatLib/FatFile.cpp:440
    while (isDirSeparator(*path)) {
    28fe:	21 91       	ld	r18, Z+
    2900:	2f 32       	cpi	r18, 0x2F	; 47
    2902:	e1 f3       	breq	.-8      	; 0x28fc <FatFile::open(FatFile*, char const*, unsigned char) [clone .constprop.64]+0x90>
    2904:	dc 01       	movw	r26, r24
    2906:	16 96       	adiw	r26, 0x06	; 6
    2908:	6d 91       	ld	r22, X+
    290a:	7c 91       	ld	r23, X
C:\Users\Ted\Documents\Arduino\libraries\SdFat\src\FatLib/FatFile.cpp:443
      path++;
    }
    if (*path == 0) {
    290c:	21 11       	cpse	r18, r1
    290e:	05 c0       	rjmp	.+10     	; 0x291a <FatFile::open(FatFile*, char const*, unsigned char) [clone .constprop.64]+0xae>
C:\Users\Ted\Documents\Arduino\libraries\SdFat\src\FatLib/FatFile.cpp:444
      return openRoot(dirFile->m_vol);
    2910:	8b e4       	ldi	r24, 0x4B	; 75
    2912:	94 e0       	ldi	r25, 0x04	; 4
    2914:	0e 94 6c 0f 	call	0x1ed8	; 0x1ed8 <FatFile::openRoot(FatVolume*)>
    2918:	cc cf       	rjmp	.-104    	; 0x28b2 <FatFile::open(FatFile*, char const*, unsigned char) [clone .constprop.64]+0x46>
C:\Users\Ted\Documents\Arduino\libraries\SdFat\src\FatLib/FatFile.cpp:446
    }
    if (!tmpDir.openRoot(dirFile->m_vol)) {
    291a:	ce 01       	movw	r24, r28
    291c:	01 96       	adiw	r24, 0x01	; 1
    291e:	0e 94 6c 0f 	call	0x1ed8	; 0x1ed8 <FatFile::openRoot(FatVolume*)>
    2922:	88 23       	and	r24, r24
    2924:	29 f2       	breq	.-118    	; 0x28b0 <FatFile::open(FatFile*, char const*, unsigned char) [clone .constprop.64]+0x44>
C:\Users\Ted\Documents\Arduino\libraries\SdFat\src\FatLib/FatFile.cpp:450
      DBG_FAIL_MACRO;
      goto fail;
    }
    dirFile = &tmpDir;
    2926:	ce 01       	movw	r24, r28
    2928:	01 96       	adiw	r24, 0x01	; 1
    292a:	fe 01       	movw	r30, r28
    292c:	f2 96       	adiw	r30, 0x32	; 50
    292e:	fe ab       	std	Y+54, r31	; 0x36
    2930:	ed ab       	std	Y+53, r30	; 0x35
    2932:	f8 01       	movw	r30, r16
    2934:	af 01       	movw	r20, r30
    2936:	4f 5f       	subi	r20, 0xFF	; 255
    2938:	5f 4f       	sbci	r21, 0xFF	; 255
parsePathName():
C:\Users\Ted\Documents\Arduino\libraries\SdFat\src\FatLib/FatFileLFN.cpp:201
  int len = 0;
  int si;
  int dot;

  // Skip leading spaces.
  while (*path == ' ') {
    293a:	20 81       	ld	r18, Z
    293c:	20 32       	cpi	r18, 0x20	; 32
    293e:	09 f4       	brne	.+2      	; 0x2942 <FatFile::open(FatFile*, char const*, unsigned char) [clone .constprop.64]+0xd6>
    2940:	97 c0       	rjmp	.+302    	; 0x2a70 <FatFile::open(FatFile*, char const*, unsigned char) [clone .constprop.64]+0x204>
C:\Users\Ted\Documents\Arduino\libraries\SdFat\src\FatLib/FatFileLFN.cpp:204
    path++;
  }
  fname->lfn = path;
    2942:	fd a3       	std	Y+37, r31	; 0x25
    2944:	ec a3       	std	Y+36, r30	; 0x24
    2946:	af 01       	movw	r20, r30
    2948:	ba 01       	movw	r22, r20
    294a:	6e 1b       	sub	r22, r30
    294c:	7f 0b       	sbc	r23, r31
C:\Users\Ted\Documents\Arduino\libraries\SdFat\src\FatLib/FatFileLFN.cpp:207

  for (len = 0; ; len++) {
    c = path[len];
    294e:	8a 01       	movw	r16, r20
    2950:	da 01       	movw	r26, r20
    2952:	2d 91       	ld	r18, X+
    2954:	ad 01       	movw	r20, r26
C:\Users\Ted\Documents\Arduino\libraries\SdFat\src\FatLib/FatFileLFN.cpp:208
    if (c == 0 || isDirSeparator(c)) {
    2956:	22 23       	and	r18, r18
    2958:	71 f0       	breq	.+28     	; 0x2976 <FatFile::open(FatFile*, char const*, unsigned char) [clone .constprop.64]+0x10a>
    295a:	2f 32       	cpi	r18, 0x2F	; 47
    295c:	09 f0       	breq	.+2      	; 0x2960 <FatFile::open(FatFile*, char const*, unsigned char) [clone .constprop.64]+0xf4>
    295e:	8a c0       	rjmp	.+276    	; 0x2a74 <FatFile::open(FatFile*, char const*, unsigned char) [clone .constprop.64]+0x208>
    2960:	9f 01       	movw	r18, r30
    2962:	26 0f       	add	r18, r22
    2964:	37 1f       	adc	r19, r23
C:\Users\Ted\Documents\Arduino\libraries\SdFat\src\FatLib/FatFileLFN.cpp:217
      DBG_FAIL_MACRO;
      goto fail;
    }
  }
  // Advance to next path component.
  for (end = len; path[end] ==  ' ' || isDirSeparator(path[end]); end++) {}
    2966:	89 01       	movw	r16, r18
    2968:	d9 01       	movw	r26, r18
    296a:	4d 91       	ld	r20, X+
    296c:	9d 01       	movw	r18, r26
    296e:	40 32       	cpi	r20, 0x20	; 32
    2970:	d1 f3       	breq	.-12     	; 0x2966 <FatFile::open(FatFile*, char const*, unsigned char) [clone .constprop.64]+0xfa>
    2972:	4f 32       	cpi	r20, 0x2F	; 47
    2974:	c1 f3       	breq	.-16     	; 0x2966 <FatFile::open(FatFile*, char const*, unsigned char) [clone .constprop.64]+0xfa>
    2976:	db 01       	movw	r26, r22
    2978:	ae 0f       	add	r26, r30
    297a:	bf 1f       	adc	r27, r31
    297c:	bd 01       	movw	r22, r26
    297e:	6e 1b       	sub	r22, r30
    2980:	7f 0b       	sbc	r23, r31
C:\Users\Ted\Documents\Arduino\libraries\SdFat\src\FatLib/FatFileLFN.cpp:221
  *ptr = &path[end];

  // Back over spaces and dots.
  while (len) {
    2982:	ae 17       	cp	r26, r30
    2984:	bf 07       	cpc	r27, r31
    2986:	09 f4       	brne	.+2      	; 0x298a <FatFile::open(FatFile*, char const*, unsigned char) [clone .constprop.64]+0x11e>
    2988:	8f c0       	rjmp	.+286    	; 0x2aa8 <FatFile::open(FatFile*, char const*, unsigned char) [clone .constprop.64]+0x23c>
C:\Users\Ted\Documents\Arduino\libraries\SdFat\src\FatLib/FatFileLFN.cpp:222
    c = path[len - 1];
    298a:	2e 91       	ld	r18, -X
C:\Users\Ted\Documents\Arduino\libraries\SdFat\src\FatLib/FatFileLFN.cpp:223
    if (c != '.' && c != ' ') {
    298c:	2e 32       	cpi	r18, 0x2E	; 46
    298e:	b1 f3       	breq	.-20     	; 0x297c <FatFile::open(FatFile*, char const*, unsigned char) [clone .constprop.64]+0x110>
    2990:	20 32       	cpi	r18, 0x20	; 32
    2992:	a1 f3       	breq	.-24     	; 0x297c <FatFile::open(FatFile*, char const*, unsigned char) [clone .constprop.64]+0x110>
C:\Users\Ted\Documents\Arduino\libraries\SdFat\src\FatLib/FatFileLFN.cpp:229
      break;
    }
    len--;
  }
  // Max length of LFN is 255.
  if (len > 255) {
    2994:	6f 3f       	cpi	r22, 0xFF	; 255
    2996:	71 05       	cpc	r23, r1
    2998:	11 f0       	breq	.+4      	; 0x299e <FatFile::open(FatFile*, char const*, unsigned char) [clone .constprop.64]+0x132>
    299a:	0c f0       	brlt	.+2      	; 0x299e <FatFile::open(FatFile*, char const*, unsigned char) [clone .constprop.64]+0x132>
    299c:	89 cf       	rjmp	.-238    	; 0x28b0 <FatFile::open(FatFile*, char const*, unsigned char) [clone .constprop.64]+0x44>
C:\Users\Ted\Documents\Arduino\libraries\SdFat\src\FatLib/FatFileLFN.cpp:233
    DBG_FAIL_MACRO;
    goto fail;
  }
  fname->len = len;
    299e:	7b a3       	std	Y+35, r23	; 0x23
    29a0:	6a a3       	std	Y+34, r22	; 0x22
    29a2:	de 01       	movw	r26, r28
    29a4:	97 96       	adiw	r26, 0x27	; 39
    29a6:	5d 01       	movw	r10, r26
C:\Users\Ted\Documents\Arduino\libraries\SdFat\src\FatLib/FatFileLFN.cpp:236
  // Blank file short name.
  for (uint8_t k = 0; k < 11; k++) {
    fname->sfn[k] = ' ';
    29a8:	20 e2       	ldi	r18, 0x20	; 32
    29aa:	2d 93       	st	X+, r18
C:\Users\Ted\Documents\Arduino\libraries\SdFat\src\FatLib/FatFileLFN.cpp:235
    DBG_FAIL_MACRO;
    goto fail;
  }
  fname->len = len;
  // Blank file short name.
  for (uint8_t k = 0; k < 11; k++) {
    29ac:	ed a8       	ldd	r14, Y+53	; 0x35
    29ae:	fe a8       	ldd	r15, Y+54	; 0x36
    29b0:	ae 15       	cp	r26, r14
    29b2:	bf 05       	cpc	r27, r15
    29b4:	d1 f7       	brne	.-12     	; 0x29aa <FatFile::open(FatFile*, char const*, unsigned char) [clone .constprop.64]+0x13e>
    29b6:	df 01       	movw	r26, r30
    29b8:	9d 01       	movw	r18, r26
    29ba:	2e 1b       	sub	r18, r30
    29bc:	3f 0b       	sbc	r19, r31
C:\Users\Ted\Documents\Arduino\libraries\SdFat\src\FatLib/FatFileLFN.cpp:239
    fname->sfn[k] = ' ';
  }
  // skip leading spaces and dots.
  for (si = 0; path[si] == '.' || path[si] == ' '; si++) {}
    29be:	4d 91       	ld	r20, X+
    29c0:	4e 32       	cpi	r20, 0x2E	; 46
    29c2:	d1 f3       	breq	.-12     	; 0x29b8 <FatFile::open(FatFile*, char const*, unsigned char) [clone .constprop.64]+0x14c>
    29c4:	40 32       	cpi	r20, 0x20	; 32
    29c6:	c1 f3       	breq	.-16     	; 0x29b8 <FatFile::open(FatFile*, char const*, unsigned char) [clone .constprop.64]+0x14c>
C:\Users\Ted\Documents\Arduino\libraries\SdFat\src\FatLib/FatFileLFN.cpp:241
  // Not 8.3 if leading dot or space.
  is83 = !si;
    29c8:	88 24       	eor	r8, r8
    29ca:	83 94       	inc	r8
    29cc:	21 15       	cp	r18, r1
    29ce:	31 05       	cpc	r19, r1
    29d0:	09 f0       	breq	.+2      	; 0x29d4 <FatFile::open(FatFile*, char const*, unsigned char) [clone .constprop.64]+0x168>
    29d2:	81 2c       	mov	r8, r1
C:\Users\Ted\Documents\Arduino\libraries\SdFat\src\FatLib/FatFileLFN.cpp:244

  // find last dot.
  for (dot = len - 1; dot >= 0 && path[dot] != '.'; dot--) {}
    29d4:	ab 01       	movw	r20, r22
    29d6:	41 50       	subi	r20, 0x01	; 1
    29d8:	51 09       	sbc	r21, r1
    29da:	7f 01       	movw	r14, r30
    29dc:	e6 0e       	add	r14, r22
    29de:	f7 1e       	adc	r15, r23
    29e0:	4f 3f       	cpi	r20, 0xFF	; 255
    29e2:	54 07       	cpc	r21, r20
    29e4:	09 f0       	breq	.+2      	; 0x29e8 <FatFile::open(FatFile*, char const*, unsigned char) [clone .constprop.64]+0x17c>
    29e6:	63 c0       	rjmp	.+198    	; 0x2aae <FatFile::open(FatFile*, char const*, unsigned char) [clone .constprop.64]+0x242>
    29e8:	9e a0       	ldd	r9, Y+38	; 0x26
    29ea:	61 2c       	mov	r6, r1
    29ec:	a7 e0       	ldi	r26, 0x07	; 7
    29ee:	7a 2e       	mov	r7, r26
    29f0:	31 2c       	mov	r3, r1
    29f2:	51 2c       	mov	r5, r1
    29f4:	b8 e0       	ldi	r27, 0x08	; 8
    29f6:	4b 2e       	mov	r4, r27
C:\Users\Ted\Documents\Arduino\libraries\SdFat\src\FatLib/FatFileLFN.cpp:245
  for (; si < len; si++) {
    29f8:	26 17       	cp	r18, r22
    29fa:	37 07       	cpc	r19, r23
    29fc:	0c f0       	brlt	.+2      	; 0x2a00 <FatFile::open(FatFile*, char const*, unsigned char) [clone .constprop.64]+0x194>
    29fe:	95 c0       	rjmp	.+298    	; 0x2b2a <FatFile::open(FatFile*, char const*, unsigned char) [clone .constprop.64]+0x2be>
C:\Users\Ted\Documents\Arduino\libraries\SdFat\src\FatLib/FatFileLFN.cpp:246
    c = path[si];
    2a00:	df 01       	movw	r26, r30
    2a02:	a2 0f       	add	r26, r18
    2a04:	b3 1f       	adc	r27, r19
    2a06:	ec 90       	ld	r14, X
    2a08:	ec aa       	std	Y+52, r14	; 0x34
C:\Users\Ted\Documents\Arduino\libraries\SdFat\src\FatLib/FatFileLFN.cpp:247
    if (c == ' ' || (c == '.' && dot != si)) {
    2a0a:	ae 2d       	mov	r26, r14
    2a0c:	a0 32       	cpi	r26, 0x20	; 32
    2a0e:	09 f4       	brne	.+2      	; 0x2a12 <FatFile::open(FatFile*, char const*, unsigned char) [clone .constprop.64]+0x1a6>
    2a10:	8a c0       	rjmp	.+276    	; 0x2b26 <FatFile::open(FatFile*, char const*, unsigned char) [clone .constprop.64]+0x2ba>
    2a12:	ae 32       	cpi	r26, 0x2E	; 46
    2a14:	21 f4       	brne	.+8      	; 0x2a1e <FatFile::open(FatFile*, char const*, unsigned char) [clone .constprop.64]+0x1b2>
    2a16:	24 17       	cp	r18, r20
    2a18:	35 07       	cpc	r19, r21
    2a1a:	09 f0       	breq	.+2      	; 0x2a1e <FatFile::open(FatFile*, char const*, unsigned char) [clone .constprop.64]+0x1b2>
    2a1c:	84 c0       	rjmp	.+264    	; 0x2b26 <FatFile::open(FatFile*, char const*, unsigned char) [clone .constprop.64]+0x2ba>
C:\Users\Ted\Documents\Arduino\libraries\SdFat\src\FatLib/FatFileLFN.cpp:251
      is83 = false;
      continue;
    }
    if (!legal83Char(c) && si != dot) {
    2a1e:	cc a8       	ldd	r12, Y+52	; 0x34
legal83Char():
C:\Users\Ted\Documents\Arduino\libraries\SdFat\src\FatLib/FatFile.h:378
  /** Check for a legal 8.3 character.
   * \param[in] c Character to be checked.
   * \return true for a legal 8.3 character.
   */
  static bool legal83Char(uint8_t c) {
    if (c == '"' || c == '|') {
    2a20:	bc 2d       	mov	r27, r12
    2a22:	b2 32       	cpi	r27, 0x22	; 34
    2a24:	a1 f0       	breq	.+40     	; 0x2a4e <FatFile::open(FatFile*, char const*, unsigned char) [clone .constprop.64]+0x1e2>
    2a26:	bc 37       	cpi	r27, 0x7C	; 124
    2a28:	91 f0       	breq	.+36     	; 0x2a4e <FatFile::open(FatFile*, char const*, unsigned char) [clone .constprop.64]+0x1e2>
C:\Users\Ted\Documents\Arduino\libraries\SdFat\src\FatLib/FatFile.h:382
      return false;
    }
    // *+,./
    if (0X2A <= c && c <= 0X2F && c != 0X2D) {
    2a2a:	ba 52       	subi	r27, 0x2A	; 42
    2a2c:	b6 30       	cpi	r27, 0x06	; 6
    2a2e:	18 f4       	brcc	.+6      	; 0x2a36 <FatFile::open(FatFile*, char const*, unsigned char) [clone .constprop.64]+0x1ca>
    2a30:	ac 2d       	mov	r26, r12
    2a32:	ad 32       	cpi	r26, 0x2D	; 45
    2a34:	61 f4       	brne	.+24     	; 0x2a4e <FatFile::open(FatFile*, char const*, unsigned char) [clone .constprop.64]+0x1e2>
C:\Users\Ted\Documents\Arduino\libraries\SdFat\src\FatLib/FatFile.h:386
      return false;
    }
    // :;<=>?
    if (0X3A <= c && c <= 0X3F) {
    2a36:	bc a9       	ldd	r27, Y+52	; 0x34
    2a38:	ba 53       	subi	r27, 0x3A	; 58
    2a3a:	b6 30       	cpi	r27, 0x06	; 6
    2a3c:	40 f0       	brcs	.+16     	; 0x2a4e <FatFile::open(FatFile*, char const*, unsigned char) [clone .constprop.64]+0x1e2>
C:\Users\Ted\Documents\Arduino\libraries\SdFat\src\FatLib/FatFile.h:390
      return false;
    }
    // [\]
    if (0X5B <= c && c <= 0X5D) {
    2a3e:	bc a9       	ldd	r27, Y+52	; 0x34
    2a40:	bb 55       	subi	r27, 0x5B	; 91
    2a42:	b3 30       	cpi	r27, 0x03	; 3
    2a44:	20 f0       	brcs	.+8      	; 0x2a4e <FatFile::open(FatFile*, char const*, unsigned char) [clone .constprop.64]+0x1e2>
C:\Users\Ted\Documents\Arduino\libraries\SdFat\src\FatLib/FatFile.h:393
      return false;
    }
    return 0X20 < c && c < 0X7F;
    2a46:	bc a9       	ldd	r27, Y+52	; 0x34
    2a48:	b1 52       	subi	r27, 0x21	; 33
parsePathName():
C:\Users\Ted\Documents\Arduino\libraries\SdFat\src\FatLib/FatFileLFN.cpp:251
    2a4a:	be 35       	cpi	r27, 0x5E	; 94
    2a4c:	d0 f1       	brcs	.+116    	; 0x2ac2 <FatFile::open(FatFile*, char const*, unsigned char) [clone .constprop.64]+0x256>
    2a4e:	24 17       	cp	r18, r20
    2a50:	35 07       	cpc	r19, r21
    2a52:	09 f0       	breq	.+2      	; 0x2a56 <FatFile::open(FatFile*, char const*, unsigned char) [clone .constprop.64]+0x1ea>
    2a54:	ad c0       	rjmp	.+346    	; 0x2bb0 <FatFile::open(FatFile*, char const*, unsigned char) [clone .constprop.64]+0x344>
C:\Users\Ted\Documents\Arduino\libraries\SdFat\src\FatLib/FatFileLFN.cpp:256
      is83 = false;
      c = '_';
    }
    if (si == dot || i > in) {
      if (in == 10) {
    2a56:	ba e0       	ldi	r27, 0x0A	; 10
    2a58:	eb 2e       	mov	r14, r27
    2a5a:	7e 14       	cp	r7, r14
    2a5c:	09 f4       	brne	.+2      	; 0x2a60 <FatFile::open(FatFile*, char const*, unsigned char) [clone .constprop.64]+0x1f4>
    2a5e:	b3 c0       	rjmp	.+358    	; 0x2bc6 <FatFile::open(FatFile*, char const*, unsigned char) [clone .constprop.64]+0x35a>
    2a60:	9a 01       	movw	r18, r20
_ZN7FatFile4openEPS_PKch.constprop.64():
C:\Users\Ted\Documents\Arduino\libraries\SdFat\src\FatLib/FatFileLFN.cpp:269
      // Break if no dot and base-name is longer than eight characters.
      if (si > dot) {
        break;
      }
      si = dot;
      in = 10;  // Max index for full 8.3 name.
    2a62:	aa e0       	ldi	r26, 0x0A	; 10
    2a64:	7a 2e       	mov	r7, r26
C:\Users\Ted\Documents\Arduino\libraries\SdFat\src\FatLib/FatFileLFN.cpp:270
      i = 8;    // Place for extension.
    2a66:	b8 e0       	ldi	r27, 0x08	; 8
    2a68:	3b 2e       	mov	r3, r27
C:\Users\Ted\Documents\Arduino\libraries\SdFat\src\FatLib/FatFileLFN.cpp:271
      bit = FAT_CASE_LC_EXT;  // bit for extension.
    2a6a:	a0 e1       	ldi	r26, 0x10	; 16
    2a6c:	4a 2e       	mov	r4, r26
    2a6e:	46 c0       	rjmp	.+140    	; 0x2afc <FatFile::open(FatFile*, char const*, unsigned char) [clone .constprop.64]+0x290>
parsePathName():
C:\Users\Ted\Documents\Arduino\libraries\SdFat\src\FatLib/FatFileLFN.cpp:201
  int len = 0;
  int si;
  int dot;

  // Skip leading spaces.
  while (*path == ' ') {
    2a70:	fa 01       	movw	r30, r20
    2a72:	60 cf       	rjmp	.-320    	; 0x2934 <FatFile::open(FatFile*, char const*, unsigned char) [clone .constprop.64]+0xc8>
lfnLegalChar():
C:\Users\Ted\Documents\Arduino\libraries\SdFat\src\FatLib/FatFileLFN.cpp:92
  name[k] = '\0';
  return k;
}
//------------------------------------------------------------------------------
inline bool lfnLegalChar(uint8_t c) {
  if (c == '/' || c == '\\' || c == '"' || c == '*' ||
    2a74:	2c 35       	cpi	r18, 0x5C	; 92
    2a76:	09 f4       	brne	.+2      	; 0x2a7a <FatFile::open(FatFile*, char const*, unsigned char) [clone .constprop.64]+0x20e>
    2a78:	1b cf       	rjmp	.-458    	; 0x28b0 <FatFile::open(FatFile*, char const*, unsigned char) [clone .constprop.64]+0x44>
    2a7a:	32 2f       	mov	r19, r18
    2a7c:	37 7f       	andi	r19, 0xF7	; 247
    2a7e:	32 32       	cpi	r19, 0x22	; 34
    2a80:	09 f4       	brne	.+2      	; 0x2a84 <FatFile::open(FatFile*, char const*, unsigned char) [clone .constprop.64]+0x218>
    2a82:	16 cf       	rjmp	.-468    	; 0x28b0 <FatFile::open(FatFile*, char const*, unsigned char) [clone .constprop.64]+0x44>
    2a84:	2a 33       	cpi	r18, 0x3A	; 58
    2a86:	09 f4       	brne	.+2      	; 0x2a8a <FatFile::open(FatFile*, char const*, unsigned char) [clone .constprop.64]+0x21e>
    2a88:	13 cf       	rjmp	.-474    	; 0x28b0 <FatFile::open(FatFile*, char const*, unsigned char) [clone .constprop.64]+0x44>
C:\Users\Ted\Documents\Arduino\libraries\SdFat\src\FatLib/FatFileLFN.cpp:93
      c == ':' || c == '<' || c == '>' || c == '?' || c == '|') {
    2a8a:	32 2f       	mov	r19, r18
    2a8c:	3f 7b       	andi	r19, 0xBF	; 191
    2a8e:	3c 33       	cpi	r19, 0x3C	; 60
    2a90:	09 f4       	brne	.+2      	; 0x2a94 <FatFile::open(FatFile*, char const*, unsigned char) [clone .constprop.64]+0x228>
    2a92:	0e cf       	rjmp	.-484    	; 0x28b0 <FatFile::open(FatFile*, char const*, unsigned char) [clone .constprop.64]+0x44>
    2a94:	32 ec       	ldi	r19, 0xC2	; 194
    2a96:	32 0f       	add	r19, r18
    2a98:	32 30       	cpi	r19, 0x02	; 2
    2a9a:	08 f4       	brcc	.+2      	; 0x2a9e <FatFile::open(FatFile*, char const*, unsigned char) [clone .constprop.64]+0x232>
    2a9c:	09 cf       	rjmp	.-494    	; 0x28b0 <FatFile::open(FatFile*, char const*, unsigned char) [clone .constprop.64]+0x44>
C:\Users\Ted\Documents\Arduino\libraries\SdFat\src\FatLib/FatFileLFN.cpp:96
    return false;
  }
  return 0X1F < c && c < 0X7F;
    2a9e:	20 52       	subi	r18, 0x20	; 32
parsePathName():
C:\Users\Ted\Documents\Arduino\libraries\SdFat\src\FatLib/FatFileLFN.cpp:211
  for (len = 0; ; len++) {
    c = path[len];
    if (c == 0 || isDirSeparator(c)) {
      break;
    }
    if (!lfnLegalChar(c)) {
    2aa0:	2f 35       	cpi	r18, 0x5F	; 95
    2aa2:	08 f4       	brcc	.+2      	; 0x2aa6 <FatFile::open(FatFile*, char const*, unsigned char) [clone .constprop.64]+0x23a>
    2aa4:	51 cf       	rjmp	.-350    	; 0x2948 <FatFile::open(FatFile*, char const*, unsigned char) [clone .constprop.64]+0xdc>
    2aa6:	04 cf       	rjmp	.-504    	; 0x28b0 <FatFile::open(FatFile*, char const*, unsigned char) [clone .constprop.64]+0x44>
C:\Users\Ted\Documents\Arduino\libraries\SdFat\src\FatLib/FatFileLFN.cpp:221
  // Advance to next path component.
  for (end = len; path[end] ==  ' ' || isDirSeparator(path[end]); end++) {}
  *ptr = &path[end];

  // Back over spaces and dots.
  while (len) {
    2aa8:	70 e0       	ldi	r23, 0x00	; 0
    2aaa:	60 e0       	ldi	r22, 0x00	; 0
    2aac:	78 cf       	rjmp	.-272    	; 0x299e <FatFile::open(FatFile*, char const*, unsigned char) [clone .constprop.64]+0x132>
C:\Users\Ted\Documents\Arduino\libraries\SdFat\src\FatLib/FatFileLFN.cpp:244
  for (si = 0; path[si] == '.' || path[si] == ' '; si++) {}
  // Not 8.3 if leading dot or space.
  is83 = !si;

  // find last dot.
  for (dot = len - 1; dot >= 0 && path[dot] != '.'; dot--) {}
    2aae:	d7 01       	movw	r26, r14
    2ab0:	ce 90       	ld	r12, -X
    2ab2:	7d 01       	movw	r14, r26
    2ab4:	be e2       	ldi	r27, 0x2E	; 46
    2ab6:	cb 16       	cp	r12, r27
    2ab8:	09 f4       	brne	.+2      	; 0x2abc <FatFile::open(FatFile*, char const*, unsigned char) [clone .constprop.64]+0x250>
    2aba:	96 cf       	rjmp	.-212    	; 0x29e8 <FatFile::open(FatFile*, char const*, unsigned char) [clone .constprop.64]+0x17c>
    2abc:	41 50       	subi	r20, 0x01	; 1
    2abe:	51 09       	sbc	r21, r1
    2ac0:	8f cf       	rjmp	.-226    	; 0x29e0 <FatFile::open(FatFile*, char const*, unsigned char) [clone .constprop.64]+0x174>
C:\Users\Ted\Documents\Arduino\libraries\SdFat\src\FatLib/FatFileLFN.cpp:255
    }
    if (!legal83Char(c) && si != dot) {
      is83 = false;
      c = '_';
    }
    if (si == dot || i > in) {
    2ac2:	24 17       	cp	r18, r20
    2ac4:	35 07       	cpc	r19, r21
    2ac6:	39 f2       	breq	.-114    	; 0x2a56 <FatFile::open(FatFile*, char const*, unsigned char) [clone .constprop.64]+0x1ea>
    2ac8:	73 14       	cp	r7, r3
    2aca:	08 f4       	brcc	.+2      	; 0x2ace <FatFile::open(FatFile*, char const*, unsigned char) [clone .constprop.64]+0x262>
    2acc:	74 c0       	rjmp	.+232    	; 0x2bb6 <FatFile::open(FatFile*, char const*, unsigned char) [clone .constprop.64]+0x34a>
C:\Users\Ted\Documents\Arduino\libraries\SdFat\src\FatLib/FatFileLFN.cpp:273
      si = dot;
      in = 10;  // Max index for full 8.3 name.
      i = 8;    // Place for extension.
      bit = FAT_CASE_LC_EXT;  // bit for extension.
    } else {
      if ('a' <= c && c <= 'z') {
    2ace:	bc a9       	ldd	r27, Y+52	; 0x34
    2ad0:	b1 56       	subi	r27, 0x61	; 97
    2ad2:	ba 31       	cpi	r27, 0x1A	; 26
    2ad4:	d8 f4       	brcc	.+54     	; 0x2b0c <FatFile::open(FatFile*, char const*, unsigned char) [clone .constprop.64]+0x2a0>
C:\Users\Ted\Documents\Arduino\libraries\SdFat\src\FatLib/FatFileLFN.cpp:274
        c += 'A' - 'a';
    2ad6:	bc a9       	ldd	r27, Y+52	; 0x34
    2ad8:	b0 52       	subi	r27, 0x20	; 32
    2ada:	bc ab       	std	Y+52, r27	; 0x34
C:\Users\Ted\Documents\Arduino\libraries\SdFat\src\FatLib/FatFileLFN.cpp:275
        lc |= bit;
    2adc:	64 28       	or	r6, r4
C:\Users\Ted\Documents\Arduino\libraries\SdFat\src\FatLib/FatFileLFN.cpp:279
      } else if ('A' <= c && c <= 'Z') {
        uc |= bit;
      }
      fname->sfn[i++] = c;
    2ade:	22 24       	eor	r2, r2
    2ae0:	23 94       	inc	r2
    2ae2:	23 0c       	add	r2, r3
    2ae4:	75 01       	movw	r14, r10
    2ae6:	e3 0c       	add	r14, r3
    2ae8:	f1 1c       	adc	r15, r1
    2aea:	d7 01       	movw	r26, r14
    2aec:	ec a8       	ldd	r14, Y+52	; 0x34
    2aee:	ec 92       	st	X, r14
C:\Users\Ted\Documents\Arduino\libraries\SdFat\src\FatLib/FatFileLFN.cpp:280
      if (i < 7) {
    2af0:	a6 e0       	ldi	r26, 0x06	; 6
    2af2:	fa 2e       	mov	r15, r26
    2af4:	32 2c       	mov	r3, r2
    2af6:	f2 14       	cp	r15, r2
    2af8:	08 f0       	brcs	.+2      	; 0x2afc <FatFile::open(FatFile*, char const*, unsigned char) [clone .constprop.64]+0x290>
    2afa:	92 2c       	mov	r9, r2
C:\Users\Ted\Documents\Arduino\libraries\SdFat\src\FatLib/FatFileLFN.cpp:245
  // Not 8.3 if leading dot or space.
  is83 = !si;

  // find last dot.
  for (dot = len - 1; dot >= 0 && path[dot] != '.'; dot--) {}
  for (; si < len; si++) {
    2afc:	2f 5f       	subi	r18, 0xFF	; 255
    2afe:	3f 4f       	sbci	r19, 0xFF	; 255
    2b00:	7b cf       	rjmp	.-266    	; 0x29f8 <FatFile::open(FatFile*, char const*, unsigned char) [clone .constprop.64]+0x18c>
_ZN7FatFile4openEPS_PKch.constprop.64():
C:\Users\Ted\Documents\Arduino\libraries\SdFat\src\FatLib/FatFileLFN.cpp:252
    if (c == ' ' || (c == '.' && dot != si)) {
      is83 = false;
      continue;
    }
    if (!legal83Char(c) && si != dot) {
      is83 = false;
    2b02:	81 2c       	mov	r8, r1
C:\Users\Ted\Documents\Arduino\libraries\SdFat\src\FatLib/FatFileLFN.cpp:253
      c = '_';
    2b04:	af e5       	ldi	r26, 0x5F	; 95
    2b06:	ac ab       	std	Y+52, r26	; 0x34
parsePathName():
C:\Users\Ted\Documents\Arduino\libraries\SdFat\src\FatLib/FatFileLFN.cpp:273
      si = dot;
      in = 10;  // Max index for full 8.3 name.
      i = 8;    // Place for extension.
      bit = FAT_CASE_LC_EXT;  // bit for extension.
    } else {
      if ('a' <= c && c <= 'z') {
    2b08:	bf e5       	ldi	r27, 0x5F	; 95
    2b0a:	cb 2e       	mov	r12, r27
C:\Users\Ted\Documents\Arduino\libraries\SdFat\src\FatLib/FatFileLFN.cpp:276
        c += 'A' - 'a';
        lc |= bit;
      } else if ('A' <= c && c <= 'Z') {
    2b0c:	bf eb       	ldi	r27, 0xBF	; 191
    2b0e:	bc 0d       	add	r27, r12
    2b10:	ba 31       	cpi	r27, 0x1A	; 26
    2b12:	28 f7       	brcc	.-54     	; 0x2ade <FatFile::open(FatFile*, char const*, unsigned char) [clone .constprop.64]+0x272>
C:\Users\Ted\Documents\Arduino\libraries\SdFat\src\FatLib/FatFileLFN.cpp:277
        uc |= bit;
    2b14:	54 28       	or	r5, r4
    2b16:	e3 cf       	rjmp	.-58     	; 0x2ade <FatFile::open(FatFile*, char const*, unsigned char) [clone .constprop.64]+0x272>
C:\Users\Ted\Documents\Arduino\libraries\SdFat\src\FatLib/FatFileLFN.cpp:265
      }
      if (si != dot) {
        is83 = false;
      }
      // Break if no dot and base-name is longer than eight characters.
      if (si > dot) {
    2b18:	9a 01       	movw	r18, r20
_ZN7FatFile4openEPS_PKch.constprop.64():
C:\Users\Ted\Documents\Arduino\libraries\SdFat\src\FatLib/FatFileLFN.cpp:269
        break;
      }
      si = dot;
      in = 10;  // Max index for full 8.3 name.
    2b1a:	ba e0       	ldi	r27, 0x0A	; 10
    2b1c:	7b 2e       	mov	r7, r27
C:\Users\Ted\Documents\Arduino\libraries\SdFat\src\FatLib/FatFileLFN.cpp:270
      i = 8;    // Place for extension.
    2b1e:	a8 e0       	ldi	r26, 0x08	; 8
    2b20:	3a 2e       	mov	r3, r26
C:\Users\Ted\Documents\Arduino\libraries\SdFat\src\FatLib/FatFileLFN.cpp:271
      bit = FAT_CASE_LC_EXT;  // bit for extension.
    2b22:	b0 e1       	ldi	r27, 0x10	; 16
    2b24:	4b 2e       	mov	r4, r27
C:\Users\Ted\Documents\Arduino\libraries\SdFat\src\FatLib/FatFileLFN.cpp:262
        // Done - extension longer than three characters.
        is83 = false;
        break;
      }
      if (si != dot) {
        is83 = false;
    2b26:	81 2c       	mov	r8, r1
    2b28:	e9 cf       	rjmp	.-46     	; 0x2afc <FatFile::open(FatFile*, char const*, unsigned char) [clone .constprop.64]+0x290>
    2b2a:	9e a2       	std	Y+38, r9	; 0x26
parsePathName():
C:\Users\Ted\Documents\Arduino\libraries\SdFat\src\FatLib/FatFileLFN.cpp:285
      if (i < 7) {
        fname->seqPos = i;
      }
    }
  }
  if (fname->sfn[0] == ' ') {
    2b2c:	2f a1       	ldd	r18, Y+39	; 0x27
    2b2e:	20 32       	cpi	r18, 0x20	; 32
    2b30:	09 f4       	brne	.+2      	; 0x2b34 <FatFile::open(FatFile*, char const*, unsigned char) [clone .constprop.64]+0x2c8>
    2b32:	be ce       	rjmp	.-644    	; 0x28b0 <FatFile::open(FatFile*, char const*, unsigned char) [clone .constprop.64]+0x44>
C:\Users\Ted\Documents\Arduino\libraries\SdFat\src\FatLib/FatFileLFN.cpp:290
    DBG_FAIL_MACRO;
    goto fail;
  }

  if (is83) {
    2b34:	88 20       	and	r8, r8
    2b36:	11 f1       	breq	.+68     	; 0x2b7c <FatFile::open(FatFile*, char const*, unsigned char) [clone .constprop.64]+0x310>
C:\Users\Ted\Documents\Arduino\libraries\SdFat\src\FatLib/FatFileLFN.cpp:291
    fname->flags = lc & uc ? FNAME_FLAG_MIXED_CASE : lc;
    2b38:	56 20       	and	r5, r6
    2b3a:	11 f0       	breq	.+4      	; 0x2b40 <FatFile::open(FatFile*, char const*, unsigned char) [clone .constprop.64]+0x2d4>
_ZN7FatFile4openEPS_PKch.constprop.64():
    2b3c:	22 e0       	ldi	r18, 0x02	; 2
    2b3e:	62 2e       	mov	r6, r18
parsePathName():
    2b40:	69 a2       	std	Y+33, r6	; 0x21
_ZN7FatFile4openEPS_PKch.constprop.64():
C:\Users\Ted\Documents\Arduino\libraries\SdFat\src\FatLib/FatFile.cpp:457
  while (1) {
    if (!parsePathName(path, &fname, &path)) {
      DBG_FAIL_MACRO;
      goto fail;
    }
    if (*path == 0) {
    2b42:	f8 01       	movw	r30, r16
    2b44:	20 81       	ld	r18, Z
    2b46:	22 23       	and	r18, r18
    2b48:	61 f1       	breq	.+88     	; 0x2ba2 <FatFile::open(FatFile*, char const*, unsigned char) [clone .constprop.64]+0x336>
C:\Users\Ted\Documents\Arduino\libraries\SdFat\src\FatLib/FatFile.cpp:460
      break;
    }
    if (!open(dirFile, &fname, O_RDONLY)) {
    2b4a:	40 e0       	ldi	r20, 0x00	; 0
    2b4c:	be 01       	movw	r22, r28
    2b4e:	6f 5d       	subi	r22, 0xDF	; 223
    2b50:	7f 4f       	sbci	r23, 0xFF	; 255
    2b52:	0e 94 8f 10 	call	0x211e	; 0x211e <FatFile::open(FatFile*, fname_t*, unsigned char) [clone .constprop.65]>
    2b56:	88 23       	and	r24, r24
    2b58:	09 f4       	brne	.+2      	; 0x2b5c <FatFile::open(FatFile*, char const*, unsigned char) [clone .constprop.64]+0x2f0>
    2b5a:	aa ce       	rjmp	.-684    	; 0x28b0 <FatFile::open(FatFile*, char const*, unsigned char) [clone .constprop.64]+0x44>
C:\Users\Ted\Documents\Arduino\libraries\SdFat\src\FatLib/FatFile.cpp:464
      DBG_FAIL_MACRO;
      goto fail;
    }
    tmpDir = *this;
    2b5c:	80 e2       	ldi	r24, 0x20	; 32
    2b5e:	eb e4       	ldi	r30, 0x4B	; 75
    2b60:	f4 e0       	ldi	r31, 0x04	; 4
    2b62:	de 01       	movw	r26, r28
    2b64:	11 96       	adiw	r26, 0x01	; 1
    2b66:	01 90       	ld	r0, Z+
    2b68:	0d 92       	st	X+, r0
    2b6a:	8a 95       	dec	r24
    2b6c:	e1 f7       	brne	.-8      	; 0x2b66 <FatFile::open(FatFile*, char const*, unsigned char) [clone .constprop.64]+0x2fa>
C:\Users\Ted\Documents\Arduino\libraries\SdFat\src\FatLib/FatFile.cpp:466
    dirFile = &tmpDir;
    close();
    2b6e:	8b e4       	ldi	r24, 0x4B	; 75
    2b70:	94 e0       	ldi	r25, 0x04	; 4
    2b72:	0e 94 c9 09 	call	0x1392	; 0x1392 <FatFile::close()>
C:\Users\Ted\Documents\Arduino\libraries\SdFat\src\FatLib/FatFile.cpp:465
    if (!open(dirFile, &fname, O_RDONLY)) {
      DBG_FAIL_MACRO;
      goto fail;
    }
    tmpDir = *this;
    dirFile = &tmpDir;
    2b76:	ce 01       	movw	r24, r28
    2b78:	01 96       	adiw	r24, 0x01	; 1
    2b7a:	db ce       	rjmp	.-586    	; 0x2932 <FatFile::open(FatFile*, char const*, unsigned char) [clone .constprop.64]+0xc6>
parsePathName():
C:\Users\Ted\Documents\Arduino\libraries\SdFat\src\FatLib/FatFileLFN.cpp:293
  } else {
    fname->flags = FNAME_FLAG_LOST_CHARS;
    2b7c:	21 e0       	ldi	r18, 0x01	; 1
    2b7e:	29 a3       	std	Y+33, r18	; 0x21
C:\Users\Ted\Documents\Arduino\libraries\SdFat\src\FatLib/FatFileLFN.cpp:294
    fname->sfn[fname->seqPos] = '~';
    2b80:	29 2d       	mov	r18, r9
    2b82:	30 e0       	ldi	r19, 0x00	; 0
    2b84:	f5 01       	movw	r30, r10
    2b86:	e2 0f       	add	r30, r18
    2b88:	f3 1f       	adc	r31, r19
    2b8a:	4e e7       	ldi	r20, 0x7E	; 126
    2b8c:	40 83       	st	Z, r20
C:\Users\Ted\Documents\Arduino\libraries\SdFat\src\FatLib/FatFileLFN.cpp:295
    fname->sfn[fname->seqPos + 1] = '1';
    2b8e:	48 e2       	ldi	r20, 0x28	; 40
    2b90:	50 e0       	ldi	r21, 0x00	; 0
    2b92:	4c 0f       	add	r20, r28
    2b94:	5d 1f       	adc	r21, r29
    2b96:	24 0f       	add	r18, r20
    2b98:	35 1f       	adc	r19, r21
    2b9a:	41 e3       	ldi	r20, 0x31	; 49
    2b9c:	d9 01       	movw	r26, r18
    2b9e:	4c 93       	st	X, r20
    2ba0:	d0 cf       	rjmp	.-96     	; 0x2b42 <FatFile::open(FatFile*, char const*, unsigned char) [clone .constprop.64]+0x2d6>
_ZN7FatFile4openEPS_PKch.constprop.64():
C:\Users\Ted\Documents\Arduino\libraries\SdFat\src\FatLib/FatFile.cpp:468
    close();
  }
  return open(dirFile, &fname, oflag);
    2ba2:	4d 2d       	mov	r20, r13
    2ba4:	be 01       	movw	r22, r28
    2ba6:	6f 5d       	subi	r22, 0xDF	; 223
    2ba8:	7f 4f       	sbci	r23, 0xFF	; 255
    2baa:	0e 94 8f 10 	call	0x211e	; 0x211e <FatFile::open(FatFile*, fname_t*, unsigned char) [clone .constprop.65]>
    2bae:	81 ce       	rjmp	.-766    	; 0x28b2 <FatFile::open(FatFile*, char const*, unsigned char) [clone .constprop.64]+0x46>
parsePathName():
C:\Users\Ted\Documents\Arduino\libraries\SdFat\src\FatLib/FatFileLFN.cpp:255
    }
    if (!legal83Char(c) && si != dot) {
      is83 = false;
      c = '_';
    }
    if (si == dot || i > in) {
    2bb0:	73 14       	cp	r7, r3
    2bb2:	08 f0       	brcs	.+2      	; 0x2bb6 <FatFile::open(FatFile*, char const*, unsigned char) [clone .constprop.64]+0x34a>
    2bb4:	a6 cf       	rjmp	.-180    	; 0x2b02 <FatFile::open(FatFile*, char const*, unsigned char) [clone .constprop.64]+0x296>
C:\Users\Ted\Documents\Arduino\libraries\SdFat\src\FatLib/FatFileLFN.cpp:256
      if (in == 10) {
    2bb6:	aa e0       	ldi	r26, 0x0A	; 10
    2bb8:	fa 2e       	mov	r15, r26
    2bba:	7f 14       	cp	r7, r15
    2bbc:	21 f0       	breq	.+8      	; 0x2bc6 <FatFile::open(FatFile*, char const*, unsigned char) [clone .constprop.64]+0x35a>
C:\Users\Ted\Documents\Arduino\libraries\SdFat\src\FatLib/FatFileLFN.cpp:265
      }
      if (si != dot) {
        is83 = false;
      }
      // Break if no dot and base-name is longer than eight characters.
      if (si > dot) {
    2bbe:	42 17       	cp	r20, r18
    2bc0:	53 07       	cpc	r21, r19
    2bc2:	0c f0       	brlt	.+2      	; 0x2bc6 <FatFile::open(FatFile*, char const*, unsigned char) [clone .constprop.64]+0x35a>
    2bc4:	a9 cf       	rjmp	.-174    	; 0x2b18 <FatFile::open(FatFile*, char const*, unsigned char) [clone .constprop.64]+0x2ac>
    2bc6:	9e a2       	std	Y+38, r9	; 0x26
_ZN7FatFile4openEPS_PKch.constprop.64():
C:\Users\Ted\Documents\Arduino\libraries\SdFat\src\FatLib/FatFileLFN.cpp:258
      c = '_';
    }
    if (si == dot || i > in) {
      if (in == 10) {
        // Done - extension longer than three characters.
        is83 = false;
    2bc8:	81 2c       	mov	r8, r1
    2bca:	b0 cf       	rjmp	.-160    	; 0x2b2c <FatFile::open(FatFile*, char const*, unsigned char) [clone .constprop.64]+0x2c0>

00002bcc <PrintFile<FatFile>::write(unsigned char)>:
_ZN9PrintFileI7FatFileE5writeEh():
C:\Users\Ted\Documents\Arduino\libraries\SdFat\src\common/arduinofiles.h:53
  using BaseFile::write;
  /** Write a single byte.
   * \param[in] b byte to write.
   * \return one for success.
   */
  size_t write(uint8_t b) {
    2bcc:	4f 92       	push	r4
    2bce:	5f 92       	push	r5
    2bd0:	6f 92       	push	r6
    2bd2:	7f 92       	push	r7
    2bd4:	8f 92       	push	r8
    2bd6:	9f 92       	push	r9
    2bd8:	af 92       	push	r10
    2bda:	bf 92       	push	r11
    2bdc:	cf 92       	push	r12
    2bde:	df 92       	push	r13
    2be0:	ef 92       	push	r14
    2be2:	ff 92       	push	r15
    2be4:	0f 93       	push	r16
    2be6:	1f 93       	push	r17
    2be8:	cf 93       	push	r28
    2bea:	df 93       	push	r29
    2bec:	ec 01       	movw	r28, r24
    2bee:	d6 2e       	mov	r13, r22
    2bf0:	8e 81       	ldd	r24, Y+6	; 0x06
write():
C:\Users\Ted\Documents\Arduino\libraries\SdFat\src\FatLib/FatFile.cpp:1341
  uint8_t cacheOption;
  // number of bytes left to write  -  must be before goto statements
  size_t nToWrite = nbyte;
  size_t n;
  // error if not a normal file or is read-only
  if (!isWritable()) {
    2bf2:	81 ff       	sbrs	r24, 1
    2bf4:	10 c0       	rjmp	.+32     	; 0x2c16 <PrintFile<FatFile>::write(unsigned char)+0x4a>
_ZN9PrintFileI7FatFileE5writeEh():
C:\Users\Ted\Documents\Arduino\libraries\SdFat\src\common/arduinofiles.h:54
    return BaseFile::write(&b, 1);
    2bf6:	7e 01       	movw	r14, r28
    2bf8:	94 e0       	ldi	r25, 0x04	; 4
    2bfa:	e9 0e       	add	r14, r25
    2bfc:	f1 1c       	adc	r15, r1
write():
C:\Users\Ted\Documents\Arduino\libraries\SdFat\src\FatLib/FatFile.cpp:1346
    DBG_FAIL_MACRO;
    goto fail;
  }
  // seek to end of file if append flag
  if ((m_flags & FILE_FLAG_APPEND)) {
    2bfe:	83 fd       	sbrc	r24, 3
    2c00:	20 c0       	rjmp	.+64     	; 0x2c42 <PrintFile<FatFile>::write(unsigned char)+0x76>
C:\Users\Ted\Documents\Arduino\libraries\SdFat\src\FatLib/FatFile.cpp:1353
      DBG_FAIL_MACRO;
      goto fail;
    }
  }
  // Don't exceed max fileSize.
  if (nbyte > (0XFFFFFFFF - m_curPosition)) {
    2c02:	8c 88       	ldd	r8, Y+20	; 0x14
    2c04:	9d 88       	ldd	r9, Y+21	; 0x15
    2c06:	ae 88       	ldd	r10, Y+22	; 0x16
    2c08:	bf 88       	ldd	r11, Y+23	; 0x17
    2c0a:	ef ef       	ldi	r30, 0xFF	; 255
    2c0c:	8e 16       	cp	r8, r30
    2c0e:	9e 06       	cpc	r9, r30
    2c10:	ae 06       	cpc	r10, r30
    2c12:	be 06       	cpc	r11, r30
    2c14:	01 f5       	brne	.+64     	; 0x2c56 <PrintFile<FatFile>::write(unsigned char)+0x8a>
C:\Users\Ted\Documents\Arduino\libraries\SdFat\src\FatLib/FatFile.cpp:1475
  }
  return nbyte;

 fail:
  // return for write error
  m_error |= WRITE_ERROR;
    2c16:	8d 81       	ldd	r24, Y+5	; 0x05
    2c18:	81 60       	ori	r24, 0x01	; 1
    2c1a:	8d 83       	std	Y+5, r24	; 0x05
_ZN9PrintFileI7FatFileE5writeEh():
C:\Users\Ted\Documents\Arduino\libraries\SdFat\src\FatLib/FatFile.cpp:1476
  return -1;
    2c1c:	8f ef       	ldi	r24, 0xFF	; 255
    2c1e:	9f ef       	ldi	r25, 0xFF	; 255
C:\Users\Ted\Documents\Arduino\libraries\SdFat\src\common/arduinofiles.h:55
  }
    2c20:	df 91       	pop	r29
    2c22:	cf 91       	pop	r28
    2c24:	1f 91       	pop	r17
    2c26:	0f 91       	pop	r16
    2c28:	ff 90       	pop	r15
    2c2a:	ef 90       	pop	r14
    2c2c:	df 90       	pop	r13
    2c2e:	cf 90       	pop	r12
    2c30:	bf 90       	pop	r11
    2c32:	af 90       	pop	r10
    2c34:	9f 90       	pop	r9
    2c36:	8f 90       	pop	r8
    2c38:	7f 90       	pop	r7
    2c3a:	6f 90       	pop	r6
    2c3c:	5f 90       	pop	r5
    2c3e:	4f 90       	pop	r4
    2c40:	08 95       	ret
write():
C:\Users\Ted\Documents\Arduino\libraries\SdFat\src\FatLib/FatFile.cpp:1347
    DBG_FAIL_MACRO;
    goto fail;
  }
  // seek to end of file if append flag
  if ((m_flags & FILE_FLAG_APPEND)) {
    if (!seekSet(m_fileSize)) {
    2c42:	4c 8d       	ldd	r20, Y+28	; 0x1c
    2c44:	5d 8d       	ldd	r21, Y+29	; 0x1d
    2c46:	6e 8d       	ldd	r22, Y+30	; 0x1e
    2c48:	7f 8d       	ldd	r23, Y+31	; 0x1f
    2c4a:	c7 01       	movw	r24, r14
    2c4c:	0e 94 bd 07 	call	0xf7a	; 0xf7a <FatFile::seekSet(unsigned long)>
    2c50:	81 11       	cpse	r24, r1
    2c52:	d7 cf       	rjmp	.-82     	; 0x2c02 <PrintFile<FatFile>::write(unsigned char)+0x36>
    2c54:	e0 cf       	rjmp	.-64     	; 0x2c16 <PrintFile<FatFile>::write(unsigned char)+0x4a>
C:\Users\Ted\Documents\Arduino\libraries\SdFat\src\FatLib/FatFile.cpp:1358
  if (nbyte > (0XFFFFFFFF - m_curPosition)) {
    DBG_FAIL_MACRO;
    goto fail;
  }
  while (nToWrite) {
    uint8_t sectorOfCluster = m_vol->sectorOfCluster(m_curPosition);
    2c56:	8a 85       	ldd	r24, Y+10	; 0x0a
    2c58:	9b 85       	ldd	r25, Y+11	; 0x0b
_ZNK12FatPartition15sectorOfClusterEm():
C:\Users\Ted\Documents\Arduino\libraries\SdFat\src\FatLib/FatPartition.h:289
  }
  //----------------------------------------------------------------------------
  bool allocateCluster(uint32_t current, uint32_t* next);
  bool allocContiguous(uint32_t count, uint32_t* firstCluster);
  uint8_t sectorOfCluster(uint32_t position) const {
    return (position >> 9) & m_clusterSectorMask;
    2c5a:	fc 01       	movw	r30, r24
    2c5c:	c3 80       	ldd	r12, Z+3	; 0x03
    2c5e:	b5 01       	movw	r22, r10
    2c60:	a4 01       	movw	r20, r8
    2c62:	29 e0       	ldi	r18, 0x09	; 9
    2c64:	76 95       	lsr	r23
    2c66:	67 95       	ror	r22
    2c68:	57 95       	ror	r21
    2c6a:	47 95       	ror	r20
    2c6c:	2a 95       	dec	r18
    2c6e:	d1 f7       	brne	.-12     	; 0x2c64 <PrintFile<FatFile>::write(unsigned char)+0x98>
    2c70:	c4 22       	and	r12, r20
write():
C:\Users\Ted\Documents\Arduino\libraries\SdFat\src\FatLib/FatFile.cpp:1359
    uint16_t sectorOffset = m_curPosition & m_vol->sectorMask();
    2c72:	84 01       	movw	r16, r8
    2c74:	11 70       	andi	r17, 0x01	; 1
C:\Users\Ted\Documents\Arduino\libraries\SdFat\src\FatLib/FatFile.cpp:1360
    if (sectorOfCluster == 0 && sectorOffset == 0) {
    2c76:	c1 10       	cpse	r12, r1
    2c78:	23 c0       	rjmp	.+70     	; 0x2cc0 <PrintFile<FatFile>::write(unsigned char)+0xf4>
    2c7a:	48 89       	ldd	r20, Y+16	; 0x10
    2c7c:	59 89       	ldd	r21, Y+17	; 0x11
    2c7e:	6a 89       	ldd	r22, Y+18	; 0x12
    2c80:	7b 89       	ldd	r23, Y+19	; 0x13
    2c82:	01 15       	cp	r16, r1
    2c84:	11 05       	cpc	r17, r1
    2c86:	09 f0       	breq	.+2      	; 0x2c8a <PrintFile<FatFile>::write(unsigned char)+0xbe>
    2c88:	d4 c0       	rjmp	.+424    	; 0x2e32 <PrintFile<FatFile>::write(unsigned char)+0x266>
C:\Users\Ted\Documents\Arduino\libraries\SdFat\src\FatLib/FatFile.cpp:1362
      // start of new cluster
      if (m_curCluster != 0) {
    2c8a:	41 15       	cp	r20, r1
    2c8c:	51 05       	cpc	r21, r1
    2c8e:	61 05       	cpc	r22, r1
    2c90:	71 05       	cpc	r23, r1
    2c92:	09 f4       	brne	.+2      	; 0x2c96 <PrintFile<FatFile>::write(unsigned char)+0xca>
    2c94:	a0 c0       	rjmp	.+320    	; 0x2dd6 <PrintFile<FatFile>::write(unsigned char)+0x20a>
C:\Users\Ted\Documents\Arduino\libraries\SdFat\src\FatLib/FatFile.cpp:1365
#if USE_FAT_FILE_FLAG_CONTIGUOUS
        int8_t fg;
        if (isContiguous() && m_fileSize > m_curPosition) {
    2c96:	2e 81       	ldd	r18, Y+6	; 0x06
    2c98:	26 ff       	sbrs	r18, 6
    2c9a:	73 c0       	rjmp	.+230    	; 0x2d82 <PrintFile<FatFile>::write(unsigned char)+0x1b6>
    2c9c:	4c 8c       	ldd	r4, Y+28	; 0x1c
    2c9e:	5d 8c       	ldd	r5, Y+29	; 0x1d
    2ca0:	6e 8c       	ldd	r6, Y+30	; 0x1e
    2ca2:	7f 8c       	ldd	r7, Y+31	; 0x1f
    2ca4:	84 14       	cp	r8, r4
    2ca6:	95 04       	cpc	r9, r5
    2ca8:	a6 04       	cpc	r10, r6
    2caa:	b7 04       	cpc	r11, r7
    2cac:	08 f0       	brcs	.+2      	; 0x2cb0 <PrintFile<FatFile>::write(unsigned char)+0xe4>
    2cae:	69 c0       	rjmp	.+210    	; 0x2d82 <PrintFile<FatFile>::write(unsigned char)+0x1b6>
C:\Users\Ted\Documents\Arduino\libraries\SdFat\src\FatLib/FatFile.cpp:1366
          m_curCluster++;
    2cb0:	4f 5f       	subi	r20, 0xFF	; 255
    2cb2:	5f 4f       	sbci	r21, 0xFF	; 255
    2cb4:	6f 4f       	sbci	r22, 0xFF	; 255
    2cb6:	7f 4f       	sbci	r23, 0xFF	; 255
    2cb8:	48 8b       	std	Y+16, r20	; 0x10
    2cba:	59 8b       	std	Y+17, r21	; 0x11
    2cbc:	6a 8b       	std	Y+18, r22	; 0x12
    2cbe:	7b 8b       	std	Y+19, r23	; 0x13
C:\Users\Ted\Documents\Arduino\libraries\SdFat\src\FatLib/FatFile.cpp:1403
          m_curCluster = m_firstCluster;
        }
      }
    }
    // sector for data write
    uint32_t sector = m_vol->clusterStartSector(m_curCluster)
    2cc0:	ea 85       	ldd	r30, Y+10	; 0x0a
    2cc2:	fb 85       	ldd	r31, Y+11	; 0x0b
_ZNK12FatPartition18clusterStartSectorEm():
C:\Users\Ted\Documents\Arduino\libraries\SdFat\src\FatLib/FatPartition.h:292
  }
  uint32_t clusterStartSector(uint32_t cluster) const {
    return m_dataStartSector + ((cluster - 2) << m_sectorsPerClusterShift);
    2cc4:	48 89       	ldd	r20, Y+16	; 0x10
    2cc6:	59 89       	ldd	r21, Y+17	; 0x11
    2cc8:	6a 89       	ldd	r22, Y+18	; 0x12
    2cca:	7b 89       	ldd	r23, Y+19	; 0x13
    2ccc:	42 50       	subi	r20, 0x02	; 2
    2cce:	51 09       	sbc	r21, r1
    2cd0:	61 09       	sbc	r22, r1
    2cd2:	71 09       	sbc	r23, r1
    2cd4:	84 81       	ldd	r24, Z+4	; 0x04
    2cd6:	04 c0       	rjmp	.+8      	; 0x2ce0 <PrintFile<FatFile>::write(unsigned char)+0x114>
    2cd8:	44 0f       	add	r20, r20
    2cda:	55 1f       	adc	r21, r21
    2cdc:	66 1f       	adc	r22, r22
    2cde:	77 1f       	adc	r23, r23
    2ce0:	8a 95       	dec	r24
    2ce2:	d2 f7       	brpl	.-12     	; 0x2cd8 <PrintFile<FatFile>::write(unsigned char)+0x10c>
    2ce4:	80 89       	ldd	r24, Z+16	; 0x10
    2ce6:	91 89       	ldd	r25, Z+17	; 0x11
    2ce8:	a2 89       	ldd	r26, Z+18	; 0x12
    2cea:	b3 89       	ldd	r27, Z+19	; 0x13
    2cec:	84 0f       	add	r24, r20
    2cee:	95 1f       	adc	r25, r21
    2cf0:	a6 1f       	adc	r26, r22
    2cf2:	b7 1f       	adc	r27, r23
write():
C:\Users\Ted\Documents\Arduino\libraries\SdFat\src\FatLib/FatFile.cpp:1404
                      + sectorOfCluster;
    2cf4:	ac 01       	movw	r20, r24
    2cf6:	bd 01       	movw	r22, r26
    2cf8:	4c 0d       	add	r20, r12
    2cfa:	51 1d       	adc	r21, r1
    2cfc:	61 1d       	adc	r22, r1
    2cfe:	71 1d       	adc	r23, r1
C:\Users\Ted\Documents\Arduino\libraries\SdFat\src\FatLib/FatFile.cpp:1415
      // lesser of space and amount to write
      if (n > nToWrite) {
        n = nToWrite;
      }

      if (sectorOffset == 0 &&
    2d00:	01 15       	cp	r16, r1
    2d02:	11 05       	cpc	r17, r1
    2d04:	09 f0       	breq	.+2      	; 0x2d08 <PrintFile<FatFile>::write(unsigned char)+0x13c>
    2d06:	a9 c0       	rjmp	.+338    	; 0x2e5a <PrintFile<FatFile>::write(unsigned char)+0x28e>
    2d08:	8c 88       	ldd	r8, Y+20	; 0x14
    2d0a:	9d 88       	ldd	r9, Y+21	; 0x15
    2d0c:	ae 88       	ldd	r10, Y+22	; 0x16
    2d0e:	bf 88       	ldd	r11, Y+23	; 0x17
    2d10:	8c 8d       	ldd	r24, Y+28	; 0x1c
    2d12:	9d 8d       	ldd	r25, Y+29	; 0x1d
    2d14:	ae 8d       	ldd	r26, Y+30	; 0x1e
    2d16:	bf 8d       	ldd	r27, Y+31	; 0x1f
    2d18:	88 16       	cp	r8, r24
    2d1a:	99 06       	cpc	r9, r25
    2d1c:	aa 06       	cpc	r10, r26
    2d1e:	bb 06       	cpc	r11, r27
    2d20:	18 f4       	brcc	.+6      	; 0x2d28 <PrintFile<FatFile>::write(unsigned char)+0x15c>
C:\Users\Ted\Documents\Arduino\libraries\SdFat\src\FatLib/FatFile.cpp:1416
         (m_curPosition >= m_fileSize || m_flags & FILE_FLAG_PREALLOCATE)) {
    2d22:	8e 81       	ldd	r24, Y+6	; 0x06
    2d24:	85 ff       	sbrs	r24, 5
    2d26:	99 c0       	rjmp	.+306    	; 0x2e5a <PrintFile<FatFile>::write(unsigned char)+0x28e>
_ZN9PrintFileI7FatFileE5writeEh():
C:\Users\Ted\Documents\Arduino\libraries\SdFat\src\FatLib/FatFile.cpp:1418
        // start of new sector don't need to read into cache
        cacheOption = FsCache::CACHE_RESERVE_FOR_WRITE;
    2d28:	25 e0       	ldi	r18, 0x05	; 5
_ZN12FatPartition14cacheFetchDataEmh():
C:\Users\Ted\Documents\Arduino\libraries\SdFat\src\FatLib/FatPartition.h:268
  bool cacheSync() {
    return m_cache.sync() && syncDevice();
  }
#endif  // USE_SEPARATE_FAT_CACHE
  cache_t* cacheFetchData(uint32_t sector, uint8_t options) {
    return reinterpret_cast<cache_t*>(m_cache.get(sector, options));
    2d2a:	cf 01       	movw	r24, r30
    2d2c:	80 96       	adiw	r24, 0x20	; 32
    2d2e:	0e 94 88 06 	call	0xd10	; 0xd10 <FsCache::get(unsigned long, unsigned char)>
write():
C:\Users\Ted\Documents\Arduino\libraries\SdFat\src\FatLib/FatFile.cpp:1424
      } else {
        // rewrite part of sector
        cacheOption = FsCache::CACHE_FOR_WRITE;
      }
      pc = m_vol->cacheFetchData(sector, cacheOption);
      if (!pc) {
    2d32:	00 97       	sbiw	r24, 0x00	; 0
    2d34:	09 f4       	brne	.+2      	; 0x2d38 <PrintFile<FatFile>::write(unsigned char)+0x16c>
    2d36:	6f cf       	rjmp	.-290    	; 0x2c16 <PrintFile<FatFile>::write(unsigned char)+0x4a>
C:\Users\Ted\Documents\Arduino\libraries\SdFat\src\FatLib/FatFile.cpp:1429
        DBG_FAIL_MACRO;
        goto fail;
      }
      uint8_t* dst = pc->data + sectorOffset;
      memcpy(dst, src, n);
    2d38:	80 0f       	add	r24, r16
    2d3a:	91 1f       	adc	r25, r17
    2d3c:	fc 01       	movw	r30, r24
    2d3e:	d0 82       	st	Z, r13
C:\Users\Ted\Documents\Arduino\libraries\SdFat\src\FatLib/FatFile.cpp:1430
      if (m_vol->bytesPerSector() == (n + sectorOffset)) {
    2d40:	0f 3f       	cpi	r16, 0xFF	; 255
    2d42:	11 40       	sbci	r17, 0x01	; 1
    2d44:	09 f4       	brne	.+2      	; 0x2d48 <PrintFile<FatFile>::write(unsigned char)+0x17c>
    2d46:	63 c0       	rjmp	.+198    	; 0x2e0e <PrintFile<FatFile>::write(unsigned char)+0x242>
C:\Users\Ted\Documents\Arduino\libraries\SdFat\src\FatLib/FatFile.cpp:1459
      if (!m_vol->cacheSafeWrite(sector, src)) {
        DBG_FAIL_MACRO;
        goto fail;
      }
    }
    m_curPosition += n;
    2d48:	8c 89       	ldd	r24, Y+20	; 0x14
    2d4a:	9d 89       	ldd	r25, Y+21	; 0x15
    2d4c:	ae 89       	ldd	r26, Y+22	; 0x16
    2d4e:	bf 89       	ldd	r27, Y+23	; 0x17
    2d50:	01 96       	adiw	r24, 0x01	; 1
    2d52:	a1 1d       	adc	r26, r1
    2d54:	b1 1d       	adc	r27, r1
    2d56:	8c 8b       	std	Y+20, r24	; 0x14
    2d58:	9d 8b       	std	Y+21, r25	; 0x15
    2d5a:	ae 8b       	std	Y+22, r26	; 0x16
    2d5c:	bf 8b       	std	Y+23, r27	; 0x17
C:\Users\Ted\Documents\Arduino\libraries\SdFat\src\FatLib/FatFile.cpp:1463
    src += n;
    nToWrite -= n;
  }
  if (m_curPosition > m_fileSize) {
    2d5e:	4c 8d       	ldd	r20, Y+28	; 0x1c
    2d60:	5d 8d       	ldd	r21, Y+29	; 0x1d
    2d62:	6e 8d       	ldd	r22, Y+30	; 0x1e
    2d64:	7f 8d       	ldd	r23, Y+31	; 0x1f
    2d66:	48 17       	cp	r20, r24
    2d68:	59 07       	cpc	r21, r25
    2d6a:	6a 07       	cpc	r22, r26
    2d6c:	7b 07       	cpc	r23, r27
    2d6e:	08 f0       	brcs	.+2      	; 0x2d72 <PrintFile<FatFile>::write(unsigned char)+0x1a6>
    2d70:	56 c0       	rjmp	.+172    	; 0x2e1e <PrintFile<FatFile>::write(unsigned char)+0x252>
C:\Users\Ted\Documents\Arduino\libraries\SdFat\src\FatLib/FatFile.cpp:1465
    // update fileSize and insure sync will update dir entry
    m_fileSize = m_curPosition;
    2d72:	8c 8f       	std	Y+28, r24	; 0x1c
    2d74:	9d 8f       	std	Y+29, r25	; 0x1d
    2d76:	ae 8f       	std	Y+30, r26	; 0x1e
    2d78:	bf 8f       	std	Y+31, r27	; 0x1f
C:\Users\Ted\Documents\Arduino\libraries\SdFat\src\FatLib/FatFile.cpp:1469
    m_flags |= FILE_FLAG_DIR_DIRTY;
  } else if (FsDateTime::callback) {
    // insure sync will update modified date and time
    m_flags |= FILE_FLAG_DIR_DIRTY;
    2d7a:	8e 81       	ldd	r24, Y+6	; 0x06
    2d7c:	80 68       	ori	r24, 0x80	; 128
    2d7e:	8e 83       	std	Y+6, r24	; 0x06
    2d80:	55 c0       	rjmp	.+170    	; 0x2e2c <PrintFile<FatFile>::write(unsigned char)+0x260>
C:\Users\Ted\Documents\Arduino\libraries\SdFat\src\FatLib/FatFile.cpp:1369
        int8_t fg;
        if (isContiguous() && m_fileSize > m_curPosition) {
          m_curCluster++;
          fg = 1;
        } else {
          fg = m_vol->fatGet(m_curCluster, &m_curCluster);
    2d82:	9e 01       	movw	r18, r28
    2d84:	20 5f       	subi	r18, 0xF0	; 240
    2d86:	3f 4f       	sbci	r19, 0xFF	; 255
    2d88:	0e 94 3d 07 	call	0xe7a	; 0xe7a <FatPartition::fatGet(unsigned long, unsigned long*)>
C:\Users\Ted\Documents\Arduino\libraries\SdFat\src\FatLib/FatFile.cpp:1370
          if (fg < 0) {
    2d8c:	87 fd       	sbrc	r24, 7
    2d8e:	43 cf       	rjmp	.-378    	; 0x2c16 <PrintFile<FatFile>::write(unsigned char)+0x4a>
C:\Users\Ted\Documents\Arduino\libraries\SdFat\src\FatLib/FatFile.cpp:1382
        if (fg < 0) {
          DBG_FAIL_MACRO;
          goto fail;
        }
#endif  // USE_FAT_FILE_FLAG_CONTIGUOUS
        if (fg == 0) {
    2d90:	81 11       	cpse	r24, r1
    2d92:	06 c0       	rjmp	.+12     	; 0x2da0 <PrintFile<FatFile>::write(unsigned char)+0x1d4>
C:\Users\Ted\Documents\Arduino\libraries\SdFat\src\FatLib/FatFile.cpp:1384
          // add cluster if at end of chain
          if (!addCluster()) {
    2d94:	c7 01       	movw	r24, r14
    2d96:	0e 94 8d 08 	call	0x111a	; 0x111a <FatFile::addCluster()>
    2d9a:	88 23       	and	r24, r24
    2d9c:	09 f4       	brne	.+2      	; 0x2da0 <PrintFile<FatFile>::write(unsigned char)+0x1d4>
    2d9e:	3b cf       	rjmp	.-394    	; 0x2c16 <PrintFile<FatFile>::write(unsigned char)+0x4a>
C:\Users\Ted\Documents\Arduino\libraries\SdFat\src\FatLib/FatFile.cpp:1403
          m_curCluster = m_firstCluster;
        }
      }
    }
    // sector for data write
    uint32_t sector = m_vol->clusterStartSector(m_curCluster)
    2da0:	ea 85       	ldd	r30, Y+10	; 0x0a
    2da2:	fb 85       	ldd	r31, Y+11	; 0x0b
_ZNK12FatPartition18clusterStartSectorEm():
C:\Users\Ted\Documents\Arduino\libraries\SdFat\src\FatLib/FatPartition.h:292
  bool allocContiguous(uint32_t count, uint32_t* firstCluster);
  uint8_t sectorOfCluster(uint32_t position) const {
    return (position >> 9) & m_clusterSectorMask;
  }
  uint32_t clusterStartSector(uint32_t cluster) const {
    return m_dataStartSector + ((cluster - 2) << m_sectorsPerClusterShift);
    2da4:	48 89       	ldd	r20, Y+16	; 0x10
    2da6:	59 89       	ldd	r21, Y+17	; 0x11
    2da8:	6a 89       	ldd	r22, Y+18	; 0x12
    2daa:	7b 89       	ldd	r23, Y+19	; 0x13
    2dac:	42 50       	subi	r20, 0x02	; 2
    2dae:	51 09       	sbc	r21, r1
    2db0:	61 09       	sbc	r22, r1
    2db2:	71 09       	sbc	r23, r1
    2db4:	84 81       	ldd	r24, Z+4	; 0x04
    2db6:	04 c0       	rjmp	.+8      	; 0x2dc0 <PrintFile<FatFile>::write(unsigned char)+0x1f4>
    2db8:	44 0f       	add	r20, r20
    2dba:	55 1f       	adc	r21, r21
    2dbc:	66 1f       	adc	r22, r22
    2dbe:	77 1f       	adc	r23, r23
    2dc0:	8a 95       	dec	r24
    2dc2:	d2 f7       	brpl	.-12     	; 0x2db8 <PrintFile<FatFile>::write(unsigned char)+0x1ec>
    2dc4:	80 89       	ldd	r24, Z+16	; 0x10
    2dc6:	91 89       	ldd	r25, Z+17	; 0x11
    2dc8:	a2 89       	ldd	r26, Z+18	; 0x12
    2dca:	b3 89       	ldd	r27, Z+19	; 0x13
    2dcc:	48 0f       	add	r20, r24
    2dce:	59 1f       	adc	r21, r25
    2dd0:	6a 1f       	adc	r22, r26
    2dd2:	7b 1f       	adc	r23, r27
    2dd4:	99 cf       	rjmp	.-206    	; 0x2d08 <PrintFile<FatFile>::write(unsigned char)+0x13c>
write():
C:\Users\Ted\Documents\Arduino\libraries\SdFat\src\FatLib/FatFile.cpp:1390
            DBG_FAIL_MACRO;
            goto fail;
          }
        }
      } else {
        if (m_firstCluster == 0) {
    2dd6:	88 a1       	ldd	r24, Y+32	; 0x20
    2dd8:	99 a1       	ldd	r25, Y+33	; 0x21
    2dda:	aa a1       	ldd	r26, Y+34	; 0x22
    2ddc:	bb a1       	ldd	r27, Y+35	; 0x23
    2dde:	00 97       	sbiw	r24, 0x00	; 0
    2de0:	a1 05       	cpc	r26, r1
    2de2:	b1 05       	cpc	r27, r1
    2de4:	79 f4       	brne	.+30     	; 0x2e04 <PrintFile<FatFile>::write(unsigned char)+0x238>
C:\Users\Ted\Documents\Arduino\libraries\SdFat\src\FatLib/FatFile.cpp:1392
          // allocate first cluster of file
          if (!addCluster()) {
    2de6:	c7 01       	movw	r24, r14
    2de8:	0e 94 8d 08 	call	0x111a	; 0x111a <FatFile::addCluster()>
    2dec:	88 23       	and	r24, r24
    2dee:	09 f4       	brne	.+2      	; 0x2df2 <PrintFile<FatFile>::write(unsigned char)+0x226>
    2df0:	12 cf       	rjmp	.-476    	; 0x2c16 <PrintFile<FatFile>::write(unsigned char)+0x4a>
C:\Users\Ted\Documents\Arduino\libraries\SdFat\src\FatLib/FatFile.cpp:1396
            DBG_FAIL_MACRO;
            goto fail;
          }
          m_firstCluster = m_curCluster;
    2df2:	88 89       	ldd	r24, Y+16	; 0x10
    2df4:	99 89       	ldd	r25, Y+17	; 0x11
    2df6:	aa 89       	ldd	r26, Y+18	; 0x12
    2df8:	bb 89       	ldd	r27, Y+19	; 0x13
    2dfa:	88 a3       	std	Y+32, r24	; 0x20
    2dfc:	99 a3       	std	Y+33, r25	; 0x21
    2dfe:	aa a3       	std	Y+34, r26	; 0x22
    2e00:	bb a3       	std	Y+35, r27	; 0x23
    2e02:	5e cf       	rjmp	.-324    	; 0x2cc0 <PrintFile<FatFile>::write(unsigned char)+0xf4>
C:\Users\Ted\Documents\Arduino\libraries\SdFat\src\FatLib/FatFile.cpp:1398
        } else {
          m_curCluster = m_firstCluster;
    2e04:	88 8b       	std	Y+16, r24	; 0x10
    2e06:	99 8b       	std	Y+17, r25	; 0x11
    2e08:	aa 8b       	std	Y+18, r26	; 0x12
    2e0a:	bb 8b       	std	Y+19, r27	; 0x13
    2e0c:	59 cf       	rjmp	.-334    	; 0x2cc0 <PrintFile<FatFile>::write(unsigned char)+0xf4>
_ZN12FatPartition13cacheSyncDataEv():
C:\Users\Ted\Documents\Arduino\libraries\SdFat\src\FatLib/FatPartition.h:274
  }
  void cacheInvalidate() {
    m_cache.invalidate();
  }
  bool cacheSyncData() {
    return m_cache.sync();
    2e0e:	8a 85       	ldd	r24, Y+10	; 0x0a
    2e10:	9b 85       	ldd	r25, Y+11	; 0x0b
    2e12:	80 96       	adiw	r24, 0x20	; 32
    2e14:	0e 94 4a 06 	call	0xc94	; 0xc94 <FsCache::sync()>
write():
C:\Users\Ted\Documents\Arduino\libraries\SdFat\src\FatLib/FatFile.cpp:1432
      }
      uint8_t* dst = pc->data + sectorOffset;
      memcpy(dst, src, n);
      if (m_vol->bytesPerSector() == (n + sectorOffset)) {
        // Force write if sector is full - improves large writes.
        if (!m_vol->cacheSyncData()) {
    2e18:	81 11       	cpse	r24, r1
    2e1a:	96 cf       	rjmp	.-212    	; 0x2d48 <PrintFile<FatFile>::write(unsigned char)+0x17c>
    2e1c:	fc ce       	rjmp	.-520    	; 0x2c16 <PrintFile<FatFile>::write(unsigned char)+0x4a>
C:\Users\Ted\Documents\Arduino\libraries\SdFat\src\FatLib/FatFile.cpp:1467
  }
  if (m_curPosition > m_fileSize) {
    // update fileSize and insure sync will update dir entry
    m_fileSize = m_curPosition;
    m_flags |= FILE_FLAG_DIR_DIRTY;
  } else if (FsDateTime::callback) {
    2e1e:	80 91 0a 03 	lds	r24, 0x030A	; 0x80030a <FsDateTime::callback>
    2e22:	90 91 0b 03 	lds	r25, 0x030B	; 0x80030b <FsDateTime::callback+0x1>
    2e26:	89 2b       	or	r24, r25
    2e28:	09 f0       	breq	.+2      	; 0x2e2c <PrintFile<FatFile>::write(unsigned char)+0x260>
    2e2a:	a7 cf       	rjmp	.-178    	; 0x2d7a <PrintFile<FatFile>::write(unsigned char)+0x1ae>
_ZN9PrintFileI7FatFileE5writeEh():
C:\Users\Ted\Documents\Arduino\libraries\SdFat\src\FatLib/FatFile.cpp:1471
    // insure sync will update modified date and time
    m_flags |= FILE_FLAG_DIR_DIRTY;
  }
  return nbyte;
    2e2c:	81 e0       	ldi	r24, 0x01	; 1
    2e2e:	90 e0       	ldi	r25, 0x00	; 0
    2e30:	f7 ce       	rjmp	.-530    	; 0x2c20 <PrintFile<FatFile>::write(unsigned char)+0x54>
_ZNK12FatPartition18clusterStartSectorEm():
C:\Users\Ted\Documents\Arduino\libraries\SdFat\src\FatLib/FatPartition.h:292
  bool allocContiguous(uint32_t count, uint32_t* firstCluster);
  uint8_t sectorOfCluster(uint32_t position) const {
    return (position >> 9) & m_clusterSectorMask;
  }
  uint32_t clusterStartSector(uint32_t cluster) const {
    return m_dataStartSector + ((cluster - 2) << m_sectorsPerClusterShift);
    2e32:	42 50       	subi	r20, 0x02	; 2
    2e34:	51 09       	sbc	r21, r1
    2e36:	61 09       	sbc	r22, r1
    2e38:	71 09       	sbc	r23, r1
    2e3a:	84 81       	ldd	r24, Z+4	; 0x04
    2e3c:	04 c0       	rjmp	.+8      	; 0x2e46 <PrintFile<FatFile>::write(unsigned char)+0x27a>
    2e3e:	44 0f       	add	r20, r20
    2e40:	55 1f       	adc	r21, r21
    2e42:	66 1f       	adc	r22, r22
    2e44:	77 1f       	adc	r23, r23
    2e46:	8a 95       	dec	r24
    2e48:	d2 f7       	brpl	.-12     	; 0x2e3e <PrintFile<FatFile>::write(unsigned char)+0x272>
    2e4a:	80 89       	ldd	r24, Z+16	; 0x10
    2e4c:	91 89       	ldd	r25, Z+17	; 0x11
    2e4e:	a2 89       	ldd	r26, Z+18	; 0x12
    2e50:	b3 89       	ldd	r27, Z+19	; 0x13
    2e52:	48 0f       	add	r20, r24
    2e54:	59 1f       	adc	r21, r25
    2e56:	6a 1f       	adc	r22, r26
    2e58:	7b 1f       	adc	r23, r27
_ZN9PrintFileI7FatFileE5writeEh():
C:\Users\Ted\Documents\Arduino\libraries\SdFat\src\FatLib/FatFile.cpp:1421
         (m_curPosition >= m_fileSize || m_flags & FILE_FLAG_PREALLOCATE)) {
        // start of new sector don't need to read into cache
        cacheOption = FsCache::CACHE_RESERVE_FOR_WRITE;
      } else {
        // rewrite part of sector
        cacheOption = FsCache::CACHE_FOR_WRITE;
    2e5a:	21 e0       	ldi	r18, 0x01	; 1
    2e5c:	66 cf       	rjmp	.-308    	; 0x2d2a <PrintFile<FatFile>::write(unsigned char)+0x15e>

00002e5e <Print::write(char const*) [clone .part.0]>:
_ZN5Print5writeEPKc.part.0():
C:\Users\Ted\AppData\Local\Arduino15\packages\MiniCore\hardware\avr\2.1.3\cores\MCUdude_corefiles/Print.h:54
    void clearWriteError() { setWriteError(0); }
  
    virtual size_t write(uint8_t) = 0;
    size_t write(const char *str) {
      if (str == NULL) return 0;
      return write((const uint8_t *)str, strlen(str));
    2e5e:	fb 01       	movw	r30, r22
    2e60:	01 90       	ld	r0, Z+
    2e62:	00 20       	and	r0, r0
    2e64:	e9 f7       	brne	.-6      	; 0x2e60 <Print::write(char const*) [clone .part.0]+0x2>
    2e66:	31 97       	sbiw	r30, 0x01	; 1
    2e68:	af 01       	movw	r20, r30
    2e6a:	46 1b       	sub	r20, r22
    2e6c:	57 0b       	sbc	r21, r23
    2e6e:	dc 01       	movw	r26, r24
    2e70:	ed 91       	ld	r30, X+
    2e72:	fc 91       	ld	r31, X
    2e74:	02 80       	ldd	r0, Z+2	; 0x02
    2e76:	f3 81       	ldd	r31, Z+3	; 0x03
    2e78:	e0 2d       	mov	r30, r0
    2e7a:	09 94       	ijmp

00002e7c <Print::println(__FlashStringHelper const*)>:
_ZN5Print7printlnEPK19__FlashStringHelper():
C:\Users\Ted\AppData\Local\Arduino15\packages\MiniCore\hardware\avr\2.1.3\cores\MCUdude_corefiles/Print.cpp:115
{
  return printFloat(n, digits);
}

size_t Print::println(const __FlashStringHelper *ifsh)
{
    2e7c:	0f 93       	push	r16
    2e7e:	1f 93       	push	r17
    2e80:	cf 93       	push	r28
    2e82:	df 93       	push	r29
    2e84:	ec 01       	movw	r28, r24
C:\Users\Ted\AppData\Local\Arduino15\packages\MiniCore\hardware\avr\2.1.3\cores\MCUdude_corefiles/Print.cpp:116
  size_t n = print(ifsh);
    2e86:	0e 94 ef 01 	call	0x3de	; 0x3de <Print::print(__FlashStringHelper const*)>
    2e8a:	8c 01       	movw	r16, r24
write():
    2e8c:	63 e5       	ldi	r22, 0x53	; 83
    2e8e:	71 e0       	ldi	r23, 0x01	; 1
    2e90:	ce 01       	movw	r24, r28
    2e92:	0e 94 2f 17 	call	0x2e5e	; 0x2e5e <Print::write(char const*) [clone .part.0]>
_ZN5Print7printlnEPK19__FlashStringHelper():
C:\Users\Ted\AppData\Local\Arduino15\packages\MiniCore\hardware\avr\2.1.3\cores\MCUdude_corefiles/Print.cpp:119
  n += println();
  return n;
}
    2e96:	80 0f       	add	r24, r16
    2e98:	91 1f       	adc	r25, r17
    2e9a:	df 91       	pop	r29
    2e9c:	cf 91       	pop	r28
    2e9e:	1f 91       	pop	r17
    2ea0:	0f 91       	pop	r16
    2ea2:	08 95       	ret

00002ea4 <Print::printNumber(unsigned long, unsigned char)>:
_ZN5Print11printNumberEmh():
C:\Users\Ted\AppData\Local\Arduino15\packages\MiniCore\hardware\avr\2.1.3\cores\MCUdude_corefiles/Print.cpp:233
}

// Private Methods /////////////////////////////////////////////////////////////

size_t Print::printNumber(unsigned long n, uint8_t base)
{
    2ea4:	8f 92       	push	r8
    2ea6:	9f 92       	push	r9
    2ea8:	af 92       	push	r10
    2eaa:	bf 92       	push	r11
    2eac:	ef 92       	push	r14
    2eae:	ff 92       	push	r15
    2eb0:	0f 93       	push	r16
    2eb2:	1f 93       	push	r17
    2eb4:	cf 93       	push	r28
    2eb6:	df 93       	push	r29
    2eb8:	cd b7       	in	r28, 0x3d	; 61
    2eba:	de b7       	in	r29, 0x3e	; 62
    2ebc:	a1 97       	sbiw	r28, 0x21	; 33
    2ebe:	0f b6       	in	r0, 0x3f	; 63
    2ec0:	f8 94       	cli
    2ec2:	de bf       	out	0x3e, r29	; 62
    2ec4:	0f be       	out	0x3f, r0	; 63
    2ec6:	cd bf       	out	0x3d, r28	; 61
    2ec8:	7c 01       	movw	r14, r24
    2eca:	fa 01       	movw	r30, r20
    2ecc:	cb 01       	movw	r24, r22
C:\Users\Ted\AppData\Local\Arduino15\packages\MiniCore\hardware\avr\2.1.3\cores\MCUdude_corefiles/Print.cpp:237
  char buf[8 * sizeof(long) + 1]; // Assumes 8-bit chars plus zero byte.
  char *str = &buf[sizeof(buf) - 1];

  *str = '\0';
    2ece:	19 a2       	std	Y+33, r1	; 0x21
C:\Users\Ted\AppData\Local\Arduino15\packages\MiniCore\hardware\avr\2.1.3\cores\MCUdude_corefiles/Print.cpp:240

  // prevent crash if called with base == 1
  if (base < 2) base = 10;
    2ed0:	22 30       	cpi	r18, 0x02	; 2
    2ed2:	08 f4       	brcc	.+2      	; 0x2ed6 <Print::printNumber(unsigned long, unsigned char)+0x32>
    2ed4:	2a e0       	ldi	r18, 0x0A	; 10
    2ed6:	8e 01       	movw	r16, r28
    2ed8:	0f 5d       	subi	r16, 0xDF	; 223
    2eda:	1f 4f       	sbci	r17, 0xFF	; 255
C:\Users\Ted\AppData\Local\Arduino15\packages\MiniCore\hardware\avr\2.1.3\cores\MCUdude_corefiles/Print.cpp:243

  do {
    char c = n % base;
    2edc:	82 2e       	mov	r8, r18
    2ede:	91 2c       	mov	r9, r1
    2ee0:	b1 2c       	mov	r11, r1
    2ee2:	a1 2c       	mov	r10, r1
    2ee4:	bf 01       	movw	r22, r30
    2ee6:	a5 01       	movw	r20, r10
    2ee8:	94 01       	movw	r18, r8
    2eea:	0e 94 d7 2f 	call	0x5fae	; 0x5fae <__udivmodsi4>
C:\Users\Ted\AppData\Local\Arduino15\packages\MiniCore\hardware\avr\2.1.3\cores\MCUdude_corefiles/Print.cpp:244
    n /= base;
    2eee:	f9 01       	movw	r30, r18
    2ef0:	ca 01       	movw	r24, r20
C:\Users\Ted\AppData\Local\Arduino15\packages\MiniCore\hardware\avr\2.1.3\cores\MCUdude_corefiles/Print.cpp:246

    *--str = c < 10 ? c + '0' : c + 'A' - 10;
    2ef2:	6a 30       	cpi	r22, 0x0A	; 10
    2ef4:	0c f5       	brge	.+66     	; 0x2f38 <Print::printNumber(unsigned long, unsigned char)+0x94>
    2ef6:	60 5d       	subi	r22, 0xD0	; 208
    2ef8:	d8 01       	movw	r26, r16
    2efa:	6e 93       	st	-X, r22
    2efc:	8d 01       	movw	r16, r26
C:\Users\Ted\AppData\Local\Arduino15\packages\MiniCore\hardware\avr\2.1.3\cores\MCUdude_corefiles/Print.cpp:247
  } while(n);
    2efe:	23 2b       	or	r18, r19
    2f00:	24 2b       	or	r18, r20
    2f02:	25 2b       	or	r18, r21
    2f04:	79 f7       	brne	.-34     	; 0x2ee4 <Print::printNumber(unsigned long, unsigned char)+0x40>
C:\Users\Ted\AppData\Local\Arduino15\packages\MiniCore\hardware\avr\2.1.3\cores\MCUdude_corefiles/Print.h:53
    int getWriteError() { return write_error; }
    void clearWriteError() { setWriteError(0); }
  
    virtual size_t write(uint8_t) = 0;
    size_t write(const char *str) {
      if (str == NULL) return 0;
    2f06:	90 e0       	ldi	r25, 0x00	; 0
    2f08:	80 e0       	ldi	r24, 0x00	; 0
write():
    2f0a:	10 97       	sbiw	r26, 0x00	; 0
    2f0c:	21 f0       	breq	.+8      	; 0x2f16 <Print::printNumber(unsigned long, unsigned char)+0x72>
    2f0e:	bd 01       	movw	r22, r26
    2f10:	c7 01       	movw	r24, r14
    2f12:	0e 94 2f 17 	call	0x2e5e	; 0x2e5e <Print::write(char const*) [clone .part.0]>
_ZN5Print11printNumberEmh():
C:\Users\Ted\AppData\Local\Arduino15\packages\MiniCore\hardware\avr\2.1.3\cores\MCUdude_corefiles/Print.cpp:250

  return write(str);
}
    2f16:	a1 96       	adiw	r28, 0x21	; 33
    2f18:	0f b6       	in	r0, 0x3f	; 63
    2f1a:	f8 94       	cli
    2f1c:	de bf       	out	0x3e, r29	; 62
    2f1e:	0f be       	out	0x3f, r0	; 63
    2f20:	cd bf       	out	0x3d, r28	; 61
    2f22:	df 91       	pop	r29
    2f24:	cf 91       	pop	r28
    2f26:	1f 91       	pop	r17
    2f28:	0f 91       	pop	r16
    2f2a:	ff 90       	pop	r15
    2f2c:	ef 90       	pop	r14
    2f2e:	bf 90       	pop	r11
    2f30:	af 90       	pop	r10
    2f32:	9f 90       	pop	r9
    2f34:	8f 90       	pop	r8
    2f36:	08 95       	ret
C:\Users\Ted\AppData\Local\Arduino15\packages\MiniCore\hardware\avr\2.1.3\cores\MCUdude_corefiles/Print.cpp:246

  do {
    char c = n % base;
    n /= base;

    *--str = c < 10 ? c + '0' : c + 'A' - 10;
    2f38:	69 5c       	subi	r22, 0xC9	; 201
    2f3a:	de cf       	rjmp	.-68     	; 0x2ef8 <Print::printNumber(unsigned long, unsigned char)+0x54>

00002f3c <Print::println(char const*)>:
_ZN5Print7printlnEPKc():
C:\Users\Ted\AppData\Local\Arduino15\packages\MiniCore\hardware\avr\2.1.3\cores\MCUdude_corefiles/Print.cpp:139
  n += println();
  return n;
}

size_t Print::println(const char c[])
{
    2f3c:	0f 93       	push	r16
    2f3e:	1f 93       	push	r17
    2f40:	cf 93       	push	r28
    2f42:	df 93       	push	r29
    2f44:	ec 01       	movw	r28, r24
write():
    2f46:	0e 94 2f 17 	call	0x2e5e	; 0x2e5e <Print::write(char const*) [clone .part.0]>
    2f4a:	8c 01       	movw	r16, r24
    2f4c:	63 e5       	ldi	r22, 0x53	; 83
    2f4e:	71 e0       	ldi	r23, 0x01	; 1
    2f50:	ce 01       	movw	r24, r28
    2f52:	0e 94 2f 17 	call	0x2e5e	; 0x2e5e <Print::write(char const*) [clone .part.0]>
_ZN5Print7printlnEPKc():
C:\Users\Ted\AppData\Local\Arduino15\packages\MiniCore\hardware\avr\2.1.3\cores\MCUdude_corefiles/Print.cpp:143
  size_t n = print(c);
  n += println();
  return n;
}
    2f56:	80 0f       	add	r24, r16
    2f58:	91 1f       	adc	r25, r17
    2f5a:	df 91       	pop	r29
    2f5c:	cf 91       	pop	r28
    2f5e:	1f 91       	pop	r17
    2f60:	0f 91       	pop	r16
    2f62:	08 95       	ret

00002f64 <serialSend(char*)>:
_Z10serialSendPc():
C:\Users\Ted\Documents\GitHub\OpenOBS-328\sensor\firmware\OpenOBS-328/GUI.ino:92

//takes a sentence, formats it in NMEA-style, and prints to serial.
void serialSend(char sentence[]) {
    2f64:	0f 93       	push	r16
    2f66:	1f 93       	push	r17
    2f68:	cf 93       	push	r28
    2f6a:	df 93       	push	r29
    2f6c:	00 d0       	rcall	.+0      	; 0x2f6e <serialSend(char*)+0xa>
    2f6e:	cd b7       	in	r28, 0x3d	; 61
    2f70:	de b7       	in	r29, 0x3e	; 62
    2f72:	8c 01       	movw	r16, r24
C:\Users\Ted\Documents\GitHub\OpenOBS-328\sensor\firmware\OpenOBS-328/GUI.ino:94
  char checksum[2];
  const char* p = generateChecksum(&sentence[0], checksum);
    2f74:	be 01       	movw	r22, r28
    2f76:	6f 5f       	subi	r22, 0xFF	; 255
    2f78:	7f 4f       	sbci	r23, 0xFF	; 255
    2f7a:	0e 94 65 0c 	call	0x18ca	; 0x18ca <generateChecksum(char const*, char*)>
C:\Users\Ted\Documents\GitHub\OpenOBS-328\sensor\firmware\OpenOBS-328/GUI.ino:96

    Serial.print('$');
    2f7e:	84 e2       	ldi	r24, 0x24	; 36
    2f80:	0e 94 f9 02 	call	0x5f2	; 0x5f2 <Print::print(char) [clone .constprop.43]>
write():
    2f84:	b8 01       	movw	r22, r16
    2f86:	8f e7       	ldi	r24, 0x7F	; 127
    2f88:	93 e0       	ldi	r25, 0x03	; 3
    2f8a:	0e 94 2f 17 	call	0x2e5e	; 0x2e5e <Print::write(char const*) [clone .part.0]>
_Z10serialSendPc():
C:\Users\Ted\Documents\GitHub\OpenOBS-328\sensor\firmware\OpenOBS-328/GUI.ino:98
    Serial.print(sentence);
    Serial.print('*');
    2f8e:	8a e2       	ldi	r24, 0x2A	; 42
    2f90:	0e 94 f9 02 	call	0x5f2	; 0x5f2 <Print::print(char) [clone .constprop.43]>
C:\Users\Ted\Documents\GitHub\OpenOBS-328\sensor\firmware\OpenOBS-328/GUI.ino:99
    Serial.print(checksum[0]);
    2f94:	89 81       	ldd	r24, Y+1	; 0x01
    2f96:	0e 94 f9 02 	call	0x5f2	; 0x5f2 <Print::print(char) [clone .constprop.43]>
println():
C:\Users\Ted\AppData\Local\Arduino15\packages\MiniCore\hardware\avr\2.1.3\cores\MCUdude_corefiles/Print.cpp:147

size_t Print::println(char c)
{
  size_t n = print(c);
    2f9a:	8a 81       	ldd	r24, Y+2	; 0x02
    2f9c:	0e 94 f9 02 	call	0x5f2	; 0x5f2 <Print::print(char) [clone .constprop.43]>
write():
    2fa0:	63 e5       	ldi	r22, 0x53	; 83
    2fa2:	71 e0       	ldi	r23, 0x01	; 1
    2fa4:	8f e7       	ldi	r24, 0x7F	; 127
    2fa6:	93 e0       	ldi	r25, 0x03	; 3
    2fa8:	0e 94 2f 17 	call	0x2e5e	; 0x2e5e <Print::write(char const*) [clone .part.0]>
_Z10serialSendPc():
C:\Users\Ted\Documents\GitHub\OpenOBS-328\sensor\firmware\OpenOBS-328/GUI.ino:104
    Serial.println(checksum[1]);
    //why did I print each checksum char separately ?
    //can't remember why this was needed.
  
    Serial.flush();
    2fac:	8f e7       	ldi	r24, 0x7F	; 127
    2fae:	93 e0       	ldi	r25, 0x03	; 3
    2fb0:	0e 94 fe 02 	call	0x5fc	; 0x5fc <HardwareSerial::flush()>
C:\Users\Ted\Documents\GitHub\OpenOBS-328\sensor\firmware\OpenOBS-328/GUI.ino:105
}
    2fb4:	0f 90       	pop	r0
    2fb6:	0f 90       	pop	r0
    2fb8:	df 91       	pop	r29
    2fba:	cf 91       	pop	r28
    2fbc:	1f 91       	pop	r17
    2fbe:	0f 91       	pop	r16
    2fc0:	08 95       	ret

00002fc2 <sensorSleep(long, long)>:
_Z11sensorSleepll():
C:\Users\Ted\Documents\GitHub\OpenOBS-328\sensor\firmware\OpenOBS-328/utils.ino:1
void sensorSleep(long last_wake_time, long sleep_seconds) {
    2fc2:	8f 92       	push	r8
    2fc4:	9f 92       	push	r9
    2fc6:	af 92       	push	r10
    2fc8:	bf 92       	push	r11
    2fca:	cf 92       	push	r12
    2fcc:	df 92       	push	r13
    2fce:	ef 92       	push	r14
    2fd0:	ff 92       	push	r15
    2fd2:	1f 93       	push	r17
    2fd4:	cf 93       	push	r28
    2fd6:	df 93       	push	r29
    2fd8:	00 d0       	rcall	.+0      	; 0x2fda <sensorSleep(long, long)+0x18>
    2fda:	00 d0       	rcall	.+0      	; 0x2fdc <sensorSleep(long, long)+0x1a>
    2fdc:	00 d0       	rcall	.+0      	; 0x2fde <sensorSleep(long, long)+0x1c>
    2fde:	1f 92       	push	r1
    2fe0:	cd b7       	in	r28, 0x3d	; 61
    2fe2:	de b7       	in	r29, 0x3e	; 62
    2fe4:	69 01       	movw	r12, r18
    2fe6:	7a 01       	movw	r14, r20
C:\Users\Ted\Documents\GitHub\OpenOBS-328\sensor\firmware\OpenOBS-328/utils.ino:3
  // Ensure a margin for the next alarm before shutting down.
  if ((last_wake_time+sleep_seconds) < (RTC.now().unixtime()+3)){
    2fe8:	4b 01       	movw	r8, r22
    2fea:	5c 01       	movw	r10, r24
    2fec:	8c 0c       	add	r8, r12
    2fee:	9d 1c       	adc	r9, r13
    2ff0:	ae 1c       	adc	r10, r14
    2ff2:	bf 1c       	adc	r11, r15
    2ff4:	0e 94 b1 0d 	call	0x1b62	; 0x1b62 <DS3231::now()>
    2ff8:	29 83       	std	Y+1, r18	; 0x01
    2ffa:	3a 83       	std	Y+2, r19	; 0x02
    2ffc:	4b 83       	std	Y+3, r20	; 0x03
    2ffe:	5c 83       	std	Y+4, r21	; 0x04
    3000:	6d 83       	std	Y+5, r22	; 0x05
    3002:	7e 83       	std	Y+6, r23	; 0x06
    3004:	8f 83       	std	Y+7, r24	; 0x07
    3006:	ce 01       	movw	r24, r28
    3008:	01 96       	adiw	r24, 0x01	; 1
    300a:	0e 94 4c 0b 	call	0x1698	; 0x1698 <DateTime::unixtime() const>
    300e:	6d 5f       	subi	r22, 0xFD	; 253
    3010:	7f 4f       	sbci	r23, 0xFF	; 255
    3012:	8f 4f       	sbci	r24, 0xFF	; 255
    3014:	9f 4f       	sbci	r25, 0xFF	; 255
    3016:	86 16       	cp	r8, r22
    3018:	97 06       	cpc	r9, r23
    301a:	a8 06       	cpc	r10, r24
    301c:	b9 06       	cpc	r11, r25
    301e:	08 f4       	brcc	.+2      	; 0x3022 <sensorSleep(long, long)+0x60>
    3020:	6d c0       	rjmp	.+218    	; 0x30fc <sensorSleep(long, long)+0x13a>
C:\Users\Ted\Documents\GitHub\OpenOBS-328\sensor\firmware\OpenOBS-328/utils.ino:8
    return;
  }
  
  // Set the next alarm right away. Check it hasn't passed later.
  nextAlarm = DateTime(last_wake_time + sleep_seconds);
    3022:	b5 01       	movw	r22, r10
    3024:	a4 01       	movw	r20, r8
    3026:	ce 01       	movw	r24, r28
    3028:	01 96       	adiw	r24, 0x01	; 1
    302a:	0e 94 ab 0b 	call	0x1756	; 0x1756 <DateTime::DateTime(long)>
    302e:	87 e0       	ldi	r24, 0x07	; 7
    3030:	fe 01       	movw	r30, r28
    3032:	31 96       	adiw	r30, 0x01	; 1
    3034:	a7 ec       	ldi	r26, 0xC7	; 199
    3036:	b6 e0       	ldi	r27, 0x06	; 6
    3038:	01 90       	ld	r0, Z+
    303a:	0d 92       	st	X+, r0
    303c:	8a 95       	dec	r24
    303e:	e1 f7       	brne	.-8      	; 0x3038 <sensorSleep(long, long)+0x76>
enableAlarm():
C:\Users\Ted\Documents\GitHub\OpenOBS-328\sensor\firmware\OpenOBS-328\src\libs\DS3231/DS3231.cpp:269

void DS3231::enableAlarm(const DateTime& dt) 
{
	unsigned char ctReg=0;
	ctReg |= 0b00011101; 
	writeRegister(DS3231_CONTROL_REG, ctReg);     //CONTROL Register Address
    3040:	6d e1       	ldi	r22, 0x1D	; 29
    3042:	8e e0       	ldi	r24, 0x0E	; 14
    3044:	0e 94 79 0a 	call	0x14f2	; 0x14f2 <DS3231::writeRegister(unsigned char, unsigned char) [clone .constprop.105]>
    3048:	20 91 cc 06 	lds	r18, 0x06CC	; 0x8006cc <nextAlarm+0x5>
bin2bcd():
C:\Users\Ted\Documents\GitHub\OpenOBS-328\sensor\firmware\OpenOBS-328\src\libs\DS3231/DS3231.cpp:134
	t = time2long(days, hh, mm, ss);
	return t;
}

static uint8_t bcd2bin (uint8_t val) { return val - 6 * (val >> 4); }
static uint8_t bin2bcd (uint8_t val) { return val + 6 * (val / 10); }
    304c:	1a e0       	ldi	r17, 0x0A	; 10
    304e:	82 2f       	mov	r24, r18
    3050:	61 2f       	mov	r22, r17
    3052:	0e 94 b7 2f 	call	0x5f6e	; 0x5f6e <__udivmodqi4>
    3056:	68 2f       	mov	r22, r24
    3058:	66 0f       	add	r22, r22
    305a:	68 0f       	add	r22, r24
    305c:	66 0f       	add	r22, r22
    305e:	62 0f       	add	r22, r18
enableAlarm():
C:\Users\Ted\Documents\GitHub\OpenOBS-328\sensor\firmware\OpenOBS-328\src\libs\DS3231/DS3231.cpp:271
{
	unsigned char ctReg=0;
	ctReg |= 0b00011101; 
	writeRegister(DS3231_CONTROL_REG, ctReg);     //CONTROL Register Address

	writeRegister(DS3231_AL1SEC_REG,  0b00000000 | bin2bcd(dt.second()) ); //Clr AM1
    3060:	87 e0       	ldi	r24, 0x07	; 7
    3062:	0e 94 79 0a 	call	0x14f2	; 0x14f2 <DS3231::writeRegister(unsigned char, unsigned char) [clone .constprop.105]>
    3066:	20 91 cb 06 	lds	r18, 0x06CB	; 0x8006cb <nextAlarm+0x4>
bin2bcd():
C:\Users\Ted\Documents\GitHub\OpenOBS-328\sensor\firmware\OpenOBS-328\src\libs\DS3231/DS3231.cpp:134
	t = time2long(days, hh, mm, ss);
	return t;
}

static uint8_t bcd2bin (uint8_t val) { return val - 6 * (val >> 4); }
static uint8_t bin2bcd (uint8_t val) { return val + 6 * (val / 10); }
    306a:	82 2f       	mov	r24, r18
    306c:	61 2f       	mov	r22, r17
    306e:	0e 94 b7 2f 	call	0x5f6e	; 0x5f6e <__udivmodqi4>
    3072:	68 2f       	mov	r22, r24
    3074:	66 0f       	add	r22, r22
    3076:	68 0f       	add	r22, r24
    3078:	66 0f       	add	r22, r22
    307a:	62 0f       	add	r22, r18
enableAlarm():
C:\Users\Ted\Documents\GitHub\OpenOBS-328\sensor\firmware\OpenOBS-328\src\libs\DS3231/DS3231.cpp:272
	unsigned char ctReg=0;
	ctReg |= 0b00011101; 
	writeRegister(DS3231_CONTROL_REG, ctReg);     //CONTROL Register Address

	writeRegister(DS3231_AL1SEC_REG,  0b00000000 | bin2bcd(dt.second()) ); //Clr AM1
	writeRegister(DS3231_AL1MIN_REG,  0b00000000 | bin2bcd(dt.minute())); //Clr AM2
    307c:	88 e0       	ldi	r24, 0x08	; 8
    307e:	0e 94 79 0a 	call	0x14f2	; 0x14f2 <DS3231::writeRegister(unsigned char, unsigned char) [clone .constprop.105]>
    3082:	20 91 ca 06 	lds	r18, 0x06CA	; 0x8006ca <nextAlarm+0x3>
bin2bcd():
C:\Users\Ted\Documents\GitHub\OpenOBS-328\sensor\firmware\OpenOBS-328\src\libs\DS3231/DS3231.cpp:134
	t = time2long(days, hh, mm, ss);
	return t;
}

static uint8_t bcd2bin (uint8_t val) { return val - 6 * (val >> 4); }
static uint8_t bin2bcd (uint8_t val) { return val + 6 * (val / 10); }
    3086:	82 2f       	mov	r24, r18
    3088:	61 2f       	mov	r22, r17
    308a:	0e 94 b7 2f 	call	0x5f6e	; 0x5f6e <__udivmodqi4>
    308e:	68 2f       	mov	r22, r24
    3090:	66 0f       	add	r22, r22
    3092:	68 0f       	add	r22, r24
    3094:	66 0f       	add	r22, r22
    3096:	62 0f       	add	r22, r18
enableAlarm():
C:\Users\Ted\Documents\GitHub\OpenOBS-328\sensor\firmware\OpenOBS-328\src\libs\DS3231/DS3231.cpp:273
	ctReg |= 0b00011101; 
	writeRegister(DS3231_CONTROL_REG, ctReg);     //CONTROL Register Address

	writeRegister(DS3231_AL1SEC_REG,  0b00000000 | bin2bcd(dt.second()) ); //Clr AM1
	writeRegister(DS3231_AL1MIN_REG,  0b00000000 | bin2bcd(dt.minute())); //Clr AM2
	writeRegister(DS3231_AL1HOUR_REG, (0b00000000 | (bin2bcd(dt.hour()) & 0b10111111))); //Clr AM3
    3098:	6f 7b       	andi	r22, 0xBF	; 191
    309a:	89 e0       	ldi	r24, 0x09	; 9
    309c:	0e 94 79 0a 	call	0x14f2	; 0x14f2 <DS3231::writeRegister(unsigned char, unsigned char) [clone .constprop.105]>
C:\Users\Ted\Documents\GitHub\OpenOBS-328\sensor\firmware\OpenOBS-328\src\libs\DS3231/DS3231.cpp:274
	writeRegister(DS3231_AL1WDAY_REG, 0b10000000 ); //set AM4
    30a0:	60 e8       	ldi	r22, 0x80	; 128
    30a2:	8a e0       	ldi	r24, 0x0A	; 10
    30a4:	0e 94 79 0a 	call	0x14f2	; 0x14f2 <DS3231::writeRegister(unsigned char, unsigned char) [clone .constprop.105]>
setBBSQW():
C:\Users\Ted\Documents\GitHub\OpenOBS-328\sensor\firmware\OpenOBS-328/utils.ino:64
  *time = FAT_TIME(now.hour(), now.minute(), now.second());
}

//enable alarm on battery power. Normally disabled
void setBBSQW() {
  uint8_t ctReg = RTC.readRegister(DS3231_CONTROL_REG);
    30a8:	8e e0       	ldi	r24, 0x0E	; 14
    30aa:	0e 94 fc 0c 	call	0x19f8	; 0x19f8 <DS3231::readRegister(unsigned char) [clone .constprop.104]>
C:\Users\Ted\Documents\GitHub\OpenOBS-328\sensor\firmware\OpenOBS-328/utils.ino:65
  ctReg |= 0b01000000;
    30ae:	68 2f       	mov	r22, r24
    30b0:	60 64       	ori	r22, 0x40	; 64
C:\Users\Ted\Documents\GitHub\OpenOBS-328\sensor\firmware\OpenOBS-328/utils.ino:66
  RTC.writeRegister(DS3231_CONTROL_REG, ctReg);
    30b2:	8e e0       	ldi	r24, 0x0E	; 14
    30b4:	0e 94 79 0a 	call	0x14f2	; 0x14f2 <DS3231::writeRegister(unsigned char, unsigned char) [clone .constprop.105]>
_Z11sensorSleepll():
C:\Users\Ted\Documents\GitHub\OpenOBS-328\sensor\firmware\OpenOBS-328/utils.ino:11
  
  // Set the next alarm right away. Check it hasn't passed later.
  nextAlarm = DateTime(last_wake_time + sleep_seconds);
  RTC.enableAlarm(nextAlarm);
  setBBSQW(); //enable battery-backed alarm
  fileIsOpen = !file.close();
    30b8:	8b e4       	ldi	r24, 0x4B	; 75
    30ba:	94 e0       	ldi	r25, 0x04	; 4
    30bc:	0e 94 c9 09 	call	0x1392	; 0x1392 <FatFile::close()>
C:\Users\Ted\Documents\GitHub\OpenOBS-328\sensor\firmware\OpenOBS-328/utils.ino:14
  
  
  LowPower.powerDown(SLEEP_250MS, ADC_OFF, BOD_ON); //ensure the alarm is set and SD card done reshuffling.
    30c0:	21 e0       	ldi	r18, 0x01	; 1
    30c2:	30 e0       	ldi	r19, 0x00	; 0
    30c4:	50 e0       	ldi	r21, 0x00	; 0
    30c6:	40 e0       	ldi	r20, 0x00	; 0
    30c8:	64 e0       	ldi	r22, 0x04	; 4
    30ca:	70 e0       	ldi	r23, 0x00	; 0
    30cc:	82 e2       	ldi	r24, 0x22	; 34
    30ce:	92 e0       	ldi	r25, 0x02	; 2
    30d0:	0e 94 fe 0a 	call	0x15fc	; 0x15fc <LowPowerClass::powerDown(period_t, adc_t, bod_t)>
C:\Users\Ted\Documents\GitHub\OpenOBS-328\sensor\firmware\OpenOBS-328/utils.ino:15
  serialSend("POWEROFF,1");
    30d4:	86 e5       	ldi	r24, 0x56	; 86
    30d6:	91 e0       	ldi	r25, 0x01	; 1
    30d8:	0e 94 b2 17 	call	0x2f64	; 0x2f64 <serialSend(char*)>
clearAlarm():
C:\Users\Ted\Documents\GitHub\OpenOBS-328\sensor\firmware\OpenOBS-328\src\libs\DS3231/DS3231.cpp:289
//Clears the interrrupt flag in status register. 
//This is equivalent to preparing the DS3231 /INT pin to high for MCU to get ready for recognizing the next INT0 interrupt
void DS3231::clearAlarm()
{
		// Clear interrupt flag 
		uint8_t statusReg = readRegister(DS3231_STATUS_REG);
    30dc:	8f e0       	ldi	r24, 0x0F	; 15
    30de:	0e 94 fc 0c 	call	0x19f8	; 0x19f8 <DS3231::readRegister(unsigned char) [clone .constprop.104]>
C:\Users\Ted\Documents\GitHub\OpenOBS-328\sensor\firmware\OpenOBS-328\src\libs\DS3231/DS3231.cpp:290
		statusReg &= 0b11111110;
    30e2:	68 2f       	mov	r22, r24
    30e4:	6e 7f       	andi	r22, 0xFE	; 254
C:\Users\Ted\Documents\GitHub\OpenOBS-328\sensor\firmware\OpenOBS-328\src\libs\DS3231/DS3231.cpp:291
		writeRegister(DS3231_STATUS_REG, statusReg);
    30e6:	8f e0       	ldi	r24, 0x0F	; 15
    30e8:	0e 94 79 0a 	call	0x14f2	; 0x14f2 <DS3231::writeRegister(unsigned char, unsigned char) [clone .constprop.105]>
_Z11sensorSleepll():
C:\Users\Ted\Documents\GitHub\OpenOBS-328\sensor\firmware\OpenOBS-328/utils.ino:18
  
  RTC.clearAlarm(); // Turn off alarm, cutting off battery supply.
  delay(sleep_seconds * 1000); // Just wait if we have USB power (mimics shutdown).
    30ec:	a8 ee       	ldi	r26, 0xE8	; 232
    30ee:	b3 e0       	ldi	r27, 0x03	; 3
    30f0:	a7 01       	movw	r20, r14
    30f2:	96 01       	movw	r18, r12
    30f4:	0e 94 56 2f 	call	0x5eac	; 0x5eac <__muluhisi3>
    30f8:	0e 94 c1 03 	call	0x782	; 0x782 <delay>
C:\Users\Ted\Documents\GitHub\OpenOBS-328\sensor\firmware\OpenOBS-328/utils.ino:19
}
    30fc:	27 96       	adiw	r28, 0x07	; 7
    30fe:	0f b6       	in	r0, 0x3f	; 63
    3100:	f8 94       	cli
    3102:	de bf       	out	0x3e, r29	; 62
    3104:	0f be       	out	0x3f, r0	; 63
    3106:	cd bf       	out	0x3d, r28	; 61
    3108:	df 91       	pop	r29
    310a:	cf 91       	pop	r28
    310c:	1f 91       	pop	r17
    310e:	ff 90       	pop	r15
    3110:	ef 90       	pop	r14
    3112:	df 90       	pop	r13
    3114:	cf 90       	pop	r12
    3116:	bf 90       	pop	r11
    3118:	af 90       	pop	r10
    311a:	9f 90       	pop	r9
    311c:	8f 90       	pop	r8
    311e:	08 95       	ret

00003120 <EERef::update(unsigned char)>:
_ZN5EERef6updateEh():
C:\Users\Ted\AppData\Local\Arduino15\packages\MiniCore\hardware\avr\2.1.3\libraries\EEPROM\src/EEPROM.h:59
    EERef &operator &=( uint8_t in )     { return *this = **this & in; }
    EERef &operator |=( uint8_t in )     { return *this = **this | in; }
    EERef &operator <<=( uint8_t in )    { return *this = **this << in; }
    EERef &operator >>=( uint8_t in )    { return *this = **this >> in; }
    
    EERef &update( uint8_t in )          { return  in != *this ? *this = in : *this; }
    3120:	ff 92       	push	r15
    3122:	0f 93       	push	r16
    3124:	1f 93       	push	r17
    3126:	cf 93       	push	r28
    3128:	df 93       	push	r29
    312a:	ec 01       	movw	r28, r24
    312c:	f6 2e       	mov	r15, r22
operator*():
C:\Users\Ted\AppData\Local\Arduino15\packages\MiniCore\hardware\avr\2.1.3\libraries\EEPROM\src/EEPROM.h:42

    EERef( const int index )
        : index( index )                 {}
    
    //Access/read members.
    uint8_t operator*() const            { return eeprom_read_byte( (uint8_t*) index ); }
    312e:	08 81       	ld	r16, Y
    3130:	19 81       	ldd	r17, Y+1	; 0x01
    3132:	c8 01       	movw	r24, r16
    3134:	0e 94 40 2f 	call	0x5e80	; 0x5e80 <eeprom_read_byte>
_ZN5EERef6updateEh():
C:\Users\Ted\AppData\Local\Arduino15\packages\MiniCore\hardware\avr\2.1.3\libraries\EEPROM\src/EEPROM.h:59
    EERef &operator &=( uint8_t in )     { return *this = **this & in; }
    EERef &operator |=( uint8_t in )     { return *this = **this | in; }
    EERef &operator <<=( uint8_t in )    { return *this = **this << in; }
    EERef &operator >>=( uint8_t in )    { return *this = **this >> in; }
    
    EERef &update( uint8_t in )          { return  in != *this ? *this = in : *this; }
    3138:	f8 16       	cp	r15, r24
    313a:	21 f0       	breq	.+8      	; 0x3144 <EERef::update(unsigned char)+0x24>
_ZN5EERefaSEh():
C:\Users\Ted\AppData\Local\Arduino15\packages\MiniCore\hardware\avr\2.1.3\libraries\EEPROM\src/EEPROM.h:47
    uint8_t operator*() const            { return eeprom_read_byte( (uint8_t*) index ); }
    operator uint8_t() const             { return **this; }
    
    //Assignment/write members.
    EERef &operator=( const EERef &ref ) { return *this = *ref; }
    EERef &operator=( uint8_t in )       { return eeprom_write_byte( (uint8_t*) index, in ), *this;  }
    313c:	6f 2d       	mov	r22, r15
    313e:	c8 01       	movw	r24, r16
    3140:	0e 94 48 2f 	call	0x5e90	; 0x5e90 <eeprom_write_byte>
_ZN5EERef6updateEh():
C:\Users\Ted\AppData\Local\Arduino15\packages\MiniCore\hardware\avr\2.1.3\libraries\EEPROM\src/EEPROM.h:59
    EERef &operator &=( uint8_t in )     { return *this = **this & in; }
    EERef &operator |=( uint8_t in )     { return *this = **this | in; }
    EERef &operator <<=( uint8_t in )    { return *this = **this << in; }
    EERef &operator >>=( uint8_t in )    { return *this = **this >> in; }
    
    EERef &update( uint8_t in )          { return  in != *this ? *this = in : *this; }
    3144:	ce 01       	movw	r24, r28
    3146:	df 91       	pop	r29
    3148:	cf 91       	pop	r28
    314a:	1f 91       	pop	r17
    314c:	0f 91       	pop	r16
    314e:	ff 90       	pop	r15
    3150:	08 95       	ret

00003152 <long const& EEPROMClass::put<long>(int, long const&) [clone .isra.12] [clone .constprop.95]>:
_ZN11EEPROMClass3putIlEERKT_iS3_.isra.12.constprop.95():
C:\Users\Ted\AppData\Local\Arduino15\packages\MiniCore\hardware\avr\2.1.3\libraries\EEPROM\src/EEPROM.h:137
        uint8_t *ptr = (uint8_t*) &t;
        for( int count = sizeof(T) ; count ; --count, ++e )  *ptr++ = *e;
        return t;
    }
    
    template< typename T > const T &put( int idx, const T &t ){
    3152:	ef 92       	push	r14
    3154:	ff 92       	push	r15
    3156:	0f 93       	push	r16
    3158:	1f 93       	push	r17
    315a:	cf 93       	push	r28
    315c:	df 93       	push	r29
    315e:	00 d0       	rcall	.+0      	; 0x3160 <long const& EEPROMClass::put<long>(int, long const&) [clone .isra.12] [clone .constprop.95]+0xe>
    3160:	cd b7       	in	r28, 0x3d	; 61
    3162:	de b7       	in	r29, 0x3e	; 62
    3164:	8c e0       	ldi	r24, 0x0C	; 12
    3166:	e8 2e       	mov	r14, r24
    3168:	83 e0       	ldi	r24, 0x03	; 3
    316a:	f8 2e       	mov	r15, r24
    316c:	10 e0       	ldi	r17, 0x00	; 0
    316e:	00 e0       	ldi	r16, 0x00	; 0
C:\Users\Ted\AppData\Local\Arduino15\packages\MiniCore\hardware\avr\2.1.3\libraries\EEPROM\src/EEPROM.h:140
        EEPtr e = idx;
        const uint8_t *ptr = (const uint8_t*) &t;
        for( int count = sizeof(T) ; count ; --count, ++e )  (*e).update( *ptr++ );
    3170:	1a 83       	std	Y+2, r17	; 0x02
    3172:	09 83       	std	Y+1, r16	; 0x01
    3174:	f7 01       	movw	r30, r14
    3176:	61 91       	ld	r22, Z+
    3178:	7f 01       	movw	r14, r30
    317a:	ce 01       	movw	r24, r28
    317c:	01 96       	adiw	r24, 0x01	; 1
    317e:	0e 94 90 18 	call	0x3120	; 0x3120 <EERef::update(unsigned char)>
    3182:	0f 5f       	subi	r16, 0xFF	; 255
    3184:	1f 4f       	sbci	r17, 0xFF	; 255
    3186:	04 30       	cpi	r16, 0x04	; 4
    3188:	11 05       	cpc	r17, r1
    318a:	91 f7       	brne	.-28     	; 0x3170 <long const& EEPROMClass::put<long>(int, long const&) [clone .isra.12] [clone .constprop.95]+0x1e>
C:\Users\Ted\AppData\Local\Arduino15\packages\MiniCore\hardware\avr\2.1.3\libraries\EEPROM\src/EEPROM.h:142
        return t;
    }
    318c:	8c e0       	ldi	r24, 0x0C	; 12
    318e:	93 e0       	ldi	r25, 0x03	; 3
    3190:	0f 90       	pop	r0
    3192:	0f 90       	pop	r0
    3194:	df 91       	pop	r29
    3196:	cf 91       	pop	r28
    3198:	1f 91       	pop	r17
    319a:	0f 91       	pop	r16
    319c:	ff 90       	pop	r15
    319e:	ef 90       	pop	r14
    31a0:	08 95       	ret

000031a2 <Sensors::saveSettings() [clone .constprop.74]>:
_ZN7Sensors12saveSettingsEv.constprop.74():
C:\Users\Ted\Documents\GitHub\OpenOBS-328\sensor\firmware\OpenOBS-328\src\OpenOBS/Sensors.cpp:51
void Sensors::loadSettings() {
    EEPROM.get(eepromAddress, settings);
}

// Save settings to EEPROM
void Sensors::saveSettings() {
    31a2:	ef 92       	push	r14
    31a4:	ff 92       	push	r15
    31a6:	0f 93       	push	r16
    31a8:	1f 93       	push	r17
    31aa:	cf 93       	push	r28
    31ac:	df 93       	push	r29
    31ae:	00 d0       	rcall	.+0      	; 0x31b0 <Sensors::saveSettings() [clone .constprop.74]+0xe>
    31b0:	cd b7       	in	r28, 0x3d	; 61
    31b2:	de b7       	in	r29, 0x3e	; 62
C:\Users\Ted\Documents\GitHub\OpenOBS-328\sensor\firmware\OpenOBS-328\src\OpenOBS/Sensors.cpp:52
    EEPROM.put(eepromAddress, settings);
    31b4:	80 91 28 04 	lds	r24, 0x0428	; 0x800428 <sensors>
    31b8:	90 91 29 04 	lds	r25, 0x0429	; 0x800429 <sensors+0x1>
    31bc:	08 e2       	ldi	r16, 0x28	; 40
    31be:	14 e0       	ldi	r17, 0x04	; 4
_ZN11EEPROMClass3putI14SensorSettingsEERKT_iS4_.isra.3():
C:\Users\Ted\AppData\Local\Arduino15\packages\MiniCore\hardware\avr\2.1.3\libraries\EEPROM\src/EEPROM.h:140
    }
    
    template< typename T > const T &put( int idx, const T &t ){
        EEPtr e = idx;
        const uint8_t *ptr = (const uint8_t*) &t;
        for( int count = sizeof(T) ; count ; --count, ++e )  (*e).update( *ptr++ );
    31c0:	9c 01       	movw	r18, r24
    31c2:	28 52       	subi	r18, 0x28	; 40
    31c4:	34 40       	sbci	r19, 0x04	; 4
    31c6:	79 01       	movw	r14, r18
    31c8:	c7 01       	movw	r24, r14
    31ca:	80 0f       	add	r24, r16
    31cc:	91 1f       	adc	r25, r17
    31ce:	9a 83       	std	Y+2, r25	; 0x02
    31d0:	89 83       	std	Y+1, r24	; 0x01
    31d2:	f8 01       	movw	r30, r16
    31d4:	63 81       	ldd	r22, Z+3	; 0x03
    31d6:	ce 01       	movw	r24, r28
    31d8:	01 96       	adiw	r24, 0x01	; 1
    31da:	0e 94 90 18 	call	0x3120	; 0x3120 <EERef::update(unsigned char)>
    31de:	0f 5f       	subi	r16, 0xFF	; 255
    31e0:	1f 4f       	sbci	r17, 0xFF	; 255
    31e2:	f4 e0       	ldi	r31, 0x04	; 4
    31e4:	0e 32       	cpi	r16, 0x2E	; 46
    31e6:	1f 07       	cpc	r17, r31
    31e8:	79 f7       	brne	.-34     	; 0x31c8 <Sensors::saveSettings() [clone .constprop.74]+0x26>
_ZN7Sensors12saveSettingsEv.constprop.74():
C:\Users\Ted\Documents\GitHub\OpenOBS-328\sensor\firmware\OpenOBS-328\src\OpenOBS/Sensors.cpp:53
}
    31ea:	0f 90       	pop	r0
    31ec:	0f 90       	pop	r0
    31ee:	df 91       	pop	r29
    31f0:	cf 91       	pop	r28
    31f2:	1f 91       	pop	r17
    31f4:	0f 91       	pop	r16
    31f6:	ff 90       	pop	r15
    31f8:	ef 90       	pop	r14
    31fa:	08 95       	ret

000031fc <__vector_19>:
__vector_19():
C:\Users\Ted\AppData\Local\Arduino15\packages\MiniCore\hardware\avr\2.1.3\cores\MCUdude_corefiles/HardwareSerial0.cpp:63
#elif defined(USART0_UDRE_vect)
ISR(USART0_UDRE_vect)
#else
  #error "Don't know what the Data Register Empty vector is called for Serial"
#endif
{
    31fc:	1f 92       	push	r1
    31fe:	0f 92       	push	r0
    3200:	0f b6       	in	r0, 0x3f	; 63
    3202:	0f 92       	push	r0
    3204:	11 24       	eor	r1, r1
    3206:	2f 93       	push	r18
    3208:	3f 93       	push	r19
    320a:	4f 93       	push	r20
    320c:	5f 93       	push	r21
    320e:	6f 93       	push	r22
    3210:	7f 93       	push	r23
    3212:	8f 93       	push	r24
    3214:	9f 93       	push	r25
    3216:	af 93       	push	r26
    3218:	bf 93       	push	r27
    321a:	ef 93       	push	r30
    321c:	ff 93       	push	r31
C:\Users\Ted\AppData\Local\Arduino15\packages\MiniCore\hardware\avr\2.1.3\cores\MCUdude_corefiles/HardwareSerial0.cpp:64
  Serial._tx_udr_empty_irq();
    321e:	8f e7       	ldi	r24, 0x7F	; 127
    3220:	93 e0       	ldi	r25, 0x03	; 3
    3222:	0e 94 91 02 	call	0x522	; 0x522 <HardwareSerial::_tx_udr_empty_irq()>
C:\Users\Ted\AppData\Local\Arduino15\packages\MiniCore\hardware\avr\2.1.3\cores\MCUdude_corefiles/HardwareSerial0.cpp:65
}
    3226:	ff 91       	pop	r31
    3228:	ef 91       	pop	r30
    322a:	bf 91       	pop	r27
    322c:	af 91       	pop	r26
    322e:	9f 91       	pop	r25
    3230:	8f 91       	pop	r24
    3232:	7f 91       	pop	r23
    3234:	6f 91       	pop	r22
    3236:	5f 91       	pop	r21
    3238:	4f 91       	pop	r20
    323a:	3f 91       	pop	r19
    323c:	2f 91       	pop	r18
    323e:	0f 90       	pop	r0
    3240:	0f be       	out	0x3f, r0	; 63
    3242:	0f 90       	pop	r0
    3244:	1f 90       	pop	r1
    3246:	18 95       	reti

00003248 <__vector_18>:
__vector_18():
C:\Users\Ted\AppData\Local\Arduino15\packages\MiniCore\hardware\avr\2.1.3\cores\MCUdude_corefiles/HardwareSerial0.cpp:50
#elif defined(USART_RXC_vect)
  ISR(USART_RXC_vect)
#else
  #error "Don't know what the Data Received vector is called for Serial"
#endif
  {
    3248:	1f 92       	push	r1
    324a:	0f 92       	push	r0
    324c:	0f b6       	in	r0, 0x3f	; 63
    324e:	0f 92       	push	r0
    3250:	11 24       	eor	r1, r1
    3252:	2f 93       	push	r18
    3254:	8f 93       	push	r24
    3256:	9f 93       	push	r25
    3258:	ef 93       	push	r30
    325a:	ff 93       	push	r31
_rx_complete_irq():
C:\Users\Ted\AppData\Local\Arduino15\packages\MiniCore\hardware\avr\2.1.3\cores\MCUdude_corefiles/HardwareSerial_private.h:103

// Actual interrupt handlers //////////////////////////////////////////////////////////////

void HardwareSerial::_rx_complete_irq(void)
{
  if (bit_is_clear(*_ucsra, UPE0)) {
    325c:	e0 91 8f 03 	lds	r30, 0x038F	; 0x80038f <Serial+0x10>
    3260:	f0 91 90 03 	lds	r31, 0x0390	; 0x800390 <Serial+0x11>
    3264:	80 81       	ld	r24, Z
    3266:	e0 91 95 03 	lds	r30, 0x0395	; 0x800395 <Serial+0x16>
    326a:	f0 91 96 03 	lds	r31, 0x0396	; 0x800396 <Serial+0x17>
    326e:	82 fd       	sbrc	r24, 2
    3270:	1b c0       	rjmp	.+54     	; 0x32a8 <__vector_18+0x60>
C:\Users\Ted\AppData\Local\Arduino15\packages\MiniCore\hardware\avr\2.1.3\cores\MCUdude_corefiles/HardwareSerial_private.h:106
    // No Parity error, read byte and store it in the buffer if there is
    // room
    unsigned char c = *_udr;
    3272:	90 81       	ld	r25, Z
C:\Users\Ted\AppData\Local\Arduino15\packages\MiniCore\hardware\avr\2.1.3\cores\MCUdude_corefiles/HardwareSerial_private.h:107
    rx_buffer_index_t i = (unsigned int)(_rx_buffer_head + 1) % SERIAL_RX_BUFFER_SIZE;
    3274:	80 91 98 03 	lds	r24, 0x0398	; 0x800398 <Serial+0x19>
    3278:	8f 5f       	subi	r24, 0xFF	; 255
    327a:	8f 73       	andi	r24, 0x3F	; 63
C:\Users\Ted\AppData\Local\Arduino15\packages\MiniCore\hardware\avr\2.1.3\cores\MCUdude_corefiles/HardwareSerial_private.h:113

    // if we should be storing the received character into the location
    // just before the tail (meaning that the head would advance to the
    // current location of the tail), we're about to overflow the buffer
    // and so we don't write the character or advance the head.
    if (i != _rx_buffer_tail) {
    327c:	20 91 99 03 	lds	r18, 0x0399	; 0x800399 <Serial+0x1a>
    3280:	82 17       	cp	r24, r18
    3282:	41 f0       	breq	.+16     	; 0x3294 <__vector_18+0x4c>
C:\Users\Ted\AppData\Local\Arduino15\packages\MiniCore\hardware\avr\2.1.3\cores\MCUdude_corefiles/HardwareSerial_private.h:114
      _rx_buffer[_rx_buffer_head] = c;
    3284:	e0 91 98 03 	lds	r30, 0x0398	; 0x800398 <Serial+0x19>
    3288:	f0 e0       	ldi	r31, 0x00	; 0
    328a:	e1 58       	subi	r30, 0x81	; 129
    328c:	fc 4f       	sbci	r31, 0xFC	; 252
    328e:	95 8f       	std	Z+29, r25	; 0x1d
C:\Users\Ted\AppData\Local\Arduino15\packages\MiniCore\hardware\avr\2.1.3\cores\MCUdude_corefiles/HardwareSerial_private.h:115
      _rx_buffer_head = i;
    3290:	80 93 98 03 	sts	0x0398, r24	; 0x800398 <Serial+0x19>
__vector_18():
C:\Users\Ted\AppData\Local\Arduino15\packages\MiniCore\hardware\avr\2.1.3\cores\MCUdude_corefiles/HardwareSerial0.cpp:52
    Serial._rx_complete_irq();
  }
    3294:	ff 91       	pop	r31
    3296:	ef 91       	pop	r30
    3298:	9f 91       	pop	r25
    329a:	8f 91       	pop	r24
    329c:	2f 91       	pop	r18
    329e:	0f 90       	pop	r0
    32a0:	0f be       	out	0x3f, r0	; 63
    32a2:	0f 90       	pop	r0
    32a4:	1f 90       	pop	r1
    32a6:	18 95       	reti
_rx_complete_irq():
C:\Users\Ted\AppData\Local\Arduino15\packages\MiniCore\hardware\avr\2.1.3\cores\MCUdude_corefiles/HardwareSerial_private.h:119
    }
  } else {
    // Parity error, read byte but discard it
    *_udr;
    32a8:	80 81       	ld	r24, Z
    32aa:	f4 cf       	rjmp	.-24     	; 0x3294 <__vector_18+0x4c>

000032ac <__vector_16>:
__vector_16():
C:\Users\Ted\AppData\Local\Arduino15\packages\MiniCore\hardware\avr\2.1.3\cores\MCUdude_corefiles/wiring.c:159
#if defined(__AVR_ATtiny24__) || defined(__AVR_ATtiny44__) || defined(__AVR_ATtiny84__)
ISR(TIM0_OVF_vect)
#else
ISR(TIMER0_OVF_vect)
#endif
{
    32ac:	1f 92       	push	r1
    32ae:	0f 92       	push	r0
    32b0:	0f b6       	in	r0, 0x3f	; 63
    32b2:	0f 92       	push	r0
    32b4:	11 24       	eor	r1, r1
    32b6:	2f 93       	push	r18
    32b8:	3f 93       	push	r19
    32ba:	8f 93       	push	r24
    32bc:	9f 93       	push	r25
    32be:	af 93       	push	r26
    32c0:	bf 93       	push	r27
C:\Users\Ted\AppData\Local\Arduino15\packages\MiniCore\hardware\avr\2.1.3\cores\MCUdude_corefiles/wiring.c:167
  static unsigned char timer0_exact = 0;
#endif

  // copy these to local variables so they can be stored in registers
  // (volatile variables must be read from memory on every access, so this saves time)
  unsigned long m = timer0_millis;
    32c2:	80 91 67 02 	lds	r24, 0x0267	; 0x800267 <timer0_millis>
    32c6:	90 91 68 02 	lds	r25, 0x0268	; 0x800268 <timer0_millis+0x1>
    32ca:	a0 91 69 02 	lds	r26, 0x0269	; 0x800269 <timer0_millis+0x2>
    32ce:	b0 91 6a 02 	lds	r27, 0x026A	; 0x80026a <timer0_millis+0x3>
C:\Users\Ted\AppData\Local\Arduino15\packages\MiniCore\hardware\avr\2.1.3\cores\MCUdude_corefiles/wiring.c:168
  unsigned char f = timer0_fract;
    32d2:	30 91 66 02 	lds	r19, 0x0266	; 0x800266 <timer0_fract>
C:\Users\Ted\AppData\Local\Arduino15\packages\MiniCore\hardware\avr\2.1.3\cores\MCUdude_corefiles/wiring.c:170

  f += FRACT_INC FRACT_INC_PLUS;
    32d6:	26 e0       	ldi	r18, 0x06	; 6
    32d8:	23 0f       	add	r18, r19
C:\Users\Ted\AppData\Local\Arduino15\packages\MiniCore\hardware\avr\2.1.3\cores\MCUdude_corefiles/wiring.c:200
    ++f;
  }
#endif
#endif // CORRECT_EXACT_MILLIS

  if (f >= FRACT_MAX) {
    32da:	2d 37       	cpi	r18, 0x7D	; 125
    32dc:	68 f1       	brcs	.+90     	; 0x3338 <__vector_16+0x8c>
C:\Users\Ted\AppData\Local\Arduino15\packages\MiniCore\hardware\avr\2.1.3\cores\MCUdude_corefiles/wiring.c:201
    f -= FRACT_MAX;
    32de:	29 e8       	ldi	r18, 0x89	; 137
    32e0:	23 0f       	add	r18, r19
C:\Users\Ted\AppData\Local\Arduino15\packages\MiniCore\hardware\avr\2.1.3\cores\MCUdude_corefiles/wiring.c:202
    m += MILLIS_INC + 1;
    32e2:	03 96       	adiw	r24, 0x03	; 3
    32e4:	a1 1d       	adc	r26, r1
    32e6:	b1 1d       	adc	r27, r1
C:\Users\Ted\AppData\Local\Arduino15\packages\MiniCore\hardware\avr\2.1.3\cores\MCUdude_corefiles/wiring.c:208
  }
  else {
    m += MILLIS_INC;
  }

  timer0_fract = f;
    32e8:	20 93 66 02 	sts	0x0266, r18	; 0x800266 <timer0_fract>
C:\Users\Ted\AppData\Local\Arduino15\packages\MiniCore\hardware\avr\2.1.3\cores\MCUdude_corefiles/wiring.c:209
  timer0_millis = m;
    32ec:	80 93 67 02 	sts	0x0267, r24	; 0x800267 <timer0_millis>
    32f0:	90 93 68 02 	sts	0x0268, r25	; 0x800268 <timer0_millis+0x1>
    32f4:	a0 93 69 02 	sts	0x0269, r26	; 0x800269 <timer0_millis+0x2>
    32f8:	b0 93 6a 02 	sts	0x026A, r27	; 0x80026a <timer0_millis+0x3>
C:\Users\Ted\AppData\Local\Arduino15\packages\MiniCore\hardware\avr\2.1.3\cores\MCUdude_corefiles/wiring.c:211
#ifndef CORRECT_EXACT_MICROS
  timer0_overflow_count++;
    32fc:	80 91 6b 02 	lds	r24, 0x026B	; 0x80026b <timer0_overflow_count>
    3300:	90 91 6c 02 	lds	r25, 0x026C	; 0x80026c <timer0_overflow_count+0x1>
    3304:	a0 91 6d 02 	lds	r26, 0x026D	; 0x80026d <timer0_overflow_count+0x2>
    3308:	b0 91 6e 02 	lds	r27, 0x026E	; 0x80026e <timer0_overflow_count+0x3>
    330c:	01 96       	adiw	r24, 0x01	; 1
    330e:	a1 1d       	adc	r26, r1
    3310:	b1 1d       	adc	r27, r1
    3312:	80 93 6b 02 	sts	0x026B, r24	; 0x80026b <timer0_overflow_count>
    3316:	90 93 6c 02 	sts	0x026C, r25	; 0x80026c <timer0_overflow_count+0x1>
    331a:	a0 93 6d 02 	sts	0x026D, r26	; 0x80026d <timer0_overflow_count+0x2>
    331e:	b0 93 6e 02 	sts	0x026E, r27	; 0x80026e <timer0_overflow_count+0x3>
C:\Users\Ted\AppData\Local\Arduino15\packages\MiniCore\hardware\avr\2.1.3\cores\MCUdude_corefiles/wiring.c:213
#endif
}
    3322:	bf 91       	pop	r27
    3324:	af 91       	pop	r26
    3326:	9f 91       	pop	r25
    3328:	8f 91       	pop	r24
    332a:	3f 91       	pop	r19
    332c:	2f 91       	pop	r18
    332e:	0f 90       	pop	r0
    3330:	0f be       	out	0x3f, r0	; 63
    3332:	0f 90       	pop	r0
    3334:	1f 90       	pop	r1
    3336:	18 95       	reti
C:\Users\Ted\AppData\Local\Arduino15\packages\MiniCore\hardware\avr\2.1.3\cores\MCUdude_corefiles/wiring.c:205
  if (f >= FRACT_MAX) {
    f -= FRACT_MAX;
    m += MILLIS_INC + 1;
  }
  else {
    m += MILLIS_INC;
    3338:	02 96       	adiw	r24, 0x02	; 2
    333a:	a1 1d       	adc	r26, r1
    333c:	b1 1d       	adc	r27, r1
    333e:	d4 cf       	rjmp	.-88     	; 0x32e8 <__vector_16+0x3c>

00003340 <__vector_24>:
__vector_24():
C:\Users\Ted\AppData\Local\Arduino15\packages\MiniCore\hardware\avr\2.1.3\libraries\Wire\src\utility/twi.c:400
  // update twi state
  twi_state = TWI_READY;
}

ISR(TWI_vect)
{
    3340:	1f 92       	push	r1
    3342:	0f 92       	push	r0
    3344:	0f b6       	in	r0, 0x3f	; 63
    3346:	0f 92       	push	r0
    3348:	11 24       	eor	r1, r1
    334a:	2f 93       	push	r18
    334c:	3f 93       	push	r19
    334e:	4f 93       	push	r20
    3350:	5f 93       	push	r21
    3352:	6f 93       	push	r22
    3354:	7f 93       	push	r23
    3356:	8f 93       	push	r24
    3358:	9f 93       	push	r25
    335a:	af 93       	push	r26
    335c:	bf 93       	push	r27
    335e:	ef 93       	push	r30
    3360:	ff 93       	push	r31
C:\Users\Ted\AppData\Local\Arduino15\packages\MiniCore\hardware\avr\2.1.3\libraries\Wire\src\utility/twi.c:401
  switch(TW_STATUS){
    3362:	80 91 b9 00 	lds	r24, 0x00B9	; 0x8000b9 <__DATA_REGION_ORIGIN__+0x59>
    3366:	88 7f       	andi	r24, 0xF8	; 248
    3368:	80 36       	cpi	r24, 0x60	; 96
    336a:	09 f4       	brne	.+2      	; 0x336e <__vector_24+0x2e>
    336c:	4a c0       	rjmp	.+148    	; 0x3402 <__vector_24+0xc2>
    336e:	f0 f5       	brcc	.+124    	; 0x33ec <__vector_24+0xac>
    3370:	88 32       	cpi	r24, 0x28	; 40
    3372:	09 f4       	brne	.+2      	; 0x3376 <__vector_24+0x36>
    3374:	a7 c0       	rjmp	.+334    	; 0x34c4 <__vector_24+0x184>
    3376:	18 f5       	brcc	.+70     	; 0x33be <__vector_24+0x7e>
    3378:	80 31       	cpi	r24, 0x10	; 16
    337a:	09 f4       	brne	.+2      	; 0x337e <__vector_24+0x3e>
    337c:	9b c0       	rjmp	.+310    	; 0x34b4 <__vector_24+0x174>
    337e:	b8 f4       	brcc	.+46     	; 0x33ae <__vector_24+0x6e>
    3380:	88 23       	and	r24, r24
    3382:	09 f4       	brne	.+2      	; 0x3386 <__vector_24+0x46>
    3384:	f9 c0       	rjmp	.+498    	; 0x3578 <__vector_24+0x238>
    3386:	88 30       	cpi	r24, 0x08	; 8
    3388:	09 f4       	brne	.+2      	; 0x338c <__vector_24+0x4c>
    338a:	94 c0       	rjmp	.+296    	; 0x34b4 <__vector_24+0x174>
C:\Users\Ted\AppData\Local\Arduino15\packages\MiniCore\hardware\avr\2.1.3\libraries\Wire\src\utility/twi.c:562
    case TW_BUS_ERROR: // bus error, illegal stop/start
      twi_error = TW_BUS_ERROR;
      twi_stop();
      break;
  }
}
    338c:	ff 91       	pop	r31
    338e:	ef 91       	pop	r30
    3390:	bf 91       	pop	r27
    3392:	af 91       	pop	r26
    3394:	9f 91       	pop	r25
    3396:	8f 91       	pop	r24
    3398:	7f 91       	pop	r23
    339a:	6f 91       	pop	r22
    339c:	5f 91       	pop	r21
    339e:	4f 91       	pop	r20
    33a0:	3f 91       	pop	r19
    33a2:	2f 91       	pop	r18
    33a4:	0f 90       	pop	r0
    33a6:	0f be       	out	0x3f, r0	; 63
    33a8:	0f 90       	pop	r0
    33aa:	1f 90       	pop	r1
    33ac:	18 95       	reti
C:\Users\Ted\AppData\Local\Arduino15\packages\MiniCore\hardware\avr\2.1.3\libraries\Wire\src\utility/twi.c:401
  twi_state = TWI_READY;
}

ISR(TWI_vect)
{
  switch(TW_STATUS){
    33ae:	88 31       	cpi	r24, 0x18	; 24
    33b0:	09 f4       	brne	.+2      	; 0x33b4 <__vector_24+0x74>
    33b2:	88 c0       	rjmp	.+272    	; 0x34c4 <__vector_24+0x184>
    33b4:	80 32       	cpi	r24, 0x20	; 32
    33b6:	51 f7       	brne	.-44     	; 0x338c <__vector_24+0x4c>
C:\Users\Ted\AppData\Local\Arduino15\packages\MiniCore\hardware\avr\2.1.3\libraries\Wire\src\utility/twi.c:436
    case TW_MT_SLA_NACK:  // address sent, nack received
      twi_error = TW_MT_SLA_NACK;
      twi_stop();
      break;
    case TW_MT_DATA_NACK: // data sent, nack received
      twi_error = TW_MT_DATA_NACK;
    33b8:	80 93 5a 03 	sts	0x035A, r24	; 0x80035a <twi_error>
    33bc:	14 c0       	rjmp	.+40     	; 0x33e6 <__vector_24+0xa6>
C:\Users\Ted\AppData\Local\Arduino15\packages\MiniCore\hardware\avr\2.1.3\libraries\Wire\src\utility/twi.c:401
  twi_state = TWI_READY;
}

ISR(TWI_vect)
{
  switch(TW_STATUS){
    33be:	80 34       	cpi	r24, 0x40	; 64
    33c0:	09 f4       	brne	.+2      	; 0x33c4 <__vector_24+0x84>
    33c2:	9d c0       	rjmp	.+314    	; 0x34fe <__vector_24+0x1be>
    33c4:	40 f4       	brcc	.+16     	; 0x33d6 <__vector_24+0x96>
    33c6:	80 33       	cpi	r24, 0x30	; 48
    33c8:	b9 f3       	breq	.-18     	; 0x33b8 <__vector_24+0x78>
    33ca:	88 33       	cpi	r24, 0x38	; 56
    33cc:	f9 f6       	brne	.-66     	; 0x338c <__vector_24+0x4c>
C:\Users\Ted\AppData\Local\Arduino15\packages\MiniCore\hardware\avr\2.1.3\libraries\Wire\src\utility/twi.c:440
    case TW_MT_DATA_NACK: // data sent, nack received
      twi_error = TW_MT_DATA_NACK;
      twi_stop();
      break;
    case TW_MT_ARB_LOST: // lost bus arbitration
      twi_error = TW_MT_ARB_LOST;
    33ce:	80 93 5a 03 	sts	0x035A, r24	; 0x80035a <twi_error>
twi_reply():
C:\Users\Ted\AppData\Local\Arduino15\packages\MiniCore\hardware\avr\2.1.3\libraries\Wire\src\utility/twi.c:357
 */
void twi_reply(uint8_t ack)
{
  // transmit master read ready signal, with or without ack
  if(ack){
    TWCR = _BV(TWEN) | _BV(TWIE) | _BV(TWINT) | _BV(TWEA);
    33d2:	85 ec       	ldi	r24, 0xC5	; 197
    33d4:	b0 c0       	rjmp	.+352    	; 0x3536 <__vector_24+0x1f6>
__vector_24():
C:\Users\Ted\AppData\Local\Arduino15\packages\MiniCore\hardware\avr\2.1.3\libraries\Wire\src\utility/twi.c:401
  twi_state = TWI_READY;
}

ISR(TWI_vect)
{
  switch(TW_STATUS){
    33d6:	80 35       	cpi	r24, 0x50	; 80
    33d8:	09 f4       	brne	.+2      	; 0x33dc <__vector_24+0x9c>
    33da:	85 c0       	rjmp	.+266    	; 0x34e6 <__vector_24+0x1a6>
    33dc:	88 35       	cpi	r24, 0x58	; 88
    33de:	09 f4       	brne	.+2      	; 0x33e2 <__vector_24+0xa2>
    33e0:	96 c0       	rjmp	.+300    	; 0x350e <__vector_24+0x1ce>
    33e2:	88 34       	cpi	r24, 0x48	; 72
    33e4:	99 f6       	brne	.-90     	; 0x338c <__vector_24+0x4c>
C:\Users\Ted\AppData\Local\Arduino15\packages\MiniCore\hardware\avr\2.1.3\libraries\Wire\src\utility/twi.c:559
    // All
    case TW_NO_INFO:   // no state information
      break;
    case TW_BUS_ERROR: // bus error, illegal stop/start
      twi_error = TW_BUS_ERROR;
      twi_stop();
    33e6:	0e 94 d9 09 	call	0x13b2	; 0x13b2 <twi_stop>
    33ea:	d0 cf       	rjmp	.-96     	; 0x338c <__vector_24+0x4c>
C:\Users\Ted\AppData\Local\Arduino15\packages\MiniCore\hardware\avr\2.1.3\libraries\Wire\src\utility/twi.c:401
  twi_state = TWI_READY;
}

ISR(TWI_vect)
{
  switch(TW_STATUS){
    33ec:	88 39       	cpi	r24, 0x98	; 152
    33ee:	09 f4       	brne	.+2      	; 0x33f2 <__vector_24+0xb2>
    33f0:	8c c0       	rjmp	.+280    	; 0x350a <__vector_24+0x1ca>
    33f2:	38 f5       	brcc	.+78     	; 0x3442 <__vector_24+0x102>
    33f4:	88 37       	cpi	r24, 0x78	; 120
    33f6:	29 f0       	breq	.+10     	; 0x3402 <__vector_24+0xc2>
    33f8:	50 f4       	brcc	.+20     	; 0x340e <__vector_24+0xce>
    33fa:	88 36       	cpi	r24, 0x68	; 104
    33fc:	11 f0       	breq	.+4      	; 0x3402 <__vector_24+0xc2>
    33fe:	80 37       	cpi	r24, 0x70	; 112
    3400:	29 f6       	brne	.-118    	; 0x338c <__vector_24+0x4c>
C:\Users\Ted\AppData\Local\Arduino15\packages\MiniCore\hardware\avr\2.1.3\libraries\Wire\src\utility/twi.c:482
    case TW_SR_SLA_ACK:   // addressed, returned ack
    case TW_SR_GCALL_ACK: // addressed generally, returned ack
    case TW_SR_ARB_LOST_SLA_ACK:   // lost arbitration, returned ack
    case TW_SR_ARB_LOST_GCALL_ACK: // lost arbitration, returned ack
      // enter slave receiver mode
      twi_state = TWI_SRX;
    3402:	83 e0       	ldi	r24, 0x03	; 3
    3404:	80 93 5c 03 	sts	0x035C, r24	; 0x80035c <twi_state>
C:\Users\Ted\AppData\Local\Arduino15\packages\MiniCore\hardware\avr\2.1.3\libraries\Wire\src\utility/twi.c:484
      // indicate that rx buffer can be overwritten and ack
      twi_rxBufferIndex = 0;
    3408:	10 92 65 02 	sts	0x0265, r1	; 0x800265 <twi_rxBufferIndex>
    340c:	57 c0       	rjmp	.+174    	; 0x34bc <__vector_24+0x17c>
C:\Users\Ted\AppData\Local\Arduino15\packages\MiniCore\hardware\avr\2.1.3\libraries\Wire\src\utility/twi.c:401
  twi_state = TWI_READY;
}

ISR(TWI_vect)
{
  switch(TW_STATUS){
    340e:	88 38       	cpi	r24, 0x88	; 136
    3410:	09 f4       	brne	.+2      	; 0x3414 <__vector_24+0xd4>
    3412:	7b c0       	rjmp	.+246    	; 0x350a <__vector_24+0x1ca>
    3414:	80 39       	cpi	r24, 0x90	; 144
    3416:	19 f0       	breq	.+6      	; 0x341e <__vector_24+0xde>
    3418:	80 38       	cpi	r24, 0x80	; 128
    341a:	09 f0       	breq	.+2      	; 0x341e <__vector_24+0xde>
    341c:	b7 cf       	rjmp	.-146    	; 0x338c <__vector_24+0x4c>
C:\Users\Ted\AppData\Local\Arduino15\packages\MiniCore\hardware\avr\2.1.3\libraries\Wire\src\utility/twi.c:490
      twi_reply(1);
      break;
    case TW_SR_DATA_ACK:       // data received, returned ack
    case TW_SR_GCALL_DATA_ACK: // data received generally, returned ack
      // if there is still room in the rx buffer
      if(twi_rxBufferIndex < TWI_BUFFER_SIZE){
    341e:	80 91 65 02 	lds	r24, 0x0265	; 0x800265 <twi_rxBufferIndex>
    3422:	80 32       	cpi	r24, 0x20	; 32
    3424:	08 f0       	brcs	.+2      	; 0x3428 <__vector_24+0xe8>
    3426:	71 c0       	rjmp	.+226    	; 0x350a <__vector_24+0x1ca>
C:\Users\Ted\AppData\Local\Arduino15\packages\MiniCore\hardware\avr\2.1.3\libraries\Wire\src\utility/twi.c:492
        // put byte in buffer and ack
        twi_rxBuffer[twi_rxBufferIndex++] = TWDR;
    3428:	e0 91 65 02 	lds	r30, 0x0265	; 0x800265 <twi_rxBufferIndex>
    342c:	81 e0       	ldi	r24, 0x01	; 1
    342e:	8e 0f       	add	r24, r30
    3430:	80 93 65 02 	sts	0x0265, r24	; 0x800265 <twi_rxBufferIndex>
    3434:	80 91 bb 00 	lds	r24, 0x00BB	; 0x8000bb <__DATA_REGION_ORIGIN__+0x5b>
    3438:	f0 e0       	ldi	r31, 0x00	; 0
    343a:	eb 5b       	subi	r30, 0xBB	; 187
    343c:	fd 4f       	sbci	r31, 0xFD	; 253
    343e:	80 83       	st	Z, r24
    3440:	3d c0       	rjmp	.+122    	; 0x34bc <__vector_24+0x17c>
C:\Users\Ted\AppData\Local\Arduino15\packages\MiniCore\hardware\avr\2.1.3\libraries\Wire\src\utility/twi.c:401
  twi_state = TWI_READY;
}

ISR(TWI_vect)
{
  switch(TW_STATUS){
    3442:	80 3b       	cpi	r24, 0xB0	; 176
    3444:	39 f0       	breq	.+14     	; 0x3454 <__vector_24+0x114>
    3446:	e0 f4       	brcc	.+56     	; 0x3480 <__vector_24+0x140>
    3448:	80 3a       	cpi	r24, 0xA0	; 160
    344a:	09 f4       	brne	.+2      	; 0x344e <__vector_24+0x10e>
    344c:	79 c0       	rjmp	.+242    	; 0x3540 <__vector_24+0x200>
    344e:	88 3a       	cpi	r24, 0xA8	; 168
    3450:	09 f0       	breq	.+2      	; 0x3454 <__vector_24+0x114>
    3452:	9c cf       	rjmp	.-200    	; 0x338c <__vector_24+0x4c>
C:\Users\Ted\AppData\Local\Arduino15\packages\MiniCore\hardware\avr\2.1.3\libraries\Wire\src\utility/twi.c:521
    
    // Slave Transmitter
    case TW_ST_SLA_ACK:          // addressed, returned ack
    case TW_ST_ARB_LOST_SLA_ACK: // arbitration lost, returned ack
      // enter slave transmitter mode
      twi_state = TWI_STX;
    3454:	84 e0       	ldi	r24, 0x04	; 4
    3456:	80 93 5c 03 	sts	0x035C, r24	; 0x80035c <twi_state>
C:\Users\Ted\AppData\Local\Arduino15\packages\MiniCore\hardware\avr\2.1.3\libraries\Wire\src\utility/twi.c:523
      // ready the tx buffer index for iteration
      twi_txBufferIndex = 0;
    345a:	10 92 44 02 	sts	0x0244, r1	; 0x800244 <twi_txBufferIndex>
C:\Users\Ted\AppData\Local\Arduino15\packages\MiniCore\hardware\avr\2.1.3\libraries\Wire\src\utility/twi.c:525
      // set tx buffer length to be zero, to verify if user changes it
      twi_txBufferLength = 0;
    345e:	10 92 43 02 	sts	0x0243, r1	; 0x800243 <twi_txBufferLength>
C:\Users\Ted\AppData\Local\Arduino15\packages\MiniCore\hardware\avr\2.1.3\libraries\Wire\src\utility/twi.c:528
      // request for txBuffer to be filled and length to be set
      // note: user must call twi_transmit(bytes, length) to do this
      twi_onSlaveTransmit();
    3462:	e0 91 c9 02 	lds	r30, 0x02C9	; 0x8002c9 <twi_onSlaveTransmit>
    3466:	f0 91 ca 02 	lds	r31, 0x02CA	; 0x8002ca <twi_onSlaveTransmit+0x1>
    346a:	09 95       	icall
C:\Users\Ted\AppData\Local\Arduino15\packages\MiniCore\hardware\avr\2.1.3\libraries\Wire\src\utility/twi.c:530
      // if they didn't change buffer & length, initialize it
      if(0 == twi_txBufferLength){
    346c:	80 91 43 02 	lds	r24, 0x0243	; 0x800243 <twi_txBufferLength>
    3470:	81 11       	cpse	r24, r1
    3472:	0f c0       	rjmp	.+30     	; 0x3492 <__vector_24+0x152>
C:\Users\Ted\AppData\Local\Arduino15\packages\MiniCore\hardware\avr\2.1.3\libraries\Wire\src\utility/twi.c:531
        twi_txBufferLength = 1;
    3474:	81 e0       	ldi	r24, 0x01	; 1
    3476:	80 93 43 02 	sts	0x0243, r24	; 0x800243 <twi_txBufferLength>
C:\Users\Ted\AppData\Local\Arduino15\packages\MiniCore\hardware\avr\2.1.3\libraries\Wire\src\utility/twi.c:532
        twi_txBuffer[0] = 0x00;
    347a:	10 92 23 02 	sts	0x0223, r1	; 0x800223 <twi_txBuffer>
    347e:	09 c0       	rjmp	.+18     	; 0x3492 <__vector_24+0x152>
C:\Users\Ted\AppData\Local\Arduino15\packages\MiniCore\hardware\avr\2.1.3\libraries\Wire\src\utility/twi.c:401
  twi_state = TWI_READY;
}

ISR(TWI_vect)
{
  switch(TW_STATUS){
    3480:	80 3c       	cpi	r24, 0xC0	; 192
    3482:	09 f4       	brne	.+2      	; 0x3486 <__vector_24+0x146>
    3484:	a6 cf       	rjmp	.-180    	; 0x33d2 <__vector_24+0x92>
    3486:	88 3c       	cpi	r24, 0xC8	; 200
    3488:	09 f4       	brne	.+2      	; 0x348c <__vector_24+0x14c>
    348a:	a3 cf       	rjmp	.-186    	; 0x33d2 <__vector_24+0x92>
    348c:	88 3b       	cpi	r24, 0xB8	; 184
    348e:	09 f0       	breq	.+2      	; 0x3492 <__vector_24+0x152>
    3490:	7d cf       	rjmp	.-262    	; 0x338c <__vector_24+0x4c>
C:\Users\Ted\AppData\Local\Arduino15\packages\MiniCore\hardware\avr\2.1.3\libraries\Wire\src\utility/twi.c:538
      }
      // transmit first byte from buffer, fall
      /* fall through */
    case TW_ST_DATA_ACK: // byte sent, ack returned
      // copy data to output register
      TWDR = twi_txBuffer[twi_txBufferIndex++];
    3492:	e0 91 44 02 	lds	r30, 0x0244	; 0x800244 <twi_txBufferIndex>
    3496:	81 e0       	ldi	r24, 0x01	; 1
    3498:	8e 0f       	add	r24, r30
    349a:	80 93 44 02 	sts	0x0244, r24	; 0x800244 <twi_txBufferIndex>
    349e:	f0 e0       	ldi	r31, 0x00	; 0
    34a0:	ed 5d       	subi	r30, 0xDD	; 221
    34a2:	fd 4f       	sbci	r31, 0xFD	; 253
    34a4:	80 81       	ld	r24, Z
    34a6:	80 93 bb 00 	sts	0x00BB, r24	; 0x8000bb <__DATA_REGION_ORIGIN__+0x5b>
C:\Users\Ted\AppData\Local\Arduino15\packages\MiniCore\hardware\avr\2.1.3\libraries\Wire\src\utility/twi.c:540
      // if there is more to send, ack, otherwise nack
      if(twi_txBufferIndex < twi_txBufferLength){
    34aa:	90 91 44 02 	lds	r25, 0x0244	; 0x800244 <twi_txBufferIndex>
    34ae:	80 91 43 02 	lds	r24, 0x0243	; 0x800243 <twi_txBufferLength>
    34b2:	29 c0       	rjmp	.+82     	; 0x3506 <__vector_24+0x1c6>
C:\Users\Ted\AppData\Local\Arduino15\packages\MiniCore\hardware\avr\2.1.3\libraries\Wire\src\utility/twi.c:406
  switch(TW_STATUS){
    // All Master
    case TW_START:     // sent start condition
    case TW_REP_START: // sent repeated start condition
      // copy device address and r/w bit to output register and ack
      TWDR = twi_slarw;
    34b4:	80 91 57 03 	lds	r24, 0x0357	; 0x800357 <twi_slarw>
C:\Users\Ted\AppData\Local\Arduino15\packages\MiniCore\hardware\avr\2.1.3\libraries\Wire\src\utility/twi.c:416
    case TW_MT_SLA_ACK:  // slave receiver acked address
    case TW_MT_DATA_ACK: // slave receiver acked data
      // if there is data to send, send it, otherwise stop 
      if(twi_masterBufferIndex < twi_masterBufferLength){
        // copy data to output register and ack
        TWDR = twi_masterBuffer[twi_masterBufferIndex++];
    34b8:	80 93 bb 00 	sts	0x00BB, r24	; 0x8000bb <__DATA_REGION_ORIGIN__+0x5b>
twi_reply():
C:\Users\Ted\AppData\Local\Arduino15\packages\MiniCore\hardware\avr\2.1.3\libraries\Wire\src\utility/twi.c:357
 */
void twi_reply(uint8_t ack)
{
  // transmit master read ready signal, with or without ack
  if(ack){
    TWCR = _BV(TWEN) | _BV(TWIE) | _BV(TWINT) | _BV(TWEA);
    34bc:	85 ec       	ldi	r24, 0xC5	; 197
C:\Users\Ted\AppData\Local\Arduino15\packages\MiniCore\hardware\avr\2.1.3\libraries\Wire\src\utility/twi.c:359
  }else{
    TWCR = _BV(TWEN) | _BV(TWIE) | _BV(TWINT);
    34be:	80 93 bc 00 	sts	0x00BC, r24	; 0x8000bc <__DATA_REGION_ORIGIN__+0x5c>
    34c2:	64 cf       	rjmp	.-312    	; 0x338c <__vector_24+0x4c>
__vector_24():
C:\Users\Ted\AppData\Local\Arduino15\packages\MiniCore\hardware\avr\2.1.3\libraries\Wire\src\utility/twi.c:414

    // Master Transmitter
    case TW_MT_SLA_ACK:  // slave receiver acked address
    case TW_MT_DATA_ACK: // slave receiver acked data
      // if there is data to send, send it, otherwise stop 
      if(twi_masterBufferIndex < twi_masterBufferLength){
    34c4:	90 91 59 03 	lds	r25, 0x0359	; 0x800359 <twi_masterBufferIndex>
    34c8:	80 91 58 03 	lds	r24, 0x0358	; 0x800358 <twi_masterBufferLength>
    34cc:	98 17       	cp	r25, r24
    34ce:	58 f5       	brcc	.+86     	; 0x3526 <__vector_24+0x1e6>
C:\Users\Ted\AppData\Local\Arduino15\packages\MiniCore\hardware\avr\2.1.3\libraries\Wire\src\utility/twi.c:416
        // copy data to output register and ack
        TWDR = twi_masterBuffer[twi_masterBufferIndex++];
    34d0:	e0 91 59 03 	lds	r30, 0x0359	; 0x800359 <twi_masterBufferIndex>
    34d4:	81 e0       	ldi	r24, 0x01	; 1
    34d6:	8e 0f       	add	r24, r30
    34d8:	80 93 59 03 	sts	0x0359, r24	; 0x800359 <twi_masterBufferIndex>
    34dc:	f0 e0       	ldi	r31, 0x00	; 0
    34de:	ea 5c       	subi	r30, 0xCA	; 202
    34e0:	fc 4f       	sbci	r31, 0xFC	; 252
    34e2:	80 81       	ld	r24, Z
    34e4:	e9 cf       	rjmp	.-46     	; 0x34b8 <__vector_24+0x178>
C:\Users\Ted\AppData\Local\Arduino15\packages\MiniCore\hardware\avr\2.1.3\libraries\Wire\src\utility/twi.c:447
      break;

    // Master Receiver
    case TW_MR_DATA_ACK: // data received, ack sent
      // put byte into buffer
      twi_masterBuffer[twi_masterBufferIndex++] = TWDR;
    34e6:	e0 91 59 03 	lds	r30, 0x0359	; 0x800359 <twi_masterBufferIndex>
    34ea:	81 e0       	ldi	r24, 0x01	; 1
    34ec:	8e 0f       	add	r24, r30
    34ee:	80 93 59 03 	sts	0x0359, r24	; 0x800359 <twi_masterBufferIndex>
    34f2:	80 91 bb 00 	lds	r24, 0x00BB	; 0x8000bb <__DATA_REGION_ORIGIN__+0x5b>
    34f6:	f0 e0       	ldi	r31, 0x00	; 0
    34f8:	ea 5c       	subi	r30, 0xCA	; 202
    34fa:	fc 4f       	sbci	r31, 0xFC	; 252
    34fc:	80 83       	st	Z, r24
C:\Users\Ted\AppData\Local\Arduino15\packages\MiniCore\hardware\avr\2.1.3\libraries\Wire\src\utility/twi.c:451
      /* fall through */
    case TW_MR_SLA_ACK:  // address sent, ack received
      // ack if more bytes are expected, otherwise nack
      if(twi_masterBufferIndex < twi_masterBufferLength){
    34fe:	90 91 59 03 	lds	r25, 0x0359	; 0x800359 <twi_masterBufferIndex>
    3502:	80 91 58 03 	lds	r24, 0x0358	; 0x800358 <twi_masterBufferLength>
C:\Users\Ted\AppData\Local\Arduino15\packages\MiniCore\hardware\avr\2.1.3\libraries\Wire\src\utility/twi.c:540
      /* fall through */
    case TW_ST_DATA_ACK: // byte sent, ack returned
      // copy data to output register
      TWDR = twi_txBuffer[twi_txBufferIndex++];
      // if there is more to send, ack, otherwise nack
      if(twi_txBufferIndex < twi_txBufferLength){
    3506:	98 17       	cp	r25, r24
    3508:	c8 f2       	brcs	.-78     	; 0x34bc <__vector_24+0x17c>
twi_reply():
C:\Users\Ted\AppData\Local\Arduino15\packages\MiniCore\hardware\avr\2.1.3\libraries\Wire\src\utility/twi.c:359
{
  // transmit master read ready signal, with or without ack
  if(ack){
    TWCR = _BV(TWEN) | _BV(TWIE) | _BV(TWINT) | _BV(TWEA);
  }else{
    TWCR = _BV(TWEN) | _BV(TWIE) | _BV(TWINT);
    350a:	85 e8       	ldi	r24, 0x85	; 133
    350c:	d8 cf       	rjmp	.-80     	; 0x34be <__vector_24+0x17e>
__vector_24():
C:\Users\Ted\AppData\Local\Arduino15\packages\MiniCore\hardware\avr\2.1.3\libraries\Wire\src\utility/twi.c:459
        twi_reply(0);
      }
      break;
    case TW_MR_DATA_NACK: // data received, nack sent
      // put final byte into buffer
      twi_masterBuffer[twi_masterBufferIndex++] = TWDR;
    350e:	e0 91 59 03 	lds	r30, 0x0359	; 0x800359 <twi_masterBufferIndex>
    3512:	81 e0       	ldi	r24, 0x01	; 1
    3514:	8e 0f       	add	r24, r30
    3516:	80 93 59 03 	sts	0x0359, r24	; 0x800359 <twi_masterBufferIndex>
    351a:	80 91 bb 00 	lds	r24, 0x00BB	; 0x8000bb <__DATA_REGION_ORIGIN__+0x5b>
    351e:	f0 e0       	ldi	r31, 0x00	; 0
    3520:	ea 5c       	subi	r30, 0xCA	; 202
    3522:	fc 4f       	sbci	r31, 0xFC	; 252
    3524:	80 83       	st	Z, r24
C:\Users\Ted\AppData\Local\Arduino15\packages\MiniCore\hardware\avr\2.1.3\libraries\Wire\src\utility/twi.c:460
  if (twi_sendStop)
    3526:	80 91 5b 03 	lds	r24, 0x035B	; 0x80035b <twi_sendStop>
    352a:	81 11       	cpse	r24, r1
    352c:	5c cf       	rjmp	.-328    	; 0x33e6 <__vector_24+0xa6>
C:\Users\Ted\AppData\Local\Arduino15\packages\MiniCore\hardware\avr\2.1.3\libraries\Wire\src\utility/twi.c:463
          twi_stop();
  else {
    twi_inRepStart = true;  // we're gonna send the START
    352e:	81 e0       	ldi	r24, 0x01	; 1
    3530:	80 93 56 03 	sts	0x0356, r24	; 0x800356 <twi_inRepStart>
C:\Users\Ted\AppData\Local\Arduino15\packages\MiniCore\hardware\avr\2.1.3\libraries\Wire\src\utility/twi.c:467
    // don't enable the interrupt. We'll generate the start, but we 
    // avoid handling the interrupt until we're in the next transaction,
    // at the point where we would normally issue the start.
    TWCR = _BV(TWINT) | _BV(TWSTA)| _BV(TWEN) ;
    3534:	84 ea       	ldi	r24, 0xA4	; 164
twi_reply():
C:\Users\Ted\AppData\Local\Arduino15\packages\MiniCore\hardware\avr\2.1.3\libraries\Wire\src\utility/twi.c:357
 */
void twi_reply(uint8_t ack)
{
  // transmit master read ready signal, with or without ack
  if(ack){
    TWCR = _BV(TWEN) | _BV(TWIE) | _BV(TWINT) | _BV(TWEA);
    3536:	80 93 bc 00 	sts	0x00BC, r24	; 0x8000bc <__DATA_REGION_ORIGIN__+0x5c>
__vector_24():
C:\Users\Ted\AppData\Local\Arduino15\packages\MiniCore\hardware\avr\2.1.3\libraries\Wire\src\utility/twi.c:551
    case TW_ST_DATA_NACK: // received nack, we are done 
    case TW_ST_LAST_DATA: // received ack, but we are done already!
      // ack future responses
      twi_reply(1);
      // leave slave receiver state
      twi_state = TWI_READY;
    353a:	10 92 5c 03 	sts	0x035C, r1	; 0x80035c <twi_state>
    353e:	26 cf       	rjmp	.-436    	; 0x338c <__vector_24+0x4c>
twi_releaseBus():
C:\Users\Ted\AppData\Local\Arduino15\packages\MiniCore\hardware\avr\2.1.3\libraries\Wire\src\utility/twi.c:393
 * Output   none
 */
void twi_releaseBus(void)
{
  // release bus
  TWCR = _BV(TWEN) | _BV(TWIE) | _BV(TWEA) | _BV(TWINT);
    3540:	85 ec       	ldi	r24, 0xC5	; 197
    3542:	80 93 bc 00 	sts	0x00BC, r24	; 0x8000bc <__DATA_REGION_ORIGIN__+0x5c>
C:\Users\Ted\AppData\Local\Arduino15\packages\MiniCore\hardware\avr\2.1.3\libraries\Wire\src\utility/twi.c:396

  // update twi state
  twi_state = TWI_READY;
    3546:	10 92 5c 03 	sts	0x035C, r1	; 0x80035c <twi_state>
__vector_24():
C:\Users\Ted\AppData\Local\Arduino15\packages\MiniCore\hardware\avr\2.1.3\libraries\Wire\src\utility/twi.c:503
      break;
    case TW_SR_STOP: // stop or repeated start condition received
      // ack future responses and leave slave receiver state
      twi_releaseBus();
      // put a null char after data if there's room
      if(twi_rxBufferIndex < TWI_BUFFER_SIZE){
    354a:	80 91 65 02 	lds	r24, 0x0265	; 0x800265 <twi_rxBufferIndex>
    354e:	80 32       	cpi	r24, 0x20	; 32
    3550:	30 f4       	brcc	.+12     	; 0x355e <__vector_24+0x21e>
C:\Users\Ted\AppData\Local\Arduino15\packages\MiniCore\hardware\avr\2.1.3\libraries\Wire\src\utility/twi.c:504
        twi_rxBuffer[twi_rxBufferIndex] = '\0';
    3552:	e0 91 65 02 	lds	r30, 0x0265	; 0x800265 <twi_rxBufferIndex>
    3556:	f0 e0       	ldi	r31, 0x00	; 0
    3558:	eb 5b       	subi	r30, 0xBB	; 187
    355a:	fd 4f       	sbci	r31, 0xFD	; 253
    355c:	10 82       	st	Z, r1
C:\Users\Ted\AppData\Local\Arduino15\packages\MiniCore\hardware\avr\2.1.3\libraries\Wire\src\utility/twi.c:507
      }
      // callback to user defined callback
      twi_onSlaveReceive(twi_rxBuffer, twi_rxBufferIndex);
    355e:	60 91 65 02 	lds	r22, 0x0265	; 0x800265 <twi_rxBufferIndex>
    3562:	70 e0       	ldi	r23, 0x00	; 0
    3564:	e0 91 c7 02 	lds	r30, 0x02C7	; 0x8002c7 <twi_onSlaveReceive>
    3568:	f0 91 c8 02 	lds	r31, 0x02C8	; 0x8002c8 <twi_onSlaveReceive+0x1>
    356c:	85 e4       	ldi	r24, 0x45	; 69
    356e:	92 e0       	ldi	r25, 0x02	; 2
    3570:	09 95       	icall
C:\Users\Ted\AppData\Local\Arduino15\packages\MiniCore\hardware\avr\2.1.3\libraries\Wire\src\utility/twi.c:509
      // since we submit rx buffer to "wire" library, we can reset it
      twi_rxBufferIndex = 0;
    3572:	10 92 65 02 	sts	0x0265, r1	; 0x800265 <twi_rxBufferIndex>
    3576:	0a cf       	rjmp	.-492    	; 0x338c <__vector_24+0x4c>
C:\Users\Ted\AppData\Local\Arduino15\packages\MiniCore\hardware\avr\2.1.3\libraries\Wire\src\utility/twi.c:558

    // All
    case TW_NO_INFO:   // no state information
      break;
    case TW_BUS_ERROR: // bus error, illegal stop/start
      twi_error = TW_BUS_ERROR;
    3578:	10 92 5a 03 	sts	0x035A, r1	; 0x80035a <twi_error>
    357c:	34 cf       	rjmp	.-408    	; 0x33e6 <__vector_24+0xa6>

0000357e <__vector_6>:
__vector_6():
C:\Users\Ted\Documents\GitHub\OpenOBS-328\sensor\firmware\OpenOBS-328\src\libs\LowPower/LowPower.cpp:1128
*		       required to allow automatic WDIF and WDIE bit clearance in
*			   hardware.
*
*******************************************************************************/
ISR (WDT_vect)
{
    357e:	1f 92       	push	r1
    3580:	0f 92       	push	r0
    3582:	0f b6       	in	r0, 0x3f	; 63
    3584:	0f 92       	push	r0
    3586:	11 24       	eor	r1, r1
    3588:	8f 93       	push	r24
wdt_disable():
c:\users\ted\appdata\local\arduino15\packages\arduino\tools\avr-gcc\7.3.0-atmel3.6.1-arduino7\avr\include\avr/wdt.h:528
				"out __SREG__,__tmp_reg__"   "\n\t"
				: [TEMPREG] "=d" (temp_reg)
				: [WDTREG]  "n"  (_SFR_MEM_ADDR(_WD_CONTROL_REG)),
				[WDCE_WDE]  "n"  ((uint8_t)(_BV(_WD_CHANGE_BIT) | _BV(WDE)))
				: "r0"
		);
    358a:	0f b6       	in	r0, 0x3f	; 63
    358c:	f8 94       	cli
    358e:	a8 95       	wdr
    3590:	80 91 60 00 	lds	r24, 0x0060	; 0x800060 <__DATA_REGION_ORIGIN__>
    3594:	88 61       	ori	r24, 0x18	; 24
    3596:	80 93 60 00 	sts	0x0060, r24	; 0x800060 <__DATA_REGION_ORIGIN__>
    359a:	10 92 60 00 	sts	0x0060, r1	; 0x800060 <__DATA_REGION_ORIGIN__>
    359e:	0f be       	out	0x3f, r0	; 63
__vector_6():
C:\Users\Ted\Documents\GitHub\OpenOBS-328\sensor\firmware\OpenOBS-328\src\libs\LowPower/LowPower.cpp:1131
	// WDIE & WDIF is cleared in hardware upon entering this ISR
	wdt_disable();
}
    35a0:	8f 91       	pop	r24
    35a2:	0f 90       	pop	r0
    35a4:	0f be       	out	0x3f, r0	; 63
    35a6:	0f 90       	pop	r0
    35a8:	1f 90       	pop	r1
    35aa:	18 95       	reti

000035ac <conv2d(char const*)>:
_ZL6conv2dPKc():
C:\Users\Ted\Documents\GitHub\OpenOBS-328\sensor\firmware\OpenOBS-328\src\libs\DS3231/DS3231.cpp:45

static long time2long(uint16_t days, uint8_t h, uint8_t m, uint8_t s) {
		return ((days * 24L + h) * 60 + m) * 60 + s;
}

static uint8_t conv2d(const char* p) {
    35ac:	fc 01       	movw	r30, r24
C:\Users\Ted\Documents\GitHub\OpenOBS-328\sensor\firmware\OpenOBS-328\src\libs\DS3231/DS3231.cpp:47
		uint8_t v = 0;
		if ('0' <= *p && *p <= '9')
    35ae:	90 81       	ld	r25, Z
    35b0:	90 53       	subi	r25, 0x30	; 48
    35b2:	9a 30       	cpi	r25, 0x0A	; 10
    35b4:	08 f0       	brcs	.+2      	; 0x35b8 <conv2d(char const*)+0xc>
C:\Users\Ted\Documents\GitHub\OpenOBS-328\sensor\firmware\OpenOBS-328\src\libs\DS3231/DS3231.cpp:46
static long time2long(uint16_t days, uint8_t h, uint8_t m, uint8_t s) {
		return ((days * 24L + h) * 60 + m) * 60 + s;
}

static uint8_t conv2d(const char* p) {
		uint8_t v = 0;
    35b6:	90 e0       	ldi	r25, 0x00	; 0
C:\Users\Ted\Documents\GitHub\OpenOBS-328\sensor\firmware\OpenOBS-328\src\libs\DS3231/DS3231.cpp:49
		if ('0' <= *p && *p <= '9')
				v = *p - '0';
		return 10 * v + *++p - '0';
    35b8:	81 81       	ldd	r24, Z+1	; 0x01
    35ba:	80 53       	subi	r24, 0x30	; 48
C:\Users\Ted\Documents\GitHub\OpenOBS-328\sensor\firmware\OpenOBS-328\src\libs\DS3231/DS3231.cpp:50
}
    35bc:	2a e0       	ldi	r18, 0x0A	; 10
    35be:	92 9f       	mul	r25, r18
    35c0:	80 0d       	add	r24, r0
    35c2:	11 24       	eor	r1, r1
    35c4:	08 95       	ret

000035c6 <global constructors keyed to 65535_0_OpenOBS_328.ino.cpp.o.6979>:
_GLOBAL__I_65535_0_OpenOBS_328.ino.cpp.o.6979():
    35c6:	cf 93       	push	r28
    35c8:	df 93       	push	r29
    35ca:	ef e7       	ldi	r30, 0x7F	; 127
    35cc:	f3 e0       	ldi	r31, 0x03	; 3
    35ce:	13 82       	std	Z+3, r1	; 0x03
    35d0:	12 82       	std	Z+2, r1	; 0x02
    35d2:	88 ee       	ldi	r24, 0xE8	; 232
    35d4:	93 e0       	ldi	r25, 0x03	; 3
    35d6:	a0 e0       	ldi	r26, 0x00	; 0
    35d8:	b0 e0       	ldi	r27, 0x00	; 0
    35da:	84 83       	std	Z+4, r24	; 0x04
    35dc:	95 83       	std	Z+5, r25	; 0x05
    35de:	a6 83       	std	Z+6, r26	; 0x06
    35e0:	b7 83       	std	Z+7, r27	; 0x07
    35e2:	27 e2       	ldi	r18, 0x27	; 39
    35e4:	31 e0       	ldi	r19, 0x01	; 1
    35e6:	31 83       	std	Z+1, r19	; 0x01
    35e8:	20 83       	st	Z, r18
    35ea:	25 ec       	ldi	r18, 0xC5	; 197
    35ec:	30 e0       	ldi	r19, 0x00	; 0
    35ee:	35 87       	std	Z+13, r19	; 0x0d
    35f0:	24 87       	std	Z+12, r18	; 0x0c
    35f2:	24 ec       	ldi	r18, 0xC4	; 196
    35f4:	30 e0       	ldi	r19, 0x00	; 0
    35f6:	37 87       	std	Z+15, r19	; 0x0f
    35f8:	26 87       	std	Z+14, r18	; 0x0e
    35fa:	20 ec       	ldi	r18, 0xC0	; 192
    35fc:	30 e0       	ldi	r19, 0x00	; 0
    35fe:	31 8b       	std	Z+17, r19	; 0x11
    3600:	20 8b       	std	Z+16, r18	; 0x10
    3602:	21 ec       	ldi	r18, 0xC1	; 193
    3604:	30 e0       	ldi	r19, 0x00	; 0
    3606:	33 8b       	std	Z+19, r19	; 0x13
    3608:	22 8b       	std	Z+18, r18	; 0x12
    360a:	22 ec       	ldi	r18, 0xC2	; 194
    360c:	30 e0       	ldi	r19, 0x00	; 0
    360e:	35 8b       	std	Z+21, r19	; 0x15
    3610:	24 8b       	std	Z+20, r18	; 0x14
    3612:	26 ec       	ldi	r18, 0xC6	; 198
    3614:	30 e0       	ldi	r19, 0x00	; 0
    3616:	37 8b       	std	Z+23, r19	; 0x17
    3618:	26 8b       	std	Z+22, r18	; 0x16
    361a:	11 8e       	std	Z+25, r1	; 0x19
    361c:	12 8e       	std	Z+26, r1	; 0x1a
    361e:	13 8e       	std	Z+27, r1	; 0x1b
    3620:	14 8e       	std	Z+28, r1	; 0x1c
    3622:	ec e1       	ldi	r30, 0x1C	; 28
    3624:	f4 e0       	ldi	r31, 0x04	; 4
    3626:	13 82       	std	Z+3, r1	; 0x03
    3628:	12 82       	std	Z+2, r1	; 0x02
    362a:	84 83       	std	Z+4, r24	; 0x04
    362c:	95 83       	std	Z+5, r25	; 0x05
    362e:	a6 83       	std	Z+6, r26	; 0x06
    3630:	b7 83       	std	Z+7, r27	; 0x07
    3632:	89 e3       	ldi	r24, 0x39	; 57
    3634:	91 e0       	ldi	r25, 0x01	; 1
    3636:	91 83       	std	Z+1, r25	; 0x01
    3638:	80 83       	st	Z, r24
    363a:	8a e6       	ldi	r24, 0x6A	; 106
    363c:	91 e0       	ldi	r25, 0x01	; 1
    363e:	0e 94 d6 1a 	call	0x35ac	; 0x35ac <conv2d(char const*)>
    3642:	ce ec       	ldi	r28, 0xCE	; 206
    3644:	d6 e0       	ldi	r29, 0x06	; 6
    3646:	88 83       	st	Y, r24
    3648:	84 e0       	ldi	r24, 0x04	; 4
    364a:	89 83       	std	Y+1, r24	; 0x01
    364c:	85 e6       	ldi	r24, 0x65	; 101
    364e:	91 e0       	ldi	r25, 0x01	; 1
    3650:	0e 94 d6 1a 	call	0x35ac	; 0x35ac <conv2d(char const*)>
    3654:	8a 83       	std	Y+2, r24	; 0x02
    3656:	8d e6       	ldi	r24, 0x6D	; 109
    3658:	91 e0       	ldi	r25, 0x01	; 1
    365a:	0e 94 d6 1a 	call	0x35ac	; 0x35ac <conv2d(char const*)>
    365e:	8b 83       	std	Y+3, r24	; 0x03
    3660:	80 e7       	ldi	r24, 0x70	; 112
    3662:	91 e0       	ldi	r25, 0x01	; 1
    3664:	0e 94 d6 1a 	call	0x35ac	; 0x35ac <conv2d(char const*)>
    3668:	8c 83       	std	Y+4, r24	; 0x04
    366a:	83 e7       	ldi	r24, 0x73	; 115
    366c:	91 e0       	ldi	r25, 0x01	; 1
    366e:	0e 94 d6 1a 	call	0x35ac	; 0x35ac <conv2d(char const*)>
    3672:	8d 83       	std	Y+5, r24	; 0x05
    3674:	40 e0       	ldi	r20, 0x00	; 0
    3676:	50 e0       	ldi	r21, 0x00	; 0
    3678:	ba 01       	movw	r22, r20
    367a:	87 ec       	ldi	r24, 0xC7	; 199
    367c:	96 e0       	ldi	r25, 0x06	; 6
    367e:	0e 94 ab 0b 	call	0x1756	; 0x1756 <DateTime::DateTime(long)>
    3682:	10 92 70 04 	sts	0x0470, r1	; 0x800470 <sd+0x5>
    3686:	10 92 96 06 	sts	0x0696, r1	; 0x800696 <sd+0x22b>
    368a:	10 92 97 06 	sts	0x0697, r1	; 0x800697 <sd+0x22c>
    368e:	10 92 98 06 	sts	0x0698, r1	; 0x800698 <sd+0x22d>
    3692:	80 e5       	ldi	r24, 0x50	; 80
    3694:	80 93 ba 06 	sts	0x06BA, r24	; 0x8006ba <sd+0x24f>
    3698:	81 e0       	ldi	r24, 0x01	; 1
    369a:	80 93 bb 06 	sts	0x06BB, r24	; 0x8006bb <sd+0x250>
    369e:	80 93 c1 06 	sts	0x06C1, r24	; 0x8006c1 <sd+0x256>
    36a2:	99 e2       	ldi	r25, 0x29	; 41
    36a4:	90 93 c3 06 	sts	0x06C3, r25	; 0x8006c3 <sd+0x258>
    36a8:	10 92 c6 06 	sts	0x06C6, r1	; 0x8006c6 <sd+0x25b>
    36ac:	e7 e4       	ldi	r30, 0x47	; 71
    36ae:	f4 e0       	ldi	r31, 0x04	; 4
    36b0:	13 82       	std	Z+3, r1	; 0x03
    36b2:	12 82       	std	Z+2, r1	; 0x02
    36b4:	14 82       	std	Z+4, r1	; 0x04
    36b6:	15 82       	std	Z+5, r1	; 0x05
    36b8:	16 82       	std	Z+6, r1	; 0x06
    36ba:	2b e4       	ldi	r18, 0x4B	; 75
    36bc:	31 e0       	ldi	r19, 0x01	; 1
    36be:	31 83       	std	Z+1, r19	; 0x01
    36c0:	20 83       	st	Z, r18
    36c2:	e8 e2       	ldi	r30, 0x28	; 40
    36c4:	f4 e0       	ldi	r31, 0x04	; 4
    36c6:	27 e0       	ldi	r18, 0x07	; 7
    36c8:	30 e0       	ldi	r19, 0x00	; 0
    36ca:	34 83       	std	Z+4, r19	; 0x04
    36cc:	23 83       	std	Z+3, r18	; 0x03
    36ce:	95 e0       	ldi	r25, 0x05	; 5
    36d0:	95 83       	std	Z+5, r25	; 0x05
    36d2:	86 83       	std	Z+6, r24	; 0x06
    36d4:	87 83       	std	Z+7, r24	; 0x07
    36d6:	2f e0       	ldi	r18, 0x0F	; 15
    36d8:	20 87       	std	Z+8, r18	; 0x08
    36da:	12 86       	std	Z+10, r1	; 0x0a
    36dc:	11 86       	std	Z+9, r1	; 0x09
    36de:	24 e0       	ldi	r18, 0x04	; 4
    36e0:	30 e0       	ldi	r19, 0x00	; 0
    36e2:	31 83       	std	Z+1, r19	; 0x01
    36e4:	20 83       	st	Z, r18
    36e6:	20 e0       	ldi	r18, 0x00	; 0
    36e8:	30 e1       	ldi	r19, 0x10	; 16
    36ea:	34 8f       	std	Z+28, r19	; 0x1c
    36ec:	23 8f       	std	Z+27, r18	; 0x1b
    36ee:	26 e7       	ldi	r18, 0x76	; 118
    36f0:	25 8f       	std	Z+29, r18	; 0x1d
    36f2:	96 8f       	std	Z+30, r25	; 0x1e
    36f4:	82 83       	std	Z+2, r24	; 0x02
    36f6:	df 91       	pop	r29
    36f8:	cf 91       	pop	r28
    36fa:	08 95       	ret

000036fc <main>:
main():
C:\Users\Ted\AppData\Local\Arduino15\packages\MiniCore\hardware\avr\2.1.3\cores\MCUdude_corefiles/main.cpp:34

//void setupUSB() __attribute__((weak));
//void setupUSB() { }

int main(void)
{
    36fc:	cf 93       	push	r28
    36fe:	df 93       	push	r29
    3700:	cd b7       	in	r28, 0x3d	; 61
    3702:	de b7       	in	r29, 0x3e	; 62
    3704:	a2 97       	sbiw	r28, 0x22	; 34
    3706:	0f b6       	in	r0, 0x3f	; 63
    3708:	f8 94       	cli
    370a:	de bf       	out	0x3e, r29	; 62
    370c:	0f be       	out	0x3f, r0	; 63
    370e:	cd bf       	out	0x3d, r28	; 61
init():
C:\Users\Ted\AppData\Local\Arduino15\packages\MiniCore\hardware\avr\2.1.3\cores\MCUdude_corefiles/wiring.c:945

void init()
{
  // this needs to be called before setup() or some functions won't
  // work there
  sei();
    3710:	78 94       	sei
C:\Users\Ted\AppData\Local\Arduino15\packages\MiniCore\hardware\avr\2.1.3\cores\MCUdude_corefiles/wiring.c:957

  // On the ATmega168, timer 0 is also used for fast hardware pwm
  // (using phase-correct PWM would mean that timer 0 overflowed half as often
  // resulting in different millis() behavior on the ATmega8 and ATmega168)
#if defined(TCCR0A) && defined(WGM01)
  TCCR0A |= _BV(WGM01) | _BV(WGM00);
    3712:	84 b5       	in	r24, 0x24	; 36
    3714:	83 60       	ori	r24, 0x03	; 3
    3716:	84 bd       	out	0x24, r24	; 36
C:\Users\Ted\AppData\Local\Arduino15\packages\MiniCore\hardware\avr\2.1.3\cores\MCUdude_corefiles/wiring.c:972
  #if defined(WGM00) && defined(WGM01) // The ATmega8 doesn't have WGM00 and WGM01
    TCCR0 |= _BV(WGM01) | _BV(WGM00);
  #endif
#elif defined(TCCR0B) && defined(CS01) && defined(CS00)
  // This combination is for the standard 168/328/640/1280/1281/2560/2561
  TCCR0B |= _BV(CS01) | _BV(CS00);
    3718:	85 b5       	in	r24, 0x25	; 37
    371a:	83 60       	ori	r24, 0x03	; 3
    371c:	85 bd       	out	0x25, r24	; 37
C:\Users\Ted\AppData\Local\Arduino15\packages\MiniCore\hardware\avr\2.1.3\cores\MCUdude_corefiles/wiring.c:984

// Enable timer 0 overflow interrupt
#if defined(TIMSK) && defined(TOIE0)
  TIMSK |= _BV(TOIE0);
#elif defined(TIMSK0) && defined(TOIE0)
  TIMSK0 |= _BV(TOIE0);
    371e:	80 91 6e 00 	lds	r24, 0x006E	; 0x80006e <__DATA_REGION_ORIGIN__+0xe>
    3722:	81 60       	ori	r24, 0x01	; 1
    3724:	80 93 6e 00 	sts	0x006E, r24	; 0x80006e <__DATA_REGION_ORIGIN__+0xe>
C:\Users\Ted\AppData\Local\Arduino15\packages\MiniCore\hardware\avr\2.1.3\cores\MCUdude_corefiles/wiring.c:995
// this is better for motors as it ensures an even waveform
// note, however, that fast pwm mode can achieve a frequency of up
// 8 MHz (with a 16 MHz clock) at 50% duty cycle

#if defined(TCCR1B) && defined(CS11) && defined(CS10)
  TCCR1B = _BV(CS11); // Set timer 1 prescale factor to 64
    3728:	92 e0       	ldi	r25, 0x02	; 2
    372a:	90 93 81 00 	sts	0x0081, r25	; 0x800081 <__DATA_REGION_ORIGIN__+0x21>
C:\Users\Ted\AppData\Local\Arduino15\packages\MiniCore\hardware\avr\2.1.3\cores\MCUdude_corefiles/wiring.c:997
#if F_CPU >= 8000000L
  TCCR1B |= _BV(CS10);
    372e:	80 91 81 00 	lds	r24, 0x0081	; 0x800081 <__DATA_REGION_ORIGIN__+0x21>
    3732:	81 60       	ori	r24, 0x01	; 1
    3734:	80 93 81 00 	sts	0x0081, r24	; 0x800081 <__DATA_REGION_ORIGIN__+0x21>
C:\Users\Ted\AppData\Local\Arduino15\packages\MiniCore\hardware\avr\2.1.3\cores\MCUdude_corefiles/wiring.c:1006
#if F_CPU >= 8000000L
  TCCR1 |= _BV(CS10);
#endif
#endif
#if defined(TCCR1A) && defined(WGM10)
  TCCR1A |= _BV(WGM10); // Put timer 1 in 8-bit phase correct pwm mode
    3738:	80 91 80 00 	lds	r24, 0x0080	; 0x800080 <__DATA_REGION_ORIGIN__+0x20>
    373c:	81 60       	ori	r24, 0x01	; 1
    373e:	80 93 80 00 	sts	0x0080, r24	; 0x800080 <__DATA_REGION_ORIGIN__+0x20>
C:\Users\Ted\AppData\Local\Arduino15\packages\MiniCore\hardware\avr\2.1.3\cores\MCUdude_corefiles/wiring.c:1013

// Set timer 2 prescale factor to 64
#if defined(TCCR2) && defined(CS22)
  TCCR2 |= _BV(CS22);
#elif defined(TCCR2B) && defined(CS22)
  TCCR2B |= _BV(CS22);
    3742:	80 91 b1 00 	lds	r24, 0x00B1	; 0x8000b1 <__DATA_REGION_ORIGIN__+0x51>
    3746:	84 60       	ori	r24, 0x04	; 4
    3748:	80 93 b1 00 	sts	0x00B1, r24	; 0x8000b1 <__DATA_REGION_ORIGIN__+0x51>
C:\Users\Ted\AppData\Local\Arduino15\packages\MiniCore\hardware\avr\2.1.3\cores\MCUdude_corefiles/wiring.c:1022

// Configure timer 2 for phase correct pwm (8-bit)
#if defined(TCCR2) && defined(WGM20)
  TCCR2 |= _BV(WGM20);
#elif defined(TCCR2A) && defined(WGM20)
  TCCR2A |= _BV(WGM20);
    374c:	80 91 b0 00 	lds	r24, 0x00B0	; 0x8000b0 <__DATA_REGION_ORIGIN__+0x50>
    3750:	81 60       	ori	r24, 0x01	; 1
    3752:	80 93 b0 00 	sts	0x00B0, r24	; 0x8000b0 <__DATA_REGION_ORIGIN__+0x50>
C:\Users\Ted\AppData\Local\Arduino15\packages\MiniCore\hardware\avr\2.1.3\cores\MCUdude_corefiles/wiring.c:1052
#if defined(ADCSRA)
  // set a2d prescaler so we are inside the desired 50-200 KHz range.
  #if F_CPU >= 16000000 // 16 MHz / 128 = 125 KHz
    ADCSRA = _BV(ADPS2) | _BV(ADPS1) | _BV(ADPS0) | _BV(ADEN);
  #elif F_CPU >= 8000000 // 8 MHz / 64 = 125 KHz
    ADCSRA = _BV(ADPS2) | _BV(ADPS1) | _BV(ADEN);
    3756:	86 e8       	ldi	r24, 0x86	; 134
    3758:	80 93 7a 00 	sts	0x007A, r24	; 0x80007a <__DATA_REGION_ORIGIN__+0x1a>
C:\Users\Ted\AppData\Local\Arduino15\packages\MiniCore\hardware\avr\2.1.3\cores\MCUdude_corefiles/wiring.c:1070
  // here so they can be used as normal digital i/o; they will be
  // reconnected in Serial.begin()
#if defined(UCSRB)
  UCSRB = 0;
#elif defined(UCSR0B)
  UCSR0B = 0;
    375c:	10 92 c1 00 	sts	0x00C1, r1	; 0x8000c1 <__DATA_REGION_ORIGIN__+0x61>
begin():
C:\Users\Ted\AppData\Local\Arduino15\packages\MiniCore\hardware\avr\2.1.3\cores\MCUdude_corefiles/HardwareSerial.cpp:107

void HardwareSerial::begin(unsigned long baud, byte config)
{
  // Try u2x mode first
  uint16_t baud_setting = (F_CPU / 4 / baud - 1) / 2;
  *_ucsra = 1 << U2X0;
    3760:	e0 91 8f 03 	lds	r30, 0x038F	; 0x80038f <Serial+0x10>
    3764:	f0 91 90 03 	lds	r31, 0x0390	; 0x800390 <Serial+0x11>
    3768:	90 83       	st	Z, r25
C:\Users\Ted\AppData\Local\Arduino15\packages\MiniCore\hardware\avr\2.1.3\cores\MCUdude_corefiles/HardwareSerial.cpp:121
    *_ucsra = 0;
    baud_setting = (F_CPU / 8 / baud - 1) / 2;
  }

  // assign the baud_setting, a.k.a. ubrr (USART Baud Rate Register)
  *_ubrrh = baud_setting >> 8;
    376a:	e0 91 8b 03 	lds	r30, 0x038B	; 0x80038b <Serial+0xc>
    376e:	f0 91 8c 03 	lds	r31, 0x038C	; 0x80038c <Serial+0xd>
    3772:	10 82       	st	Z, r1
C:\Users\Ted\AppData\Local\Arduino15\packages\MiniCore\hardware\avr\2.1.3\cores\MCUdude_corefiles/HardwareSerial.cpp:122
  *_ubrrl = baud_setting;
    3774:	e0 91 8d 03 	lds	r30, 0x038D	; 0x80038d <Serial+0xe>
    3778:	f0 91 8e 03 	lds	r31, 0x038E	; 0x80038e <Serial+0xf>
    377c:	83 e0       	ldi	r24, 0x03	; 3
    377e:	80 83       	st	Z, r24
C:\Users\Ted\AppData\Local\Arduino15\packages\MiniCore\hardware\avr\2.1.3\cores\MCUdude_corefiles/HardwareSerial.cpp:124

  _written = false;
    3780:	10 92 97 03 	sts	0x0397, r1	; 0x800397 <Serial+0x18>
C:\Users\Ted\AppData\Local\Arduino15\packages\MiniCore\hardware\avr\2.1.3\cores\MCUdude_corefiles/HardwareSerial.cpp:132
#if defined(__AVR_ATmega8__) || defined(__AVR_ATmega8515__) || defined(__AVR_ATmega162__) \
|| defined(__AVR_ATmega8535__) || defined(__AVR_ATmega16__)|| defined(__AVR_ATmega32__)   \
|| defined(__AVR_ATmega162__)
  config |= 0x80; // select UCSRC register (shared with UBRRH)
#endif
  *_ucsrc = config;
    3784:	e0 91 93 03 	lds	r30, 0x0393	; 0x800393 <Serial+0x14>
    3788:	f0 91 94 03 	lds	r31, 0x0394	; 0x800394 <Serial+0x15>
    378c:	86 e0       	ldi	r24, 0x06	; 6
    378e:	80 83       	st	Z, r24
C:\Users\Ted\AppData\Local\Arduino15\packages\MiniCore\hardware\avr\2.1.3\cores\MCUdude_corefiles/HardwareSerial.cpp:134
  
  *_ucsrb |= _BV(RXEN0) | _BV(TXEN0) | _BV(RXCIE0);
    3790:	e0 91 91 03 	lds	r30, 0x0391	; 0x800391 <Serial+0x12>
    3794:	f0 91 92 03 	lds	r31, 0x0392	; 0x800392 <Serial+0x13>
    3798:	80 81       	ld	r24, Z
    379a:	88 69       	ori	r24, 0x98	; 152
    379c:	80 83       	st	Z, r24
C:\Users\Ted\AppData\Local\Arduino15\packages\MiniCore\hardware\avr\2.1.3\cores\MCUdude_corefiles/HardwareSerial.cpp:135
  *_ucsrb &= ~_BV(UDRIE0);
    379e:	e0 91 91 03 	lds	r30, 0x0391	; 0x800391 <Serial+0x12>
    37a2:	f0 91 92 03 	lds	r31, 0x0392	; 0x800392 <Serial+0x13>
    37a6:	80 81       	ld	r24, Z
    37a8:	8f 7d       	andi	r24, 0xDF	; 223
    37aa:	80 83       	st	Z, r24
setTimeout():
C:\Users\Ted\AppData\Local\Arduino15\packages\MiniCore\hardware\avr\2.1.3\cores\MCUdude_corefiles/Stream.cpp:89
// Public Methods
//////////////////////////////////////////////////////////////

void Stream::setTimeout(unsigned long timeout)  // sets the maximum number of milliseconds to wait
{
  _timeout = timeout;
    37ac:	82 e3       	ldi	r24, 0x32	; 50
    37ae:	90 e0       	ldi	r25, 0x00	; 0
    37b0:	a0 e0       	ldi	r26, 0x00	; 0
    37b2:	b0 e0       	ldi	r27, 0x00	; 0
    37b4:	80 93 83 03 	sts	0x0383, r24	; 0x800383 <Serial+0x4>
    37b8:	90 93 84 03 	sts	0x0384, r25	; 0x800384 <Serial+0x5>
    37bc:	a0 93 85 03 	sts	0x0385, r26	; 0x800385 <Serial+0x6>
    37c0:	b0 93 86 03 	sts	0x0386, r27	; 0x800386 <Serial+0x7>
setup():
C:\Users\Ted\Documents\GitHub\OpenOBS-328\sensor\firmware\OpenOBS-328/OpenOBS-328.ino:86
uint8_t iredCurrent = 50;

void setup() {
  Serial.begin(250000);
  Serial.setTimeout(50);
  Wire.begin();
    37c4:	0e 94 6a 03 	call	0x6d4	; 0x6d4 <TwoWire::begin() [clone .constprop.22]>
getSerialNumber():
C:\Users\Ted\Documents\GitHub\OpenOBS-328\sensor\firmware\OpenOBS-328/OpenOBS-328.ino:124
  }
  
}

void getSerialNumber(){
  EEPROM.get(SN_ADDR, serialNumber);
    37c8:	0e 94 5a 0f 	call	0x1eb4	; 0x1eb4 <unsigned int& EEPROMClass::get<unsigned int>(int, unsigned int&) [clone .isra.8] [clone .constprop.100]>
_ZN11EEPROMClass3putIjEERKT_iS3_.isra.9():
C:\Users\Ted\AppData\Local\Arduino15\packages\MiniCore\hardware\avr\2.1.3\libraries\EEPROM\src/EEPROM.h:140
    37cc:	04 ef       	ldi	r16, 0xF4	; 244
    37ce:	11 e0       	ldi	r17, 0x01	; 1
    37d0:	e5 ef       	ldi	r30, 0xF5	; 245
    37d2:	ce 2e       	mov	r12, r30
    37d4:	dd 24       	eor	r13, r13
    37d6:	d3 94       	inc	r13
getSerialNumber():
C:\Users\Ted\Documents\GitHub\OpenOBS-328\sensor\firmware\OpenOBS-328/OpenOBS-328.ino:127
  //Check if SN has been changed from the default 0xFFFF.
  //If it has not, then loop through asking for a new one.
  while (serialNumber == 0xFFFF || serialNumber == 0){
    37d8:	80 91 10 03 	lds	r24, 0x0310	; 0x800310 <serialNumber>
    37dc:	90 91 11 03 	lds	r25, 0x0311	; 0x800311 <serialNumber+0x1>
    37e0:	01 97       	sbiw	r24, 0x01	; 1
    37e2:	8e 3f       	cpi	r24, 0xFE	; 254
    37e4:	9f 4f       	sbci	r25, 0xFF	; 255
    37e6:	08 f4       	brcc	.+2      	; 0x37ea <main+0xee>
    37e8:	90 c0       	rjmp	.+288    	; 0x390a <main+0x20e>
C:\Users\Ted\Documents\GitHub\OpenOBS-328\sensor\firmware\OpenOBS-328/OpenOBS-328.ino:128
    Serial.println(F("Missing serial number. Enter a valid SN [1-65534]:"));
    37ea:	6f ea       	ldi	r22, 0xAF	; 175
    37ec:	70 e0       	ldi	r23, 0x00	; 0
    37ee:	8f e7       	ldi	r24, 0x7F	; 127
    37f0:	93 e0       	ldi	r25, 0x03	; 3
    37f2:	0e 94 3e 17 	call	0x2e7c	; 0x2e7c <Print::println(__FlashStringHelper const*)>
C:\Users\Ted\Documents\GitHub\OpenOBS-328\sensor\firmware\OpenOBS-328/OpenOBS-328.ino:129
    while(Serial.available()==0){}; //wait for input
    37f6:	8f e7       	ldi	r24, 0x7F	; 127
    37f8:	93 e0       	ldi	r25, 0x03	; 3
    37fa:	0e 94 71 02 	call	0x4e2	; 0x4e2 <HardwareSerial::available()>
    37fe:	89 2b       	or	r24, r25
    3800:	d1 f3       	breq	.-12     	; 0x37f6 <main+0xfa>
peekNextDigit():
C:\Users\Ted\AppData\Local\Arduino15\packages\MiniCore\hardware\avr\2.1.3\cores\MCUdude_corefiles/Stream.cpp:60
// discards non-numeric characters
int Stream::peekNextDigit(LookaheadMode lookahead, bool detectDecimal)
{
  int c;
  while (1) {
    c = timedPeek();
    3802:	0e 94 00 04 	call	0x800	; 0x800 <Stream::timedPeek() [clone .constprop.47]>
    3806:	fc 01       	movw	r30, r24
C:\Users\Ted\AppData\Local\Arduino15\packages\MiniCore\hardware\avr\2.1.3\cores\MCUdude_corefiles/Stream.cpp:62

    if( c < 0 ||
    3808:	97 fd       	sbrc	r25, 7
    380a:	74 c0       	rjmp	.+232    	; 0x38f4 <main+0x1f8>
    380c:	8d 32       	cpi	r24, 0x2D	; 45
    380e:	91 05       	cpc	r25, r1
    3810:	41 f0       	breq	.+16     	; 0x3822 <main+0x126>
C:\Users\Ted\AppData\Local\Arduino15\packages\MiniCore\hardware\avr\2.1.3\cores\MCUdude_corefiles/Stream.cpp:64
        c == '-' ||
        (c >= '0' && c <= '9') ||
    3812:	c0 97       	sbiw	r24, 0x30	; 48
C:\Users\Ted\AppData\Local\Arduino15\packages\MiniCore\hardware\avr\2.1.3\cores\MCUdude_corefiles/Stream.cpp:63
  int c;
  while (1) {
    c = timedPeek();

    if( c < 0 ||
        c == '-' ||
    3814:	0a 97       	sbiw	r24, 0x0a	; 10
    3816:	28 f0       	brcs	.+10     	; 0x3822 <main+0x126>
C:\Users\Ted\AppData\Local\Arduino15\packages\MiniCore\hardware\avr\2.1.3\cores\MCUdude_corefiles/Stream.cpp:80
                default: return -1; // Fail code.
            }
        case SKIP_ALL:
            break;
    }
    read();  // discard non-numeric
    3818:	8f e7       	ldi	r24, 0x7F	; 127
    381a:	93 e0       	ldi	r25, 0x03	; 3
    381c:	0e 94 4f 02 	call	0x49e	; 0x49e <HardwareSerial::read()>
    3820:	f0 cf       	rjmp	.-32     	; 0x3802 <main+0x106>
main():
C:\Users\Ted\AppData\Local\Arduino15\packages\MiniCore\hardware\avr\2.1.3\cores\MCUdude_corefiles/main.cpp:34
    3822:	81 2c       	mov	r8, r1
    3824:	91 2c       	mov	r9, r1
    3826:	54 01       	movw	r10, r8
    3828:	71 2c       	mov	r7, r1
parseInt():
C:\Users\Ted\AppData\Local\Arduino15\packages\MiniCore\hardware\avr\2.1.3\cores\MCUdude_corefiles/Stream.cpp:142
  // ignore non numeric leading characters
  if(c < 0)
    return 0; // zero returned if timeout

  do{
    if(c == ignore)
    382a:	e1 30       	cpi	r30, 0x01	; 1
    382c:	f1 05       	cpc	r31, r1
    382e:	d9 f0       	breq	.+54     	; 0x3866 <main+0x16a>
C:\Users\Ted\AppData\Local\Arduino15\packages\MiniCore\hardware\avr\2.1.3\cores\MCUdude_corefiles/Stream.cpp:144
      ; // ignore this character
    else if(c == '-')
    3830:	ed 32       	cpi	r30, 0x2D	; 45
    3832:	f1 05       	cpc	r31, r1
    3834:	09 f4       	brne	.+2      	; 0x3838 <main+0x13c>
    3836:	5b c0       	rjmp	.+182    	; 0x38ee <main+0x1f2>
C:\Users\Ted\AppData\Local\Arduino15\packages\MiniCore\hardware\avr\2.1.3\cores\MCUdude_corefiles/Stream.cpp:146
      isNegative = true;
    else if(c >= '0' && c <= '9')        // is c a digit?
    3838:	cf 01       	movw	r24, r30
    383a:	c0 97       	sbiw	r24, 0x30	; 48
    383c:	0a 97       	sbiw	r24, 0x0a	; 10
    383e:	98 f4       	brcc	.+38     	; 0x3866 <main+0x16a>
C:\Users\Ted\AppData\Local\Arduino15\packages\MiniCore\hardware\avr\2.1.3\cores\MCUdude_corefiles/Stream.cpp:147
      value = value * 10 + c - '0';
    3840:	aa e0       	ldi	r26, 0x0A	; 10
    3842:	b0 e0       	ldi	r27, 0x00	; 0
    3844:	a5 01       	movw	r20, r10
    3846:	94 01       	movw	r18, r8
    3848:	0e 94 56 2f 	call	0x5eac	; 0x5eac <__muluhisi3>
    384c:	4f 01       	movw	r8, r30
    384e:	ff 0f       	add	r31, r31
    3850:	aa 08       	sbc	r10, r10
    3852:	bb 08       	sbc	r11, r11
    3854:	86 0e       	add	r8, r22
    3856:	97 1e       	adc	r9, r23
    3858:	a8 1e       	adc	r10, r24
    385a:	b9 1e       	adc	r11, r25
    385c:	30 e3       	ldi	r19, 0x30	; 48
    385e:	83 1a       	sub	r8, r19
    3860:	91 08       	sbc	r9, r1
    3862:	a1 08       	sbc	r10, r1
    3864:	b1 08       	sbc	r11, r1
C:\Users\Ted\AppData\Local\Arduino15\packages\MiniCore\hardware\avr\2.1.3\cores\MCUdude_corefiles/Stream.cpp:148
    read();  // consume the character we got with peek
    3866:	8f e7       	ldi	r24, 0x7F	; 127
    3868:	93 e0       	ldi	r25, 0x03	; 3
    386a:	0e 94 4f 02 	call	0x49e	; 0x49e <HardwareSerial::read()>
C:\Users\Ted\AppData\Local\Arduino15\packages\MiniCore\hardware\avr\2.1.3\cores\MCUdude_corefiles/Stream.cpp:149
    c = timedPeek();
    386e:	0e 94 00 04 	call	0x800	; 0x800 <Stream::timedPeek() [clone .constprop.47]>
    3872:	fc 01       	movw	r30, r24
C:\Users\Ted\AppData\Local\Arduino15\packages\MiniCore\hardware\avr\2.1.3\cores\MCUdude_corefiles/Stream.cpp:151
  }
  while( (c >= '0' && c <= '9') || c == ignore );
    3874:	c0 97       	sbiw	r24, 0x30	; 48
    3876:	0a 97       	sbiw	r24, 0x0a	; 10
    3878:	c0 f2       	brcs	.-80     	; 0x382a <main+0x12e>
    387a:	e1 30       	cpi	r30, 0x01	; 1
    387c:	f1 05       	cpc	r31, r1
    387e:	a9 f2       	breq	.-86     	; 0x382a <main+0x12e>
C:\Users\Ted\AppData\Local\Arduino15\packages\MiniCore\hardware\avr\2.1.3\cores\MCUdude_corefiles/Stream.cpp:153

  if(isNegative)
    3880:	77 20       	and	r7, r7
    3882:	41 f0       	breq	.+16     	; 0x3894 <main+0x198>
C:\Users\Ted\AppData\Local\Arduino15\packages\MiniCore\hardware\avr\2.1.3\cores\MCUdude_corefiles/Stream.cpp:154
    value = -value;
    3884:	b0 94       	com	r11
    3886:	a0 94       	com	r10
    3888:	90 94       	com	r9
    388a:	80 94       	com	r8
    388c:	81 1c       	adc	r8, r1
    388e:	91 1c       	adc	r9, r1
    3890:	a1 1c       	adc	r10, r1
    3892:	b1 1c       	adc	r11, r1
getSerialNumber():
C:\Users\Ted\Documents\GitHub\OpenOBS-328\sensor\firmware\OpenOBS-328/OpenOBS-328.ino:131
    uint16_t tmp_SN = Serial.parseInt();
    if (tmp_SN==0 || tmp_SN ==0xFFFF){
    3894:	c4 01       	movw	r24, r8
    3896:	01 97       	sbiw	r24, 0x01	; 1
    3898:	8e 3f       	cpi	r24, 0xFE	; 254
    389a:	9f 4f       	sbci	r25, 0xFF	; 255
    389c:	78 f5       	brcc	.+94     	; 0x38fc <main+0x200>
_ZN11EEPROMClass3putIjEERKT_iS3_.isra.9():
C:\Users\Ted\AppData\Local\Arduino15\packages\MiniCore\hardware\avr\2.1.3\libraries\EEPROM\src/EEPROM.h:140
    389e:	1a 83       	std	Y+2, r17	; 0x02
    38a0:	09 83       	std	Y+1, r16	; 0x01
    38a2:	68 2d       	mov	r22, r8
    38a4:	ce 01       	movw	r24, r28
    38a6:	01 96       	adiw	r24, 0x01	; 1
    38a8:	0e 94 90 18 	call	0x3120	; 0x3120 <EERef::update(unsigned char)>
    38ac:	da 82       	std	Y+2, r13	; 0x02
    38ae:	c9 82       	std	Y+1, r12	; 0x01
    38b0:	69 2d       	mov	r22, r9
    38b2:	ce 01       	movw	r24, r28
    38b4:	01 96       	adiw	r24, 0x01	; 1
    38b6:	0e 94 90 18 	call	0x3120	; 0x3120 <EERef::update(unsigned char)>
getSerialNumber():
C:\Users\Ted\Documents\GitHub\OpenOBS-328\sensor\firmware\OpenOBS-328/OpenOBS-328.ino:136
      Serial.println(F("Invalid SN"));
    } 
    else {
      EEPROM.put(SN_ADDR,tmp_SN);
      EEPROM.get(SN_ADDR,serialNumber);
    38ba:	0e 94 5a 0f 	call	0x1eb4	; 0x1eb4 <unsigned int& EEPROMClass::get<unsigned int>(int, unsigned int&) [clone .isra.8] [clone .constprop.100]>
C:\Users\Ted\Documents\GitHub\OpenOBS-328\sensor\firmware\OpenOBS-328/OpenOBS-328.ino:137
      Serial.print(F("SN successfully set to: "));
    38be:	6b e8       	ldi	r22, 0x8B	; 139
    38c0:	70 e0       	ldi	r23, 0x00	; 0
    38c2:	8f e7       	ldi	r24, 0x7F	; 127
    38c4:	93 e0       	ldi	r25, 0x03	; 3
    38c6:	0e 94 ef 01 	call	0x3de	; 0x3de <Print::print(__FlashStringHelper const*)>
print():
C:\Users\Ted\AppData\Local\Arduino15\packages\MiniCore\hardware\avr\2.1.3\cores\MCUdude_corefiles/Print.cpp:84
  return print((long) n, base);
}

size_t Print::print(unsigned int n, int base)
{
  return print((unsigned long) n, base);
    38ca:	40 91 10 03 	lds	r20, 0x0310	; 0x800310 <serialNumber>
    38ce:	50 91 11 03 	lds	r21, 0x0311	; 0x800311 <serialNumber+0x1>
    38d2:	70 e0       	ldi	r23, 0x00	; 0
    38d4:	60 e0       	ldi	r22, 0x00	; 0
C:\Users\Ted\AppData\Local\Arduino15\packages\MiniCore\hardware\avr\2.1.3\cores\MCUdude_corefiles/Print.cpp:106
}

size_t Print::print(unsigned long n, int base)
{
  if (base == 0) return write(n);
  else return printNumber(n, base);
    38d6:	2a e0       	ldi	r18, 0x0A	; 10
    38d8:	8f e7       	ldi	r24, 0x7F	; 127
    38da:	93 e0       	ldi	r25, 0x03	; 3
    38dc:	0e 94 52 17 	call	0x2ea4	; 0x2ea4 <Print::printNumber(unsigned long, unsigned char)>
write():
    38e0:	63 e5       	ldi	r22, 0x53	; 83
    38e2:	71 e0       	ldi	r23, 0x01	; 1
    38e4:	8f e7       	ldi	r24, 0x7F	; 127
    38e6:	93 e0       	ldi	r25, 0x03	; 3
    38e8:	0e 94 2f 17 	call	0x2e5e	; 0x2e5e <Print::write(char const*) [clone .part.0]>
    38ec:	75 cf       	rjmp	.-278    	; 0x37d8 <main+0xdc>
main():
C:\Users\Ted\AppData\Local\Arduino15\packages\MiniCore\hardware\avr\2.1.3\cores\MCUdude_corefiles/Stream.cpp:145

  do{
    if(c == ignore)
      ; // ignore this character
    else if(c == '-')
      isNegative = true;
    38ee:	77 24       	eor	r7, r7
    38f0:	73 94       	inc	r7
    38f2:	b9 cf       	rjmp	.-142    	; 0x3866 <main+0x16a>
C:\Users\Ted\AppData\Local\Arduino15\packages\MiniCore\hardware\avr\2.1.3\cores\MCUdude_corefiles/Stream.cpp:139
  int c;

  c = peekNextDigit(lookahead, false);
  // ignore non numeric leading characters
  if(c < 0)
    return 0; // zero returned if timeout
    38f4:	81 2c       	mov	r8, r1
    38f6:	91 2c       	mov	r9, r1
    38f8:	54 01       	movw	r10, r8
    38fa:	cc cf       	rjmp	.-104    	; 0x3894 <main+0x198>
getSerialNumber():
C:\Users\Ted\Documents\GitHub\OpenOBS-328\sensor\firmware\OpenOBS-328/OpenOBS-328.ino:132
  while (serialNumber == 0xFFFF || serialNumber == 0){
    Serial.println(F("Missing serial number. Enter a valid SN [1-65534]:"));
    while(Serial.available()==0){}; //wait for input
    uint16_t tmp_SN = Serial.parseInt();
    if (tmp_SN==0 || tmp_SN ==0xFFFF){
      Serial.println(F("Invalid SN"));
    38fc:	64 ea       	ldi	r22, 0xA4	; 164
    38fe:	70 e0       	ldi	r23, 0x00	; 0
    3900:	8f e7       	ldi	r24, 0x7F	; 127
    3902:	93 e0       	ldi	r25, 0x03	; 3
    3904:	0e 94 3e 17 	call	0x2e7c	; 0x2e7c <Print::println(__FlashStringHelper const*)>
    3908:	67 cf       	rjmp	.-306    	; 0x37d8 <main+0xdc>
operator*():
C:\Users\Ted\AppData\Local\Arduino15\packages\MiniCore\hardware\avr\2.1.3\libraries\EEPROM\src/EEPROM.h:42

    EERef( const int index )
        : index( index )                 {}
    
    //Access/read members.
    uint8_t operator*() const            { return eeprom_read_byte( (uint8_t*) index ); }
    390a:	86 ef       	ldi	r24, 0xF6	; 246
    390c:	91 e0       	ldi	r25, 0x01	; 1
    390e:	0e 94 40 2f 	call	0x5e80	; 0x5e80 <eeprom_read_byte>
_ZN11EEPROMClass3getImEERT_iS2_.isra.10():
C:\Users\Ted\AppData\Local\Arduino15\packages\MiniCore\hardware\avr\2.1.3\libraries\EEPROM\src/EEPROM.h:133
    
    //Functionality to 'get' and 'put' objects to and from EEPROM.
    template< typename T > T &get( int idx, T &t ){
        EEPtr e = idx;
        uint8_t *ptr = (uint8_t*) &t;
        for( int count = sizeof(T) ; count ; --count, ++e )  *ptr++ = *e;
    3912:	88 87       	std	Y+8, r24	; 0x08
operator*():
C:\Users\Ted\AppData\Local\Arduino15\packages\MiniCore\hardware\avr\2.1.3\libraries\EEPROM\src/EEPROM.h:42

    EERef( const int index )
        : index( index )                 {}
    
    //Access/read members.
    uint8_t operator*() const            { return eeprom_read_byte( (uint8_t*) index ); }
    3914:	87 ef       	ldi	r24, 0xF7	; 247
    3916:	91 e0       	ldi	r25, 0x01	; 1
    3918:	0e 94 40 2f 	call	0x5e80	; 0x5e80 <eeprom_read_byte>
_ZN11EEPROMClass3getImEERT_iS2_.isra.10():
C:\Users\Ted\AppData\Local\Arduino15\packages\MiniCore\hardware\avr\2.1.3\libraries\EEPROM\src/EEPROM.h:133
    
    //Functionality to 'get' and 'put' objects to and from EEPROM.
    template< typename T > T &get( int idx, T &t ){
        EEPtr e = idx;
        uint8_t *ptr = (uint8_t*) &t;
        for( int count = sizeof(T) ; count ; --count, ++e )  *ptr++ = *e;
    391c:	89 87       	std	Y+9, r24	; 0x09
operator*():
C:\Users\Ted\AppData\Local\Arduino15\packages\MiniCore\hardware\avr\2.1.3\libraries\EEPROM\src/EEPROM.h:42

    EERef( const int index )
        : index( index )                 {}
    
    //Access/read members.
    uint8_t operator*() const            { return eeprom_read_byte( (uint8_t*) index ); }
    391e:	88 ef       	ldi	r24, 0xF8	; 248
    3920:	91 e0       	ldi	r25, 0x01	; 1
    3922:	0e 94 40 2f 	call	0x5e80	; 0x5e80 <eeprom_read_byte>
_ZN11EEPROMClass3getImEERT_iS2_.isra.10():
C:\Users\Ted\AppData\Local\Arduino15\packages\MiniCore\hardware\avr\2.1.3\libraries\EEPROM\src/EEPROM.h:133
    
    //Functionality to 'get' and 'put' objects to and from EEPROM.
    template< typename T > T &get( int idx, T &t ){
        EEPtr e = idx;
        uint8_t *ptr = (uint8_t*) &t;
        for( int count = sizeof(T) ; count ; --count, ++e )  *ptr++ = *e;
    3926:	8a 87       	std	Y+10, r24	; 0x0a
operator*():
C:\Users\Ted\AppData\Local\Arduino15\packages\MiniCore\hardware\avr\2.1.3\libraries\EEPROM\src/EEPROM.h:42

    EERef( const int index )
        : index( index )                 {}
    
    //Access/read members.
    uint8_t operator*() const            { return eeprom_read_byte( (uint8_t*) index ); }
    3928:	89 ef       	ldi	r24, 0xF9	; 249
    392a:	91 e0       	ldi	r25, 0x01	; 1
    392c:	0e 94 40 2f 	call	0x5e80	; 0x5e80 <eeprom_read_byte>
_ZN11EEPROMClass3getImEERT_iS2_.isra.10():
C:\Users\Ted\AppData\Local\Arduino15\packages\MiniCore\hardware\avr\2.1.3\libraries\EEPROM\src/EEPROM.h:133
    
    //Functionality to 'get' and 'put' objects to and from EEPROM.
    template< typename T > T &get( int idx, T &t ){
        EEPtr e = idx;
        uint8_t *ptr = (uint8_t*) &t;
        for( int count = sizeof(T) ; count ; --count, ++e )  *ptr++ = *e;
    3930:	8b 87       	std	Y+11, r24	; 0x0b
getDataLoggerSettings():
C:\Users\Ted\Documents\GitHub\OpenOBS-328\sensor\firmware\OpenOBS-328/OpenOBS-328.ino:153
  */
  
  //if firmware was updated, take those settings and time.
  uint32_t storedTime;
  EEPROM.get(UPLOAD_TIME_ADDR, storedTime);
  if (uploadDT.unixtime() != storedTime) {
    3932:	8e ec       	ldi	r24, 0xCE	; 206
    3934:	96 e0       	ldi	r25, 0x06	; 6
    3936:	0e 94 4c 0b 	call	0x1698	; 0x1698 <DateTime::unixtime() const>
    393a:	08 85       	ldd	r16, Y+8	; 0x08
    393c:	19 85       	ldd	r17, Y+9	; 0x09
    393e:	2a 85       	ldd	r18, Y+10	; 0x0a
    3940:	3b 85       	ldd	r19, Y+11	; 0x0b
    3942:	60 17       	cp	r22, r16
    3944:	71 07       	cpc	r23, r17
    3946:	82 07       	cpc	r24, r18
    3948:	93 07       	cpc	r25, r19
    394a:	09 f4       	brne	.+2      	; 0x394e <main+0x252>
    394c:	3c c1       	rjmp	.+632    	; 0x3bc6 <main+0x4ca>
C:\Users\Ted\Documents\GitHub\OpenOBS-328\sensor\firmware\OpenOBS-328/OpenOBS-328.ino:154
    newFirmware = true;
    394e:	81 e0       	ldi	r24, 0x01	; 1
    3950:	80 93 72 02 	sts	0x0272, r24	; 0x800272 <newFirmware>
C:\Users\Ted\Documents\GitHub\OpenOBS-328\sensor\firmware\OpenOBS-328/OpenOBS-328.ino:155
    startup.module.clk = RTC.begin(); //reset the RTC
    3954:	0e 94 14 0d 	call	0x1a28	; 0x1a28 <DS3231::begin() [clone .constprop.103]>
    3958:	91 e0       	ldi	r25, 0x01	; 1
    395a:	81 11       	cpse	r24, r1
    395c:	01 c0       	rjmp	.+2      	; 0x3960 <main+0x264>
    395e:	90 e0       	ldi	r25, 0x00	; 0
    3960:	80 91 70 02 	lds	r24, 0x0270	; 0x800270 <startup>
    3964:	90 fb       	bst	r25, 0
    3966:	81 f9       	bld	r24, 1
    3968:	80 93 70 02 	sts	0x0270, r24	; 0x800270 <startup>
C:\Users\Ted\Documents\GitHub\OpenOBS-328\sensor\firmware\OpenOBS-328/OpenOBS-328.ino:156
    RTC.adjust(uploadDT);
    396c:	8e ec       	ldi	r24, 0xCE	; 206
    396e:	96 e0       	ldi	r25, 0x06	; 6
    3970:	0e 94 90 0a 	call	0x1520	; 0x1520 <DS3231::adjust(DateTime const&) [clone .constprop.41]>
C:\Users\Ted\Documents\GitHub\OpenOBS-328\sensor\firmware\OpenOBS-328/OpenOBS-328.ino:158
    
    EEPROM.put(UPLOAD_TIME_ADDR, uploadDT.unixtime());
    3974:	8e ec       	ldi	r24, 0xCE	; 206
    3976:	96 e0       	ldi	r25, 0x06	; 6
    3978:	0e 94 4c 0b 	call	0x1698	; 0x1698 <DateTime::unixtime() const>
    397c:	69 83       	std	Y+1, r22	; 0x01
    397e:	7a 83       	std	Y+2, r23	; 0x02
    3980:	8b 83       	std	Y+3, r24	; 0x03
    3982:	9c 83       	std	Y+4, r25	; 0x04
    3984:	be 01       	movw	r22, r28
    3986:	6f 5f       	subi	r22, 0xFF	; 255
    3988:	7f 4f       	sbci	r23, 0xFF	; 255
    398a:	6b 01       	movw	r12, r22
    398c:	06 ef       	ldi	r16, 0xF6	; 246
    398e:	11 e0       	ldi	r17, 0x01	; 1
_ZN11EEPROMClass3putImEERKT_iS3_.isra.11():
C:\Users\Ted\AppData\Local\Arduino15\packages\MiniCore\hardware\avr\2.1.3\libraries\EEPROM\src/EEPROM.h:140
    }
    
    template< typename T > const T &put( int idx, const T &t ){
        EEPtr e = idx;
        const uint8_t *ptr = (const uint8_t*) &t;
        for( int count = sizeof(T) ; count ; --count, ++e )  (*e).update( *ptr++ );
    3990:	1d 87       	std	Y+13, r17	; 0x0d
    3992:	0c 87       	std	Y+12, r16	; 0x0c
    3994:	d6 01       	movw	r26, r12
    3996:	6d 91       	ld	r22, X+
    3998:	6d 01       	movw	r12, r26
    399a:	ce 01       	movw	r24, r28
    399c:	0c 96       	adiw	r24, 0x0c	; 12
    399e:	0e 94 90 18 	call	0x3120	; 0x3120 <EERef::update(unsigned char)>
    39a2:	0f 5f       	subi	r16, 0xFF	; 255
    39a4:	1f 4f       	sbci	r17, 0xFF	; 255
    39a6:	0a 3f       	cpi	r16, 0xFA	; 250
    39a8:	b1 e0       	ldi	r27, 0x01	; 1
    39aa:	1b 07       	cpc	r17, r27
    39ac:	89 f7       	brne	.-30     	; 0x3990 <main+0x294>
getDataLoggerSettings():
C:\Users\Ted\Documents\GitHub\OpenOBS-328\sensor\firmware\OpenOBS-328/OpenOBS-328.ino:159
    EEPROM.put(SLEEP_ADDR, sleepDuration_seconds);
    39ae:	0e 94 a9 18 	call	0x3152	; 0x3152 <long const& EEPROMClass::put<long>(int, long const&) [clone .isra.12] [clone .constprop.95]>
C:\Users\Ted\Documents\GitHub\OpenOBS-328\sensor\firmware\OpenOBS-328/OpenOBS-328.ino:160
    Serial.println("Firmware updated");
    39b2:	66 e7       	ldi	r22, 0x76	; 118
    39b4:	71 e0       	ldi	r23, 0x01	; 1
    39b6:	8f e7       	ldi	r24, 0x7F	; 127
    39b8:	93 e0       	ldi	r25, 0x03	; 3
    39ba:	0e 94 9e 17 	call	0x2f3c	; 0x2f3c <Print::println(char const*)>
C:\Users\Ted\Documents\GitHub\OpenOBS-328\sensor\firmware\OpenOBS-328/OpenOBS-328.ino:172
  else {
    //if no contact from GUI, read last stored value
    EEPROM.get(SLEEP_ADDR, sleepDuration_seconds);
    startup.module.clk = true; //assume true if logger woke up.
  }
  if(sleepDuration_seconds < 5){
    39be:	80 91 0c 03 	lds	r24, 0x030C	; 0x80030c <sleepDuration_seconds>
    39c2:	90 91 0d 03 	lds	r25, 0x030D	; 0x80030d <sleepDuration_seconds+0x1>
    39c6:	a0 91 0e 03 	lds	r26, 0x030E	; 0x80030e <sleepDuration_seconds+0x2>
    39ca:	b0 91 0f 03 	lds	r27, 0x030F	; 0x80030f <sleepDuration_seconds+0x3>
    39ce:	05 97       	sbiw	r24, 0x05	; 5
    39d0:	a1 05       	cpc	r26, r1
    39d2:	b1 05       	cpc	r27, r1
    39d4:	44 f4       	brge	.+16     	; 0x39e6 <main+0x2ea>
C:\Users\Ted\Documents\GitHub\OpenOBS-328\sensor\firmware\OpenOBS-328/OpenOBS-328.ino:173
    sleepDuration_seconds = 0;
    39d6:	10 92 0c 03 	sts	0x030C, r1	; 0x80030c <sleepDuration_seconds>
    39da:	10 92 0d 03 	sts	0x030D, r1	; 0x80030d <sleepDuration_seconds+0x1>
    39de:	10 92 0e 03 	sts	0x030E, r1	; 0x80030e <sleepDuration_seconds+0x2>
    39e2:	10 92 0f 03 	sts	0x030F, r1	; 0x80030f <sleepDuration_seconds+0x3>
curTimeMS():
C:\Users\Ted\Documents\Arduino\libraries\SdFat\src\common/syscall.h:77
    39e6:	0e 94 f4 03 	call	0x7e8	; 0x7e8 <millis>
    39ea:	8b 01       	movw	r16, r22
begin():
C:\Users\Ted\Documents\Arduino\libraries\SdFat\src\SdCard/SdSpiCard.cpp:225
//==============================================================================
// SdSpiCard member functions
//------------------------------------------------------------------------------
bool SdSpiCard::begin(SdSpiConfig spiConfig) {
  SdMillis_t t0 = SysCall::curTimeMS();
  m_spiActive = false;
    39ec:	10 92 c4 06 	sts	0x06C4, r1	; 0x8006c4 <sd+0x259>
C:\Users\Ted\Documents\Arduino\libraries\SdFat\src\SdCard/SdSpiCard.cpp:226
  m_errorCode = SD_CARD_ERROR_NONE;
    39f0:	10 92 c3 06 	sts	0x06C3, r1	; 0x8006c3 <sd+0x258>
C:\Users\Ted\Documents\Arduino\libraries\SdFat\src\SdCard/SdSpiCard.cpp:227
  m_type = 0;
    39f4:	10 92 c6 06 	sts	0x06C6, r1	; 0x8006c6 <sd+0x25b>
C:\Users\Ted\Documents\Arduino\libraries\SdFat\src\SdCard/SdSpiCard.cpp:228
  m_csPin = spiConfig.csPin;
    39f8:	8a e0       	ldi	r24, 0x0A	; 10
    39fa:	80 93 c2 06 	sts	0x06C2, r24	; 0x8006c2 <sd+0x257>
sdCsInit():
C:\Users\Ted\Documents\Arduino\libraries\SdFat\src\SpiDriver/SdSpiChipSelect.cpp:30
#include "SdSpiDriver.h"
#if ENABLE_ARDUINO_FEATURES
#if SD_CHIP_SELECT_MODE == 0
//------------------------------------------------------------------------------
void sdCsInit(SdCsPin_t pin) {
  pinMode(pin, OUTPUT);
    39fe:	0e 94 c0 01 	call	0x380	; 0x380 <pinMode.constprop.55>
sdCsWrite():
C:\Users\Ted\Documents\Arduino\libraries\SdFat\src\SpiDriver/SdSpiChipSelect.cpp:34
}
//------------------------------------------------------------------------------
void sdCsWrite(SdCsPin_t pin, bool level) {
  digitalWrite(pin, level);
    3a02:	61 e0       	ldi	r22, 0x01	; 1
    3a04:	80 91 c2 06 	lds	r24, 0x06C2	; 0x8006c2 <sd+0x257>
    3a08:	0e 94 1e 03 	call	0x63c	; 0x63c <digitalWrite>
_ZN18SdSpiArduinoDriver11setSckSpeedEm.isra.2():
C:\Users\Ted\Documents\Arduino\libraries\SdFat\src\SpiDriver/SdSpiArduinoDriver.h:81
  /** Save high speed SPISettings after SD initialization.
   *
   * \param[in] maxSck Maximum SCK frequency.
   */
  void setSckSpeed(uint32_t maxSck) {
    m_spiSettings = SPISettings(maxSck, MSBFIRST, SPI_MODE0);
    3a0c:	82 e5       	ldi	r24, 0x52	; 82
    3a0e:	80 93 ba 06 	sts	0x06BA, r24	; 0x8006ba <sd+0x24f>
    3a12:	81 e0       	ldi	r24, 0x01	; 1
    3a14:	80 93 bb 06 	sts	0x06BB, r24	; 0x8006bb <sd+0x250>
begin():
C:\Users\Ted\AppData\Local\Arduino15\packages\MiniCore\hardware\avr\2.1.3\libraries\SPI\src/SPI.cpp:28
uint8_t SPIClass::inTransactionFlag = 0;
#endif

void SPIClass::begin()
{
  uint8_t sreg = SREG;
    3a18:	df b6       	in	r13, 0x3f	; 63
C:\Users\Ted\AppData\Local\Arduino15\packages\MiniCore\hardware\avr\2.1.3\libraries\SPI\src/SPI.cpp:29
  noInterrupts(); // Protect from a scheduler and prevent transactionBegin
    3a1a:	f8 94       	cli
C:\Users\Ted\AppData\Local\Arduino15\packages\MiniCore\hardware\avr\2.1.3\libraries\SPI\src/SPI.cpp:30
  if (!initialized) {
    3a1c:	80 91 6f 02 	lds	r24, 0x026F	; 0x80026f <SPIClass::initialized>
    3a20:	81 11       	cpse	r24, r1
    3a22:	24 c0       	rjmp	.+72     	; 0x3a6c <main+0x370>
C:\Users\Ted\AppData\Local\Arduino15\packages\MiniCore\hardware\avr\2.1.3\libraries\SPI\src/SPI.cpp:32
    // Set SS to high so a connected chip will be "deselected" by default
    uint8_t port = digitalPinToPort(SS);
    3a24:	e8 e6       	ldi	r30, 0x68	; 104
    3a26:	f1 e0       	ldi	r31, 0x01	; 1
    3a28:	84 91       	lpm	r24, Z
C:\Users\Ted\AppData\Local\Arduino15\packages\MiniCore\hardware\avr\2.1.3\libraries\SPI\src/SPI.cpp:33
    uint8_t bit = digitalPinToBitMask(SS);
    3a2a:	ef e7       	ldi	r30, 0x7F	; 127
    3a2c:	f1 e0       	ldi	r31, 0x01	; 1
    3a2e:	94 91       	lpm	r25, Z
C:\Users\Ted\AppData\Local\Arduino15\packages\MiniCore\hardware\avr\2.1.3\libraries\SPI\src/SPI.cpp:34
    volatile uint8_t *reg = portModeRegister(port);
    3a30:	e8 2f       	mov	r30, r24
    3a32:	f0 e0       	ldi	r31, 0x00	; 0
    3a34:	ee 0f       	add	r30, r30
    3a36:	ff 1f       	adc	r31, r31
    3a38:	ec 5a       	subi	r30, 0xAC	; 172
    3a3a:	fe 4f       	sbci	r31, 0xFE	; 254
    3a3c:	a5 91       	lpm	r26, Z+
    3a3e:	b4 91       	lpm	r27, Z
C:\Users\Ted\AppData\Local\Arduino15\packages\MiniCore\hardware\avr\2.1.3\libraries\SPI\src/SPI.cpp:38

    // if the SS pin is not already configured as an output
    // then set it high (to enable the internal pull-up resistor)
    if(!(*reg & bit)){
    3a40:	ec 91       	ld	r30, X
    3a42:	e9 23       	and	r30, r25
    3a44:	21 f4       	brne	.+8      	; 0x3a4e <main+0x352>
C:\Users\Ted\AppData\Local\Arduino15\packages\MiniCore\hardware\avr\2.1.3\libraries\SPI\src/SPI.cpp:39
      digitalWrite(SS, HIGH);
    3a46:	61 e0       	ldi	r22, 0x01	; 1
    3a48:	8a e0       	ldi	r24, 0x0A	; 10
    3a4a:	0e 94 1e 03 	call	0x63c	; 0x63c <digitalWrite>
C:\Users\Ted\AppData\Local\Arduino15\packages\MiniCore\hardware\avr\2.1.3\libraries\SPI\src/SPI.cpp:45
    }

    // When the SS pin is set as OUTPUT, it can be used as
    // a general purpose output port (it doesn't influence
    // SPI operations).
    pinMode(SS, OUTPUT);
    3a4e:	8a e0       	ldi	r24, 0x0A	; 10
    3a50:	0e 94 c0 01 	call	0x380	; 0x380 <pinMode.constprop.55>
C:\Users\Ted\AppData\Local\Arduino15\packages\MiniCore\hardware\avr\2.1.3\libraries\SPI\src/SPI.cpp:50

    // Warning: if the SS pin ever becomes a LOW INPUT then SPI
    // automatically switches to Slave, so the data direction of
    // the SS pin MUST be kept as OUTPUT.
    SPCR |= _BV(MSTR);
    3a54:	8c b5       	in	r24, 0x2c	; 44
    3a56:	80 61       	ori	r24, 0x10	; 16
    3a58:	8c bd       	out	0x2c, r24	; 44
C:\Users\Ted\AppData\Local\Arduino15\packages\MiniCore\hardware\avr\2.1.3\libraries\SPI\src/SPI.cpp:51
    SPCR |= _BV(SPE);
    3a5a:	8c b5       	in	r24, 0x2c	; 44
    3a5c:	80 64       	ori	r24, 0x40	; 64
    3a5e:	8c bd       	out	0x2c, r24	; 44
C:\Users\Ted\AppData\Local\Arduino15\packages\MiniCore\hardware\avr\2.1.3\libraries\SPI\src/SPI.cpp:59
    // MISO pin automatically overrides to INPUT.
    // By doing this AFTER enabling SPI, we avoid accidentally
    // clocking in a single bit since the lines go directly
    // from "input" to SPI control.
    // http://code.google.com/p/arduino/issues/detail?id=888
    pinMode(SCK, OUTPUT);
    3a60:	8d e0       	ldi	r24, 0x0D	; 13
    3a62:	0e 94 c0 01 	call	0x380	; 0x380 <pinMode.constprop.55>
C:\Users\Ted\AppData\Local\Arduino15\packages\MiniCore\hardware\avr\2.1.3\libraries\SPI\src/SPI.cpp:60
    pinMode(MOSI, OUTPUT);
    3a66:	8b e0       	ldi	r24, 0x0B	; 11
    3a68:	0e 94 c0 01 	call	0x380	; 0x380 <pinMode.constprop.55>
C:\Users\Ted\AppData\Local\Arduino15\packages\MiniCore\hardware\avr\2.1.3\libraries\SPI\src/SPI.cpp:62
  }
  initialized++; // reference count
    3a6c:	80 91 6f 02 	lds	r24, 0x026F	; 0x80026f <SPIClass::initialized>
    3a70:	8f 5f       	subi	r24, 0xFF	; 255
    3a72:	80 93 6f 02 	sts	0x026F, r24	; 0x80026f <SPIClass::initialized>
C:\Users\Ted\AppData\Local\Arduino15\packages\MiniCore\hardware\avr\2.1.3\libraries\SPI\src/SPI.cpp:63
  SREG = sreg;
    3a76:	df be       	out	0x3f, r13	; 63
C:\Users\Ted\Documents\Arduino\libraries\SdFat\src\SdCard/SdSpiCard.cpp:242
  spiUnselect();
  spiSetSckSpeed(1000UL*SD_MAX_INIT_RATE_KHZ);
  spiBegin(spiConfig);
  uint32_t arg;
#if ENABLE_DEDICATED_SPI
  m_curState = IDLE_STATE;
    3a78:	10 92 c0 06 	sts	0x06C0, r1	; 0x8006c0 <sd+0x255>
C:\Users\Ted\Documents\Arduino\libraries\SdFat\src\SdCard/SdSpiCard.cpp:243
  m_sharedSpi = spiOptionShared(spiConfig.options);
    3a7c:	81 e0       	ldi	r24, 0x01	; 1
    3a7e:	80 93 c1 06 	sts	0x06C1, r24	; 0x8006c1 <sd+0x256>
spiStart():
C:\Users\Ted\Documents\Arduino\libraries\SdFat\src\SdCard/SdSpiCard.cpp:654
  csd_t csd;
  return readCSD(&csd) ? sdCardCapacity(&csd) : 0;
}
//------------------------------------------------------------------------------
void SdSpiCard::spiStart() {
  if (!m_spiActive) {
    3a82:	80 91 c4 06 	lds	r24, 0x06C4	; 0x8006c4 <sd+0x259>
    3a86:	81 11       	cpse	r24, r1
    3a88:	04 c0       	rjmp	.+8      	; 0x3a92 <main+0x396>
    3a8a:	88 eb       	ldi	r24, 0xB8	; 184
    3a8c:	96 e0       	ldi	r25, 0x06	; 6
    3a8e:	0e 94 32 04 	call	0x864	; 0x864 <SdSpiCard::spiStart() [clone .part.21]>
sdCsWrite():
C:\Users\Ted\Documents\Arduino\libraries\SdFat\src\SpiDriver/SdSpiChipSelect.cpp:34
    3a92:	61 e0       	ldi	r22, 0x01	; 1
    3a94:	80 91 c2 06 	lds	r24, 0x06C2	; 0x8006c2 <sd+0x257>
    3a98:	0e 94 1e 03 	call	0x63c	; 0x63c <digitalWrite>
    3a9c:	4a e0       	ldi	r20, 0x0A	; 10
    3a9e:	d4 2e       	mov	r13, r20
_ZN18SdSpiArduinoDriver4sendEh():
C:\Users\Ted\Documents\Arduino\libraries\SdFat\src\SpiDriver/SdSpiAvr.h:68
  return 0;
}
//------------------------------------------------------------------------------
inline void SdSpiArduinoDriver::send(uint8_t data) {
  SPI.transfer(data);
    3aa0:	8f ef       	ldi	r24, 0xFF	; 255
    3aa2:	0e 94 42 04 	call	0x884	; 0x884 <SPIClass::transfer(unsigned char)>
    3aa6:	da 94       	dec	r13
begin():
C:\Users\Ted\Documents\Arduino\libraries\SdFat\src\SdCard/SdSpiCard.cpp:252
#endif  // ENABLE_DEDICATED_SPI
  spiStart();

  // must supply min of 74 clock cycles with CS high.
  spiUnselect();
  for (uint8_t i = 0; i < 10; i++) {
    3aa8:	d1 10       	cpse	r13, r1
    3aaa:	fa cf       	rjmp	.-12     	; 0x3aa0 <main+0x3a4>
sdCsWrite():
C:\Users\Ted\Documents\Arduino\libraries\SdFat\src\SpiDriver/SdSpiChipSelect.cpp:34
    3aac:	60 e0       	ldi	r22, 0x00	; 0
    3aae:	80 91 c2 06 	lds	r24, 0x06C2	; 0x8006c2 <sd+0x257>
    3ab2:	0e 94 1e 03 	call	0x63c	; 0x63c <digitalWrite>
    3ab6:	3a e0       	ldi	r19, 0x0A	; 10
    3ab8:	d3 2e       	mov	r13, r19
begin():
C:\Users\Ted\Documents\Arduino\libraries\SdFat\src\SdCard/SdSpiCard.cpp:260
  spiSelect();
  DBG_BEGIN_TIME(DBG_CMD0_TIME);
  // command to go idle in SPI mode
  for (uint8_t i = 1;; i++) {
    DBG_EVENT_COUNT(DBG_CMD0_COUNT);
    if (cardCommand(CMD0, 0) == R1_IDLE_STATE) {
    3aba:	20 e0       	ldi	r18, 0x00	; 0
    3abc:	30 e0       	ldi	r19, 0x00	; 0
    3abe:	a9 01       	movw	r20, r18
    3ac0:	60 e0       	ldi	r22, 0x00	; 0
    3ac2:	88 eb       	ldi	r24, 0xB8	; 184
    3ac4:	96 e0       	ldi	r25, 0x06	; 6
    3ac6:	0e 94 ae 04 	call	0x95c	; 0x95c <SdSpiCard::cardCommand(unsigned char, unsigned long)>
    3aca:	c8 2e       	mov	r12, r24
    3acc:	e1 e0       	ldi	r30, 0x01	; 1
    3ace:	8e 17       	cp	r24, r30
    3ad0:	09 f4       	brne	.+2      	; 0x3ad4 <main+0x3d8>
    3ad2:	58 c1       	rjmp	.+688    	; 0x3d84 <main+0x688>
    3ad4:	da 94       	dec	r13
C:\Users\Ted\Documents\Arduino\libraries\SdFat\src\SdCard/SdSpiCard.cpp:263
      break;
    }
    if (i == SD_CMD0_RETRY) {
    3ad6:	d1 10       	cpse	r13, r1
    3ad8:	47 c1       	rjmp	.+654    	; 0x3d68 <main+0x66c>
_ZN9SdSpiCard5errorEh():
C:\Users\Ted\Documents\Arduino\libraries\SdFat\src\SdCard/SdSpiCard.h:95
  /**
   *  Set SD error code.
   *  \param[in] code value for error code.
   */
  void error(uint8_t code) {
    m_errorCode = code;
    3ada:	81 e0       	ldi	r24, 0x01	; 1
    3adc:	80 93 c3 06 	sts	0x06C3, r24	; 0x8006c3 <sd+0x258>
begin():
C:\Users\Ted\Documents\Arduino\libraries\SdFat\src\SdCard/SdSpiCard.cpp:327
  spiStop();
  spiSetSckSpeed(spiConfig.maxSck);
  return true;

 fail:
  spiStop();
    3ae0:	88 eb       	ldi	r24, 0xB8	; 184
    3ae2:	96 e0       	ldi	r25, 0x06	; 6
    3ae4:	0e 94 67 04 	call	0x8ce	; 0x8ce <SdSpiCard::spiStop()>
cardBegin():
C:\Users\Ted\Documents\Arduino\libraries\SdFat\src/SdFat.h:104
   *
   * \param[in] spiConfig SPI configuration.
   * \return true for success or false for failure.
   */
  bool cardBegin(SdSpiConfig spiConfig) {
    m_card = m_cardFactory.newCard(spiConfig);
    3ae8:	88 eb       	ldi	r24, 0xB8	; 184
    3aea:	96 e0       	ldi	r25, 0x06	; 6
    3aec:	90 93 b7 06 	sts	0x06B7, r25	; 0x8006b7 <sd+0x24c>
    3af0:	80 93 b6 06 	sts	0x06B6, r24	; 0x8006b6 <sd+0x24b>
    3af4:	10 91 c3 06 	lds	r17, 0x06C3	; 0x8006c3 <sd+0x258>
C:\Users\Ted\Documents\Arduino\libraries\SdFat\src/SdFat.h:105
    return m_card && !m_card->errorCode();
    3af8:	11 11       	cpse	r17, r1
    3afa:	48 c2       	rjmp	.+1168   	; 0x3f8c <main+0x890>
init():
C:\Users\Ted\Documents\Arduino\libraries\SdFat\src\FatLib/FatPartition.cpp:396
//------------------------------------------------------------------------------
bool FatPartition::init(BlockDevice* dev, uint8_t part) {
  uint32_t clusterCount;
  uint32_t totalSectors;
  uint32_t volumeStartSector = 0;
  m_blockDev = dev;
    3afc:	90 93 6c 04 	sts	0x046C, r25	; 0x80046c <sd+0x1>
    3b00:	80 93 6b 04 	sts	0x046B, r24	; 0x80046b <sd>
C:\Users\Ted\Documents\Arduino\libraries\SdFat\src\FatLib/FatPartition.cpp:401
  pbs_t* pbs;
  BpbFat32_t* bpb;
  MbrSector_t* mbr;
  uint8_t tmp;
  m_fatType = 0;
    3b04:	10 92 70 04 	sts	0x0470, r1	; 0x800470 <sd+0x5>
C:\Users\Ted\Documents\Arduino\libraries\SdFat\src\FatLib/FatPartition.cpp:402
  m_allocSearchStart = 1;
    3b08:	41 e0       	ldi	r20, 0x01	; 1
    3b0a:	50 e0       	ldi	r21, 0x00	; 0
    3b0c:	60 e0       	ldi	r22, 0x00	; 0
    3b0e:	70 e0       	ldi	r23, 0x00	; 0
    3b10:	40 93 73 04 	sts	0x0473, r20	; 0x800473 <sd+0x8>
    3b14:	50 93 74 04 	sts	0x0474, r21	; 0x800474 <sd+0x9>
    3b18:	60 93 75 04 	sts	0x0475, r22	; 0x800475 <sd+0xa>
    3b1c:	70 93 76 04 	sts	0x0476, r23	; 0x800476 <sd+0xb>
_ZN7FsCache4initEP9SdSpiCard():
C:\Users\Ted\Documents\Arduino\libraries\SdFat\src\common/fscache.h:131
  }
  /** Initialize the cache.
   * \param[in] blockDev Block device for this cache.
   */
  void init(BlockDevice* blockDev) {
    m_blockDev = blockDev;
    3b20:	90 93 8d 04 	sts	0x048D, r25	; 0x80048d <sd+0x22>
    3b24:	80 93 8c 04 	sts	0x048C, r24	; 0x80048c <sd+0x21>
_ZN7FsCache10invalidateEv():
C:\Users\Ted\Documents\Arduino\libraries\SdFat\src\common/fscache.h:136
    invalidate();
  }
  /** Invalidate current cache sector. */
  void invalidate() {
    m_status = 0;
    3b28:	10 92 8b 04 	sts	0x048B, r1	; 0x80048b <sd+0x20>
C:\Users\Ted\Documents\Arduino\libraries\SdFat\src\common/fscache.h:137
    m_sector = 0XFFFFFFFF;
    3b2c:	8f ef       	ldi	r24, 0xFF	; 255
    3b2e:	9f ef       	ldi	r25, 0xFF	; 255
    3b30:	dc 01       	movw	r26, r24
    3b32:	80 93 92 04 	sts	0x0492, r24	; 0x800492 <sd+0x27>
    3b36:	90 93 93 04 	sts	0x0493, r25	; 0x800493 <sd+0x28>
    3b3a:	a0 93 94 04 	sts	0x0494, r26	; 0x800494 <sd+0x29>
    3b3e:	b0 93 95 04 	sts	0x0495, r27	; 0x800495 <sd+0x2a>
_ZN12FatPartition14cacheFetchDataEmh():
C:\Users\Ted\Documents\Arduino\libraries\SdFat\src\FatLib/FatPartition.h:268
  bool cacheSync() {
    return m_cache.sync() && syncDevice();
  }
#endif  // USE_SEPARATE_FAT_CACHE
  cache_t* cacheFetchData(uint32_t sector, uint8_t options) {
    return reinterpret_cast<cache_t*>(m_cache.get(sector, options));
    3b42:	20 e0       	ldi	r18, 0x00	; 0
    3b44:	40 e0       	ldi	r20, 0x00	; 0
    3b46:	50 e0       	ldi	r21, 0x00	; 0
    3b48:	ba 01       	movw	r22, r20
    3b4a:	8b e8       	ldi	r24, 0x8B	; 139
    3b4c:	94 e0       	ldi	r25, 0x04	; 4
    3b4e:	0e 94 88 06 	call	0xd10	; 0xd10 <FsCache::get(unsigned long, unsigned char)>
init():
C:\Users\Ted\Documents\Arduino\libraries\SdFat\src\FatLib/FatPartition.cpp:418
    }
    mbr = reinterpret_cast<MbrSector_t*>
          (cacheFetchData(0, FsCache::CACHE_FOR_READ));
    MbrPart_t* mp = mbr->part + part - 1;

    if (!mbr || mp->type == 0 || (mp->boot != 0 && mp->boot != 0X80)) {
    3b52:	00 97       	sbiw	r24, 0x00	; 0
    3b54:	09 f4       	brne	.+2      	; 0x3b58 <main+0x45c>
    3b56:	1a c2       	rjmp	.+1076   	; 0x3f8c <main+0x890>
    3b58:	fc 01       	movw	r30, r24
    3b5a:	e2 54       	subi	r30, 0x42	; 66
    3b5c:	fe 4f       	sbci	r31, 0xFE	; 254
    3b5e:	24 81       	ldd	r18, Z+4	; 0x04
    3b60:	22 23       	and	r18, r18
    3b62:	09 f4       	brne	.+2      	; 0x3b66 <main+0x46a>
    3b64:	13 c2       	rjmp	.+1062   	; 0x3f8c <main+0x890>
    3b66:	20 81       	ld	r18, Z
    3b68:	2f 77       	andi	r18, 0x7F	; 127
    3b6a:	09 f0       	breq	.+2      	; 0x3b6e <main+0x472>
    3b6c:	0f c2       	rjmp	.+1054   	; 0x3f8c <main+0x890>
_Z7getLe32PKh():
C:\Users\Ted\Documents\Arduino\libraries\SdFat\src\common/fsstructs.h:37
    3b6e:	8a 53       	subi	r24, 0x3A	; 58
    3b70:	9e 4f       	sbci	r25, 0xFE	; 254
    3b72:	dc 01       	movw	r26, r24
    3b74:	8d 90       	ld	r8, X+
    3b76:	9d 90       	ld	r9, X+
    3b78:	ad 90       	ld	r10, X+
    3b7a:	bc 90       	ld	r11, X
_ZN12FatPartition14cacheFetchDataEmh():
C:\Users\Ted\Documents\Arduino\libraries\SdFat\src\FatLib/FatPartition.h:268
    3b7c:	b5 01       	movw	r22, r10
    3b7e:	a4 01       	movw	r20, r8
    3b80:	8b e8       	ldi	r24, 0x8B	; 139
    3b82:	94 e0       	ldi	r25, 0x04	; 4
    3b84:	0e 94 88 06 	call	0xd10	; 0xd10 <FsCache::get(unsigned long, unsigned char)>
    3b88:	fc 01       	movw	r30, r24
init():
C:\Users\Ted\Documents\Arduino\libraries\SdFat\src\FatLib/FatPartition.cpp:427
    volumeStartSector = getLe32(mp->relativeSectors);
  }
  pbs = reinterpret_cast<pbs_t*>
        (cacheFetchData(volumeStartSector, FsCache::CACHE_FOR_READ));
  bpb = reinterpret_cast<BpbFat32_t*>(pbs->bpb);
  if (!pbs || bpb->fatCount != 2 || getLe16(bpb->bytesPerSector) != 512) {
    3b8a:	89 2b       	or	r24, r25
    3b8c:	09 f4       	brne	.+2      	; 0x3b90 <main+0x494>
    3b8e:	fe c1       	rjmp	.+1020   	; 0x3f8c <main+0x890>
    3b90:	80 89       	ldd	r24, Z+16	; 0x10
    3b92:	82 30       	cpi	r24, 0x02	; 2
    3b94:	09 f0       	breq	.+2      	; 0x3b98 <main+0x49c>
    3b96:	fa c1       	rjmp	.+1012   	; 0x3f8c <main+0x890>
    3b98:	83 85       	ldd	r24, Z+11	; 0x0b
    3b9a:	94 85       	ldd	r25, Z+12	; 0x0c
    3b9c:	81 15       	cp	r24, r1
    3b9e:	92 40       	sbci	r25, 0x02	; 2
    3ba0:	09 f0       	breq	.+2      	; 0x3ba4 <main+0x4a8>
    3ba2:	f4 c1       	rjmp	.+1000   	; 0x3f8c <main+0x890>
C:\Users\Ted\Documents\Arduino\libraries\SdFat\src\FatLib/FatPartition.cpp:431
    DBG_FAIL_MACRO;
    goto fail;
  }
  m_sectorsPerCluster = bpb->sectorsPerCluster;
    3ba4:	95 85       	ldd	r25, Z+13	; 0x0d
    3ba6:	90 93 6d 04 	sts	0x046D, r25	; 0x80046d <sd+0x2>
C:\Users\Ted\Documents\Arduino\libraries\SdFat\src\FatLib/FatPartition.cpp:432
  m_clusterSectorMask = m_sectorsPerCluster - 1;
    3baa:	8f ef       	ldi	r24, 0xFF	; 255
    3bac:	89 0f       	add	r24, r25
    3bae:	80 93 6e 04 	sts	0x046E, r24	; 0x80046e <sd+0x3>
main():
C:\Users\Ted\Documents\Arduino\libraries\SdFat\src\FatLib/FatPartition.cpp:435
  // determine shift that is same as multiply by m_sectorsPerCluster
  m_sectorsPerClusterShift = 0;
  for (tmp = 1; m_sectorsPerCluster != tmp; tmp <<= 1) {
    3bb2:	81 e0       	ldi	r24, 0x01	; 1
init():
    3bb4:	98 17       	cp	r25, r24
    3bb6:	09 f4       	brne	.+2      	; 0x3bba <main+0x4be>
    3bb8:	51 c1       	rjmp	.+674    	; 0x3e5c <main+0x760>
    3bba:	1f 5f       	subi	r17, 0xFF	; 255
C:\Users\Ted\Documents\Arduino\libraries\SdFat\src\FatLib/FatPartition.cpp:436
    if (tmp == 0) {
    3bbc:	19 30       	cpi	r17, 0x09	; 9
    3bbe:	09 f4       	brne	.+2      	; 0x3bc2 <main+0x4c6>
    3bc0:	a1 c2       	rjmp	.+1346   	; 0x4104 <main+0xa08>
C:\Users\Ted\Documents\Arduino\libraries\SdFat\src\FatLib/FatPartition.cpp:435
  }
  m_sectorsPerCluster = bpb->sectorsPerCluster;
  m_clusterSectorMask = m_sectorsPerCluster - 1;
  // determine shift that is same as multiply by m_sectorsPerCluster
  m_sectorsPerClusterShift = 0;
  for (tmp = 1; m_sectorsPerCluster != tmp; tmp <<= 1) {
    3bc2:	88 0f       	add	r24, r24
    3bc4:	f7 cf       	rjmp	.-18     	; 0x3bb4 <main+0x4b8>
checkGuiConnection():
C:\Users\Ted\Documents\GitHub\OpenOBS-328\sensor\firmware\OpenOBS-328/GUI.ino:2
bool checkGuiConnection() {
  guiConnected = false;
    3bc6:	10 92 71 02 	sts	0x0271, r1	; 0x800271 <guiConnected>
    3bca:	03 e0       	ldi	r16, 0x03	; 3
    3bcc:	10 e0       	ldi	r17, 0x00	; 0
C:\Users\Ted\Documents\GitHub\OpenOBS-328\sensor\firmware\OpenOBS-328/GUI.ino:5
  int try_count = 0;
  while (try_count < COMMS_TRY) {
    sprintf(messageBuffer, "OPENOBS,%u", serialNumber);
    3bce:	67 e8       	ldi	r22, 0x87	; 135
    3bd0:	c6 2e       	mov	r12, r22
    3bd2:	61 e0       	ldi	r22, 0x01	; 1
    3bd4:	d6 2e       	mov	r13, r22
    3bd6:	7e ec       	ldi	r23, 0xCE	; 206
    3bd8:	a7 2e       	mov	r10, r23
    3bda:	72 e0       	ldi	r23, 0x02	; 2
    3bdc:	b7 2e       	mov	r11, r23
    3bde:	80 91 11 03 	lds	r24, 0x0311	; 0x800311 <serialNumber+0x1>
    3be2:	8f 93       	push	r24
    3be4:	80 91 10 03 	lds	r24, 0x0310	; 0x800310 <serialNumber>
    3be8:	8f 93       	push	r24
    3bea:	df 92       	push	r13
    3bec:	cf 92       	push	r12
    3bee:	bf 92       	push	r11
    3bf0:	af 92       	push	r10
    3bf2:	0e 94 64 31 	call	0x62c8	; 0x62c8 <sprintf>
C:\Users\Ted\Documents\GitHub\OpenOBS-328\sensor\firmware\OpenOBS-328/GUI.ino:6
    serialSend(messageBuffer);
    3bf6:	8e ec       	ldi	r24, 0xCE	; 206
    3bf8:	92 e0       	ldi	r25, 0x02	; 2
    3bfa:	0e 94 b2 17 	call	0x2f64	; 0x2f64 <serialSend(char*)>
C:\Users\Ted\Documents\GitHub\OpenOBS-328\sensor\firmware\OpenOBS-328/GUI.ino:7
    delay(50);
    3bfe:	62 e3       	ldi	r22, 0x32	; 50
    3c00:	70 e0       	ldi	r23, 0x00	; 0
    3c02:	80 e0       	ldi	r24, 0x00	; 0
    3c04:	90 e0       	ldi	r25, 0x00	; 0
    3c06:	0e 94 c1 03 	call	0x782	; 0x782 <delay>
C:\Users\Ted\Documents\GitHub\OpenOBS-328\sensor\firmware\OpenOBS-328/GUI.ino:8
    if (serialReceive(&messageBuffer[0])) {
    3c0a:	0e 94 87 0c 	call	0x190e	; 0x190e <serialReceive(char*) [clone .constprop.44]>
    3c0e:	0f 90       	pop	r0
    3c10:	0f 90       	pop	r0
    3c12:	0f 90       	pop	r0
    3c14:	0f 90       	pop	r0
    3c16:	0f 90       	pop	r0
    3c18:	0f 90       	pop	r0
    3c1a:	88 23       	and	r24, r24
    3c1c:	09 f4       	brne	.+2      	; 0x3c20 <main+0x524>
    3c1e:	82 c0       	rjmp	.+260    	; 0x3d24 <main+0x628>
C:\Users\Ted\Documents\GitHub\OpenOBS-328\sensor\firmware\OpenOBS-328/GUI.ino:9
      if (strncmp(messageBuffer, "$OPENOBS", 8) == 0) {
    3c20:	48 e0       	ldi	r20, 0x08	; 8
    3c22:	50 e0       	ldi	r21, 0x00	; 0
    3c24:	62 e9       	ldi	r22, 0x92	; 146
    3c26:	71 e0       	ldi	r23, 0x01	; 1
    3c28:	8e ec       	ldi	r24, 0xCE	; 206
    3c2a:	92 e0       	ldi	r25, 0x02	; 2
    3c2c:	0e 94 26 31 	call	0x624c	; 0x624c <strncmp>
    3c30:	89 2b       	or	r24, r25
    3c32:	09 f0       	breq	.+2      	; 0x3c36 <main+0x53a>
    3c34:	77 c0       	rjmp	.+238    	; 0x3d24 <main+0x628>
C:\Users\Ted\Documents\GitHub\OpenOBS-328\sensor\firmware\OpenOBS-328/GUI.ino:10
        startup.module.clk = RTC.begin(); //reset the RTC
    3c36:	0e 94 14 0d 	call	0x1a28	; 0x1a28 <DS3231::begin() [clone .constprop.103]>
    3c3a:	91 e0       	ldi	r25, 0x01	; 1
    3c3c:	81 11       	cpse	r24, r1
    3c3e:	01 c0       	rjmp	.+2      	; 0x3c42 <main+0x546>
    3c40:	90 e0       	ldi	r25, 0x00	; 0
    3c42:	80 91 70 02 	lds	r24, 0x0270	; 0x800270 <startup>
    3c46:	90 fb       	bst	r25, 0
    3c48:	81 f9       	bld	r24, 1
    3c4a:	80 93 70 02 	sts	0x0270, r24	; 0x800270 <startup>
C:\Users\Ted\Documents\GitHub\OpenOBS-328\sensor\firmware\OpenOBS-328/GUI.ino:11
        guiConnected = true;
    3c4e:	81 e0       	ldi	r24, 0x01	; 1
    3c50:	80 93 71 02 	sts	0x0271, r24	; 0x800271 <guiConnected>
receiveGuiSettings():
C:\Users\Ted\Documents\GitHub\OpenOBS-328\sensor\firmware\OpenOBS-328/GUI.ino:21
  }
  return false;
}

void receiveGuiSettings() {
  serialSend("READY");
    3c54:	8b e9       	ldi	r24, 0x9B	; 155
    3c56:	91 e0       	ldi	r25, 0x01	; 1
    3c58:	0e 94 b2 17 	call	0x2f64	; 0x2f64 <serialSend(char*)>
C:\Users\Ted\Documents\GitHub\OpenOBS-328\sensor\firmware\OpenOBS-328/GUI.ino:24
  //wait indefinitely while user picks settings and clicks 'send' button.
  while (true) {
    delay(100);
    3c5c:	64 e6       	ldi	r22, 0x64	; 100
    3c5e:	70 e0       	ldi	r23, 0x00	; 0
    3c60:	80 e0       	ldi	r24, 0x00	; 0
    3c62:	90 e0       	ldi	r25, 0x00	; 0
    3c64:	0e 94 c1 03 	call	0x782	; 0x782 <delay>
C:\Users\Ted\Documents\GitHub\OpenOBS-328\sensor\firmware\OpenOBS-328/GUI.ino:25
    if (serialReceive(&messageBuffer[0])) {
    3c68:	0e 94 87 0c 	call	0x190e	; 0x190e <serialReceive(char*) [clone .constprop.44]>
    3c6c:	88 23       	and	r24, r24
    3c6e:	b1 f3       	breq	.-20     	; 0x3c5c <main+0x560>
C:\Users\Ted\Documents\GitHub\OpenOBS-328\sensor\firmware\OpenOBS-328/GUI.ino:29
      //if we receive a message, start parsing the inividual words
      //hardcoded order of settings string.
      char *tmpbuf;
      tmpbuf = strtok(messageBuffer, ",");
    3c70:	61 ea       	ldi	r22, 0xA1	; 161
    3c72:	71 e0       	ldi	r23, 0x01	; 1
    3c74:	8e ec       	ldi	r24, 0xCE	; 206
    3c76:	92 e0       	ldi	r25, 0x02	; 2
    3c78:	0e 94 81 2c 	call	0x5902	; 0x5902 <strtok>
C:\Users\Ted\Documents\GitHub\OpenOBS-328\sensor\firmware\OpenOBS-328/GUI.ino:30
      if (strcmp(tmpbuf, "$SET") != 0) break; //somehow received another message.
    3c7c:	63 ea       	ldi	r22, 0xA3	; 163
    3c7e:	71 e0       	ldi	r23, 0x01	; 1
    3c80:	0e 94 1d 31 	call	0x623a	; 0x623a <strcmp>
    3c84:	89 2b       	or	r24, r25
    3c86:	09 f0       	breq	.+2      	; 0x3c8a <main+0x58e>
    3c88:	9a ce       	rjmp	.-716    	; 0x39be <main+0x2c2>
C:\Users\Ted\Documents\GitHub\OpenOBS-328\sensor\firmware\OpenOBS-328/GUI.ino:32
      
      tmpbuf = strtok(NULL, ",");
    3c8a:	61 ea       	ldi	r22, 0xA1	; 161
    3c8c:	71 e0       	ldi	r23, 0x01	; 1
    3c8e:	90 e0       	ldi	r25, 0x00	; 0
    3c90:	80 e0       	ldi	r24, 0x00	; 0
    3c92:	0e 94 81 2c 	call	0x5902	; 0x5902 <strtok>
C:\Users\Ted\Documents\GitHub\OpenOBS-328\sensor\firmware\OpenOBS-328/GUI.ino:33
      currentTime = atol(tmpbuf);
    3c96:	0e 94 5a 2c 	call	0x58b4	; 0x58b4 <atol>
    3c9a:	ab 01       	movw	r20, r22
    3c9c:	bc 01       	movw	r22, r24
C:\Users\Ted\Documents\GitHub\OpenOBS-328\sensor\firmware\OpenOBS-328/GUI.ino:34
      RTC.adjust(DateTime(currentTime)); //set RTC
    3c9e:	ce 01       	movw	r24, r28
    3ca0:	01 96       	adiw	r24, 0x01	; 1
    3ca2:	0e 94 ab 0b 	call	0x1756	; 0x1756 <DateTime::DateTime(long)>
    3ca6:	ce 01       	movw	r24, r28
    3ca8:	01 96       	adiw	r24, 0x01	; 1
    3caa:	0e 94 90 0a 	call	0x1520	; 0x1520 <DS3231::adjust(DateTime const&) [clone .constprop.41]>
C:\Users\Ted\Documents\GitHub\OpenOBS-328\sensor\firmware\OpenOBS-328/GUI.ino:36
      
      tmpbuf = strtok(NULL, ",");
    3cae:	61 ea       	ldi	r22, 0xA1	; 161
    3cb0:	71 e0       	ldi	r23, 0x01	; 1
    3cb2:	90 e0       	ldi	r25, 0x00	; 0
    3cb4:	80 e0       	ldi	r24, 0x00	; 0
    3cb6:	0e 94 81 2c 	call	0x5902	; 0x5902 <strtok>
C:\Users\Ted\Documents\GitHub\OpenOBS-328\sensor\firmware\OpenOBS-328/GUI.ino:37
      sleepDuration_seconds = atol(tmpbuf);
    3cba:	0e 94 5a 2c 	call	0x58b4	; 0x58b4 <atol>
    3cbe:	60 93 0c 03 	sts	0x030C, r22	; 0x80030c <sleepDuration_seconds>
    3cc2:	70 93 0d 03 	sts	0x030D, r23	; 0x80030d <sleepDuration_seconds+0x1>
    3cc6:	80 93 0e 03 	sts	0x030E, r24	; 0x80030e <sleepDuration_seconds+0x2>
    3cca:	90 93 0f 03 	sts	0x030F, r25	; 0x80030f <sleepDuration_seconds+0x3>
C:\Users\Ted\Documents\GitHub\OpenOBS-328\sensor\firmware\OpenOBS-328/GUI.ino:38
      EEPROM.put(SLEEP_ADDR, sleepDuration_seconds); //store the new value.
    3cce:	0e 94 a9 18 	call	0x3152	; 0x3152 <long const& EEPROMClass::put<long>(int, long const&) [clone .isra.12] [clone .constprop.95]>
C:\Users\Ted\Documents\GitHub\OpenOBS-328\sensor\firmware\OpenOBS-328/GUI.ino:40
      
      tmpbuf = strtok(NULL, ",");
    3cd2:	61 ea       	ldi	r22, 0xA1	; 161
    3cd4:	71 e0       	ldi	r23, 0x01	; 1
    3cd6:	90 e0       	ldi	r25, 0x00	; 0
    3cd8:	80 e0       	ldi	r24, 0x00	; 0
    3cda:	0e 94 81 2c 	call	0x5902	; 0x5902 <strtok>
C:\Users\Ted\Documents\GitHub\OpenOBS-328\sensor\firmware\OpenOBS-328/GUI.ino:41
      delayedStart_seconds = atol(tmpbuf);
    3cde:	0e 94 5a 2c 	call	0x58b4	; 0x58b4 <atol>
    3ce2:	60 93 75 02 	sts	0x0275, r22	; 0x800275 <delayedStart_seconds>
    3ce6:	70 93 76 02 	sts	0x0276, r23	; 0x800276 <delayedStart_seconds+0x1>
    3cea:	80 93 77 02 	sts	0x0277, r24	; 0x800277 <delayedStart_seconds+0x2>
    3cee:	90 93 78 02 	sts	0x0278, r25	; 0x800278 <delayedStart_seconds+0x3>
C:\Users\Ted\Documents\GitHub\OpenOBS-328\sensor\firmware\OpenOBS-328/GUI.ino:43
      
      tmpbuf = strtok(NULL, ",");
    3cf2:	61 ea       	ldi	r22, 0xA1	; 161
    3cf4:	71 e0       	ldi	r23, 0x01	; 1
    3cf6:	90 e0       	ldi	r25, 0x00	; 0
    3cf8:	80 e0       	ldi	r24, 0x00	; 0
    3cfa:	0e 94 81 2c 	call	0x5902	; 0x5902 <strtok>
C:\Users\Ted\Documents\GitHub\OpenOBS-328\sensor\firmware\OpenOBS-328/GUI.ino:44
      measFlags = atol(tmpbuf);
    3cfe:	0e 94 5a 2c 	call	0x58b4	; 0x58b4 <atol>
    3d02:	60 93 01 01 	sts	0x0101, r22	; 0x800101 <measFlags>
C:\Users\Ted\Documents\GitHub\OpenOBS-328\sensor\firmware\OpenOBS-328/GUI.ino:47
//      sensors.setMeasurementFlags(measFlags);
      
      tmpbuf = strtok(NULL, "*");
    3d06:	68 ea       	ldi	r22, 0xA8	; 168
    3d08:	71 e0       	ldi	r23, 0x01	; 1
    3d0a:	90 e0       	ldi	r25, 0x00	; 0
    3d0c:	80 e0       	ldi	r24, 0x00	; 0
    3d0e:	0e 94 81 2c 	call	0x5902	; 0x5902 <strtok>
C:\Users\Ted\Documents\GitHub\OpenOBS-328\sensor\firmware\OpenOBS-328/GUI.ino:48
      iredCurrent = atol(tmpbuf);
    3d12:	0e 94 5a 2c 	call	0x58b4	; 0x58b4 <atol>
    3d16:	60 93 00 01 	sts	0x0100, r22	; 0x800100 <__data_start>
C:\Users\Ted\Documents\GitHub\OpenOBS-328\sensor\firmware\OpenOBS-328/GUI.ino:51
//      sensors.setBackscatterCurrent(iredCurrent/10);
      
      serialSend("SET,SUCCESS");
    3d1a:	8a ea       	ldi	r24, 0xAA	; 170
    3d1c:	91 e0       	ldi	r25, 0x01	; 1
    3d1e:	0e 94 b2 17 	call	0x2f64	; 0x2f64 <serialSend(char*)>
    3d22:	4d ce       	rjmp	.-870    	; 0x39be <main+0x2c2>
    3d24:	01 50       	subi	r16, 0x01	; 1
    3d26:	11 09       	sbc	r17, r1
checkGuiConnection():
C:\Users\Ted\Documents\GitHub\OpenOBS-328\sensor\firmware\OpenOBS-328/GUI.ino:4
bool checkGuiConnection() {
  guiConnected = false;
  int try_count = 0;
  while (try_count < COMMS_TRY) {
    3d28:	09 f0       	breq	.+2      	; 0x3d2c <main+0x630>
    3d2a:	59 cf       	rjmp	.-334    	; 0x3bde <main+0x4e2>
operator*():
C:\Users\Ted\AppData\Local\Arduino15\packages\MiniCore\hardware\avr\2.1.3\libraries\EEPROM\src/EEPROM.h:42

    EERef( const int index )
        : index( index )                 {}
    
    //Access/read members.
    uint8_t operator*() const            { return eeprom_read_byte( (uint8_t*) index ); }
    3d2c:	90 e0       	ldi	r25, 0x00	; 0
    3d2e:	80 e0       	ldi	r24, 0x00	; 0
    3d30:	0e 94 40 2f 	call	0x5e80	; 0x5e80 <eeprom_read_byte>
_ZN11EEPROMClass3getIlEERT_iS2_.isra.13():
C:\Users\Ted\AppData\Local\Arduino15\packages\MiniCore\hardware\avr\2.1.3\libraries\EEPROM\src/EEPROM.h:133
    
    //Functionality to 'get' and 'put' objects to and from EEPROM.
    template< typename T > T &get( int idx, T &t ){
        EEPtr e = idx;
        uint8_t *ptr = (uint8_t*) &t;
        for( int count = sizeof(T) ; count ; --count, ++e )  *ptr++ = *e;
    3d34:	80 93 0c 03 	sts	0x030C, r24	; 0x80030c <sleepDuration_seconds>
operator*():
C:\Users\Ted\AppData\Local\Arduino15\packages\MiniCore\hardware\avr\2.1.3\libraries\EEPROM\src/EEPROM.h:42

    EERef( const int index )
        : index( index )                 {}
    
    //Access/read members.
    uint8_t operator*() const            { return eeprom_read_byte( (uint8_t*) index ); }
    3d38:	81 e0       	ldi	r24, 0x01	; 1
    3d3a:	90 e0       	ldi	r25, 0x00	; 0
    3d3c:	0e 94 40 2f 	call	0x5e80	; 0x5e80 <eeprom_read_byte>
_ZN11EEPROMClass3getIlEERT_iS2_.isra.13():
C:\Users\Ted\AppData\Local\Arduino15\packages\MiniCore\hardware\avr\2.1.3\libraries\EEPROM\src/EEPROM.h:133
    
    //Functionality to 'get' and 'put' objects to and from EEPROM.
    template< typename T > T &get( int idx, T &t ){
        EEPtr e = idx;
        uint8_t *ptr = (uint8_t*) &t;
        for( int count = sizeof(T) ; count ; --count, ++e )  *ptr++ = *e;
    3d40:	80 93 0d 03 	sts	0x030D, r24	; 0x80030d <sleepDuration_seconds+0x1>
operator*():
C:\Users\Ted\AppData\Local\Arduino15\packages\MiniCore\hardware\avr\2.1.3\libraries\EEPROM\src/EEPROM.h:42

    EERef( const int index )
        : index( index )                 {}
    
    //Access/read members.
    uint8_t operator*() const            { return eeprom_read_byte( (uint8_t*) index ); }
    3d44:	82 e0       	ldi	r24, 0x02	; 2
    3d46:	90 e0       	ldi	r25, 0x00	; 0
    3d48:	0e 94 40 2f 	call	0x5e80	; 0x5e80 <eeprom_read_byte>
_ZN11EEPROMClass3getIlEERT_iS2_.isra.13():
C:\Users\Ted\AppData\Local\Arduino15\packages\MiniCore\hardware\avr\2.1.3\libraries\EEPROM\src/EEPROM.h:133
    
    //Functionality to 'get' and 'put' objects to and from EEPROM.
    template< typename T > T &get( int idx, T &t ){
        EEPtr e = idx;
        uint8_t *ptr = (uint8_t*) &t;
        for( int count = sizeof(T) ; count ; --count, ++e )  *ptr++ = *e;
    3d4c:	80 93 0e 03 	sts	0x030E, r24	; 0x80030e <sleepDuration_seconds+0x2>
operator*():
C:\Users\Ted\AppData\Local\Arduino15\packages\MiniCore\hardware\avr\2.1.3\libraries\EEPROM\src/EEPROM.h:42

    EERef( const int index )
        : index( index )                 {}
    
    //Access/read members.
    uint8_t operator*() const            { return eeprom_read_byte( (uint8_t*) index ); }
    3d50:	83 e0       	ldi	r24, 0x03	; 3
    3d52:	90 e0       	ldi	r25, 0x00	; 0
    3d54:	0e 94 40 2f 	call	0x5e80	; 0x5e80 <eeprom_read_byte>
_ZN11EEPROMClass3getIlEERT_iS2_.isra.13():
C:\Users\Ted\AppData\Local\Arduino15\packages\MiniCore\hardware\avr\2.1.3\libraries\EEPROM\src/EEPROM.h:133
    
    //Functionality to 'get' and 'put' objects to and from EEPROM.
    template< typename T > T &get( int idx, T &t ){
        EEPtr e = idx;
        uint8_t *ptr = (uint8_t*) &t;
        for( int count = sizeof(T) ; count ; --count, ++e )  *ptr++ = *e;
    3d58:	80 93 0f 03 	sts	0x030F, r24	; 0x80030f <sleepDuration_seconds+0x3>
getDataLoggerSettings():
C:\Users\Ted\Documents\GitHub\OpenOBS-328\sensor\firmware\OpenOBS-328/OpenOBS-328.ino:170
    receiveGuiSettings();
  }
  else {
    //if no contact from GUI, read last stored value
    EEPROM.get(SLEEP_ADDR, sleepDuration_seconds);
    startup.module.clk = true; //assume true if logger woke up.
    3d5c:	80 91 70 02 	lds	r24, 0x0270	; 0x800270 <startup>
    3d60:	82 60       	ori	r24, 0x02	; 2
    3d62:	80 93 70 02 	sts	0x0270, r24	; 0x800270 <startup>
    3d66:	2b ce       	rjmp	.-938    	; 0x39be <main+0x2c2>
_ZN18SdSpiArduinoDriver4sendEh():
C:\Users\Ted\Documents\Arduino\libraries\SdFat\src\SpiDriver/SdSpiAvr.h:68
    3d68:	8d ef       	ldi	r24, 0xFD	; 253
    3d6a:	0e 94 42 04 	call	0x884	; 0x884 <SPIClass::transfer(unsigned char)>
    3d6e:	28 e0       	ldi	r18, 0x08	; 8
    3d70:	a2 2e       	mov	r10, r18
    3d72:	22 e0       	ldi	r18, 0x02	; 2
    3d74:	b2 2e       	mov	r11, r18
_ZN9SdSpiCard10spiReceiveEv.isra.17():
C:\Users\Ted\Documents\Arduino\libraries\SdFat\src\SdCard/SdSpiCard.h:310
  }
  void spiDeactivate() {
    m_spiDriver.deactivate();
  }
  uint8_t spiReceive() {
    return m_spiDriver.receive();
    3d76:	0e 94 49 04 	call	0x892	; 0x892 <SdSpiArduinoDriver::receive() [clone .isra.6]>
    3d7a:	f1 e0       	ldi	r31, 0x01	; 1
    3d7c:	af 1a       	sub	r10, r31
    3d7e:	b1 08       	sbc	r11, r1
begin():
C:\Users\Ted\Documents\Arduino\libraries\SdFat\src\SdCard/SdSpiCard.cpp:270
      goto fail;
    }
    // stop multi-block write
    spiSend(STOP_TRAN_TOKEN);
    // finish block transfer
    for (int i = 0; i < 520; i++) {
    3d80:	d1 f7       	brne	.-12     	; 0x3d76 <main+0x67a>
    3d82:	9b ce       	rjmp	.-714    	; 0x3aba <main+0x3be>
C:\Users\Ted\Documents\Arduino\libraries\SdFat\src\SdCard/SdSpiCard.cpp:283
    goto fail;
  }
#endif  // USE_SD_CRC

  // check SD version
  if (!(cardCommand(CMD8, 0x1AA) & R1_ILLEGAL_COMMAND)) {
    3d84:	2a ea       	ldi	r18, 0xAA	; 170
    3d86:	31 e0       	ldi	r19, 0x01	; 1
    3d88:	40 e0       	ldi	r20, 0x00	; 0
    3d8a:	50 e0       	ldi	r21, 0x00	; 0
    3d8c:	68 e0       	ldi	r22, 0x08	; 8
    3d8e:	88 eb       	ldi	r24, 0xB8	; 184
    3d90:	96 e0       	ldi	r25, 0x06	; 6
    3d92:	0e 94 ae 04 	call	0x95c	; 0x95c <SdSpiCard::cardCommand(unsigned char, unsigned long)>
    3d96:	82 fd       	sbrc	r24, 2
    3d98:	10 c0       	rjmp	.+32     	; 0x3dba <main+0x6be>
_ZN9SdSpiCard4typeEh():
C:\Users\Ted\Documents\Arduino\libraries\SdFat\src\SdCard/SdSpiCard.h:291
  bool readRegister(uint8_t cmd, void* buf);
  void spiSelect() {
    sdCsWrite(m_csPin, false);
  }
  void type(uint8_t value) {
    m_type = value;
    3d9a:	82 e0       	ldi	r24, 0x02	; 2
    3d9c:	80 93 c6 06 	sts	0x06C6, r24	; 0x8006c6 <sd+0x25b>
    3da0:	94 e0       	ldi	r25, 0x04	; 4
    3da2:	d9 2e       	mov	r13, r25
_ZN9SdSpiCard10spiReceiveEv():
C:\Users\Ted\Documents\Arduino\libraries\SdFat\src\SdCard/SdSpiCard.h:310
  }
  void spiDeactivate() {
    m_spiDriver.deactivate();
  }
  uint8_t spiReceive() {
    return m_spiDriver.receive();
    3da4:	0e 94 49 04 	call	0x892	; 0x892 <SdSpiArduinoDriver::receive() [clone .isra.6]>
begin():
C:\Users\Ted\Documents\Arduino\libraries\SdFat\src\SdCard/SdSpiCard.cpp:286
    type(SD_CARD_TYPE_SD2);
    for (uint8_t i = 0; i < 4; i++) {
      m_status = spiReceive();
    3da8:	80 93 c5 06 	sts	0x06C5, r24	; 0x8006c5 <sd+0x25a>
    3dac:	da 94       	dec	r13
C:\Users\Ted\Documents\Arduino\libraries\SdFat\src\SdCard/SdSpiCard.cpp:285
#endif  // USE_SD_CRC

  // check SD version
  if (!(cardCommand(CMD8, 0x1AA) & R1_ILLEGAL_COMMAND)) {
    type(SD_CARD_TYPE_SD2);
    for (uint8_t i = 0; i < 4; i++) {
    3dae:	d1 10       	cpse	r13, r1
    3db0:	f9 cf       	rjmp	.-14     	; 0x3da4 <main+0x6a8>
C:\Users\Ted\Documents\Arduino\libraries\SdFat\src\SdCard/SdSpiCard.cpp:288
      m_status = spiReceive();
    }
    if (m_status != 0XAA) {
    3db2:	8a 3a       	cpi	r24, 0xAA	; 170
    3db4:	21 f0       	breq	.+8      	; 0x3dbe <main+0x6c2>
_ZN9SdSpiCard5errorEh():
C:\Users\Ted\Documents\Arduino\libraries\SdFat\src\SdCard/SdSpiCard.h:95
  /**
   *  Set SD error code.
   *  \param[in] code value for error code.
   */
  void error(uint8_t code) {
    m_errorCode = code;
    3db6:	86 e0       	ldi	r24, 0x06	; 6
    3db8:	91 ce       	rjmp	.-734    	; 0x3adc <main+0x3e0>
_ZN9SdSpiCard4typeEh():
C:\Users\Ted\Documents\Arduino\libraries\SdFat\src\SdCard/SdSpiCard.h:291
  bool readRegister(uint8_t cmd, void* buf);
  void spiSelect() {
    sdCsWrite(m_csPin, false);
  }
  void type(uint8_t value) {
    m_type = value;
    3dba:	c0 92 c6 06 	sts	0x06C6, r12	; 0x8006c6 <sd+0x25b>
begin():
C:\Users\Ted\Documents\Arduino\libraries\SdFat\src\SdCard/SdSpiCard.cpp:296
    }
  } else {
    type(SD_CARD_TYPE_SD1);
  }
  // initialize card and send host supports SDHC if SD2
  arg = type() == SD_CARD_TYPE_SD2 ? 0X40000000 : 0;
    3dbe:	80 91 c6 06 	lds	r24, 0x06C6	; 0x8006c6 <sd+0x25b>
main():
    3dc2:	81 2c       	mov	r8, r1
    3dc4:	91 2c       	mov	r9, r1
    3dc6:	54 01       	movw	r10, r8
begin():
    3dc8:	82 30       	cpi	r24, 0x02	; 2
    3dca:	29 f4       	brne	.+10     	; 0x3dd6 <main+0x6da>
main():
    3dcc:	81 2c       	mov	r8, r1
    3dce:	91 2c       	mov	r9, r1
    3dd0:	a1 2c       	mov	r10, r1
    3dd2:	80 e4       	ldi	r24, 0x40	; 64
    3dd4:	b8 2e       	mov	r11, r24
cardAcmd():
C:\Users\Ted\Documents\Arduino\libraries\SdFat\src\SdCard/SdSpiCard.h:280
  void spiStop();

 private:
  // private functions
  uint8_t cardAcmd(uint8_t cmd, uint32_t arg) {
    cardCommand(CMD55, 0);
    3dd6:	20 e0       	ldi	r18, 0x00	; 0
    3dd8:	30 e0       	ldi	r19, 0x00	; 0
    3dda:	a9 01       	movw	r20, r18
    3ddc:	67 e3       	ldi	r22, 0x37	; 55
    3dde:	88 eb       	ldi	r24, 0xB8	; 184
    3de0:	96 e0       	ldi	r25, 0x06	; 6
    3de2:	0e 94 ae 04 	call	0x95c	; 0x95c <SdSpiCard::cardCommand(unsigned char, unsigned long)>
C:\Users\Ted\Documents\Arduino\libraries\SdFat\src\SdCard/SdSpiCard.h:281
    return cardCommand(cmd, arg);
    3de6:	a5 01       	movw	r20, r10
    3de8:	94 01       	movw	r18, r8
    3dea:	69 e2       	ldi	r22, 0x29	; 41
    3dec:	88 eb       	ldi	r24, 0xB8	; 184
    3dee:	96 e0       	ldi	r25, 0x06	; 6
    3df0:	0e 94 ae 04 	call	0x95c	; 0x95c <SdSpiCard::cardCommand(unsigned char, unsigned long)>
begin():
C:\Users\Ted\Documents\Arduino\libraries\SdFat\src\SdCard/SdSpiCard.cpp:298
  DBG_BEGIN_TIME(DBG_ACMD41_TIME);
  while (cardAcmd(ACMD41, arg) != R1_READY_STATE) {
    3df4:	88 23       	and	r24, r24
    3df6:	49 f0       	breq	.+18     	; 0x3e0a <main+0x70e>
curTimeMS():
C:\Users\Ted\Documents\Arduino\libraries\SdFat\src\common/syscall.h:77
    3df8:	0e 94 f4 03 	call	0x7e8	; 0x7e8 <millis>
isTimedOut():
C:\Users\Ted\Documents\Arduino\libraries\SdFat\src\SdCard/SdSpiCard.cpp:465
  if ((SysCall::curTimeMS() - last) > WDT_YIELD_TIME_MILLIS) {
    SysCall::yield();
    last = SysCall::curTimeMS();
  }
#endif  // WDT_YIELD_TIME_MILLIS
  return (SysCall::curTimeMS() - startMS) > timeoutMS;
    3dfc:	60 1b       	sub	r22, r16
    3dfe:	71 0b       	sbc	r23, r17
begin():
C:\Users\Ted\Documents\Arduino\libraries\SdFat\src\SdCard/SdSpiCard.cpp:301
  arg = type() == SD_CARD_TYPE_SD2 ? 0X40000000 : 0;
  DBG_BEGIN_TIME(DBG_ACMD41_TIME);
  while (cardAcmd(ACMD41, arg) != R1_READY_STATE) {
    DBG_EVENT_COUNT(DBG_ACMD41_COUNT);
    // check for timeout
    if (isTimedOut(t0, SD_INIT_TIMEOUT)) {
    3e00:	61 3d       	cpi	r22, 0xD1	; 209
    3e02:	77 40       	sbci	r23, 0x07	; 7
    3e04:	40 f3       	brcs	.-48     	; 0x3dd6 <main+0x6da>
_ZN9SdSpiCard5errorEh():
C:\Users\Ted\Documents\Arduino\libraries\SdFat\src\SdCard/SdSpiCard.h:95
  /**
   *  Set SD error code.
   *  \param[in] code value for error code.
   */
  void error(uint8_t code) {
    m_errorCode = code;
    3e06:	87 e1       	ldi	r24, 0x17	; 23
    3e08:	69 ce       	rjmp	.-814    	; 0x3adc <main+0x3e0>
begin():
C:\Users\Ted\Documents\Arduino\libraries\SdFat\src\SdCard/SdSpiCard.cpp:309
    }
  }
  DBG_END_TIME(DBG_ACMD41_TIME);

  // if SD2 read OCR register to check for SDHC card
  if (type() == SD_CARD_TYPE_SD2) {
    3e0a:	80 91 c6 06 	lds	r24, 0x06C6	; 0x8006c6 <sd+0x25b>
    3e0e:	82 30       	cpi	r24, 0x02	; 2
    3e10:	d1 f4       	brne	.+52     	; 0x3e46 <main+0x74a>
C:\Users\Ted\Documents\Arduino\libraries\SdFat\src\SdCard/SdSpiCard.cpp:310
    if (cardCommand(CMD58, 0)) {
    3e12:	20 e0       	ldi	r18, 0x00	; 0
    3e14:	30 e0       	ldi	r19, 0x00	; 0
    3e16:	a9 01       	movw	r20, r18
    3e18:	6a e3       	ldi	r22, 0x3A	; 58
    3e1a:	88 eb       	ldi	r24, 0xB8	; 184
    3e1c:	96 e0       	ldi	r25, 0x06	; 6
    3e1e:	0e 94 ae 04 	call	0x95c	; 0x95c <SdSpiCard::cardCommand(unsigned char, unsigned long)>
    3e22:	88 23       	and	r24, r24
    3e24:	11 f0       	breq	.+4      	; 0x3e2a <main+0x72e>
_ZN9SdSpiCard5errorEh():
C:\Users\Ted\Documents\Arduino\libraries\SdFat\src\SdCard/SdSpiCard.h:95
    3e26:	82 e1       	ldi	r24, 0x12	; 18
    3e28:	59 ce       	rjmp	.-846    	; 0x3adc <main+0x3e0>
_ZN9SdSpiCard10spiReceiveEv():
C:\Users\Ted\Documents\Arduino\libraries\SdFat\src\SdCard/SdSpiCard.h:310
  }
  void spiDeactivate() {
    m_spiDriver.deactivate();
  }
  uint8_t spiReceive() {
    return m_spiDriver.receive();
    3e2a:	0e 94 49 04 	call	0x892	; 0x892 <SdSpiArduinoDriver::receive() [clone .isra.6]>
begin():
C:\Users\Ted\Documents\Arduino\libraries\SdFat\src\SdCard/SdSpiCard.cpp:314
      error(SD_CARD_ERROR_CMD58);
      goto fail;
    }
    if ((spiReceive() & 0XC0) == 0XC0) {
    3e2e:	80 7c       	andi	r24, 0xC0	; 192
    3e30:	80 3c       	cpi	r24, 0xC0	; 192
    3e32:	19 f4       	brne	.+6      	; 0x3e3a <main+0x73e>
_ZN9SdSpiCard4typeEh():
C:\Users\Ted\Documents\Arduino\libraries\SdFat\src\SdCard/SdSpiCard.h:291
  bool readRegister(uint8_t cmd, void* buf);
  void spiSelect() {
    sdCsWrite(m_csPin, false);
  }
  void type(uint8_t value) {
    m_type = value;
    3e34:	83 e0       	ldi	r24, 0x03	; 3
    3e36:	80 93 c6 06 	sts	0x06C6, r24	; 0x8006c6 <sd+0x25b>
_ZN9SdSpiCard10spiReceiveEv.isra.17():
C:\Users\Ted\Documents\Arduino\libraries\SdFat\src\SdCard/SdSpiCard.h:310
  }
  void spiDeactivate() {
    m_spiDriver.deactivate();
  }
  uint8_t spiReceive() {
    return m_spiDriver.receive();
    3e3a:	0e 94 49 04 	call	0x892	; 0x892 <SdSpiArduinoDriver::receive() [clone .isra.6]>
    3e3e:	0e 94 49 04 	call	0x892	; 0x892 <SdSpiArduinoDriver::receive() [clone .isra.6]>
    3e42:	0e 94 49 04 	call	0x892	; 0x892 <SdSpiArduinoDriver::receive() [clone .isra.6]>
begin():
C:\Users\Ted\Documents\Arduino\libraries\SdFat\src\SdCard/SdSpiCard.cpp:322
    // Discard rest of ocr - contains allowed voltage range.
    for (uint8_t i = 0; i < 3; i++) {
      spiReceive();
    }
  }
  spiStop();
    3e46:	88 eb       	ldi	r24, 0xB8	; 184
    3e48:	96 e0       	ldi	r25, 0x06	; 6
    3e4a:	0e 94 67 04 	call	0x8ce	; 0x8ce <SdSpiCard::spiStop()>
_ZN18SdSpiArduinoDriver11setSckSpeedEm.isra.2():
C:\Users\Ted\Documents\Arduino\libraries\SdFat\src\SpiDriver/SdSpiArduinoDriver.h:81
    3e4e:	80 e5       	ldi	r24, 0x50	; 80
    3e50:	80 93 ba 06 	sts	0x06BA, r24	; 0x8006ba <sd+0x24f>
    3e54:	81 e0       	ldi	r24, 0x01	; 1
    3e56:	80 93 bb 06 	sts	0x06BB, r24	; 0x8006bb <sd+0x250>
    3e5a:	46 ce       	rjmp	.-884    	; 0x3ae8 <main+0x3ec>
    3e5c:	10 93 6f 04 	sts	0x046F, r17	; 0x80046f <sd+0x4>
init():
C:\Users\Ted\Documents\Arduino\libraries\SdFat\src\FatLib/FatPartition.cpp:442
      DBG_FAIL_MACRO;
      goto fail;
    }
    m_sectorsPerClusterShift++;
  }
  m_sectorsPerFat = getLe16(bpb->sectorsPerFat16);
    3e60:	86 89       	ldd	r24, Z+22	; 0x16
    3e62:	97 89       	ldd	r25, Z+23	; 0x17
    3e64:	b0 e0       	ldi	r27, 0x00	; 0
    3e66:	a0 e0       	ldi	r26, 0x00	; 0
    3e68:	80 93 77 04 	sts	0x0477, r24	; 0x800477 <sd+0xc>
    3e6c:	90 93 78 04 	sts	0x0478, r25	; 0x800478 <sd+0xd>
    3e70:	a0 93 79 04 	sts	0x0479, r26	; 0x800479 <sd+0xe>
    3e74:	b0 93 7a 04 	sts	0x047A, r27	; 0x80047a <sd+0xf>
C:\Users\Ted\Documents\Arduino\libraries\SdFat\src\FatLib/FatPartition.cpp:443
  if (m_sectorsPerFat == 0) {
    3e78:	89 2b       	or	r24, r25
    3e7a:	8a 2b       	or	r24, r26
    3e7c:	8b 2b       	or	r24, r27
    3e7e:	61 f4       	brne	.+24     	; 0x3e98 <main+0x79c>
C:\Users\Ted\Documents\Arduino\libraries\SdFat\src\FatLib/FatPartition.cpp:444
    m_sectorsPerFat = getLe32(bpb->sectorsPerFat32);
    3e80:	84 a1       	ldd	r24, Z+36	; 0x24
    3e82:	95 a1       	ldd	r25, Z+37	; 0x25
    3e84:	a6 a1       	ldd	r26, Z+38	; 0x26
    3e86:	b7 a1       	ldd	r27, Z+39	; 0x27
    3e88:	80 93 77 04 	sts	0x0477, r24	; 0x800477 <sd+0xc>
    3e8c:	90 93 78 04 	sts	0x0478, r25	; 0x800478 <sd+0xd>
    3e90:	a0 93 79 04 	sts	0x0479, r26	; 0x800479 <sd+0xe>
    3e94:	b0 93 7a 04 	sts	0x047A, r27	; 0x80047a <sd+0xf>
C:\Users\Ted\Documents\Arduino\libraries\SdFat\src\FatLib/FatPartition.cpp:446
  }
  m_fatStartSector = volumeStartSector + getLe16(bpb->reservedSectorCount);
    3e98:	86 85       	ldd	r24, Z+14	; 0x0e
    3e9a:	97 85       	ldd	r25, Z+15	; 0x0f
    3e9c:	24 01       	movw	r4, r8
    3e9e:	35 01       	movw	r6, r10
    3ea0:	48 0e       	add	r4, r24
    3ea2:	59 1e       	adc	r5, r25
    3ea4:	61 1c       	adc	r6, r1
    3ea6:	71 1c       	adc	r7, r1
    3ea8:	40 92 7f 04 	sts	0x047F, r4	; 0x80047f <sd+0x14>
    3eac:	50 92 80 04 	sts	0x0480, r5	; 0x800480 <sd+0x15>
    3eb0:	60 92 81 04 	sts	0x0481, r6	; 0x800481 <sd+0x16>
    3eb4:	70 92 82 04 	sts	0x0482, r7	; 0x800482 <sd+0x17>
_Z7getLe16PKh():
C:\Users\Ted\Documents\Arduino\libraries\SdFat\src\common/fsstructs.h:34
void lbaToMbrChs(uint8_t* chs, uint32_t capacityMB, uint32_t lba);
//-----------------------------------------------------------------------------
#if !defined(USE_SIMPLE_LITTLE_ENDIAN) || USE_SIMPLE_LITTLE_ENDIAN
// assumes CPU is little-endian and handles alignment issues.
inline uint16_t getLe16(const uint8_t* src) {
  return *reinterpret_cast<const uint16_t*>(src);
    3eb8:	21 89       	ldd	r18, Z+17	; 0x11
    3eba:	32 89       	ldd	r19, Z+18	; 0x12
init():
C:\Users\Ted\Documents\Arduino\libraries\SdFat\src\FatLib/FatPartition.cpp:449

  // count for FAT16 zero for FAT32
  m_rootDirEntryCount = getLe16(bpb->rootDirEntryCount);
    3ebc:	30 93 72 04 	sts	0x0472, r19	; 0x800472 <sd+0x7>
    3ec0:	20 93 71 04 	sts	0x0471, r18	; 0x800471 <sd+0x6>
C:\Users\Ted\Documents\Arduino\libraries\SdFat\src\FatLib/FatPartition.cpp:452

  // directory start for FAT16 dataStart for FAT32
  m_rootDirStart = m_fatStartSector + 2 * m_sectorsPerFat;
    3ec4:	80 91 77 04 	lds	r24, 0x0477	; 0x800477 <sd+0xc>
    3ec8:	90 91 78 04 	lds	r25, 0x0478	; 0x800478 <sd+0xd>
    3ecc:	a0 91 79 04 	lds	r26, 0x0479	; 0x800479 <sd+0xe>
    3ed0:	b0 91 7a 04 	lds	r27, 0x047A	; 0x80047a <sd+0xf>
    3ed4:	ac 01       	movw	r20, r24
    3ed6:	bd 01       	movw	r22, r26
    3ed8:	44 0f       	add	r20, r20
    3eda:	55 1f       	adc	r21, r21
    3edc:	66 1f       	adc	r22, r22
    3ede:	77 1f       	adc	r23, r23
    3ee0:	44 0d       	add	r20, r4
    3ee2:	55 1d       	adc	r21, r5
    3ee4:	66 1d       	adc	r22, r6
    3ee6:	77 1d       	adc	r23, r7
    3ee8:	40 93 87 04 	sts	0x0487, r20	; 0x800487 <sd+0x1c>
    3eec:	50 93 88 04 	sts	0x0488, r21	; 0x800488 <sd+0x1d>
    3ef0:	60 93 89 04 	sts	0x0489, r22	; 0x800489 <sd+0x1e>
    3ef4:	70 93 8a 04 	sts	0x048A, r23	; 0x80048a <sd+0x1f>
C:\Users\Ted\Documents\Arduino\libraries\SdFat\src\FatLib/FatPartition.cpp:455
  // data start for FAT16 and FAT32
  m_dataStartSector = m_rootDirStart +
    ((32 * m_rootDirEntryCount + m_bytesPerSector - 1)/m_bytesPerSector);
    3ef8:	05 e0       	ldi	r16, 0x05	; 5
    3efa:	22 0f       	add	r18, r18
    3efc:	33 1f       	adc	r19, r19
    3efe:	0a 95       	dec	r16
    3f00:	e1 f7       	brne	.-8      	; 0x3efa <main+0x7fe>
    3f02:	21 50       	subi	r18, 0x01	; 1
    3f04:	3e 4f       	sbci	r19, 0xFE	; 254
    3f06:	23 2f       	mov	r18, r19
    3f08:	33 27       	eor	r19, r19
    3f0a:	26 95       	lsr	r18
C:\Users\Ted\Documents\Arduino\libraries\SdFat\src\FatLib/FatPartition.cpp:454
  m_rootDirEntryCount = getLe16(bpb->rootDirEntryCount);

  // directory start for FAT16 dataStart for FAT32
  m_rootDirStart = m_fatStartSector + 2 * m_sectorsPerFat;
  // data start for FAT16 and FAT32
  m_dataStartSector = m_rootDirStart +
    3f0c:	42 0f       	add	r20, r18
    3f0e:	53 1f       	adc	r21, r19
    3f10:	61 1d       	adc	r22, r1
    3f12:	71 1d       	adc	r23, r1
    3f14:	40 93 7b 04 	sts	0x047B, r20	; 0x80047b <sd+0x10>
    3f18:	50 93 7c 04 	sts	0x047C, r21	; 0x80047c <sd+0x11>
    3f1c:	60 93 7d 04 	sts	0x047D, r22	; 0x80047d <sd+0x12>
    3f20:	70 93 7e 04 	sts	0x047E, r23	; 0x80047e <sd+0x13>
C:\Users\Ted\Documents\Arduino\libraries\SdFat\src\FatLib/FatPartition.cpp:458
    ((32 * m_rootDirEntryCount + m_bytesPerSector - 1)/m_bytesPerSector);

  // total sectors for FAT16 or FAT32
  totalSectors = getLe16(bpb->totalSectors16);
    3f24:	43 88       	ldd	r4, Z+19	; 0x13
    3f26:	54 88       	ldd	r5, Z+20	; 0x14
    3f28:	71 2c       	mov	r7, r1
    3f2a:	61 2c       	mov	r6, r1
C:\Users\Ted\Documents\Arduino\libraries\SdFat\src\FatLib/FatPartition.cpp:459
  if (totalSectors == 0) {
    3f2c:	41 14       	cp	r4, r1
    3f2e:	51 04       	cpc	r5, r1
    3f30:	61 04       	cpc	r6, r1
    3f32:	71 04       	cpc	r7, r1
    3f34:	21 f4       	brne	.+8      	; 0x3f3e <main+0x842>
_Z7getLe32PKh():
C:\Users\Ted\Documents\Arduino\libraries\SdFat\src\common/fsstructs.h:37
}
inline uint32_t getLe32(const uint8_t* src) {
  return *reinterpret_cast<const uint32_t*>(src);
    3f36:	40 a0       	ldd	r4, Z+32	; 0x20
    3f38:	51 a0       	ldd	r5, Z+33	; 0x21
    3f3a:	62 a0       	ldd	r6, Z+34	; 0x22
    3f3c:	73 a0       	ldd	r7, Z+35	; 0x23
init():
C:\Users\Ted\Documents\Arduino\libraries\SdFat\src\FatLib/FatPartition.cpp:463
    totalSectors = getLe32(bpb->totalSectors32);
  }
  // total data sectors
  clusterCount = totalSectors - (m_dataStartSector - volumeStartSector);
    3f3e:	84 1a       	sub	r8, r20
    3f40:	95 0a       	sbc	r9, r21
    3f42:	a6 0a       	sbc	r10, r22
    3f44:	b7 0a       	sbc	r11, r23
    3f46:	84 0c       	add	r8, r4
    3f48:	95 1c       	adc	r9, r5
    3f4a:	a6 1c       	adc	r10, r6
    3f4c:	b7 1c       	adc	r11, r7
C:\Users\Ted\Documents\Arduino\libraries\SdFat\src\FatLib/FatPartition.cpp:466

  // divide by cluster size to get cluster count
  clusterCount >>= m_sectorsPerClusterShift;
    3f4e:	04 c0       	rjmp	.+8      	; 0x3f58 <main+0x85c>
    3f50:	b6 94       	lsr	r11
    3f52:	a7 94       	ror	r10
    3f54:	97 94       	ror	r9
    3f56:	87 94       	ror	r8
    3f58:	1a 95       	dec	r17
    3f5a:	d2 f7       	brpl	.-12     	; 0x3f50 <main+0x854>
C:\Users\Ted\Documents\Arduino\libraries\SdFat\src\FatLib/FatPartition.cpp:467
  m_lastCluster = clusterCount + 1;
    3f5c:	b5 01       	movw	r22, r10
    3f5e:	a4 01       	movw	r20, r8
    3f60:	4f 5f       	subi	r20, 0xFF	; 255
    3f62:	5f 4f       	sbci	r21, 0xFF	; 255
    3f64:	6f 4f       	sbci	r22, 0xFF	; 255
    3f66:	7f 4f       	sbci	r23, 0xFF	; 255
    3f68:	40 93 83 04 	sts	0x0483, r20	; 0x800483 <sd+0x18>
    3f6c:	50 93 84 04 	sts	0x0484, r21	; 0x800484 <sd+0x19>
    3f70:	60 93 85 04 	sts	0x0485, r22	; 0x800485 <sd+0x1a>
    3f74:	70 93 86 04 	sts	0x0486, r23	; 0x800486 <sd+0x1b>
C:\Users\Ted\Documents\Arduino\libraries\SdFat\src\FatLib/FatPartition.cpp:472

  // Indicate unknown number of free clusters.
  setFreeClusterCount(-1);
  // FAT type is determined by cluster count
  if (clusterCount < 4085) {
    3f78:	05 ef       	ldi	r16, 0xF5	; 245
    3f7a:	80 16       	cp	r8, r16
    3f7c:	0f e0       	ldi	r16, 0x0F	; 15
    3f7e:	90 06       	cpc	r9, r16
    3f80:	a1 04       	cpc	r10, r1
    3f82:	b1 04       	cpc	r11, r1
    3f84:	68 f4       	brcc	.+26     	; 0x3fa0 <main+0x8a4>
C:\Users\Ted\Documents\Arduino\libraries\SdFat\src\FatLib/FatPartition.cpp:473
    m_fatType = 12;
    3f86:	8c e0       	ldi	r24, 0x0C	; 12
    3f88:	80 93 70 04 	sts	0x0470, r24	; 0x800470 <sd+0x5>
checkModuleStartup():
C:\Users\Ted\Documents\GitHub\OpenOBS-328\sensor\firmware\OpenOBS-328/OpenOBS-328.ino:180
}


void checkModuleStartup(){
  //intialize & check all the modules
  startup.module.sd = sd.begin(pChipSelect, SPI_SPEED);
    3f8c:	80 91 70 02 	lds	r24, 0x0270	; 0x800270 <startup>
    3f90:	8e 7f       	andi	r24, 0xFE	; 254
    3f92:	80 93 70 02 	sts	0x0270, r24	; 0x800270 <startup>
C:\Users\Ted\Documents\GitHub\OpenOBS-328\sensor\firmware\OpenOBS-328/OpenOBS-328.ino:181
  if (!startup.module.sd) serialSend("SDINIT,0");
    3f96:	86 eb       	ldi	r24, 0xB6	; 182
    3f98:	91 e0       	ldi	r25, 0x01	; 1
    3f9a:	0e 94 b2 17 	call	0x2f64	; 0x2f64 <serialSend(char*)>
    3f9e:	36 c0       	rjmp	.+108    	; 0x400c <main+0x910>
init():
C:\Users\Ted\Documents\Arduino\libraries\SdFat\src\FatLib/FatPartition.cpp:479
    if (!FAT12_SUPPORT) {
      DBG_FAIL_MACRO;
      goto fail;
    }
  } else if (clusterCount < 65525) {
    m_fatType = 16;
    3fa0:	20 e1       	ldi	r18, 0x10	; 16
C:\Users\Ted\Documents\Arduino\libraries\SdFat\src\FatLib/FatPartition.cpp:478
    m_fatType = 12;
    if (!FAT12_SUPPORT) {
      DBG_FAIL_MACRO;
      goto fail;
    }
  } else if (clusterCount < 65525) {
    3fa2:	15 ef       	ldi	r17, 0xF5	; 245
    3fa4:	81 16       	cp	r8, r17
    3fa6:	1f ef       	ldi	r17, 0xFF	; 255
    3fa8:	91 06       	cpc	r9, r17
    3faa:	a1 04       	cpc	r10, r1
    3fac:	b1 04       	cpc	r11, r1
    3fae:	68 f0       	brcs	.+26     	; 0x3fca <main+0x8ce>
C:\Users\Ted\Documents\Arduino\libraries\SdFat\src\FatLib/FatPartition.cpp:481
    m_fatType = 16;
  } else {
    m_rootDirStart = getLe32(bpb->fat32RootCluster);
    3fb0:	44 a5       	ldd	r20, Z+44	; 0x2c
    3fb2:	55 a5       	ldd	r21, Z+45	; 0x2d
    3fb4:	66 a5       	ldd	r22, Z+46	; 0x2e
    3fb6:	77 a5       	ldd	r23, Z+47	; 0x2f
    3fb8:	40 93 87 04 	sts	0x0487, r20	; 0x800487 <sd+0x1c>
    3fbc:	50 93 88 04 	sts	0x0488, r21	; 0x800488 <sd+0x1d>
    3fc0:	60 93 89 04 	sts	0x0489, r22	; 0x800489 <sd+0x1e>
    3fc4:	70 93 8a 04 	sts	0x048A, r23	; 0x80048a <sd+0x1f>
C:\Users\Ted\Documents\Arduino\libraries\SdFat\src\FatLib/FatPartition.cpp:482
    m_fatType = 32;
    3fc8:	20 e2       	ldi	r18, 0x20	; 32
    3fca:	20 93 70 04 	sts	0x0470, r18	; 0x800470 <sd+0x5>
_ZN7FsCache15setMirrorOffsetEm():
C:\Users\Ted\Documents\Arduino\libraries\SdFat\src\common/fscache.h:164
  }
  /** Set the offset to the second FAT for mirroring.
   * \param[in] offset Sector offset to second FAT.
   */
  void setMirrorOffset(uint32_t offset) {
    m_mirrorOffset = offset;
    3fce:	80 93 8e 04 	sts	0x048E, r24	; 0x80048e <sd+0x23>
    3fd2:	90 93 8f 04 	sts	0x048F, r25	; 0x80048f <sd+0x24>
    3fd6:	a0 93 90 04 	sts	0x0490, r26	; 0x800490 <sd+0x25>
    3fda:	b0 93 91 04 	sts	0x0491, r27	; 0x800491 <sd+0x26>
chdir():
C:\Users\Ted\Documents\Arduino\libraries\SdFat\src\FatLib/FatVolume.h:67
  /**
   * Set volume working directory to root.
   * \return true for success or false for failure.
   */
  bool chdir() {
    m_vwd.close();
    3fde:	86 e9       	ldi	r24, 0x96	; 150
    3fe0:	96 e0       	ldi	r25, 0x06	; 6
    3fe2:	0e 94 c9 09 	call	0x1392	; 0x1392 <FatFile::close()>
C:\Users\Ted\Documents\Arduino\libraries\SdFat\src\FatLib/FatVolume.h:68
    return m_vwd.openRoot(this);
    3fe6:	6b e6       	ldi	r22, 0x6B	; 107
    3fe8:	74 e0       	ldi	r23, 0x04	; 4
    3fea:	86 e9       	ldi	r24, 0x96	; 150
    3fec:	96 e0       	ldi	r25, 0x06	; 6
    3fee:	0e 94 6c 0f 	call	0x1ed8	; 0x1ed8 <FatFile::openRoot(FatVolume*)>
begin():
C:\Users\Ted\Documents\Arduino\libraries\SdFat\src\FatLib/FatVolume.h:51
   */
  bool begin(BlockDevice* dev, bool setCwv = true, uint8_t part = 1) {
    if (!init(dev, part)) {
      return false;
    }
    if (!chdir()) {
    3ff2:	88 23       	and	r24, r24
    3ff4:	59 f2       	breq	.-106    	; 0x3f8c <main+0x890>
C:\Users\Ted\Documents\Arduino\libraries\SdFat\src\FatLib/FatVolume.h:55
      return false;
    }
    if (setCwv || !m_cwv) {
      m_cwv = this;
    3ff6:	8b e6       	ldi	r24, 0x6B	; 107
    3ff8:	94 e0       	ldi	r25, 0x04	; 4
    3ffa:	90 93 b2 02 	sts	0x02B2, r25	; 0x8002b2 <FatVolume::m_cwv+0x1>
    3ffe:	80 93 b1 02 	sts	0x02B1, r24	; 0x8002b1 <FatVolume::m_cwv>
checkModuleStartup():
C:\Users\Ted\Documents\GitHub\OpenOBS-328\sensor\firmware\OpenOBS-328/OpenOBS-328.ino:180
}


void checkModuleStartup(){
  //intialize & check all the modules
  startup.module.sd = sd.begin(pChipSelect, SPI_SPEED);
    4002:	80 91 70 02 	lds	r24, 0x0270	; 0x800270 <startup>
    4006:	81 60       	ori	r24, 0x01	; 1
    4008:	80 93 70 02 	sts	0x0270, r24	; 0x800270 <startup>
C:\Users\Ted\Documents\GitHub\OpenOBS-328\sensor\firmware\OpenOBS-328/OpenOBS-328.ino:184
  if (!startup.module.sd) serialSend("SDINIT,0");
  
  //Evaluated in getDataLoggerSettings()
  if (!startup.module.clk) serialSend("CLKINIT,0");
    400c:	80 91 70 02 	lds	r24, 0x0270	; 0x800270 <startup>
    4010:	81 fd       	sbrc	r24, 1
    4012:	04 c0       	rjmp	.+8      	; 0x401c <main+0x920>
    4014:	8f eb       	ldi	r24, 0xBF	; 191
    4016:	91 e0       	ldi	r25, 0x01	; 1
    4018:	0e 94 b2 17 	call	0x2f64	; 0x2f64 <serialSend(char*)>
begin():
C:\Users\Ted\Documents\GitHub\OpenOBS-328\sensor\firmware\OpenOBS-328\src\libs\Adafruit_VCNL4010/Adafruit_VCNL4010.cpp:46
   interface
    @return true if sensor was found, false if not
*/
/**************************************************************************/
boolean Adafruit_VCNL4010::begin(uint8_t addr, TwoWire *theWire) {
  if (i2c_dev)
    401c:	80 91 31 04 	lds	r24, 0x0431	; 0x800431 <sensors+0x9>
    4020:	90 91 32 04 	lds	r25, 0x0432	; 0x800432 <sensors+0xa>
    4024:	00 97       	sbiw	r24, 0x00	; 0
    4026:	11 f0       	breq	.+4      	; 0x402c <main+0x930>
operator delete():
C:\Users\Ted\AppData\Local\Arduino15\packages\MiniCore\hardware\avr\2.1.3\cores\MCUdude_corefiles/new.cpp:30
void *operator new[](size_t size) {
  return malloc(size);
}

void operator delete(void * ptr) {
  free(ptr);
    4028:	0e 94 d1 2b 	call	0x57a2	; 0x57a2 <free>
operator new():
C:\Users\Ted\AppData\Local\Arduino15\packages\MiniCore\hardware\avr\2.1.3\cores\MCUdude_corefiles/new.cpp:22
*/

#include <stdlib.h>

void *operator new(size_t size) {
  return malloc(size);
    402c:	86 e0       	ldi	r24, 0x06	; 6
    402e:	90 e0       	ldi	r25, 0x00	; 0
    4030:	0e 94 35 2b 	call	0x566a	; 0x566a <malloc>
    4034:	8c 01       	movw	r16, r24
__base_ctor ():
C:\Users\Ted\Documents\GitHub\OpenOBS-328\sensor\firmware\OpenOBS-328\src\libs\Adafruit_VCNL4010/Adafruit_I2CDevice.cpp:12
 *    @brief  Create an I2C device at a given address
 *    @param  addr The 7-bit I2C address for the device
 *    @param  theWire The I2C bus to use, defaults to &Wire
 */
Adafruit_I2CDevice::Adafruit_I2CDevice(uint8_t addr, TwoWire *theWire) {
  _addr = addr;
    4036:	83 e1       	ldi	r24, 0x13	; 19
    4038:	d8 01       	movw	r26, r16
    403a:	8c 93       	st	X, r24
C:\Users\Ted\Documents\GitHub\OpenOBS-328\sensor\firmware\OpenOBS-328\src\libs\Adafruit_VCNL4010/Adafruit_I2CDevice.cpp:13
  _wire = theWire;
    403c:	8c e1       	ldi	r24, 0x1C	; 28
    403e:	94 e0       	ldi	r25, 0x04	; 4
    4040:	12 96       	adiw	r26, 0x02	; 2
    4042:	9c 93       	st	X, r25
    4044:	8e 93       	st	-X, r24
    4046:	11 97       	sbiw	r26, 0x01	; 1
C:\Users\Ted\Documents\GitHub\OpenOBS-328\sensor\firmware\OpenOBS-328\src\libs\Adafruit_VCNL4010/Adafruit_I2CDevice.cpp:14
  _begun = false;
    4048:	13 96       	adiw	r26, 0x03	; 3
    404a:	1c 92       	st	X, r1
    404c:	13 97       	sbiw	r26, 0x03	; 3
C:\Users\Ted\Documents\GitHub\OpenOBS-328\sensor\firmware\OpenOBS-328\src\libs\Adafruit_VCNL4010/Adafruit_I2CDevice.cpp:18
#ifdef ARDUINO_ARCH_SAMD
  _maxBufferSize = 250; // as defined in Wire.h's RingBuffer
#else
  _maxBufferSize = 32;
    404e:	80 e2       	ldi	r24, 0x20	; 32
    4050:	90 e0       	ldi	r25, 0x00	; 0
    4052:	15 96       	adiw	r26, 0x05	; 5
    4054:	9c 93       	st	X, r25
    4056:	8e 93       	st	-X, r24
    4058:	14 97       	sbiw	r26, 0x04	; 4
begin():
C:\Users\Ted\Documents\GitHub\OpenOBS-328\sensor\firmware\OpenOBS-328\src\libs\Adafruit_VCNL4010/Adafruit_VCNL4010.cpp:48
    delete i2c_dev;
  i2c_dev = new Adafruit_I2CDevice(addr, theWire);
    405a:	10 93 32 04 	sts	0x0432, r17	; 0x800432 <sensors+0xa>
    405e:	00 93 31 04 	sts	0x0431, r16	; 0x800431 <sensors+0x9>
C:\Users\Ted\Documents\GitHub\OpenOBS-328\sensor\firmware\OpenOBS-328\src\libs\Adafruit_VCNL4010/Adafruit_I2CDevice.cpp:30
 * with a scan. 99% of sensors/devices don't mind but once in a while, they spaz
 * on a scan!
 *    @return True if I2C initialized and a device with the addr found
 */
bool Adafruit_I2CDevice::begin(bool addr_detect) {
  _wire->begin();
    4062:	0e 94 6a 03 	call	0x6d4	; 0x6d4 <TwoWire::begin() [clone .constprop.22]>
C:\Users\Ted\Documents\GitHub\OpenOBS-328\sensor\firmware\OpenOBS-328\src\libs\Adafruit_VCNL4010/Adafruit_I2CDevice.cpp:31
  _begun = true;
    4066:	81 e0       	ldi	r24, 0x01	; 1
    4068:	f8 01       	movw	r30, r16
    406a:	83 83       	std	Z+3, r24	; 0x03
C:\Users\Ted\Documents\GitHub\OpenOBS-328\sensor\firmware\OpenOBS-328\src\libs\Adafruit_VCNL4010/Adafruit_I2CDevice.cpp:34

  if (addr_detect) {
    return detected();
    406c:	c8 01       	movw	r24, r16
    406e:	0e 94 46 0c 	call	0x188c	; 0x188c <Adafruit_I2CDevice::detected()>
    4072:	b8 2e       	mov	r11, r24
C:\Users\Ted\Documents\GitHub\OpenOBS-328\sensor\firmware\OpenOBS-328\src\libs\Adafruit_VCNL4010/Adafruit_VCNL4010.cpp:49
  if (!i2c_dev->begin())
    4074:	81 11       	cpse	r24, r1
    4076:	4a c0       	rjmp	.+148    	; 0x410c <main+0xa10>
main():
C:\Users\Ted\Documents\GitHub\OpenOBS-328\sensor\firmware\OpenOBS-328\src\libs\Adafruit_VCNL4010/Adafruit_VCNL4010.cpp:50
    return false;
    4078:	b1 2c       	mov	r11, r1
begin():
C:\Users\Ted\Documents\GitHub\OpenOBS-328\sensor\firmware\OpenOBS-328\src\OpenOBS/Sensors.cpp:66
        vcnl4010.setLEDcurrent(settings.backscatterCurrent);
        vcnl4010.setAmbientAveraging(settings.ambientAveraging);
        vcnl4010.setAmbientContinuous(settings.ambientContinuous);
    } 

    if (hasPressureSensor) { 
    407a:	80 91 2a 04 	lds	r24, 0x042A	; 0x80042a <sensors+0x2>
C:\Users\Ted\Documents\GitHub\OpenOBS-328\sensor\firmware\OpenOBS-328\src\OpenOBS/Sensors.cpp:70
        ms5803_init = ms5803.initializeMS_5803();
    } else {
        // Just set true if we are not using it.
        ms5803_init = true;
    407e:	91 e0       	ldi	r25, 0x01	; 1
C:\Users\Ted\Documents\GitHub\OpenOBS-328\sensor\firmware\OpenOBS-328\src\OpenOBS/Sensors.cpp:66
        vcnl4010.setLEDcurrent(settings.backscatterCurrent);
        vcnl4010.setAmbientAveraging(settings.ambientAveraging);
        vcnl4010.setAmbientContinuous(settings.ambientContinuous);
    } 

    if (hasPressureSensor) { 
    4080:	88 23       	and	r24, r24
    4082:	09 f4       	brne	.+2      	; 0x4086 <main+0x98a>
    4084:	c5 c0       	rjmp	.+394    	; 0x4210 <main+0xb14>
initializeMS_5803():
C:\Users\Ted\Documents\GitHub\OpenOBS-328\sensor\firmware\OpenOBS-328\src\libs\MS5803/MS5803.cpp:83
	_Resolution = Resolution;
}

//-------------------------------------------------
boolean MS_5803::initializeMS_5803() {
    Wire.begin();
    4086:	0e 94 6a 03 	call	0x6d4	; 0x6d4 <TwoWire::begin() [clone .constprop.22]>
resetSensor():
C:\Users\Ted\Documents\GitHub\OpenOBS-328\sensor\firmware\OpenOBS-328\src\libs\MS5803/MS5803.cpp:400
}

//----------------------------------------------------------------
// Sends a power on reset command to the sensor.
void MS_5803::resetSensor() {
    	Wire.beginTransmission(_I2C_Address);
    408a:	80 91 45 04 	lds	r24, 0x0445	; 0x800445 <sensors+0x1d>
    408e:	0e 94 b6 01 	call	0x36c	; 0x36c <TwoWire::beginTransmission(unsigned char) [clone .constprop.117]>
write():
C:\Users\Ted\AppData\Local\Arduino15\packages\MiniCore\hardware\avr\2.1.3\libraries\Wire\src/Wire.h:81
    4092:	6e e1       	ldi	r22, 0x1E	; 30
    4094:	8c e1       	ldi	r24, 0x1C	; 28
    4096:	94 e0       	ldi	r25, 0x04	; 4
    4098:	0e 94 47 0a 	call	0x148e	; 0x148e <TwoWire::write(unsigned char)>
resetSensor():
C:\Users\Ted\Documents\GitHub\OpenOBS-328\sensor\firmware\OpenOBS-328\src\libs\MS5803/MS5803.cpp:402
        Wire.write(CMD_RESET);
        Wire.endTransmission();
    409c:	8c e1       	ldi	r24, 0x1C	; 28
    409e:	94 e0       	ldi	r25, 0x04	; 4
    40a0:	0e 94 76 0a 	call	0x14ec	; 0x14ec <TwoWire::endTransmission()>
C:\Users\Ted\Documents\GitHub\OpenOBS-328\sensor\firmware\OpenOBS-328\src\libs\MS5803/MS5803.cpp:403
    	delay(10);
    40a4:	6a e0       	ldi	r22, 0x0A	; 10
    40a6:	70 e0       	ldi	r23, 0x00	; 0
    40a8:	80 e0       	ldi	r24, 0x00	; 0
    40aa:	90 e0       	ldi	r25, 0x00	; 0
    40ac:	0e 94 c1 03 	call	0x782	; 0x782 <delay>
    40b0:	01 ea       	ldi	r16, 0xA1	; 161
    40b2:	12 e0       	ldi	r17, 0x02	; 2
    40b4:	68 01       	movw	r12, r16
    40b6:	30 ea       	ldi	r19, 0xA0	; 160
    40b8:	a3 2e       	mov	r10, r19
initializeMS_5803():
C:\Users\Ted\Documents\GitHub\OpenOBS-328\sensor\firmware\OpenOBS-328\src\libs\MS5803/MS5803.cpp:124
    #endif

    // Read sensor coefficients
    for (int i = 0; i < 8; i++ ){
    	// The PROM starts at address 0xA0
    	Wire.beginTransmission(_I2C_Address);
    40ba:	80 91 45 04 	lds	r24, 0x0445	; 0x800445 <sensors+0x1d>
    40be:	0e 94 b6 01 	call	0x36c	; 0x36c <TwoWire::beginTransmission(unsigned char) [clone .constprop.117]>
write():
C:\Users\Ted\AppData\Local\Arduino15\packages\MiniCore\hardware\avr\2.1.3\libraries\Wire\src/Wire.h:81
    40c2:	6a 2d       	mov	r22, r10
    40c4:	8c e1       	ldi	r24, 0x1C	; 28
    40c6:	94 e0       	ldi	r25, 0x04	; 4
    40c8:	0e 94 47 0a 	call	0x148e	; 0x148e <TwoWire::write(unsigned char)>
initializeMS_5803():
C:\Users\Ted\Documents\GitHub\OpenOBS-328\sensor\firmware\OpenOBS-328\src\libs\MS5803/MS5803.cpp:126
    	Wire.write(0xA0 + (i * 2));
    	Wire.endTransmission();
    40cc:	8c e1       	ldi	r24, 0x1C	; 28
    40ce:	94 e0       	ldi	r25, 0x04	; 4
    40d0:	0e 94 76 0a 	call	0x14ec	; 0x14ec <TwoWire::endTransmission()>
twi_readFrom():
    40d4:	41 e0       	ldi	r20, 0x01	; 1
    40d6:	62 e0       	ldi	r22, 0x02	; 2
    40d8:	80 91 45 04 	lds	r24, 0x0445	; 0x800445 <sensors+0x1d>
    40dc:	0e 94 17 01 	call	0x22e	; 0x22e <twi_readFrom.part.0.constprop.122>
    40e0:	98 2e       	mov	r9, r24
requestFrom():
C:\Users\Ted\AppData\Local\Arduino15\packages\MiniCore\hardware\avr\2.1.3\libraries\Wire\src/Wire.cpp:119
    quantity = TWI_BUFFER_SIZE;
  }
  // perform blocking read into buffer
  uint8_t read = twi_readFrom(address, rxBuffer, quantity, sendStop);
  // set rx buffer iterator vars
  rxBufferIndex = 0;
    40e2:	10 92 7e 03 	sts	0x037E, r1	; 0x80037e <TwoWire::rxBufferIndex>
C:\Users\Ted\AppData\Local\Arduino15\packages\MiniCore\hardware\avr\2.1.3\libraries\Wire\src/Wire.cpp:120
  rxBufferLength = read;
    40e6:	80 93 7d 03 	sts	0x037D, r24	; 0x80037d <TwoWire::rxBufferLength>
initializeMS_5803():
C:\Users\Ted\Documents\GitHub\OpenOBS-328\sensor\firmware\OpenOBS-328\src\libs\MS5803/MS5803.cpp:128
    	Wire.requestFrom(_I2C_Address, 2);
    	while(Wire.available()) {
    40ea:	80 91 7e 03 	lds	r24, 0x037E	; 0x80037e <TwoWire::rxBufferIndex>
    40ee:	98 16       	cp	r9, r24
    40f0:	d9 f1       	breq	.+118    	; 0x4168 <main+0xa6c>
C:\Users\Ted\Documents\GitHub\OpenOBS-328\sensor\firmware\OpenOBS-328\src\libs\MS5803/MS5803.cpp:129
    		HighByte = Wire.read();
    40f2:	0e 94 04 01 	call	0x208	; 0x208 <TwoWire::read() [clone .constprop.123]>
    40f6:	80 93 cd 02 	sts	0x02CD, r24	; 0x8002cd <HighByte>
C:\Users\Ted\Documents\GitHub\OpenOBS-328\sensor\firmware\OpenOBS-328\src\libs\MS5803/MS5803.cpp:130
    		LowByte = Wire.read();
    40fa:	0e 94 04 01 	call	0x208	; 0x208 <TwoWire::read() [clone .constprop.123]>
    40fe:	80 93 cb 02 	sts	0x02CB, r24	; 0x8002cb <LowByte>
    4102:	f3 cf       	rjmp	.-26     	; 0x40ea <main+0x9ee>
    4104:	88 e0       	ldi	r24, 0x08	; 8
    4106:	80 93 6f 04 	sts	0x046F, r24	; 0x80046f <sd+0x4>
    410a:	40 cf       	rjmp	.-384    	; 0x3f8c <main+0x890>
begin():
C:\Users\Ted\Documents\GitHub\OpenOBS-328\sensor\firmware\OpenOBS-328\src\libs\Adafruit_VCNL4010/Adafruit_VCNL4010.cpp:52

  uint8_t rev = read8(VCNL4010_PRODUCTID);
    410c:	81 e8       	ldi	r24, 0x81	; 129
    410e:	0e 94 43 0f 	call	0x1e86	; 0x1e86 <Adafruit_VCNL4010::read8(unsigned char) [clone .constprop.31]>
C:\Users\Ted\Documents\GitHub\OpenOBS-328\sensor\firmware\OpenOBS-328\src\libs\Adafruit_VCNL4010/Adafruit_VCNL4010.cpp:54
  // Serial.println(rev, HEX);
  if ((rev & 0xF0) != 0x20) {
    4112:	80 7f       	andi	r24, 0xF0	; 240
    4114:	80 32       	cpi	r24, 0x20	; 32
    4116:	09 f0       	breq	.+2      	; 0x411a <main+0xa1e>
    4118:	af cf       	rjmp	.-162    	; 0x4078 <main+0x97c>
setFrequency():
C:\Users\Ted\Documents\GitHub\OpenOBS-328\sensor\firmware\OpenOBS-328\src\libs\Adafruit_VCNL4010/Adafruit_VCNL4010.cpp:98
   VCNL4010_250 (250 measurements/s)
*/
/**************************************************************************/

void Adafruit_VCNL4010::setFrequency(vcnl4010_freq freq) {
  write8(VCNL4010_PROXRATE, freq);
    411a:	60 91 2b 04 	lds	r22, 0x042B	; 0x80042b <sensors+0x3>
    411e:	82 e8       	ldi	r24, 0x82	; 130
    4120:	0e 94 a8 0e 	call	0x1d50	; 0x1d50 <Adafruit_VCNL4010::write8(unsigned char, unsigned char) [clone .constprop.72]>
setLEDcurrent():
C:\Users\Ted\Documents\GitHub\OpenOBS-328\sensor\firmware\OpenOBS-328\src\libs\Adafruit_VCNL4010/Adafruit_VCNL4010.cpp:73
/**************************************************************************/

void Adafruit_VCNL4010::setLEDcurrent(uint8_t current_10mA) {
  if (current_10mA > 20)
    current_10mA = 20;
  write8(VCNL4010_IRLED, current_10mA);
    4124:	60 91 2d 04 	lds	r22, 0x042D	; 0x80042d <sensors+0x5>
    4128:	65 31       	cpi	r22, 0x15	; 21
    412a:	08 f0       	brcs	.+2      	; 0x412e <main+0xa32>
    412c:	64 e1       	ldi	r22, 0x14	; 20
    412e:	83 e8       	ldi	r24, 0x83	; 131
    4130:	0e 94 a8 0e 	call	0x1d50	; 0x1d50 <Adafruit_VCNL4010::write8(unsigned char, unsigned char) [clone .constprop.72]>
    4134:	10 91 2e 04 	lds	r17, 0x042E	; 0x80042e <sensors+0x6>
    4138:	18 30       	cpi	r17, 0x08	; 8
    413a:	08 f0       	brcs	.+2      	; 0x413e <main+0xa42>
    413c:	17 e0       	ldi	r17, 0x07	; 7
setAmbientAveraging():
C:\Users\Ted\Documents\GitHub\OpenOBS-328\sensor\firmware\OpenOBS-328\src\libs\Adafruit_VCNL4010/Adafruit_VCNL4010.cpp:115
  if (log2_avg > 7) {
    log2_avg = 7; 
  }

  // Read the current register value
  uint8_t reg = read8(VCNL4010_AMBIENTPARAMETER);
    413e:	84 e8       	ldi	r24, 0x84	; 132
    4140:	0e 94 43 0f 	call	0x1e86	; 0x1e86 <Adafruit_VCNL4010::read8(unsigned char) [clone .constprop.31]>
C:\Users\Ted\Documents\GitHub\OpenOBS-328\sensor\firmware\OpenOBS-328\src\libs\Adafruit_VCNL4010/Adafruit_VCNL4010.cpp:118

  // Mask out the old averaging bits (Bit 2 to Bit 0) and set the new ones
  reg &= 0b11111000; 
    4144:	88 7f       	andi	r24, 0xF8	; 248
C:\Users\Ted\Documents\GitHub\OpenOBS-328\sensor\firmware\OpenOBS-328\src\libs\Adafruit_VCNL4010/Adafruit_VCNL4010.cpp:119
  reg |= (log2_avg & 0b00000111); 
    4146:	68 2f       	mov	r22, r24
    4148:	61 2b       	or	r22, r17
C:\Users\Ted\Documents\GitHub\OpenOBS-328\sensor\firmware\OpenOBS-328\src\libs\Adafruit_VCNL4010/Adafruit_VCNL4010.cpp:122

  // Write back to the register
  write8(VCNL4010_AMBIENTPARAMETER, reg);
    414a:	84 e8       	ldi	r24, 0x84	; 132
    414c:	0e 94 a8 0e 	call	0x1d50	; 0x1d50 <Adafruit_VCNL4010::write8(unsigned char, unsigned char) [clone .constprop.72]>
begin():
C:\Users\Ted\Documents\GitHub\OpenOBS-328\sensor\firmware\OpenOBS-328\src\OpenOBS/Sensors.cpp:63
    vcnl_init = vcnl4010.begin();
    if (vcnl_init) {
        vcnl4010.setFrequency(settings.backscatterRate);
        vcnl4010.setLEDcurrent(settings.backscatterCurrent);
        vcnl4010.setAmbientAveraging(settings.ambientAveraging);
        vcnl4010.setAmbientContinuous(settings.ambientContinuous);
    4150:	10 91 2f 04 	lds	r17, 0x042F	; 0x80042f <sensors+0x7>
setAmbientContinuous():
C:\Users\Ted\Documents\GitHub\OpenOBS-328\sensor\firmware\OpenOBS-328\src\libs\Adafruit_VCNL4010/Adafruit_VCNL4010.cpp:127
}

void Adafruit_VCNL4010::setAmbientContinuous(bool enable){
  // Read the current register value
  uint8_t reg = read8(VCNL4010_AMBIENTPARAMETER);
    4154:	84 e8       	ldi	r24, 0x84	; 132
    4156:	0e 94 43 0f 	call	0x1e86	; 0x1e86 <Adafruit_VCNL4010::read8(unsigned char) [clone .constprop.31]>
C:\Users\Ted\Documents\GitHub\OpenOBS-328\sensor\firmware\OpenOBS-328\src\libs\Adafruit_VCNL4010/Adafruit_VCNL4010.cpp:130

  // Clear bit 7, then set it based on `enable`
  reg = (reg & 0b01111111) | (enable << 7); 
    415a:	68 2f       	mov	r22, r24
    415c:	10 fb       	bst	r17, 0
    415e:	67 f9       	bld	r22, 7
C:\Users\Ted\Documents\GitHub\OpenOBS-328\sensor\firmware\OpenOBS-328\src\libs\Adafruit_VCNL4010/Adafruit_VCNL4010.cpp:133

  // Write back the modified register value
  write8(VCNL4010_AMBIENTPARAMETER, reg);
    4160:	84 e8       	ldi	r24, 0x84	; 132
    4162:	0e 94 a8 0e 	call	0x1d50	; 0x1d50 <Adafruit_VCNL4010::write8(unsigned char, unsigned char) [clone .constprop.72]>
    4166:	89 cf       	rjmp	.-238    	; 0x407a <main+0x97e>
initializeMS_5803():
C:\Users\Ted\Documents\GitHub\OpenOBS-328\sensor\firmware\OpenOBS-328\src\libs\MS5803/MS5803.cpp:132
    	}
    	sensorCoeffs[i] = (((unsigned int)HighByte << 8) + LowByte);
    4168:	80 91 cd 02 	lds	r24, 0x02CD	; 0x8002cd <HighByte>
    416c:	90 e0       	ldi	r25, 0x00	; 0
    416e:	98 2f       	mov	r25, r24
    4170:	88 27       	eor	r24, r24
    4172:	20 91 cb 02 	lds	r18, 0x02CB	; 0x8002cb <LowByte>
    4176:	82 0f       	add	r24, r18
    4178:	91 1d       	adc	r25, r1
    417a:	d6 01       	movw	r26, r12
    417c:	8d 93       	st	X+, r24
    417e:	9d 93       	st	X+, r25
    4180:	6d 01       	movw	r12, r26
    4182:	a3 94       	inc	r10
    4184:	a3 94       	inc	r10
C:\Users\Ted\Documents\GitHub\OpenOBS-328\sensor\firmware\OpenOBS-328\src\libs\MS5803/MS5803.cpp:122
		//ensure the messages are sent before potentially invalid settings are used below.
		DEBUG_SERIAL.flush(); 
    #endif

    // Read sensor coefficients
    for (int i = 0; i < 8; i++ ){
    4186:	b0 eb       	ldi	r27, 0xB0	; 176
    4188:	ab 12       	cpse	r10, r27
    418a:	97 cf       	rjmp	.-210    	; 0x40ba <main+0x9be>
C:\Users\Ted\Documents\GitHub\OpenOBS-328\sensor\firmware\OpenOBS-328\src\libs\MS5803/MS5803.cpp:143
			DEBUG_SERIAL.println(sensorCoeffs[i]);
			DEBUG_SERIAL.flush(); 
    	#endif
    }
    // The last 4 bits of the 7th coefficient form a CRC error checking code.
    unsigned char p_crc = sensorCoeffs[7];
    418c:	60 91 af 02 	lds	r22, 0x02AF	; 0x8002af <sensorCoeffs+0xe>
    4190:	70 91 b0 02 	lds	r23, 0x02B0	; 0x8002b0 <sensorCoeffs+0xf>
C:\Users\Ted\Documents\GitHub\OpenOBS-328\sensor\firmware\OpenOBS-328\src\libs\MS5803/MS5803.cpp:144
	p_crc &= 0b00001111;
    4194:	a6 2f       	mov	r26, r22
    4196:	af 70       	andi	r26, 0x0F	; 15
MS_5803_CRC():
C:\Users\Ted\Documents\GitHub\OpenOBS-328\sensor\firmware\OpenOBS-328\src\libs\MS5803/MS5803.cpp:324
    unsigned int n_rem;		// crc reminder
    unsigned int crc_read;	// original value of the CRC
    unsigned char  n_bit;
    n_rem = 0x00;
    crc_read = sensorCoeffs[7];		// save read CRC
    sensorCoeffs[7] = (0xFF00 & (sensorCoeffs[7])); // CRC byte replaced with 0
    4198:	cb 01       	movw	r24, r22
    419a:	88 27       	eor	r24, r24
    419c:	90 93 b0 02 	sts	0x02B0, r25	; 0x8002b0 <sensorCoeffs+0xf>
    41a0:	80 93 af 02 	sts	0x02AF, r24	; 0x8002af <sensorCoeffs+0xe>
main():
C:\Users\Ted\Documents\GitHub\OpenOBS-328\sensor\firmware\OpenOBS-328\src\libs\MS5803/MS5803.cpp:322
unsigned char MS_5803::MS_5803_CRC(unsigned int n_prom[]) {
    int cnt;				// simple counter
    unsigned int n_rem;		// crc reminder
    unsigned int crc_read;	// original value of the CRC
    unsigned char  n_bit;
    n_rem = 0x00;
    41a4:	30 e0       	ldi	r19, 0x00	; 0
    41a6:	20 e0       	ldi	r18, 0x00	; 0
C:\Users\Ted\Documents\GitHub\OpenOBS-328\sensor\firmware\OpenOBS-328\src\libs\MS5803/MS5803.cpp:325
    crc_read = sensorCoeffs[7];		// save read CRC
    sensorCoeffs[7] = (0xFF00 & (sensorCoeffs[7])); // CRC byte replaced with 0
    for (cnt = 0; cnt < 16; cnt++)
    41a8:	50 e0       	ldi	r21, 0x00	; 0
    41aa:	40 e0       	ldi	r20, 0x00	; 0
    41ac:	fa 01       	movw	r30, r20
    41ae:	ee 7f       	andi	r30, 0xFE	; 254
    41b0:	ef 55       	subi	r30, 0x5F	; 95
    41b2:	fd 4f       	sbci	r31, 0xFD	; 253
    41b4:	90 81       	ld	r25, Z
    41b6:	81 81       	ldd	r24, Z+1	; 0x01
MS_5803_CRC():
C:\Users\Ted\Documents\GitHub\OpenOBS-328\sensor\firmware\OpenOBS-328\src\libs\MS5803/MS5803.cpp:327
    { // choose LSB or MSB
        if (cnt%2 == 1) {
    41b8:	40 ff       	sbrs	r20, 0
    41ba:	23 c0       	rjmp	.+70     	; 0x4202 <main+0xb06>
C:\Users\Ted\Documents\GitHub\OpenOBS-328\sensor\firmware\OpenOBS-328\src\libs\MS5803/MS5803.cpp:328
        	n_rem ^= (unsigned short)((sensorCoeffs[cnt>>1]) & 0x00FF);
    41bc:	29 27       	eor	r18, r25
main():
C:\Users\Ted\Documents\GitHub\OpenOBS-328\sensor\firmware\OpenOBS-328\src\libs\MS5803/MS5803.cpp:325
    unsigned int crc_read;	// original value of the CRC
    unsigned char  n_bit;
    n_rem = 0x00;
    crc_read = sensorCoeffs[7];		// save read CRC
    sensorCoeffs[7] = (0xFF00 & (sensorCoeffs[7])); // CRC byte replaced with 0
    for (cnt = 0; cnt < 16; cnt++)
    41be:	88 e0       	ldi	r24, 0x08	; 8
MS_5803_CRC():
C:\Users\Ted\Documents\GitHub\OpenOBS-328\sensor\firmware\OpenOBS-328\src\libs\MS5803/MS5803.cpp:335
        else {
        	n_rem ^= (unsigned short)(sensorCoeffs[cnt>>1] >> 8);
        }
        for (n_bit = 8; n_bit > 0; n_bit--)
        {
            if (n_rem & (0x8000))
    41c0:	f9 01       	movw	r30, r18
    41c2:	22 0f       	add	r18, r18
    41c4:	33 1f       	adc	r19, r19
    41c6:	f7 ff       	sbrs	r31, 7
    41c8:	02 c0       	rjmp	.+4      	; 0x41ce <main+0xad2>
C:\Users\Ted\Documents\GitHub\OpenOBS-328\sensor\firmware\OpenOBS-328\src\libs\MS5803/MS5803.cpp:337
            {
                n_rem = (n_rem << 1) ^ 0x3000;
    41ca:	e0 e3       	ldi	r30, 0x30	; 48
    41cc:	3e 27       	eor	r19, r30
    41ce:	81 50       	subi	r24, 0x01	; 1
C:\Users\Ted\Documents\GitHub\OpenOBS-328\sensor\firmware\OpenOBS-328\src\libs\MS5803/MS5803.cpp:333
        	n_rem ^= (unsigned short)((sensorCoeffs[cnt>>1]) & 0x00FF);
        }
        else {
        	n_rem ^= (unsigned short)(sensorCoeffs[cnt>>1] >> 8);
        }
        for (n_bit = 8; n_bit > 0; n_bit--)
    41d0:	b9 f7       	brne	.-18     	; 0x41c0 <main+0xac4>
C:\Users\Ted\Documents\GitHub\OpenOBS-328\sensor\firmware\OpenOBS-328\src\libs\MS5803/MS5803.cpp:325
    unsigned int crc_read;	// original value of the CRC
    unsigned char  n_bit;
    n_rem = 0x00;
    crc_read = sensorCoeffs[7];		// save read CRC
    sensorCoeffs[7] = (0xFF00 & (sensorCoeffs[7])); // CRC byte replaced with 0
    for (cnt = 0; cnt < 16; cnt++)
    41d2:	4f 5f       	subi	r20, 0xFF	; 255
    41d4:	5f 4f       	sbci	r21, 0xFF	; 255
    41d6:	40 31       	cpi	r20, 0x10	; 16
    41d8:	51 05       	cpc	r21, r1
    41da:	41 f7       	brne	.-48     	; 0x41ac <main+0xab0>
C:\Users\Ted\Documents\GitHub\OpenOBS-328\sensor\firmware\OpenOBS-328\src\libs\MS5803/MS5803.cpp:345
                n_rem = (n_rem << 1);
            }
        }
    }
    n_rem = (0x000F & (n_rem >> 12));// // final 4-bit reminder is CRC code
    sensorCoeffs[7] = crc_read; // restore the crc_read to its original place
    41dc:	70 93 b0 02 	sts	0x02B0, r23	; 0x8002b0 <sensorCoeffs+0xf>
    41e0:	60 93 af 02 	sts	0x02AF, r22	; 0x8002af <sensorCoeffs+0xe>
C:\Users\Ted\Documents\GitHub\OpenOBS-328\sensor\firmware\OpenOBS-328\src\libs\MS5803/MS5803.cpp:344
            else {
                n_rem = (n_rem << 1);
            }
        }
    }
    n_rem = (0x000F & (n_rem >> 12));// // final 4-bit reminder is CRC code
    41e4:	83 2f       	mov	r24, r19
    41e6:	82 95       	swap	r24
    41e8:	8f 70       	andi	r24, 0x0F	; 15
initializeMS_5803():
C:\Users\Ted\Documents\GitHub\OpenOBS-328\sensor\firmware\OpenOBS-328\src\libs\MS5803/MS5803.cpp:159
	
    // check that coefficients are not all 0. 
    // without this check, CRC will pass despite unresponsive sensor.
    bool empty_coeffs = true;
    for (int i = 0; i<8; i++){
		if (sensorCoeffs[i] !=0){
    41ea:	f8 01       	movw	r30, r16
    41ec:	21 91       	ld	r18, Z+
    41ee:	31 91       	ld	r19, Z+
    41f0:	8f 01       	movw	r16, r30
    41f2:	23 2b       	or	r18, r19
    41f4:	51 f4       	brne	.+20     	; 0x420a <main+0xb0e>
C:\Users\Ted\Documents\GitHub\OpenOBS-328\sensor\firmware\OpenOBS-328\src\libs\MS5803/MS5803.cpp:158
    #endif
	
    // check that coefficients are not all 0. 
    // without this check, CRC will pass despite unresponsive sensor.
    bool empty_coeffs = true;
    for (int i = 0; i<8; i++){
    41f6:	f2 e0       	ldi	r31, 0x02	; 2
    41f8:	01 3b       	cpi	r16, 0xB1	; 177
    41fa:	1f 07       	cpc	r17, r31
    41fc:	b1 f7       	brne	.-20     	; 0x41ea <main+0xaee>
main():
C:\Users\Ted\Documents\GitHub\OpenOBS-328\sensor\firmware\OpenOBS-328\src\libs\MS5803/MS5803.cpp:166
			break;
		}
    }

    if (p_crc != n_crc || empty_coeffs) {
        return false;
    41fe:	90 e0       	ldi	r25, 0x00	; 0
    4200:	07 c0       	rjmp	.+14     	; 0x4210 <main+0xb14>
MS_5803_CRC():
C:\Users\Ted\Documents\GitHub\OpenOBS-328\sensor\firmware\OpenOBS-328\src\libs\MS5803/MS5803.cpp:331
    { // choose LSB or MSB
        if (cnt%2 == 1) {
        	n_rem ^= (unsigned short)((sensorCoeffs[cnt>>1]) & 0x00FF);
        }
        else {
        	n_rem ^= (unsigned short)(sensorCoeffs[cnt>>1] >> 8);
    4202:	f1 2c       	mov	r15, r1
    4204:	28 27       	eor	r18, r24
    4206:	3f 25       	eor	r19, r15
    4208:	da cf       	rjmp	.-76     	; 0x41be <main+0xac2>
initializeMS_5803():
C:\Users\Ted\Documents\GitHub\OpenOBS-328\sensor\firmware\OpenOBS-328\src\libs\MS5803/MS5803.cpp:165
			empty_coeffs = false;
			break;
		}
    }

    if (p_crc != n_crc || empty_coeffs) {
    420a:	91 e0       	ldi	r25, 0x01	; 1
    420c:	a8 13       	cpse	r26, r24
    420e:	f7 cf       	rjmp	.-18     	; 0x41fe <main+0xb02>
checkModuleStartup():
C:\Users\Ted\Documents\GitHub\OpenOBS-328\sensor\firmware\OpenOBS-328/OpenOBS-328.ino:188

  bool turb_temp, pt_temp;
  sensors.begin(turb_temp, pt_temp);
  startup.module.turb = turb_temp;
    4210:	80 91 70 02 	lds	r24, 0x0270	; 0x800270 <startup>
    4214:	b0 fa       	bst	r11, 0
    4216:	82 f9       	bld	r24, 2
C:\Users\Ted\Documents\GitHub\OpenOBS-328\sensor\firmware\OpenOBS-328/OpenOBS-328.ino:189
  startup.module.pt = pt_temp;
    4218:	90 fb       	bst	r25, 0
    421a:	83 f9       	bld	r24, 3
    421c:	80 93 70 02 	sts	0x0270, r24	; 0x800270 <startup>
C:\Users\Ted\Documents\GitHub\OpenOBS-328\sensor\firmware\OpenOBS-328/OpenOBS-328.ino:190
  if (!startup.module.turb) serialSend("TURBINIT,0");
    4220:	b1 10       	cpse	r11, r1
    4222:	04 c0       	rjmp	.+8      	; 0x422c <main+0xb30>
    4224:	89 ec       	ldi	r24, 0xC9	; 201
    4226:	91 e0       	ldi	r25, 0x01	; 1
    4228:	0e 94 b2 17 	call	0x2f64	; 0x2f64 <serialSend(char*)>
C:\Users\Ted\Documents\GitHub\OpenOBS-328\sensor\firmware\OpenOBS-328/OpenOBS-328.ino:191
  if (!startup.module.pt) serialSend("PTINIT,0");
    422c:	80 91 70 02 	lds	r24, 0x0270	; 0x800270 <startup>
    4230:	83 fd       	sbrc	r24, 3
    4232:	04 c0       	rjmp	.+8      	; 0x423c <main+0xb40>
    4234:	84 ed       	ldi	r24, 0xD4	; 212
    4236:	91 e0       	ldi	r25, 0x01	; 1
    4238:	0e 94 b2 17 	call	0x2f64	; 0x2f64 <serialSend(char*)>
C:\Users\Ted\Documents\GitHub\OpenOBS-328\sensor\firmware\OpenOBS-328/OpenOBS-328.ino:196

  //if we had any errors turn off battery power and stop program.
  //set another alarm to try again- intermittent issues shouldnt end entire deploy.
  //RTC errors likely are fatal though. Will it even wake if RTC fails?
  if (!(startup.b == 0b00001111)) {
    423c:	80 91 70 02 	lds	r24, 0x0270	; 0x800270 <startup>
    4240:	8f 30       	cpi	r24, 0x0F	; 15
    4242:	31 f1       	breq	.+76     	; 0x4290 <main+0xb94>
C:\Users\Ted\Documents\GitHub\OpenOBS-328\sensor\firmware\OpenOBS-328/OpenOBS-328.ino:197
    Serial.println(F("$Startup failed*66"));
    4244:	62 ee       	ldi	r22, 0xE2	; 226
    4246:	70 e0       	ldi	r23, 0x00	; 0
    4248:	8f e7       	ldi	r24, 0x7F	; 127
    424a:	93 e0       	ldi	r25, 0x03	; 3
    424c:	0e 94 3e 17 	call	0x2e7c	; 0x2e7c <Print::println(__FlashStringHelper const*)>
C:\Users\Ted\Documents\GitHub\OpenOBS-328\sensor\firmware\OpenOBS-328/OpenOBS-328.ino:199

    if (sleepDuration_seconds>5){
    4250:	c0 90 0c 03 	lds	r12, 0x030C	; 0x80030c <sleepDuration_seconds>
    4254:	d0 90 0d 03 	lds	r13, 0x030D	; 0x80030d <sleepDuration_seconds+0x1>
    4258:	e0 90 0e 03 	lds	r14, 0x030E	; 0x80030e <sleepDuration_seconds+0x2>
    425c:	f0 90 0f 03 	lds	r15, 0x030F	; 0x80030f <sleepDuration_seconds+0x3>
    4260:	06 e0       	ldi	r16, 0x06	; 6
    4262:	c0 16       	cp	r12, r16
    4264:	d1 04       	cpc	r13, r1
    4266:	e1 04       	cpc	r14, r1
    4268:	f1 04       	cpc	r15, r1
    426a:	0c f4       	brge	.+2      	; 0x426e <main+0xb72>
    426c:	3d c3       	rjmp	.+1658   	; 0x48e8 <main+0x11ec>
C:\Users\Ted\Documents\GitHub\OpenOBS-328\sensor\firmware\OpenOBS-328/OpenOBS-328.ino:200
      sensorSleep(RTC.now().unixtime(), sleepDuration_seconds);
    426e:	0e 94 b1 0d 	call	0x1b62	; 0x1b62 <DS3231::now()>
    4272:	29 83       	std	Y+1, r18	; 0x01
    4274:	3a 83       	std	Y+2, r19	; 0x02
    4276:	4b 83       	std	Y+3, r20	; 0x03
    4278:	5c 83       	std	Y+4, r21	; 0x04
    427a:	6d 83       	std	Y+5, r22	; 0x05
    427c:	7e 83       	std	Y+6, r23	; 0x06
    427e:	8f 83       	std	Y+7, r24	; 0x07
    4280:	ce 01       	movw	r24, r28
    4282:	01 96       	adiw	r24, 0x01	; 1
    4284:	0e 94 4c 0b 	call	0x1698	; 0x1698 <DateTime::unixtime() const>
    4288:	a7 01       	movw	r20, r14
    428a:	96 01       	movw	r18, r12
    428c:	0e 94 e1 17 	call	0x2fc2	; 0x2fc2 <sensorSleep(long, long)>
getSensorSettings():
C:\Users\Ted\Documents\GitHub\OpenOBS-328\sensor\firmware\OpenOBS-328/OpenOBS-328.ino:211


void getSensorSettings(){
  //if we have established a connection to the gui,
  //send a ready message and wait for a settings response.
  if (newFirmware || guiConnected){
    4290:	80 91 72 02 	lds	r24, 0x0272	; 0x800272 <newFirmware>
    4294:	81 11       	cpse	r24, r1
    4296:	05 c0       	rjmp	.+10     	; 0x42a2 <main+0xba6>
    4298:	80 91 71 02 	lds	r24, 0x0271	; 0x800271 <guiConnected>
    429c:	88 23       	and	r24, r24
    429e:	09 f4       	brne	.+2      	; 0x42a2 <main+0xba6>
    42a0:	24 c3       	rjmp	.+1608   	; 0x48ea <main+0x11ee>
setMeasurementFlags():
C:\Users\Ted\Documents\GitHub\OpenOBS-328\sensor\firmware\OpenOBS-328\src\OpenOBS/Sensors.cpp:41
    vcnl4010.setAmbientContinuous(continuous);
    saveSettings();
}

void Sensors::setMeasurementFlags(uint8_t flags) {
    settings.measFlags = flags;
    42a2:	80 91 01 01 	lds	r24, 0x0101	; 0x800101 <measFlags>
    42a6:	80 93 30 04 	sts	0x0430, r24	; 0x800430 <sensors+0x8>
C:\Users\Ted\Documents\GitHub\OpenOBS-328\sensor\firmware\OpenOBS-328\src\OpenOBS/Sensors.cpp:42
    saveSettings();
    42aa:	0e 94 d1 18 	call	0x31a2	; 0x31a2 <Sensors::saveSettings() [clone .constprop.74]>
getSensorSettings():
C:\Users\Ted\Documents\GitHub\OpenOBS-328\sensor\firmware\OpenOBS-328/OpenOBS-328.ino:213
    sensors.setMeasurementFlags(measFlags);
    sensors.setBackscatterCurrent(iredCurrent/10);
    42ae:	80 91 00 01 	lds	r24, 0x0100	; 0x800100 <__data_start>
    42b2:	6a e0       	ldi	r22, 0x0A	; 10
    42b4:	0e 94 b7 2f 	call	0x5f6e	; 0x5f6e <__udivmodqi4>
setBackscatterCurrent():
C:\Users\Ted\Documents\GitHub\OpenOBS-328\sensor\firmware\OpenOBS-328\src\OpenOBS/Sensors.cpp:23
    vcnl4010.setFrequency(rate);
    saveSettings();
}

void Sensors::setBackscatterCurrent(uint8_t current) {
    settings.backscatterCurrent = current;
    42b8:	80 93 2d 04 	sts	0x042D, r24	; 0x80042d <sensors+0x5>
setLEDcurrent():
C:\Users\Ted\Documents\GitHub\OpenOBS-328\sensor\firmware\OpenOBS-328\src\libs\Adafruit_VCNL4010/Adafruit_VCNL4010.cpp:73
/**************************************************************************/

void Adafruit_VCNL4010::setLEDcurrent(uint8_t current_10mA) {
  if (current_10mA > 20)
    current_10mA = 20;
  write8(VCNL4010_IRLED, current_10mA);
    42bc:	68 2f       	mov	r22, r24
    42be:	85 31       	cpi	r24, 0x15	; 21
    42c0:	08 f0       	brcs	.+2      	; 0x42c4 <main+0xbc8>
    42c2:	64 e1       	ldi	r22, 0x14	; 20
    42c4:	83 e8       	ldi	r24, 0x83	; 131
    42c6:	0e 94 a8 0e 	call	0x1d50	; 0x1d50 <Adafruit_VCNL4010::write8(unsigned char, unsigned char) [clone .constprop.72]>
setBackscatterCurrent():
C:\Users\Ted\Documents\GitHub\OpenOBS-328\sensor\firmware\OpenOBS-328\src\OpenOBS/Sensors.cpp:25
    vcnl4010.setLEDcurrent(current);
    saveSettings();
    42ca:	0e 94 d1 18 	call	0x31a2	; 0x31a2 <Sensors::saveSettings() [clone .constprop.74]>
setup():
C:\Users\Ted\Documents\GitHub\OpenOBS-328\sensor\firmware\OpenOBS-328/OpenOBS-328.ino:93
  getSerialNumber();
  getDataLoggerSettings();
  checkModuleStartup();
  getSensorSettings();

  if (delayedStart_seconds > 0) {
    42ce:	c0 90 75 02 	lds	r12, 0x0275	; 0x800275 <delayedStart_seconds>
    42d2:	d0 90 76 02 	lds	r13, 0x0276	; 0x800276 <delayedStart_seconds+0x1>
    42d6:	e0 90 77 02 	lds	r14, 0x0277	; 0x800277 <delayedStart_seconds+0x2>
    42da:	f0 90 78 02 	lds	r15, 0x0278	; 0x800278 <delayedStart_seconds+0x3>
    42de:	1c 14       	cp	r1, r12
    42e0:	1d 04       	cpc	r1, r13
    42e2:	1e 04       	cpc	r1, r14
    42e4:	1f 04       	cpc	r1, r15
    42e6:	8c f4       	brge	.+34     	; 0x430a <main+0xc0e>
C:\Users\Ted\Documents\GitHub\OpenOBS-328\sensor\firmware\OpenOBS-328/OpenOBS-328.ino:94
    sensorSleep(RTC.now().unixtime(), delayedStart_seconds);
    42e8:	0e 94 b1 0d 	call	0x1b62	; 0x1b62 <DS3231::now()>
    42ec:	29 83       	std	Y+1, r18	; 0x01
    42ee:	3a 83       	std	Y+2, r19	; 0x02
    42f0:	4b 83       	std	Y+3, r20	; 0x03
    42f2:	5c 83       	std	Y+4, r21	; 0x04
    42f4:	6d 83       	std	Y+5, r22	; 0x05
    42f6:	7e 83       	std	Y+6, r23	; 0x06
    42f8:	8f 83       	std	Y+7, r24	; 0x07
    42fa:	ce 01       	movw	r24, r28
    42fc:	01 96       	adiw	r24, 0x01	; 1
    42fe:	0e 94 4c 0b 	call	0x1698	; 0x1698 <DateTime::unixtime() const>
    4302:	a7 01       	movw	r20, r14
    4304:	96 01       	movw	r18, r12
    4306:	0e 94 e1 17 	call	0x2fc2	; 0x2fc2 <sensorSleep(long, long)>
updateFilename():
C:\Users\Ted\Documents\GitHub\OpenOBS-328\sensor\firmware\OpenOBS-328/utils.ino:33
}


//Check if the daily file exists already. If not, create one and write headers.
void updateFilename() {
  DateTime now = RTC.now();
    430a:	0e 94 b1 0d 	call	0x1b62	; 0x1b62 <DS3231::now()>
    430e:	29 83       	std	Y+1, r18	; 0x01
    4310:	3a 83       	std	Y+2, r19	; 0x02
    4312:	4b 83       	std	Y+3, r20	; 0x03
    4314:	5c 83       	std	Y+4, r21	; 0x04
    4316:	6d 83       	std	Y+5, r22	; 0x05
    4318:	7e 83       	std	Y+6, r23	; 0x06
    431a:	8f 83       	std	Y+7, r24	; 0x07
C:\Users\Ted\Documents\GitHub\OpenOBS-328\sensor\firmware\OpenOBS-328/utils.ino:34
  snprintf(filename, 13, "%04u%02u%02u.TXT", now.year(), now.month(), now.date());
    431c:	1f 92       	push	r1
    431e:	4f 93       	push	r20
    4320:	8a 81       	ldd	r24, Y+2	; 0x02
    4322:	1f 92       	push	r1
    4324:	8f 93       	push	r24
_ZNK8DateTime4yearEv():
C:\Users\Ted\Documents\GitHub\OpenOBS-328\sensor\firmware\OpenOBS-328\src\libs\DS3231/DS3231.h:68
    4326:	89 81       	ldd	r24, Y+1	; 0x01
    4328:	90 e0       	ldi	r25, 0x00	; 0
    432a:	80 53       	subi	r24, 0x30	; 48
    432c:	98 4f       	sbci	r25, 0xF8	; 248
updateFilename():
C:\Users\Ted\Documents\GitHub\OpenOBS-328\sensor\firmware\OpenOBS-328/utils.ino:34
    432e:	9f 93       	push	r25
    4330:	8f 93       	push	r24
    4332:	8d ed       	ldi	r24, 0xDD	; 221
    4334:	91 e0       	ldi	r25, 0x01	; 1
    4336:	9f 93       	push	r25
    4338:	8f 93       	push	r24
    433a:	1f 92       	push	r1
    433c:	8d e0       	ldi	r24, 0x0D	; 13
    433e:	8f 93       	push	r24
    4340:	82 e0       	ldi	r24, 0x02	; 2
    4342:	91 e0       	ldi	r25, 0x01	; 1
    4344:	9f 93       	push	r25
    4346:	8f 93       	push	r24
    4348:	0e 94 34 31 	call	0x6268	; 0x6268 <snprintf>
setCallback():
C:\Users\Ted\Documents\Arduino\libraries\SdFat\src\common/FsDateTime.cpp:42
  void (*callback2)(uint16_t* date, uint16_t* time) = nullptr;
  void clearCallback() {
    callback = nullptr;
  }
  void setCallback(void (*dateTime)(uint16_t* date, uint16_t* time)) {
    callback = dateTimeMs10;
    434c:	88 ee       	ldi	r24, 0xE8	; 232
    434e:	91 e0       	ldi	r25, 0x01	; 1
    4350:	90 93 0b 03 	sts	0x030B, r25	; 0x80030b <FsDateTime::callback+0x1>
    4354:	80 93 0a 03 	sts	0x030A, r24	; 0x80030a <FsDateTime::callback>
C:\Users\Ted\Documents\Arduino\libraries\SdFat\src\common/FsDateTime.cpp:43
    callback2 = dateTime;
    4358:	8e e4       	ldi	r24, 0x4E	; 78
    435a:	9e e0       	ldi	r25, 0x0E	; 14
    435c:	90 93 74 02 	sts	0x0274, r25	; 0x800274 <FsDateTime::callback2+0x1>
    4360:	80 93 73 02 	sts	0x0273, r24	; 0x800273 <FsDateTime::callback2>
_ZN9FatVolume3cwvEv():
C:\Users\Ted\Documents\Arduino\libraries\SdFat\src\FatLib/FatVolume.h:335
  }
#endif  // ENABLE_ARDUINO_STRING

 private:
  friend FatFile;
  static FatVolume* cwv() {return m_cwv;}
    4364:	80 91 b1 02 	lds	r24, 0x02B1	; 0x8002b1 <FatVolume::m_cwv>
    4368:	90 91 b2 02 	lds	r25, 0x02B2	; 0x8002b2 <FatVolume::m_cwv+0x1>
open():
C:\Users\Ted\Documents\Arduino\libraries\SdFat\src\FatLib/FatFile.cpp:427
bool FatFile::open(const char* path, oflag_t oflag) {
  return open(FatVolume::cwv(), path, oflag);
}
//------------------------------------------------------------------------------
bool FatFile::open(FatVolume* vol, const char* path, oflag_t oflag) {
  return vol && open(vol->vwd(), path, oflag);
    436c:	0f b6       	in	r0, 0x3f	; 63
    436e:	f8 94       	cli
    4370:	de bf       	out	0x3e, r29	; 62
    4372:	0f be       	out	0x3f, r0	; 63
    4374:	cd bf       	out	0x3d, r28	; 61
    4376:	00 97       	sbiw	r24, 0x00	; 0
    4378:	09 f4       	brne	.+2      	; 0x437c <main+0xc80>
    437a:	58 c0       	rjmp	.+176    	; 0x442c <main+0xd30>
    437c:	61 e5       	ldi	r22, 0x51	; 81
    437e:	85 5d       	subi	r24, 0xD5	; 213
    4380:	9d 4f       	sbci	r25, 0xFD	; 253
    4382:	0e 94 36 14 	call	0x286c	; 0x286c <FatFile::open(FatFile*, char const*, unsigned char) [clone .constprop.64]>
    4386:	88 23       	and	r24, r24
    4388:	09 f4       	brne	.+2      	; 0x438c <main+0xc90>
    438a:	50 c0       	rjmp	.+160    	; 0x442c <main+0xd30>
updateFilename():
C:\Users\Ted\Documents\GitHub\OpenOBS-328\sensor\firmware\OpenOBS-328/utils.ino:40

  SdFile::dateTimeCallback(dateTime_callback);
  //if we create a new file with this name, set header
  fileIsOpen = file.open(filename, O_CREAT | O_EXCL | O_WRITE);
  if (fileIsOpen) {
    snprintf(messageBuffer, 11, "%04u/%02u/%02u", uploadDT.year(), uploadDT.month(), uploadDT.date());
    438c:	80 91 d0 06 	lds	r24, 0x06D0	; 0x8006d0 <uploadDT+0x2>
    4390:	1f 92       	push	r1
    4392:	8f 93       	push	r24
    4394:	80 91 cf 06 	lds	r24, 0x06CF	; 0x8006cf <uploadDT+0x1>
    4398:	1f 92       	push	r1
    439a:	8f 93       	push	r24
_ZNK8DateTime4yearEv():
C:\Users\Ted\Documents\GitHub\OpenOBS-328\sensor\firmware\OpenOBS-328\src\libs\DS3231/DS3231.h:68
    439c:	80 91 ce 06 	lds	r24, 0x06CE	; 0x8006ce <uploadDT>
    43a0:	90 e0       	ldi	r25, 0x00	; 0
    43a2:	80 53       	subi	r24, 0x30	; 48
    43a4:	98 4f       	sbci	r25, 0xF8	; 248
updateFilename():
C:\Users\Ted\Documents\GitHub\OpenOBS-328\sensor\firmware\OpenOBS-328/utils.ino:40
    43a6:	9f 93       	push	r25
    43a8:	8f 93       	push	r24
    43aa:	8e ee       	ldi	r24, 0xEE	; 238
    43ac:	91 e0       	ldi	r25, 0x01	; 1
    43ae:	9f 93       	push	r25
    43b0:	8f 93       	push	r24
    43b2:	1f 92       	push	r1
    43b4:	8b e0       	ldi	r24, 0x0B	; 11
    43b6:	8f 93       	push	r24
    43b8:	8e ec       	ldi	r24, 0xCE	; 206
    43ba:	92 e0       	ldi	r25, 0x02	; 2
    43bc:	9f 93       	push	r25
    43be:	8f 93       	push	r24
    43c0:	0e 94 34 31 	call	0x6268	; 0x6268 <snprintf>
C:\Users\Ted\Documents\GitHub\OpenOBS-328\sensor\firmware\OpenOBS-328/utils.ino:41
    file.print(F("Firmware updated: "));
    43c4:	67 e3       	ldi	r22, 0x37	; 55
    43c6:	71 e0       	ldi	r23, 0x01	; 1
    43c8:	87 e4       	ldi	r24, 0x47	; 71
    43ca:	94 e0       	ldi	r25, 0x04	; 4
    43cc:	0e 94 ef 01 	call	0x3de	; 0x3de <Print::print(__FlashStringHelper const*)>
C:\Users\Ted\Documents\GitHub\OpenOBS-328\sensor\firmware\OpenOBS-328/utils.ino:42
    file.println(messageBuffer);
    43d0:	6e ec       	ldi	r22, 0xCE	; 206
    43d2:	72 e0       	ldi	r23, 0x02	; 2
    43d4:	87 e4       	ldi	r24, 0x47	; 71
    43d6:	94 e0       	ldi	r25, 0x04	; 4
    43d8:	0e 94 9e 17 	call	0x2f3c	; 0x2f3c <Print::println(char const*)>
write():
    43dc:	6d ef       	ldi	r22, 0xFD	; 253
    43de:	71 e0       	ldi	r23, 0x01	; 1
    43e0:	87 e4       	ldi	r24, 0x47	; 71
    43e2:	94 e0       	ldi	r25, 0x04	; 4
    43e4:	0e 94 2f 17 	call	0x2e5e	; 0x2e5e <Print::write(char const*) [clone .part.0]>
print():
C:\Users\Ted\AppData\Local\Arduino15\packages\MiniCore\hardware\avr\2.1.3\cores\MCUdude_corefiles/Print.cpp:84
  return print((long) n, base);
}

size_t Print::print(unsigned int n, int base)
{
  return print((unsigned long) n, base);
    43e8:	40 91 10 03 	lds	r20, 0x0310	; 0x800310 <serialNumber>
    43ec:	50 91 11 03 	lds	r21, 0x0311	; 0x800311 <serialNumber+0x1>
    43f0:	70 e0       	ldi	r23, 0x00	; 0
    43f2:	60 e0       	ldi	r22, 0x00	; 0
C:\Users\Ted\AppData\Local\Arduino15\packages\MiniCore\hardware\avr\2.1.3\cores\MCUdude_corefiles/Print.cpp:106
}

size_t Print::print(unsigned long n, int base)
{
  if (base == 0) return write(n);
  else return printNumber(n, base);
    43f4:	2a e0       	ldi	r18, 0x0A	; 10
    43f6:	87 e4       	ldi	r24, 0x47	; 71
    43f8:	94 e0       	ldi	r25, 0x04	; 4
    43fa:	0e 94 52 17 	call	0x2ea4	; 0x2ea4 <Print::printNumber(unsigned long, unsigned char)>
write():
    43fe:	63 e5       	ldi	r22, 0x53	; 83
    4400:	71 e0       	ldi	r23, 0x01	; 1
    4402:	87 e4       	ldi	r24, 0x47	; 71
    4404:	94 e0       	ldi	r25, 0x04	; 4
    4406:	0e 94 2f 17 	call	0x2e5e	; 0x2e5e <Print::write(char const*) [clone .part.0]>
    440a:	63 e5       	ldi	r22, 0x53	; 83
    440c:	71 e0       	ldi	r23, 0x01	; 1
    440e:	87 e4       	ldi	r24, 0x47	; 71
    4410:	94 e0       	ldi	r25, 0x04	; 4
    4412:	0e 94 2f 17 	call	0x2e5e	; 0x2e5e <Print::write(char const*) [clone .part.0]>
updateFilename():
C:\Users\Ted\Documents\GitHub\OpenOBS-328\sensor\firmware\OpenOBS-328/utils.ino:46
    file.print("OpenOBS SN:");
    file.println(serialNumber);
    file.println();
    file.println((__FlashStringHelper*)dataColumnLabels);
    4416:	65 ef       	ldi	r22, 0xF5	; 245
    4418:	70 e0       	ldi	r23, 0x00	; 0
    441a:	87 e4       	ldi	r24, 0x47	; 71
    441c:	94 e0       	ldi	r25, 0x04	; 4
    441e:	0e 94 3e 17 	call	0x2e7c	; 0x2e7c <Print::println(__FlashStringHelper const*)>
    4422:	0f b6       	in	r0, 0x3f	; 63
    4424:	f8 94       	cli
    4426:	de bf       	out	0x3e, r29	; 62
    4428:	0f be       	out	0x3f, r0	; 63
    442a:	cd bf       	out	0x3d, r28	; 61
C:\Users\Ted\Documents\GitHub\OpenOBS-328\sensor\firmware\OpenOBS-328/utils.ino:48
  } 
  sprintf(messageBuffer, "FILE,OPEN,%s\0", filename);
    442c:	82 e0       	ldi	r24, 0x02	; 2
    442e:	91 e0       	ldi	r25, 0x01	; 1
    4430:	9f 93       	push	r25
    4432:	8f 93       	push	r24
    4434:	85 e1       	ldi	r24, 0x15	; 21
    4436:	91 e0       	ldi	r25, 0x01	; 1
    4438:	9f 93       	push	r25
    443a:	8f 93       	push	r24
    443c:	8e ec       	ldi	r24, 0xCE	; 206
    443e:	92 e0       	ldi	r25, 0x02	; 2
    4440:	9f 93       	push	r25
    4442:	8f 93       	push	r24
    4444:	0e 94 64 31 	call	0x62c8	; 0x62c8 <sprintf>
C:\Users\Ted\Documents\GitHub\OpenOBS-328\sensor\firmware\OpenOBS-328/utils.ino:49
  serialSend(messageBuffer);
    4448:	8e ec       	ldi	r24, 0xCE	; 206
    444a:	92 e0       	ldi	r25, 0x02	; 2
    444c:	0e 94 b2 17 	call	0x2f64	; 0x2f64 <serialSend(char*)>
    4450:	0f 90       	pop	r0
    4452:	0f 90       	pop	r0
    4454:	0f 90       	pop	r0
    4456:	0f 90       	pop	r0
    4458:	0f 90       	pop	r0
    445a:	0f 90       	pop	r0
loop():
C:\Users\Ted\Documents\GitHub\OpenOBS-328\sensor\firmware\OpenOBS-328/OpenOBS-328.ino:104


void loop()
{   
  // Put new data into the data struct.
  data.timeSeconds = RTC.now().unixtime();
    445c:	0e 94 b1 0d 	call	0x1b62	; 0x1b62 <DS3231::now()>
    4460:	29 83       	std	Y+1, r18	; 0x01
    4462:	3a 83       	std	Y+2, r19	; 0x02
    4464:	4b 83       	std	Y+3, r20	; 0x03
    4466:	5c 83       	std	Y+4, r21	; 0x04
    4468:	6d 83       	std	Y+5, r22	; 0x05
    446a:	7e 83       	std	Y+6, r23	; 0x06
    446c:	8f 83       	std	Y+7, r24	; 0x07
    446e:	ce 01       	movw	r24, r28
    4470:	01 96       	adiw	r24, 0x01	; 1
    4472:	0e 94 4c 0b 	call	0x1698	; 0x1698 <DateTime::unixtime() const>
    4476:	60 93 b3 02 	sts	0x02B3, r22	; 0x8002b3 <data>
    447a:	70 93 b4 02 	sts	0x02B4, r23	; 0x8002b4 <data+0x1>
    447e:	80 93 b5 02 	sts	0x02B5, r24	; 0x8002b5 <data+0x2>
    4482:	90 93 b6 02 	sts	0x02B6, r25	; 0x8002b6 <data+0x3>
C:\Users\Ted\Documents\GitHub\OpenOBS-328\sensor\firmware\OpenOBS-328/OpenOBS-328.ino:105
  data.timeMillis = millis();
    4486:	0e 94 f4 03 	call	0x7e8	; 0x7e8 <millis>
    448a:	60 93 b7 02 	sts	0x02B7, r22	; 0x8002b7 <data+0x4>
    448e:	70 93 b8 02 	sts	0x02B8, r23	; 0x8002b8 <data+0x5>
    4492:	80 93 b9 02 	sts	0x02B9, r24	; 0x8002b9 <data+0x6>
    4496:	90 93 ba 02 	sts	0x02BA, r25	; 0x8002ba <data+0x7>
analogRead():
C:\Users\Ted\AppData\Local\Arduino15\packages\MiniCore\hardware\avr\2.1.3\cores\MCUdude_corefiles/wiring_analog.c:69
  
  // set the analog reference (high two bits of ADMUX) and select the
  // channel (low 4 bits).  this also sets ADLAR (left-adjust result)
  // to 0 (the default).
#if defined(ADMUX)
  ADMUX = (analog_reference << 6) | (pin & 0x07);
    449a:	12 e4       	ldi	r17, 0x42	; 66
    449c:	10 93 7c 00 	sts	0x007C, r17	; 0x80007c <__DATA_REGION_ORIGIN__+0x1c>
C:\Users\Ted\AppData\Local\Arduino15\packages\MiniCore\hardware\avr\2.1.3\cores\MCUdude_corefiles/wiring_analog.c:77
  // without a delay, we seem to read from the wrong channel
  //delay(1);

#if defined(ADCSRA) && defined(ADCL)
  // start the conversion
  ADCSRA |= _BV(ADSC);
    44a0:	80 91 7a 00 	lds	r24, 0x007A	; 0x80007a <__DATA_REGION_ORIGIN__+0x1a>
    44a4:	80 64       	ori	r24, 0x40	; 64
    44a6:	80 93 7a 00 	sts	0x007A, r24	; 0x80007a <__DATA_REGION_ORIGIN__+0x1a>
C:\Users\Ted\AppData\Local\Arduino15\packages\MiniCore\hardware\avr\2.1.3\cores\MCUdude_corefiles/wiring_analog.c:80

  // ADSC is cleared when the conversion finishes
  while (ADCSRA & _BV(ADSC));
    44aa:	80 91 7a 00 	lds	r24, 0x007A	; 0x80007a <__DATA_REGION_ORIGIN__+0x1a>
    44ae:	86 fd       	sbrc	r24, 6
    44b0:	fc cf       	rjmp	.-8      	; 0x44aa <main+0xdae>
C:\Users\Ted\AppData\Local\Arduino15\packages\MiniCore\hardware\avr\2.1.3\cores\MCUdude_corefiles/wiring_analog.c:86

  // we have to read ADCL first; doing so locks both ADCL
  // and ADCH until ADCH is read.  reading ADCL second would
  // cause the results of each conversion to be discarded,
  // as ADCL and ADCH would be locked when it completed.
  low  = ADCL;
    44b2:	90 91 78 00 	lds	r25, 0x0078	; 0x800078 <__DATA_REGION_ORIGIN__+0x18>
C:\Users\Ted\AppData\Local\Arduino15\packages\MiniCore\hardware\avr\2.1.3\cores\MCUdude_corefiles/wiring_analog.c:87
  high = ADCH;
    44b6:	80 91 79 00 	lds	r24, 0x0079	; 0x800079 <__DATA_REGION_ORIGIN__+0x19>
C:\Users\Ted\AppData\Local\Arduino15\packages\MiniCore\hardware\avr\2.1.3\cores\MCUdude_corefiles/wiring_analog.c:95
  low  = 0;
  high = 0;
#endif

  // combine the two bytes
  return (high << 8) | low;
    44ba:	89 27       	eor	r24, r25
    44bc:	98 27       	eor	r25, r24
    44be:	89 27       	eor	r24, r25
loop():
C:\Users\Ted\Documents\GitHub\OpenOBS-328\sensor\firmware\OpenOBS-328/OpenOBS-328.ino:106
  data.batteryVoltage = analogRead(pBatteryDivider);
    44c0:	90 93 c6 02 	sts	0x02C6, r25	; 0x8002c6 <data+0x13>
    44c4:	80 93 c5 02 	sts	0x02C5, r24	; 0x8002c5 <data+0x12>
getReadings():
C:\Users\Ted\Documents\GitHub\OpenOBS-328\sensor\firmware\OpenOBS-328\src\OpenOBS/Sensors.cpp:76
    }
}


void Sensors::getReadings(uint16_t &tuAmbient, uint16_t &tuBackscatter, uint32_t &abs_P, int16_t &water_temp) {
    if (settings.measFlags & 0b00000001) { // Check bit 0 (readAmbient)
    44c8:	80 91 30 04 	lds	r24, 0x0430	; 0x800430 <sensors+0x8>
    44cc:	80 ff       	sbrs	r24, 0
    44ce:	30 c2       	rjmp	.+1120   	; 0x4930 <main+0x1234>
readAmbient():
C:\Users\Ted\Documents\GitHub\OpenOBS-328\sensor\firmware\OpenOBS-328\src\libs\Adafruit_VCNL4010/Adafruit_VCNL4010.cpp:168
    @return Raw 16-bit reading value, unit-less!
*/
/**************************************************************************/

uint16_t Adafruit_VCNL4010::readAmbient(void) {
  uint8_t i = read8(VCNL4010_INTSTAT);
    44d0:	8e e8       	ldi	r24, 0x8E	; 142
    44d2:	0e 94 43 0f 	call	0x1e86	; 0x1e86 <Adafruit_VCNL4010::read8(unsigned char) [clone .constprop.31]>
C:\Users\Ted\Documents\GitHub\OpenOBS-328\sensor\firmware\OpenOBS-328\src\libs\Adafruit_VCNL4010/Adafruit_VCNL4010.cpp:169
  i &= ~0x40;
    44d6:	68 2f       	mov	r22, r24
    44d8:	6f 7b       	andi	r22, 0xBF	; 191
C:\Users\Ted\Documents\GitHub\OpenOBS-328\sensor\firmware\OpenOBS-328\src\libs\Adafruit_VCNL4010/Adafruit_VCNL4010.cpp:170
  write8(VCNL4010_INTSTAT, i);
    44da:	8e e8       	ldi	r24, 0x8E	; 142
    44dc:	0e 94 a8 0e 	call	0x1d50	; 0x1d50 <Adafruit_VCNL4010::write8(unsigned char, unsigned char) [clone .constprop.72]>
C:\Users\Ted\Documents\GitHub\OpenOBS-328\sensor\firmware\OpenOBS-328\src\libs\Adafruit_VCNL4010/Adafruit_VCNL4010.cpp:172

  write8(VCNL4010_COMMAND, VCNL4010_MEASUREAMBIENT);
    44e0:	60 e1       	ldi	r22, 0x10	; 16
    44e2:	80 e8       	ldi	r24, 0x80	; 128
    44e4:	0e 94 a8 0e 	call	0x1d50	; 0x1d50 <Adafruit_VCNL4010::write8(unsigned char, unsigned char) [clone .constprop.72]>
C:\Users\Ted\Documents\GitHub\OpenOBS-328\sensor\firmware\OpenOBS-328\src\libs\Adafruit_VCNL4010/Adafruit_VCNL4010.cpp:175
  while (1) {
    // Serial.println(read8(VCNL4010_INTSTAT), HEX);
    uint8_t result = read8(VCNL4010_COMMAND);
    44e8:	80 e8       	ldi	r24, 0x80	; 128
    44ea:	0e 94 43 0f 	call	0x1e86	; 0x1e86 <Adafruit_VCNL4010::read8(unsigned char) [clone .constprop.31]>
C:\Users\Ted\Documents\GitHub\OpenOBS-328\sensor\firmware\OpenOBS-328\src\libs\Adafruit_VCNL4010/Adafruit_VCNL4010.cpp:177
    // Serial.print("Ready = 0x"); Serial.println(result, HEX);
    if (result & VCNL4010_AMBIENTREADY) {
    44ee:	86 ff       	sbrs	r24, 6
    44f0:	18 c2       	rjmp	.+1072   	; 0x4922 <main+0x1226>
C:\Users\Ted\Documents\GitHub\OpenOBS-328\sensor\firmware\OpenOBS-328\src\libs\Adafruit_VCNL4010/Adafruit_VCNL4010.cpp:178
      return read16(VCNL4010_AMBIENTDATA);
    44f2:	85 e8       	ldi	r24, 0x85	; 133
    44f4:	0e 94 25 0f 	call	0x1e4a	; 0x1e4a <Adafruit_VCNL4010::read16(unsigned char) [clone .constprop.32]>
getReadings():
C:\Users\Ted\Documents\GitHub\OpenOBS-328\sensor\firmware\OpenOBS-328\src\OpenOBS/Sensors.cpp:77
        tuAmbient = vcnl4010.readAmbient();
    44f8:	90 93 c0 02 	sts	0x02C0, r25	; 0x8002c0 <data+0xd>
    44fc:	80 93 bf 02 	sts	0x02BF, r24	; 0x8002bf <data+0xc>
C:\Users\Ted\Documents\GitHub\OpenOBS-328\sensor\firmware\OpenOBS-328\src\OpenOBS/Sensors.cpp:82
    } else {
        tuAmbient = 0;
    }

    if (settings.measFlags & 0b00000010) { // Check bit 1 (readBackscatter)
    4500:	80 91 30 04 	lds	r24, 0x0430	; 0x800430 <sensors+0x8>
    4504:	81 ff       	sbrs	r24, 1
    4506:	20 c2       	rjmp	.+1088   	; 0x4948 <main+0x124c>
readProximity():
C:\Users\Ted\Documents\GitHub\OpenOBS-328\sensor\firmware\OpenOBS-328\src\libs\Adafruit_VCNL4010/Adafruit_VCNL4010.cpp:144
    @return Raw 16-bit reading value, will vary with LED current, unit-less!
*/
/**************************************************************************/

uint16_t Adafruit_VCNL4010::readProximity(void) {
  uint8_t i = read8(VCNL4010_INTSTAT);
    4508:	8e e8       	ldi	r24, 0x8E	; 142
    450a:	0e 94 43 0f 	call	0x1e86	; 0x1e86 <Adafruit_VCNL4010::read8(unsigned char) [clone .constprop.31]>
C:\Users\Ted\Documents\GitHub\OpenOBS-328\sensor\firmware\OpenOBS-328\src\libs\Adafruit_VCNL4010/Adafruit_VCNL4010.cpp:145
  i &= ~0x80;
    450e:	68 2f       	mov	r22, r24
    4510:	6f 77       	andi	r22, 0x7F	; 127
C:\Users\Ted\Documents\GitHub\OpenOBS-328\sensor\firmware\OpenOBS-328\src\libs\Adafruit_VCNL4010/Adafruit_VCNL4010.cpp:146
  write8(VCNL4010_INTSTAT, i);
    4512:	8e e8       	ldi	r24, 0x8E	; 142
    4514:	0e 94 a8 0e 	call	0x1d50	; 0x1d50 <Adafruit_VCNL4010::write8(unsigned char, unsigned char) [clone .constprop.72]>
C:\Users\Ted\Documents\GitHub\OpenOBS-328\sensor\firmware\OpenOBS-328\src\libs\Adafruit_VCNL4010/Adafruit_VCNL4010.cpp:148

  write8(VCNL4010_COMMAND, VCNL4010_MEASUREPROXIMITY);
    4518:	68 e0       	ldi	r22, 0x08	; 8
    451a:	80 e8       	ldi	r24, 0x80	; 128
    451c:	0e 94 a8 0e 	call	0x1d50	; 0x1d50 <Adafruit_VCNL4010::write8(unsigned char, unsigned char) [clone .constprop.72]>
C:\Users\Ted\Documents\GitHub\OpenOBS-328\sensor\firmware\OpenOBS-328\src\libs\Adafruit_VCNL4010/Adafruit_VCNL4010.cpp:151
  while (1) {
    // Serial.println(read8(VCNL4010_INTSTAT), HEX);
    uint8_t result = read8(VCNL4010_COMMAND);
    4520:	80 e8       	ldi	r24, 0x80	; 128
    4522:	0e 94 43 0f 	call	0x1e86	; 0x1e86 <Adafruit_VCNL4010::read8(unsigned char) [clone .constprop.31]>
C:\Users\Ted\Documents\GitHub\OpenOBS-328\sensor\firmware\OpenOBS-328\src\libs\Adafruit_VCNL4010/Adafruit_VCNL4010.cpp:153
    // Serial.print("Ready = 0x"); Serial.println(result, HEX);
    if (result & VCNL4010_PROXIMITYREADY) {
    4526:	85 ff       	sbrs	r24, 5
    4528:	08 c2       	rjmp	.+1040   	; 0x493a <main+0x123e>
C:\Users\Ted\Documents\GitHub\OpenOBS-328\sensor\firmware\OpenOBS-328\src\libs\Adafruit_VCNL4010/Adafruit_VCNL4010.cpp:154
      return read16(VCNL4010_PROXIMITYDATA);
    452a:	87 e8       	ldi	r24, 0x87	; 135
    452c:	0e 94 25 0f 	call	0x1e4a	; 0x1e4a <Adafruit_VCNL4010::read16(unsigned char) [clone .constprop.32]>
getReadings():
C:\Users\Ted\Documents\GitHub\OpenOBS-328\sensor\firmware\OpenOBS-328\src\OpenOBS/Sensors.cpp:83
        tuBackscatter = vcnl4010.readProximity();
    4530:	90 93 c2 02 	sts	0x02C2, r25	; 0x8002c2 <data+0xf>
    4534:	80 93 c1 02 	sts	0x02C1, r24	; 0x8002c1 <data+0xe>
C:\Users\Ted\Documents\GitHub\OpenOBS-328\sensor\firmware\OpenOBS-328\src\OpenOBS/Sensors.cpp:88
    } else {
        tuBackscatter = 0;
    }
    
    if (hasPressureSensor && ((settings.measFlags & 0b00001100) != 0)) {
    4538:	80 91 2a 04 	lds	r24, 0x042A	; 0x80042a <sensors+0x2>
    453c:	88 23       	and	r24, r24
    453e:	11 f4       	brne	.+4      	; 0x4544 <main+0xe48>
    4540:	0c 94 26 2b 	jmp	0x564c	; 0x564c <main+0x1f50>
    4544:	80 91 30 04 	lds	r24, 0x0430	; 0x800430 <sensors+0x8>
    4548:	8c 70       	andi	r24, 0x0C	; 12
    454a:	11 f4       	brne	.+4      	; 0x4550 <main+0xe54>
    454c:	0c 94 26 2b 	jmp	0x564c	; 0x564c <main+0x1f50>
readSensor():
C:\Users\Ted\Documents\GitHub\OpenOBS-328\sensor\firmware\OpenOBS-328\src\libs\MS5803/MS5803.cpp:178
//------------------------------------------------------------------
void MS_5803::readSensor() {
	// Choose from CMD_ADC_256, 512, 1024, 2048, 4096 for mbar resolutions
	// of 1, 0.6, 0.4, 0.3, 0.2 respectively. Higher resolutions take longer
	// to read.
	if (_Resolution == 256){
    4550:	80 91 43 04 	lds	r24, 0x0443	; 0x800443 <sensors+0x1b>
    4554:	90 91 44 04 	lds	r25, 0x0444	; 0x800444 <sensors+0x1c>
    4558:	81 15       	cp	r24, r1
    455a:	21 e0       	ldi	r18, 0x01	; 1
    455c:	92 07       	cpc	r25, r18
    455e:	09 f0       	breq	.+2      	; 0x4562 <main+0xe66>
    4560:	f8 c1       	rjmp	.+1008   	; 0x4952 <main+0x1256>
C:\Users\Ted\Documents\GitHub\OpenOBS-328\sensor\firmware\OpenOBS-328\src\libs\MS5803/MS5803.cpp:179
		D1 = MS_5803_ADC(CMD_ADC_D1 + CMD_ADC_256); // read raw pressure
    4562:	80 e0       	ldi	r24, 0x00	; 0
    4564:	0e 94 2e 0d 	call	0x1a5c	; 0x1a5c <MS_5803::MS_5803_ADC(char) [clone .constprop.37]>
    4568:	60 93 3b 04 	sts	0x043B, r22	; 0x80043b <sensors+0x13>
    456c:	70 93 3c 04 	sts	0x043C, r23	; 0x80043c <sensors+0x14>
    4570:	80 93 3d 04 	sts	0x043D, r24	; 0x80043d <sensors+0x15>
    4574:	90 93 3e 04 	sts	0x043E, r25	; 0x80043e <sensors+0x16>
C:\Users\Ted\Documents\GitHub\OpenOBS-328\sensor\firmware\OpenOBS-328\src\libs\MS5803/MS5803.cpp:180
		D2 = MS_5803_ADC(CMD_ADC_D2 + CMD_ADC_256); // read raw temperature	
    4578:	80 e1       	ldi	r24, 0x10	; 16
C:\Users\Ted\Documents\GitHub\OpenOBS-328\sensor\firmware\OpenOBS-328\src\libs\MS5803/MS5803.cpp:192
	} else if (_Resolution == 2048) {
		D1 = MS_5803_ADC(CMD_ADC_D1 + CMD_ADC_2048); // read raw pressure
		D2 = MS_5803_ADC(CMD_ADC_D2 + CMD_ADC_2048); // read raw temperature
	} else if (_Resolution == 4096) {
		D1 = MS_5803_ADC(CMD_ADC_D1 + CMD_ADC_4096); // read raw pressure
		D2 = MS_5803_ADC(CMD_ADC_D2 + CMD_ADC_4096); // read raw temperature
    457a:	0e 94 2e 0d 	call	0x1a5c	; 0x1a5c <MS_5803::MS_5803_ADC(char) [clone .constprop.37]>
    457e:	60 93 3f 04 	sts	0x043F, r22	; 0x80043f <sensors+0x17>
    4582:	70 93 40 04 	sts	0x0440, r23	; 0x800440 <sensors+0x18>
    4586:	80 93 41 04 	sts	0x0441, r24	; 0x800441 <sensors+0x19>
    458a:	90 93 42 04 	sts	0x0442, r25	; 0x800442 <sensors+0x1a>
C:\Users\Ted\Documents\GitHub\OpenOBS-328\sensor\firmware\OpenOBS-328\src\libs\MS5803/MS5803.cpp:198
	}
    // Calculate 1st order temperature, dT is a long integer
	// D2 is originally cast as an uint32_t, but can fit in a int32_t, so we'll
	// cast both parts of the equation below as signed values so that we can
	// get a negative answer if needed
    dT = (int32_t)D2 - ( (int32_t)sensorCoeffs[5] * 256 );
    458e:	80 91 ab 02 	lds	r24, 0x02AB	; 0x8002ab <sensorCoeffs+0xa>
    4592:	90 91 ac 02 	lds	r25, 0x02AC	; 0x8002ac <sensorCoeffs+0xb>
    4596:	b0 e0       	ldi	r27, 0x00	; 0
    4598:	a0 e0       	ldi	r26, 0x00	; 0
    459a:	ba 2f       	mov	r27, r26
    459c:	a9 2f       	mov	r26, r25
    459e:	98 2f       	mov	r25, r24
    45a0:	88 27       	eor	r24, r24
    45a2:	40 91 3f 04 	lds	r20, 0x043F	; 0x80043f <sensors+0x17>
    45a6:	50 91 40 04 	lds	r21, 0x0440	; 0x800440 <sensors+0x18>
    45aa:	60 91 41 04 	lds	r22, 0x0441	; 0x800441 <sensors+0x19>
    45ae:	70 91 42 04 	lds	r23, 0x0442	; 0x800442 <sensors+0x1a>
    45b2:	8a 01       	movw	r16, r20
    45b4:	9b 01       	movw	r18, r22
    45b6:	08 1b       	sub	r16, r24
    45b8:	19 0b       	sbc	r17, r25
    45ba:	2a 0b       	sbc	r18, r26
    45bc:	3b 0b       	sbc	r19, r27
    45be:	0e 87       	std	Y+14, r16	; 0x0e
    45c0:	1f 87       	std	Y+15, r17	; 0x0f
    45c2:	28 8b       	std	Y+16, r18	; 0x10
    45c4:	39 8b       	std	Y+17, r19	; 0x11
C:\Users\Ted\Documents\GitHub\OpenOBS-328\sensor\firmware\OpenOBS-328\src\libs\MS5803/MS5803.cpp:202
    // Use integer division to calculate T. It is necessary to cast
    // one of the operands as a signed 64-bit integer (int64_t) so there's no 
    // rollover issues in the numerator.
    T = 2000 + ((int64_t)dT * sensorCoeffs[6]) / 8388608LL;
    45c6:	60 91 ad 02 	lds	r22, 0x02AD	; 0x8002ad <sensorCoeffs+0xc>
    45ca:	70 91 ae 02 	lds	r23, 0x02AE	; 0x8002ae <sensorCoeffs+0xd>
    45ce:	90 e0       	ldi	r25, 0x00	; 0
    45d0:	80 e0       	ldi	r24, 0x00	; 0
    45d2:	a9 01       	movw	r20, r18
    45d4:	98 01       	movw	r18, r16
    45d6:	0e 94 70 30 	call	0x60e0	; 0x60e0 <__mulsidi3>
    45da:	f2 2e       	mov	r15, r18
    45dc:	03 2f       	mov	r16, r19
    45de:	14 2f       	mov	r17, r20
    45e0:	b5 2f       	mov	r27, r21
    45e2:	f6 2f       	mov	r31, r22
    45e4:	e7 2f       	mov	r30, r23
    45e6:	d8 2e       	mov	r13, r24
    45e8:	e9 2e       	mov	r14, r25
    45ea:	a0 e0       	ldi	r26, 0x00	; 0
    45ec:	0e 94 fe 30 	call	0x61fc	; 0x61fc <__cmpdi2_s8>
    45f0:	84 f4       	brge	.+32     	; 0x4612 <main+0xf16>
    45f2:	21 50       	subi	r18, 0x01	; 1
    45f4:	31 09       	sbc	r19, r1
    45f6:	40 48       	sbci	r20, 0x80	; 128
    45f8:	5f 4f       	sbci	r21, 0xFF	; 255
    45fa:	6f 4f       	sbci	r22, 0xFF	; 255
    45fc:	7f 4f       	sbci	r23, 0xFF	; 255
    45fe:	8f 4f       	sbci	r24, 0xFF	; 255
    4600:	9f 4f       	sbci	r25, 0xFF	; 255
    4602:	f2 2e       	mov	r15, r18
    4604:	03 2f       	mov	r16, r19
    4606:	14 2f       	mov	r17, r20
    4608:	b5 2f       	mov	r27, r21
    460a:	f6 2f       	mov	r31, r22
    460c:	e7 2f       	mov	r30, r23
    460e:	d8 2e       	mov	r13, r24
    4610:	e9 2e       	mov	r14, r25
    4612:	2f 2d       	mov	r18, r15
    4614:	30 2f       	mov	r19, r16
    4616:	41 2f       	mov	r20, r17
    4618:	5b 2f       	mov	r21, r27
    461a:	6f 2f       	mov	r22, r31
    461c:	7e 2f       	mov	r23, r30
    461e:	8d 2d       	mov	r24, r13
    4620:	9e 2d       	mov	r25, r14
    4622:	07 e1       	ldi	r16, 0x17	; 23
    4624:	0e 94 c3 30 	call	0x6186	; 0x6186 <__ashrdi3>
    4628:	19 01       	movw	r2, r18
    462a:	2a 01       	movw	r4, r20
    462c:	20 53       	subi	r18, 0x30	; 48
    462e:	38 4f       	sbci	r19, 0xF8	; 248
    4630:	4f 4f       	sbci	r20, 0xFF	; 255
    4632:	5f 4f       	sbci	r21, 0xFF	; 255
    4634:	2f 8b       	std	Y+23, r18	; 0x17
    4636:	38 8f       	std	Y+24, r19	; 0x18
    4638:	49 8f       	std	Y+25, r20	; 0x19
    463a:	5a 8f       	std	Y+26, r21	; 0x1a
    463c:	30 91 46 04 	lds	r19, 0x0446	; 0x800446 <sensors+0x1e>
    4640:	3e 8b       	std	Y+22, r19	; 0x16
C:\Users\Ted\Documents\GitHub\OpenOBS-328\sensor\firmware\OpenOBS-328\src\libs\MS5803/MS5803.cpp:214
    
    
    // Do 2nd order temperature compensation (see pg 9 of MS5803 data sheet)
    // I have tried to insert the fixed values wherever possible 
    // (i.e. 2^31 is hard coded as 2147483648).
    if (T < 2000) { // If temperature is below 20.0C
    4642:	4f 89       	ldd	r20, Y+23	; 0x17
    4644:	58 8d       	ldd	r21, Y+24	; 0x18
    4646:	69 8d       	ldd	r22, Y+25	; 0x19
    4648:	7a 8d       	ldd	r23, Y+26	; 0x1a
    464a:	40 3d       	cpi	r20, 0xD0	; 208
    464c:	57 40       	sbci	r21, 0x07	; 7
    464e:	61 05       	cpc	r22, r1
    4650:	71 05       	cpc	r23, r1
    4652:	0c f0       	brlt	.+2      	; 0x4656 <main+0xf5a>
    4654:	17 c4       	rjmp	.+2094   	; 0x4e84 <main+0x1788>
C:\Users\Ted\Documents\GitHub\OpenOBS-328\sensor\firmware\OpenOBS-328\src\libs\MS5803/MS5803.cpp:215
		switch(_Version){
    4656:	35 30       	cpi	r19, 0x05	; 5
    4658:	09 f4       	brne	.+2      	; 0x465c <main+0xf60>
    465a:	ff c2       	rjmp	.+1534   	; 0x4c5a <main+0x155e>
    465c:	3e 30       	cpi	r19, 0x0E	; 14
    465e:	09 f4       	brne	.+2      	; 0x4662 <main+0xf66>
    4660:	bc c1       	rjmp	.+888    	; 0x49da <main+0x12de>
    4662:	32 30       	cpi	r19, 0x02	; 2
    4664:	09 f0       	breq	.+2      	; 0x4668 <main+0xf6c>
    4666:	bf c5       	rjmp	.+2942   	; 0x51e6 <main+0x1aea>
C:\Users\Ted\Documents\GitHub\OpenOBS-328\sensor\firmware\OpenOBS-328\src\libs\MS5803/MS5803.cpp:229
				T2 = (int32_t)T2; // recast as signed 32bit integer
				OFF2 = 3 * ((T-2000) * (T-2000)) / 8 ;
				Sens2 = 7 * ((T-2000) * (T-2000)) / 8 ;
				break;
			case 2:
				T2 = ((int64_t)dT * dT) / 2147483648LL ; // 2^31 = 2147483648
    4668:	6e 85       	ldd	r22, Y+14	; 0x0e
    466a:	7f 85       	ldd	r23, Y+15	; 0x0f
    466c:	88 89       	ldd	r24, Y+16	; 0x10
    466e:	99 89       	ldd	r25, Y+17	; 0x11
    4670:	9b 01       	movw	r18, r22
    4672:	ac 01       	movw	r20, r24
    4674:	0e 94 70 30 	call	0x60e0	; 0x60e0 <__mulsidi3>
    4678:	f2 2e       	mov	r15, r18
    467a:	03 2f       	mov	r16, r19
    467c:	14 2f       	mov	r17, r20
    467e:	b5 2f       	mov	r27, r21
    4680:	f6 2f       	mov	r31, r22
    4682:	e7 2f       	mov	r30, r23
    4684:	d8 2e       	mov	r13, r24
    4686:	e9 2e       	mov	r14, r25
    4688:	a0 e0       	ldi	r26, 0x00	; 0
    468a:	0e 94 fe 30 	call	0x61fc	; 0x61fc <__cmpdi2_s8>
    468e:	84 f4       	brge	.+32     	; 0x46b0 <main+0xfb4>
    4690:	21 50       	subi	r18, 0x01	; 1
    4692:	31 09       	sbc	r19, r1
    4694:	41 09       	sbc	r20, r1
    4696:	50 48       	sbci	r21, 0x80	; 128
    4698:	6f 4f       	sbci	r22, 0xFF	; 255
    469a:	7f 4f       	sbci	r23, 0xFF	; 255
    469c:	8f 4f       	sbci	r24, 0xFF	; 255
    469e:	9f 4f       	sbci	r25, 0xFF	; 255
    46a0:	f2 2e       	mov	r15, r18
    46a2:	03 2f       	mov	r16, r19
    46a4:	14 2f       	mov	r17, r20
    46a6:	b5 2f       	mov	r27, r21
    46a8:	f6 2f       	mov	r31, r22
    46aa:	e7 2f       	mov	r30, r23
    46ac:	d8 2e       	mov	r13, r24
    46ae:	e9 2e       	mov	r14, r25
    46b0:	2f 2d       	mov	r18, r15
    46b2:	30 2f       	mov	r19, r16
    46b4:	41 2f       	mov	r20, r17
    46b6:	5b 2f       	mov	r21, r27
    46b8:	6f 2f       	mov	r22, r31
    46ba:	7e 2f       	mov	r23, r30
    46bc:	8d 2d       	mov	r24, r13
    46be:	9e 2d       	mov	r25, r14
    46c0:	0f e1       	ldi	r16, 0x1F	; 31
    46c2:	0e 94 c3 30 	call	0x6186	; 0x6186 <__ashrdi3>
    46c6:	49 01       	movw	r8, r18
    46c8:	5a 01       	movw	r10, r20
C:\Users\Ted\Documents\GitHub\OpenOBS-328\sensor\firmware\OpenOBS-328\src\libs\MS5803/MS5803.cpp:230
				T2 = (int32_t)T2; // recast as signed 32bit integer
    46ca:	80 92 99 02 	sts	0x0299, r8	; 0x800299 <T2>
    46ce:	90 92 9a 02 	sts	0x029A, r9	; 0x80029a <T2+0x1>
    46d2:	a0 92 9b 02 	sts	0x029B, r10	; 0x80029b <T2+0x2>
    46d6:	b0 92 9c 02 	sts	0x029C, r11	; 0x80029c <T2+0x3>
    46da:	bb 0c       	add	r11, r11
    46dc:	88 08       	sbc	r8, r8
    46de:	98 2c       	mov	r9, r8
    46e0:	54 01       	movw	r10, r8
    46e2:	80 92 9d 02 	sts	0x029D, r8	; 0x80029d <T2+0x4>
    46e6:	80 92 9e 02 	sts	0x029E, r8	; 0x80029e <T2+0x5>
    46ea:	80 92 9f 02 	sts	0x029F, r8	; 0x80029f <T2+0x6>
    46ee:	80 92 a0 02 	sts	0x02A0, r8	; 0x8002a0 <T2+0x7>
C:\Users\Ted\Documents\GitHub\OpenOBS-328\sensor\firmware\OpenOBS-328\src\libs\MS5803/MS5803.cpp:231
				OFF2 = (61 * ((T-2000) * (T-2000))) / 16 ;
    46f2:	6f 89       	ldd	r22, Y+23	; 0x17
    46f4:	78 8d       	ldd	r23, Y+24	; 0x18
    46f6:	89 8d       	ldd	r24, Y+25	; 0x19
    46f8:	9a 8d       	ldd	r25, Y+26	; 0x1a
    46fa:	60 5d       	subi	r22, 0xD0	; 208
    46fc:	77 40       	sbci	r23, 0x07	; 7
    46fe:	81 09       	sbc	r24, r1
    4700:	91 09       	sbc	r25, r1
    4702:	9b 01       	movw	r18, r22
    4704:	ac 01       	movw	r20, r24
    4706:	0e 94 a7 2f 	call	0x5f4e	; 0x5f4e <__mulsi3>
    470a:	6b 01       	movw	r12, r22
    470c:	7c 01       	movw	r14, r24
    470e:	ad e3       	ldi	r26, 0x3D	; 61
    4710:	b0 e0       	ldi	r27, 0x00	; 0
    4712:	ac 01       	movw	r20, r24
    4714:	9b 01       	movw	r18, r22
    4716:	0e 94 56 2f 	call	0x5eac	; 0x5eac <__muluhisi3>
    471a:	8b 01       	movw	r16, r22
    471c:	9c 01       	movw	r18, r24
    471e:	44 e0       	ldi	r20, 0x04	; 4
    4720:	35 95       	asr	r19
    4722:	27 95       	ror	r18
    4724:	17 95       	ror	r17
    4726:	07 95       	ror	r16
    4728:	4a 95       	dec	r20
    472a:	d1 f7       	brne	.-12     	; 0x4720 <main+0x1024>
    472c:	00 93 91 02 	sts	0x0291, r16	; 0x800291 <OFF2>
    4730:	10 93 92 02 	sts	0x0292, r17	; 0x800292 <OFF2+0x1>
    4734:	20 93 93 02 	sts	0x0293, r18	; 0x800293 <OFF2+0x2>
    4738:	30 93 94 02 	sts	0x0294, r19	; 0x800294 <OFF2+0x3>
    473c:	2b 01       	movw	r4, r22
    473e:	3c 01       	movw	r6, r24
    4740:	77 0c       	add	r7, r7
    4742:	44 08       	sbc	r4, r4
    4744:	54 2c       	mov	r5, r4
    4746:	32 01       	movw	r6, r4
    4748:	40 92 95 02 	sts	0x0295, r4	; 0x800295 <OFF2+0x4>
    474c:	40 92 96 02 	sts	0x0296, r4	; 0x800296 <OFF2+0x5>
    4750:	40 92 97 02 	sts	0x0297, r4	; 0x800297 <OFF2+0x6>
    4754:	40 92 98 02 	sts	0x0298, r4	; 0x800298 <OFF2+0x7>
C:\Users\Ted\Documents\GitHub\OpenOBS-328\sensor\firmware\OpenOBS-328\src\libs\MS5803/MS5803.cpp:232
				Sens2 = 2 * ((T-2000) * (T-2000)) ;
    4758:	cc 0c       	add	r12, r12
    475a:	dd 1c       	adc	r13, r13
    475c:	ee 1c       	adc	r14, r14
    475e:	ff 1c       	adc	r15, r15
    4760:	c0 92 89 02 	sts	0x0289, r12	; 0x800289 <Sens2>
    4764:	d0 92 8a 02 	sts	0x028A, r13	; 0x80028a <Sens2+0x1>
    4768:	e0 92 8b 02 	sts	0x028B, r14	; 0x80028b <Sens2+0x2>
    476c:	f0 92 8c 02 	sts	0x028C, r15	; 0x80028c <Sens2+0x3>
    4770:	c7 01       	movw	r24, r14
    4772:	b6 01       	movw	r22, r12
    4774:	99 0f       	add	r25, r25
    4776:	66 0b       	sbc	r22, r22
    4778:	76 2f       	mov	r23, r22
    477a:	cb 01       	movw	r24, r22
    477c:	6b 8f       	std	Y+27, r22	; 0x1b
    477e:	7c 8f       	std	Y+28, r23	; 0x1c
    4780:	8d 8f       	std	Y+29, r24	; 0x1d
    4782:	9e 8f       	std	Y+30, r25	; 0x1e
    4784:	60 93 8d 02 	sts	0x028D, r22	; 0x80028d <Sens2+0x4>
    4788:	7b 8d       	ldd	r23, Y+27	; 0x1b
    478a:	70 93 8e 02 	sts	0x028E, r23	; 0x80028e <Sens2+0x5>
    478e:	70 93 8f 02 	sts	0x028F, r23	; 0x80028f <Sens2+0x6>
    4792:	70 93 90 02 	sts	0x0290, r23	; 0x800290 <Sens2+0x7>
C:\Users\Ted\Documents\GitHub\OpenOBS-328\sensor\firmware\OpenOBS-328\src\libs\MS5803/MS5803.cpp:257
				break;
		}
    }
    
    // Additional compensation for very low temperatures (< -15C)
    if (T < -1500) {
    4796:	0f 89       	ldd	r16, Y+23	; 0x17
    4798:	18 8d       	ldd	r17, Y+24	; 0x18
    479a:	29 8d       	ldd	r18, Y+25	; 0x19
    479c:	3a 8d       	ldd	r19, Y+26	; 0x1a
    479e:	04 32       	cpi	r16, 0x24	; 36
    47a0:	1a 4f       	sbci	r17, 0xFA	; 250
    47a2:	2f 4f       	sbci	r18, 0xFF	; 255
    47a4:	3f 4f       	sbci	r19, 0xFF	; 255
    47a6:	0c f4       	brge	.+2      	; 0x47aa <main+0x10ae>
    47a8:	a4 c5       	rjmp	.+2888   	; 0x52f2 <main+0x1bf6>
C:\Users\Ted\Documents\GitHub\OpenOBS-328\sensor\firmware\OpenOBS-328\src\libs\MS5803/MS5803.cpp:287
		case 5:
			Offset = (int64_t)sensorCoeffs[2] * 262144 + (sensorCoeffs[4] * (int64_t)dT) / 32;
			Sensitivity = (int64_t)sensorCoeffs[1] * 131072 + (sensorCoeffs[3] * (int64_t)dT) / 128;
			break;
		case 2:
			Offset = (int64_t)sensorCoeffs[2] * 131072 + (sensorCoeffs[4] * (int64_t)dT) / 64;
    47aa:	60 91 a9 02 	lds	r22, 0x02A9	; 0x8002a9 <sensorCoeffs+0x8>
    47ae:	70 91 aa 02 	lds	r23, 0x02AA	; 0x8002aa <sensorCoeffs+0x9>
    47b2:	90 e0       	ldi	r25, 0x00	; 0
    47b4:	80 e0       	ldi	r24, 0x00	; 0
    47b6:	2e 85       	ldd	r18, Y+14	; 0x0e
    47b8:	3f 85       	ldd	r19, Y+15	; 0x0f
    47ba:	48 89       	ldd	r20, Y+16	; 0x10
    47bc:	59 89       	ldd	r21, Y+17	; 0x11
    47be:	0e 94 70 30 	call	0x60e0	; 0x60e0 <__mulsidi3>
    47c2:	f2 2e       	mov	r15, r18
    47c4:	03 2f       	mov	r16, r19
    47c6:	14 2f       	mov	r17, r20
    47c8:	b5 2f       	mov	r27, r21
    47ca:	f6 2f       	mov	r31, r22
    47cc:	e7 2f       	mov	r30, r23
    47ce:	d8 2e       	mov	r13, r24
    47d0:	e9 2e       	mov	r14, r25
    47d2:	a0 e0       	ldi	r26, 0x00	; 0
    47d4:	0e 94 fe 30 	call	0x61fc	; 0x61fc <__cmpdi2_s8>
    47d8:	5c f4       	brge	.+22     	; 0x47f0 <main+0x10f4>
    47da:	af e3       	ldi	r26, 0x3F	; 63
    47dc:	0e 94 e9 30 	call	0x61d2	; 0x61d2 <__adddi3_s8>
    47e0:	f2 2e       	mov	r15, r18
    47e2:	03 2f       	mov	r16, r19
    47e4:	14 2f       	mov	r17, r20
    47e6:	b5 2f       	mov	r27, r21
    47e8:	f6 2f       	mov	r31, r22
    47ea:	e7 2f       	mov	r30, r23
    47ec:	d8 2e       	mov	r13, r24
    47ee:	e9 2e       	mov	r14, r25
    47f0:	2f 2d       	mov	r18, r15
    47f2:	30 2f       	mov	r19, r16
    47f4:	41 2f       	mov	r20, r17
    47f6:	5b 2f       	mov	r21, r27
    47f8:	6f 2f       	mov	r22, r31
    47fa:	7e 2f       	mov	r23, r30
    47fc:	8d 2d       	mov	r24, r13
    47fe:	9e 2d       	mov	r25, r14
    4800:	06 e0       	ldi	r16, 0x06	; 6
    4802:	0e 94 c3 30 	call	0x6186	; 0x6186 <__ashrdi3>
    4806:	39 01       	movw	r6, r18
    4808:	4a 01       	movw	r8, r20
    480a:	b6 2f       	mov	r27, r22
    480c:	a7 2f       	mov	r26, r23
    480e:	f8 2f       	mov	r31, r24
    4810:	e9 2f       	mov	r30, r25
    4812:	a0 90 a5 02 	lds	r10, 0x02A5	; 0x8002a5 <sensorCoeffs+0x4>
    4816:	b0 90 a6 02 	lds	r11, 0x02A6	; 0x8002a6 <sensorCoeffs+0x5>
    481a:	95 01       	movw	r18, r10
    481c:	40 e0       	ldi	r20, 0x00	; 0
    481e:	50 e0       	ldi	r21, 0x00	; 0
    4820:	60 e0       	ldi	r22, 0x00	; 0
    4822:	70 e0       	ldi	r23, 0x00	; 0
    4824:	80 e0       	ldi	r24, 0x00	; 0
    4826:	90 e0       	ldi	r25, 0x00	; 0
    4828:	01 e1       	ldi	r16, 0x11	; 17
    482a:	0e 94 aa 30 	call	0x6154	; 0x6154 <__ashldi3>
    482e:	59 01       	movw	r10, r18
    4830:	6a 01       	movw	r12, r20
    4832:	7b 01       	movw	r14, r22
    4834:	8c 01       	movw	r16, r24
    4836:	93 01       	movw	r18, r6
    4838:	a4 01       	movw	r20, r8
    483a:	6b 2f       	mov	r22, r27
    483c:	7a 2f       	mov	r23, r26
    483e:	8f 2f       	mov	r24, r31
    4840:	9e 2f       	mov	r25, r30
    4842:	0e 94 e0 30 	call	0x61c0	; 0x61c0 <__adddi3>
    4846:	20 93 81 02 	sts	0x0281, r18	; 0x800281 <Offset>
    484a:	30 93 82 02 	sts	0x0282, r19	; 0x800282 <Offset+0x1>
    484e:	40 93 83 02 	sts	0x0283, r20	; 0x800283 <Offset+0x2>
    4852:	50 93 84 02 	sts	0x0284, r21	; 0x800284 <Offset+0x3>
    4856:	60 93 85 02 	sts	0x0285, r22	; 0x800285 <Offset+0x4>
    485a:	70 93 86 02 	sts	0x0286, r23	; 0x800286 <Offset+0x5>
    485e:	80 93 87 02 	sts	0x0287, r24	; 0x800287 <Offset+0x6>
    4862:	90 93 88 02 	sts	0x0288, r25	; 0x800288 <Offset+0x7>
C:\Users\Ted\Documents\GitHub\OpenOBS-328\sensor\firmware\OpenOBS-328\src\libs\MS5803/MS5803.cpp:288
			Sensitivity = (int64_t)sensorCoeffs[1] * 65536 + (sensorCoeffs[3] * (int64_t)dT) / 128;
    4866:	60 91 a7 02 	lds	r22, 0x02A7	; 0x8002a7 <sensorCoeffs+0x6>
    486a:	70 91 a8 02 	lds	r23, 0x02A8	; 0x8002a8 <sensorCoeffs+0x7>
    486e:	90 e0       	ldi	r25, 0x00	; 0
    4870:	80 e0       	ldi	r24, 0x00	; 0
    4872:	2e 85       	ldd	r18, Y+14	; 0x0e
    4874:	3f 85       	ldd	r19, Y+15	; 0x0f
    4876:	48 89       	ldd	r20, Y+16	; 0x10
    4878:	59 89       	ldd	r21, Y+17	; 0x11
    487a:	0e 94 70 30 	call	0x60e0	; 0x60e0 <__mulsidi3>
    487e:	f2 2e       	mov	r15, r18
    4880:	03 2f       	mov	r16, r19
    4882:	14 2f       	mov	r17, r20
    4884:	b5 2f       	mov	r27, r21
    4886:	f6 2f       	mov	r31, r22
    4888:	e7 2f       	mov	r30, r23
    488a:	d8 2e       	mov	r13, r24
    488c:	e9 2e       	mov	r14, r25
    488e:	a0 e0       	ldi	r26, 0x00	; 0
    4890:	0e 94 fe 30 	call	0x61fc	; 0x61fc <__cmpdi2_s8>
    4894:	5c f4       	brge	.+22     	; 0x48ac <main+0x11b0>
    4896:	af e7       	ldi	r26, 0x7F	; 127
    4898:	0e 94 e9 30 	call	0x61d2	; 0x61d2 <__adddi3_s8>
    489c:	f2 2e       	mov	r15, r18
    489e:	03 2f       	mov	r16, r19
    48a0:	14 2f       	mov	r17, r20
    48a2:	b5 2f       	mov	r27, r21
    48a4:	f6 2f       	mov	r31, r22
    48a6:	e7 2f       	mov	r30, r23
    48a8:	d8 2e       	mov	r13, r24
    48aa:	e9 2e       	mov	r14, r25
    48ac:	2f 2d       	mov	r18, r15
    48ae:	30 2f       	mov	r19, r16
    48b0:	41 2f       	mov	r20, r17
    48b2:	5b 2f       	mov	r21, r27
    48b4:	6f 2f       	mov	r22, r31
    48b6:	7e 2f       	mov	r23, r30
    48b8:	8d 2d       	mov	r24, r13
    48ba:	9e 2d       	mov	r25, r14
    48bc:	07 e0       	ldi	r16, 0x07	; 7
    48be:	0e 94 c3 30 	call	0x6186	; 0x6186 <__ashrdi3>
    48c2:	39 01       	movw	r6, r18
    48c4:	4a 01       	movw	r8, r20
    48c6:	b6 2f       	mov	r27, r22
    48c8:	a7 2f       	mov	r26, r23
    48ca:	f8 2f       	mov	r31, r24
    48cc:	e9 2f       	mov	r30, r25
    48ce:	a0 90 a3 02 	lds	r10, 0x02A3	; 0x8002a3 <sensorCoeffs+0x2>
    48d2:	b0 90 a4 02 	lds	r11, 0x02A4	; 0x8002a4 <sensorCoeffs+0x3>
    48d6:	95 01       	movw	r18, r10
    48d8:	40 e0       	ldi	r20, 0x00	; 0
    48da:	50 e0       	ldi	r21, 0x00	; 0
    48dc:	60 e0       	ldi	r22, 0x00	; 0
    48de:	70 e0       	ldi	r23, 0x00	; 0
    48e0:	80 e0       	ldi	r24, 0x00	; 0
    48e2:	90 e0       	ldi	r25, 0x00	; 0
    48e4:	00 e1       	ldi	r16, 0x10	; 16
    48e6:	9a c1       	rjmp	.+820    	; 0x4c1c <main+0x1520>
    48e8:	ff cf       	rjmp	.-2      	; 0x48e8 <main+0x11ec>
loadSettings():
C:\Users\Ted\Documents\GitHub\OpenOBS-328\sensor\firmware\OpenOBS-328\src\OpenOBS/Sensors.cpp:47
    saveSettings();
}

// Load settings from EEPROM
void Sensors::loadSettings() {
    EEPROM.get(eepromAddress, settings);
    48ea:	80 91 28 04 	lds	r24, 0x0428	; 0x800428 <sensors>
    48ee:	90 91 29 04 	lds	r25, 0x0429	; 0x800429 <sensors+0x1>
    48f2:	7e e2       	ldi	r23, 0x2E	; 46
    48f4:	c7 2e       	mov	r12, r23
    48f6:	74 e0       	ldi	r23, 0x04	; 4
    48f8:	d7 2e       	mov	r13, r23
    48fa:	08 e2       	ldi	r16, 0x28	; 40
    48fc:	14 e0       	ldi	r17, 0x04	; 4
operator*():
C:\Users\Ted\AppData\Local\Arduino15\packages\MiniCore\hardware\avr\2.1.3\libraries\EEPROM\src/EEPROM.h:42

    EERef( const int index )
        : index( index )                 {}
    
    //Access/read members.
    uint8_t operator*() const            { return eeprom_read_byte( (uint8_t*) index ); }
    48fe:	9c 01       	movw	r18, r24
    4900:	28 52       	subi	r18, 0x28	; 40
    4902:	34 40       	sbci	r19, 0x04	; 4
    4904:	79 01       	movw	r14, r18
    4906:	c7 01       	movw	r24, r14
    4908:	80 0f       	add	r24, r16
    490a:	91 1f       	adc	r25, r17
    490c:	0e 94 40 2f 	call	0x5e80	; 0x5e80 <eeprom_read_byte>
_ZN11EEPROMClass3getI14SensorSettingsEERT_iS3_.isra.2():
C:\Users\Ted\AppData\Local\Arduino15\packages\MiniCore\hardware\avr\2.1.3\libraries\EEPROM\src/EEPROM.h:133
    
    //Functionality to 'get' and 'put' objects to and from EEPROM.
    template< typename T > T &get( int idx, T &t ){
        EEPtr e = idx;
        uint8_t *ptr = (uint8_t*) &t;
        for( int count = sizeof(T) ; count ; --count, ++e )  *ptr++ = *e;
    4910:	d8 01       	movw	r26, r16
    4912:	13 96       	adiw	r26, 0x03	; 3
    4914:	8c 93       	st	X, r24
    4916:	0f 5f       	subi	r16, 0xFF	; 255
    4918:	1f 4f       	sbci	r17, 0xFF	; 255
    491a:	c0 16       	cp	r12, r16
    491c:	d1 06       	cpc	r13, r17
    491e:	99 f7       	brne	.-26     	; 0x4906 <main+0x120a>
    4920:	d6 cc       	rjmp	.-1620   	; 0x42ce <main+0xbd2>
readAmbient():
C:\Users\Ted\Documents\GitHub\OpenOBS-328\sensor\firmware\OpenOBS-328\src\libs\Adafruit_VCNL4010/Adafruit_VCNL4010.cpp:180
    uint8_t result = read8(VCNL4010_COMMAND);
    // Serial.print("Ready = 0x"); Serial.println(result, HEX);
    if (result & VCNL4010_AMBIENTREADY) {
      return read16(VCNL4010_AMBIENTDATA);
    }
    delay(1);
    4922:	61 e0       	ldi	r22, 0x01	; 1
    4924:	70 e0       	ldi	r23, 0x00	; 0
    4926:	80 e0       	ldi	r24, 0x00	; 0
    4928:	90 e0       	ldi	r25, 0x00	; 0
    492a:	0e 94 c1 03 	call	0x782	; 0x782 <delay>
    492e:	dc cd       	rjmp	.-1096   	; 0x44e8 <main+0xdec>
getReadings():
C:\Users\Ted\Documents\GitHub\OpenOBS-328\sensor\firmware\OpenOBS-328\src\OpenOBS/Sensors.cpp:79

void Sensors::getReadings(uint16_t &tuAmbient, uint16_t &tuBackscatter, uint32_t &abs_P, int16_t &water_temp) {
    if (settings.measFlags & 0b00000001) { // Check bit 0 (readAmbient)
        tuAmbient = vcnl4010.readAmbient();
    } else {
        tuAmbient = 0;
    4930:	10 92 c0 02 	sts	0x02C0, r1	; 0x8002c0 <data+0xd>
    4934:	10 92 bf 02 	sts	0x02BF, r1	; 0x8002bf <data+0xc>
    4938:	e3 cd       	rjmp	.-1082   	; 0x4500 <main+0xe04>
readProximity():
C:\Users\Ted\Documents\GitHub\OpenOBS-328\sensor\firmware\OpenOBS-328\src\libs\Adafruit_VCNL4010/Adafruit_VCNL4010.cpp:156
    uint8_t result = read8(VCNL4010_COMMAND);
    // Serial.print("Ready = 0x"); Serial.println(result, HEX);
    if (result & VCNL4010_PROXIMITYREADY) {
      return read16(VCNL4010_PROXIMITYDATA);
    }
    delay(1);
    493a:	61 e0       	ldi	r22, 0x01	; 1
    493c:	70 e0       	ldi	r23, 0x00	; 0
    493e:	80 e0       	ldi	r24, 0x00	; 0
    4940:	90 e0       	ldi	r25, 0x00	; 0
    4942:	0e 94 c1 03 	call	0x782	; 0x782 <delay>
    4946:	ec cd       	rjmp	.-1064   	; 0x4520 <main+0xe24>
getReadings():
C:\Users\Ted\Documents\GitHub\OpenOBS-328\sensor\firmware\OpenOBS-328\src\OpenOBS/Sensors.cpp:85
    }

    if (settings.measFlags & 0b00000010) { // Check bit 1 (readBackscatter)
        tuBackscatter = vcnl4010.readProximity();
    } else {
        tuBackscatter = 0;
    4948:	10 92 c2 02 	sts	0x02C2, r1	; 0x8002c2 <data+0xf>
    494c:	10 92 c1 02 	sts	0x02C1, r1	; 0x8002c1 <data+0xe>
    4950:	f3 cd       	rjmp	.-1050   	; 0x4538 <main+0xe3c>
readSensor():
C:\Users\Ted\Documents\GitHub\OpenOBS-328\sensor\firmware\OpenOBS-328\src\libs\MS5803/MS5803.cpp:181
	// of 1, 0.6, 0.4, 0.3, 0.2 respectively. Higher resolutions take longer
	// to read.
	if (_Resolution == 256){
		D1 = MS_5803_ADC(CMD_ADC_D1 + CMD_ADC_256); // read raw pressure
		D2 = MS_5803_ADC(CMD_ADC_D2 + CMD_ADC_256); // read raw temperature	
	} else if (_Resolution == 512) {
    4952:	81 15       	cp	r24, r1
    4954:	32 e0       	ldi	r19, 0x02	; 2
    4956:	93 07       	cpc	r25, r19
    4958:	69 f4       	brne	.+26     	; 0x4974 <main+0x1278>
C:\Users\Ted\Documents\GitHub\OpenOBS-328\sensor\firmware\OpenOBS-328\src\libs\MS5803/MS5803.cpp:182
		D1 = MS_5803_ADC(CMD_ADC_D1 + CMD_ADC_512); // read raw pressure
    495a:	82 e0       	ldi	r24, 0x02	; 2
    495c:	0e 94 2e 0d 	call	0x1a5c	; 0x1a5c <MS_5803::MS_5803_ADC(char) [clone .constprop.37]>
    4960:	60 93 3b 04 	sts	0x043B, r22	; 0x80043b <sensors+0x13>
    4964:	70 93 3c 04 	sts	0x043C, r23	; 0x80043c <sensors+0x14>
    4968:	80 93 3d 04 	sts	0x043D, r24	; 0x80043d <sensors+0x15>
    496c:	90 93 3e 04 	sts	0x043E, r25	; 0x80043e <sensors+0x16>
C:\Users\Ted\Documents\GitHub\OpenOBS-328\sensor\firmware\OpenOBS-328\src\libs\MS5803/MS5803.cpp:183
		D2 = MS_5803_ADC(CMD_ADC_D2 + CMD_ADC_512); // read raw temperature		
    4970:	82 e1       	ldi	r24, 0x12	; 18
    4972:	03 ce       	rjmp	.-1018   	; 0x457a <main+0xe7e>
C:\Users\Ted\Documents\GitHub\OpenOBS-328\sensor\firmware\OpenOBS-328\src\libs\MS5803/MS5803.cpp:184
	} else if (_Resolution == 1024) {
    4974:	81 15       	cp	r24, r1
    4976:	44 e0       	ldi	r20, 0x04	; 4
    4978:	94 07       	cpc	r25, r20
    497a:	69 f4       	brne	.+26     	; 0x4996 <main+0x129a>
C:\Users\Ted\Documents\GitHub\OpenOBS-328\sensor\firmware\OpenOBS-328\src\libs\MS5803/MS5803.cpp:185
		D1 = MS_5803_ADC(CMD_ADC_D1 + CMD_ADC_1024); // read raw pressure
    497c:	84 e0       	ldi	r24, 0x04	; 4
    497e:	0e 94 2e 0d 	call	0x1a5c	; 0x1a5c <MS_5803::MS_5803_ADC(char) [clone .constprop.37]>
    4982:	60 93 3b 04 	sts	0x043B, r22	; 0x80043b <sensors+0x13>
    4986:	70 93 3c 04 	sts	0x043C, r23	; 0x80043c <sensors+0x14>
    498a:	80 93 3d 04 	sts	0x043D, r24	; 0x80043d <sensors+0x15>
    498e:	90 93 3e 04 	sts	0x043E, r25	; 0x80043e <sensors+0x16>
C:\Users\Ted\Documents\GitHub\OpenOBS-328\sensor\firmware\OpenOBS-328\src\libs\MS5803/MS5803.cpp:186
		D2 = MS_5803_ADC(CMD_ADC_D2 + CMD_ADC_1024); // read raw temperature
    4992:	84 e1       	ldi	r24, 0x14	; 20
    4994:	f2 cd       	rjmp	.-1052   	; 0x457a <main+0xe7e>
C:\Users\Ted\Documents\GitHub\OpenOBS-328\sensor\firmware\OpenOBS-328\src\libs\MS5803/MS5803.cpp:187
	} else if (_Resolution == 2048) {
    4996:	81 15       	cp	r24, r1
    4998:	58 e0       	ldi	r21, 0x08	; 8
    499a:	95 07       	cpc	r25, r21
    499c:	69 f4       	brne	.+26     	; 0x49b8 <main+0x12bc>
C:\Users\Ted\Documents\GitHub\OpenOBS-328\sensor\firmware\OpenOBS-328\src\libs\MS5803/MS5803.cpp:188
		D1 = MS_5803_ADC(CMD_ADC_D1 + CMD_ADC_2048); // read raw pressure
    499e:	86 e0       	ldi	r24, 0x06	; 6
    49a0:	0e 94 2e 0d 	call	0x1a5c	; 0x1a5c <MS_5803::MS_5803_ADC(char) [clone .constprop.37]>
    49a4:	60 93 3b 04 	sts	0x043B, r22	; 0x80043b <sensors+0x13>
    49a8:	70 93 3c 04 	sts	0x043C, r23	; 0x80043c <sensors+0x14>
    49ac:	80 93 3d 04 	sts	0x043D, r24	; 0x80043d <sensors+0x15>
    49b0:	90 93 3e 04 	sts	0x043E, r25	; 0x80043e <sensors+0x16>
C:\Users\Ted\Documents\GitHub\OpenOBS-328\sensor\firmware\OpenOBS-328\src\libs\MS5803/MS5803.cpp:189
		D2 = MS_5803_ADC(CMD_ADC_D2 + CMD_ADC_2048); // read raw temperature
    49b4:	86 e1       	ldi	r24, 0x16	; 22
    49b6:	e1 cd       	rjmp	.-1086   	; 0x457a <main+0xe7e>
C:\Users\Ted\Documents\GitHub\OpenOBS-328\sensor\firmware\OpenOBS-328\src\libs\MS5803/MS5803.cpp:190
	} else if (_Resolution == 4096) {
    49b8:	81 15       	cp	r24, r1
    49ba:	90 41       	sbci	r25, 0x10	; 16
    49bc:	09 f0       	breq	.+2      	; 0x49c0 <main+0x12c4>
    49be:	e7 cd       	rjmp	.-1074   	; 0x458e <main+0xe92>
C:\Users\Ted\Documents\GitHub\OpenOBS-328\sensor\firmware\OpenOBS-328\src\libs\MS5803/MS5803.cpp:191
		D1 = MS_5803_ADC(CMD_ADC_D1 + CMD_ADC_4096); // read raw pressure
    49c0:	88 e0       	ldi	r24, 0x08	; 8
    49c2:	0e 94 2e 0d 	call	0x1a5c	; 0x1a5c <MS_5803::MS_5803_ADC(char) [clone .constprop.37]>
    49c6:	60 93 3b 04 	sts	0x043B, r22	; 0x80043b <sensors+0x13>
    49ca:	70 93 3c 04 	sts	0x043C, r23	; 0x80043c <sensors+0x14>
    49ce:	80 93 3d 04 	sts	0x043D, r24	; 0x80043d <sensors+0x15>
    49d2:	90 93 3e 04 	sts	0x043E, r25	; 0x80043e <sensors+0x16>
C:\Users\Ted\Documents\GitHub\OpenOBS-328\sensor\firmware\OpenOBS-328\src\libs\MS5803/MS5803.cpp:192
		D2 = MS_5803_ADC(CMD_ADC_D2 + CMD_ADC_4096); // read raw temperature
    49d6:	88 e1       	ldi	r24, 0x18	; 24
    49d8:	d0 cd       	rjmp	.-1120   	; 0x457a <main+0xe7e>
C:\Users\Ted\Documents\GitHub\OpenOBS-328\sensor\firmware\OpenOBS-328\src\libs\MS5803/MS5803.cpp:217
    // I have tried to insert the fixed values wherever possible 
    // (i.e. 2^31 is hard coded as 2147483648).
    if (T < 2000) { // If temperature is below 20.0C
		switch(_Version){
			case 14:
				T2 = 3 * ((int64_t)dT * dT) / POW_2_33 ;
    49da:	6e 85       	ldd	r22, Y+14	; 0x0e
    49dc:	7f 85       	ldd	r23, Y+15	; 0x0f
    49de:	88 89       	ldd	r24, Y+16	; 0x10
    49e0:	99 89       	ldd	r25, Y+17	; 0x11
    49e2:	9b 01       	movw	r18, r22
    49e4:	ac 01       	movw	r20, r24
    49e6:	0e 94 70 30 	call	0x60e0	; 0x60e0 <__mulsidi3>
    49ea:	e3 e0       	ldi	r30, 0x03	; 3
    49ec:	ae 2e       	mov	r10, r30
    49ee:	b1 2c       	mov	r11, r1
    49f0:	c1 2c       	mov	r12, r1
    49f2:	d1 2c       	mov	r13, r1
    49f4:	e1 2c       	mov	r14, r1
    49f6:	f1 2c       	mov	r15, r1
    49f8:	00 e0       	ldi	r16, 0x00	; 0
    49fa:	10 e0       	ldi	r17, 0x00	; 0
    49fc:	0e 94 18 30 	call	0x6030	; 0x6030 <__muldi3>
    4a00:	01 e2       	ldi	r16, 0x21	; 33
    4a02:	0e 94 c5 30 	call	0x618a	; 0x618a <__lshrdi3>
    4a06:	20 93 99 02 	sts	0x0299, r18	; 0x800299 <T2>
    4a0a:	30 93 9a 02 	sts	0x029A, r19	; 0x80029a <T2+0x1>
    4a0e:	40 93 9b 02 	sts	0x029B, r20	; 0x80029b <T2+0x2>
    4a12:	50 93 9c 02 	sts	0x029C, r21	; 0x80029c <T2+0x3>
    4a16:	60 93 9d 02 	sts	0x029D, r22	; 0x80029d <T2+0x4>
    4a1a:	70 93 9e 02 	sts	0x029E, r23	; 0x80029e <T2+0x5>
    4a1e:	80 93 9f 02 	sts	0x029F, r24	; 0x80029f <T2+0x6>
    4a22:	90 93 a0 02 	sts	0x02A0, r25	; 0x8002a0 <T2+0x7>
C:\Users\Ted\Documents\GitHub\OpenOBS-328\sensor\firmware\OpenOBS-328\src\libs\MS5803/MS5803.cpp:219
				T2 = (int32_t)T2; // recast as signed 32bit integer
				OFF2 = 3 * ((T-2000) * (T-2000)) / 2 ;
    4a26:	a2 01       	movw	r20, r4
    4a28:	91 01       	movw	r18, r2
    4a2a:	c2 01       	movw	r24, r4
    4a2c:	b1 01       	movw	r22, r2
    4a2e:	0e 94 a7 2f 	call	0x5f4e	; 0x5f4e <__mulsi3>
    4a32:	6b 01       	movw	r12, r22
    4a34:	a3 e0       	ldi	r26, 0x03	; 3
    4a36:	b0 e0       	ldi	r27, 0x00	; 0
    4a38:	ac 01       	movw	r20, r24
    4a3a:	9b 01       	movw	r18, r22
    4a3c:	0e 94 56 2f 	call	0x5eac	; 0x5eac <__muluhisi3>
    4a40:	8b 01       	movw	r16, r22
    4a42:	9c 01       	movw	r18, r24
    4a44:	35 95       	asr	r19
    4a46:	27 95       	ror	r18
    4a48:	17 95       	ror	r17
    4a4a:	07 95       	ror	r16
    4a4c:	00 93 91 02 	sts	0x0291, r16	; 0x800291 <OFF2>
    4a50:	10 93 92 02 	sts	0x0292, r17	; 0x800292 <OFF2+0x1>
    4a54:	20 93 93 02 	sts	0x0293, r18	; 0x800293 <OFF2+0x2>
    4a58:	30 93 94 02 	sts	0x0294, r19	; 0x800294 <OFF2+0x3>
    4a5c:	dc 01       	movw	r26, r24
    4a5e:	cb 01       	movw	r24, r22
    4a60:	bb 0f       	add	r27, r27
    4a62:	88 0b       	sbc	r24, r24
    4a64:	98 2f       	mov	r25, r24
    4a66:	dc 01       	movw	r26, r24
    4a68:	80 93 95 02 	sts	0x0295, r24	; 0x800295 <OFF2+0x4>
    4a6c:	80 93 96 02 	sts	0x0296, r24	; 0x800296 <OFF2+0x5>
    4a70:	80 93 97 02 	sts	0x0297, r24	; 0x800297 <OFF2+0x6>
    4a74:	80 93 98 02 	sts	0x0298, r24	; 0x800298 <OFF2+0x7>
C:\Users\Ted\Documents\GitHub\OpenOBS-328\sensor\firmware\OpenOBS-328\src\libs\MS5803/MS5803.cpp:220
				Sens2 = 5 * ((T-2000) * (T-2000)) / 8 ; 	
    4a78:	a5 e0       	ldi	r26, 0x05	; 5
    4a7a:	b0 e0       	ldi	r27, 0x00	; 0
    4a7c:	96 01       	movw	r18, r12
    4a7e:	0e 94 56 2f 	call	0x5eac	; 0x5eac <__muluhisi3>
    4a82:	8b 01       	movw	r16, r22
    4a84:	9c 01       	movw	r18, r24
    4a86:	43 e0       	ldi	r20, 0x03	; 3
    4a88:	35 95       	asr	r19
    4a8a:	27 95       	ror	r18
    4a8c:	17 95       	ror	r17
    4a8e:	07 95       	ror	r16
    4a90:	4a 95       	dec	r20
    4a92:	d1 f7       	brne	.-12     	; 0x4a88 <main+0x138c>
    4a94:	00 93 89 02 	sts	0x0289, r16	; 0x800289 <Sens2>
    4a98:	10 93 8a 02 	sts	0x028A, r17	; 0x80028a <Sens2+0x1>
    4a9c:	20 93 8b 02 	sts	0x028B, r18	; 0x80028b <Sens2+0x2>
    4aa0:	30 93 8c 02 	sts	0x028C, r19	; 0x80028c <Sens2+0x3>
    4aa4:	dc 01       	movw	r26, r24
    4aa6:	cb 01       	movw	r24, r22
    4aa8:	bb 0f       	add	r27, r27
    4aaa:	88 0b       	sbc	r24, r24
    4aac:	98 2f       	mov	r25, r24
    4aae:	dc 01       	movw	r26, r24
    4ab0:	80 93 8d 02 	sts	0x028D, r24	; 0x80028d <Sens2+0x4>
    4ab4:	80 93 8e 02 	sts	0x028E, r24	; 0x80028e <Sens2+0x5>
    4ab8:	80 93 8f 02 	sts	0x028F, r24	; 0x80028f <Sens2+0x6>
    4abc:	80 93 90 02 	sts	0x0290, r24	; 0x800290 <Sens2+0x7>
C:\Users\Ted\Documents\GitHub\OpenOBS-328\sensor\firmware\OpenOBS-328\src\libs\MS5803/MS5803.cpp:257
				break;
		}
    }
    
    // Additional compensation for very low temperatures (< -15C)
    if (T < -1500) {
    4ac0:	0f 89       	ldd	r16, Y+23	; 0x17
    4ac2:	18 8d       	ldd	r17, Y+24	; 0x18
    4ac4:	29 8d       	ldd	r18, Y+25	; 0x19
    4ac6:	3a 8d       	ldd	r19, Y+26	; 0x1a
    4ac8:	04 32       	cpi	r16, 0x24	; 36
    4aca:	1a 4f       	sbci	r17, 0xFA	; 250
    4acc:	2f 4f       	sbci	r18, 0xFF	; 255
    4ace:	3f 4f       	sbci	r19, 0xFF	; 255
    4ad0:	0c f4       	brge	.+2      	; 0x4ad4 <main+0x13d8>
    4ad2:	97 c3       	rjmp	.+1838   	; 0x5202 <main+0x1b06>
C:\Users\Ted\Documents\GitHub\OpenOBS-328\sensor\firmware\OpenOBS-328\src\libs\MS5803/MS5803.cpp:279
    // Notice lots of casts to int64_t to ensure that the 
    // multiplication operations don't overflow the original 16 bit and 32 bit
    // integers
	switch(_Version){
		case 14:
			Offset = (int64_t)sensorCoeffs[2] * 65536 + (sensorCoeffs[4] * (int64_t)dT) / 128;
    4ad4:	60 91 a9 02 	lds	r22, 0x02A9	; 0x8002a9 <sensorCoeffs+0x8>
    4ad8:	70 91 aa 02 	lds	r23, 0x02AA	; 0x8002aa <sensorCoeffs+0x9>
    4adc:	90 e0       	ldi	r25, 0x00	; 0
    4ade:	80 e0       	ldi	r24, 0x00	; 0
    4ae0:	2e 85       	ldd	r18, Y+14	; 0x0e
    4ae2:	3f 85       	ldd	r19, Y+15	; 0x0f
    4ae4:	48 89       	ldd	r20, Y+16	; 0x10
    4ae6:	59 89       	ldd	r21, Y+17	; 0x11
    4ae8:	0e 94 70 30 	call	0x60e0	; 0x60e0 <__mulsidi3>
    4aec:	f2 2e       	mov	r15, r18
    4aee:	03 2f       	mov	r16, r19
    4af0:	14 2f       	mov	r17, r20
    4af2:	b5 2f       	mov	r27, r21
    4af4:	f6 2f       	mov	r31, r22
    4af6:	e7 2f       	mov	r30, r23
    4af8:	d8 2e       	mov	r13, r24
    4afa:	e9 2e       	mov	r14, r25
    4afc:	a0 e0       	ldi	r26, 0x00	; 0
    4afe:	0e 94 fe 30 	call	0x61fc	; 0x61fc <__cmpdi2_s8>
    4b02:	5c f4       	brge	.+22     	; 0x4b1a <main+0x141e>
    4b04:	af e7       	ldi	r26, 0x7F	; 127
    4b06:	0e 94 e9 30 	call	0x61d2	; 0x61d2 <__adddi3_s8>
    4b0a:	f2 2e       	mov	r15, r18
    4b0c:	03 2f       	mov	r16, r19
    4b0e:	14 2f       	mov	r17, r20
    4b10:	b5 2f       	mov	r27, r21
    4b12:	f6 2f       	mov	r31, r22
    4b14:	e7 2f       	mov	r30, r23
    4b16:	d8 2e       	mov	r13, r24
    4b18:	e9 2e       	mov	r14, r25
    4b1a:	2f 2d       	mov	r18, r15
    4b1c:	30 2f       	mov	r19, r16
    4b1e:	41 2f       	mov	r20, r17
    4b20:	5b 2f       	mov	r21, r27
    4b22:	6f 2f       	mov	r22, r31
    4b24:	7e 2f       	mov	r23, r30
    4b26:	8d 2d       	mov	r24, r13
    4b28:	9e 2d       	mov	r25, r14
    4b2a:	07 e0       	ldi	r16, 0x07	; 7
    4b2c:	0e 94 c3 30 	call	0x6186	; 0x6186 <__ashrdi3>
    4b30:	39 01       	movw	r6, r18
    4b32:	4a 01       	movw	r8, r20
    4b34:	b6 2f       	mov	r27, r22
    4b36:	a7 2f       	mov	r26, r23
    4b38:	f8 2f       	mov	r31, r24
    4b3a:	e9 2f       	mov	r30, r25
    4b3c:	a0 90 a5 02 	lds	r10, 0x02A5	; 0x8002a5 <sensorCoeffs+0x4>
    4b40:	b0 90 a6 02 	lds	r11, 0x02A6	; 0x8002a6 <sensorCoeffs+0x5>
    4b44:	95 01       	movw	r18, r10
    4b46:	40 e0       	ldi	r20, 0x00	; 0
    4b48:	50 e0       	ldi	r21, 0x00	; 0
    4b4a:	60 e0       	ldi	r22, 0x00	; 0
    4b4c:	70 e0       	ldi	r23, 0x00	; 0
    4b4e:	80 e0       	ldi	r24, 0x00	; 0
    4b50:	90 e0       	ldi	r25, 0x00	; 0
    4b52:	00 e1       	ldi	r16, 0x10	; 16
    4b54:	0e 94 aa 30 	call	0x6154	; 0x6154 <__ashldi3>
    4b58:	59 01       	movw	r10, r18
    4b5a:	6a 01       	movw	r12, r20
    4b5c:	7b 01       	movw	r14, r22
    4b5e:	8c 01       	movw	r16, r24
    4b60:	93 01       	movw	r18, r6
    4b62:	a4 01       	movw	r20, r8
    4b64:	6b 2f       	mov	r22, r27
    4b66:	7a 2f       	mov	r23, r26
    4b68:	8f 2f       	mov	r24, r31
    4b6a:	9e 2f       	mov	r25, r30
    4b6c:	0e 94 e0 30 	call	0x61c0	; 0x61c0 <__adddi3>
    4b70:	20 93 81 02 	sts	0x0281, r18	; 0x800281 <Offset>
    4b74:	30 93 82 02 	sts	0x0282, r19	; 0x800282 <Offset+0x1>
    4b78:	40 93 83 02 	sts	0x0283, r20	; 0x800283 <Offset+0x2>
    4b7c:	50 93 84 02 	sts	0x0284, r21	; 0x800284 <Offset+0x3>
    4b80:	60 93 85 02 	sts	0x0285, r22	; 0x800285 <Offset+0x4>
    4b84:	70 93 86 02 	sts	0x0286, r23	; 0x800286 <Offset+0x5>
    4b88:	80 93 87 02 	sts	0x0287, r24	; 0x800287 <Offset+0x6>
    4b8c:	90 93 88 02 	sts	0x0288, r25	; 0x800288 <Offset+0x7>
C:\Users\Ted\Documents\GitHub\OpenOBS-328\sensor\firmware\OpenOBS-328\src\libs\MS5803/MS5803.cpp:280
			Sensitivity = (int64_t)sensorCoeffs[1] * 32768 + (sensorCoeffs[3] * (int64_t)dT) / 256;	
    4b90:	60 91 a7 02 	lds	r22, 0x02A7	; 0x8002a7 <sensorCoeffs+0x6>
    4b94:	70 91 a8 02 	lds	r23, 0x02A8	; 0x8002a8 <sensorCoeffs+0x7>
    4b98:	90 e0       	ldi	r25, 0x00	; 0
    4b9a:	80 e0       	ldi	r24, 0x00	; 0
    4b9c:	2e 85       	ldd	r18, Y+14	; 0x0e
    4b9e:	3f 85       	ldd	r19, Y+15	; 0x0f
    4ba0:	48 89       	ldd	r20, Y+16	; 0x10
    4ba2:	59 89       	ldd	r21, Y+17	; 0x11
    4ba4:	0e 94 70 30 	call	0x60e0	; 0x60e0 <__mulsidi3>
    4ba8:	f2 2e       	mov	r15, r18
    4baa:	03 2f       	mov	r16, r19
    4bac:	14 2f       	mov	r17, r20
    4bae:	b5 2f       	mov	r27, r21
    4bb0:	f6 2f       	mov	r31, r22
    4bb2:	e7 2f       	mov	r30, r23
    4bb4:	d8 2e       	mov	r13, r24
    4bb6:	e9 2e       	mov	r14, r25
    4bb8:	a0 e0       	ldi	r26, 0x00	; 0
    4bba:	0e 94 fe 30 	call	0x61fc	; 0x61fc <__cmpdi2_s8>
    4bbe:	84 f4       	brge	.+32     	; 0x4be0 <main+0x14e4>
    4bc0:	21 50       	subi	r18, 0x01	; 1
    4bc2:	3f 4f       	sbci	r19, 0xFF	; 255
    4bc4:	4f 4f       	sbci	r20, 0xFF	; 255
    4bc6:	5f 4f       	sbci	r21, 0xFF	; 255
    4bc8:	6f 4f       	sbci	r22, 0xFF	; 255
    4bca:	7f 4f       	sbci	r23, 0xFF	; 255
    4bcc:	8f 4f       	sbci	r24, 0xFF	; 255
    4bce:	9f 4f       	sbci	r25, 0xFF	; 255
    4bd0:	f2 2e       	mov	r15, r18
    4bd2:	03 2f       	mov	r16, r19
    4bd4:	14 2f       	mov	r17, r20
    4bd6:	b5 2f       	mov	r27, r21
    4bd8:	f6 2f       	mov	r31, r22
    4bda:	e7 2f       	mov	r30, r23
    4bdc:	d8 2e       	mov	r13, r24
    4bde:	e9 2e       	mov	r14, r25
    4be0:	2f 2d       	mov	r18, r15
    4be2:	30 2f       	mov	r19, r16
    4be4:	41 2f       	mov	r20, r17
    4be6:	5b 2f       	mov	r21, r27
    4be8:	6f 2f       	mov	r22, r31
    4bea:	7e 2f       	mov	r23, r30
    4bec:	8d 2d       	mov	r24, r13
    4bee:	9e 2d       	mov	r25, r14
    4bf0:	08 e0       	ldi	r16, 0x08	; 8
    4bf2:	0e 94 c3 30 	call	0x6186	; 0x6186 <__ashrdi3>
    4bf6:	39 01       	movw	r6, r18
    4bf8:	4a 01       	movw	r8, r20
    4bfa:	b6 2f       	mov	r27, r22
    4bfc:	a7 2f       	mov	r26, r23
    4bfe:	f8 2f       	mov	r31, r24
    4c00:	e9 2f       	mov	r30, r25
    4c02:	a0 90 a3 02 	lds	r10, 0x02A3	; 0x8002a3 <sensorCoeffs+0x2>
    4c06:	b0 90 a4 02 	lds	r11, 0x02A4	; 0x8002a4 <sensorCoeffs+0x3>
    4c0a:	d1 2c       	mov	r13, r1
    4c0c:	c1 2c       	mov	r12, r1
    4c0e:	95 01       	movw	r18, r10
    4c10:	a6 01       	movw	r20, r12
    4c12:	60 e0       	ldi	r22, 0x00	; 0
    4c14:	70 e0       	ldi	r23, 0x00	; 0
    4c16:	80 e0       	ldi	r24, 0x00	; 0
    4c18:	90 e0       	ldi	r25, 0x00	; 0
    4c1a:	0f e0       	ldi	r16, 0x0F	; 15
C:\Users\Ted\Documents\GitHub\OpenOBS-328\sensor\firmware\OpenOBS-328\src\libs\MS5803/MS5803.cpp:288
			Offset = (int64_t)sensorCoeffs[2] * 262144 + (sensorCoeffs[4] * (int64_t)dT) / 32;
			Sensitivity = (int64_t)sensorCoeffs[1] * 131072 + (sensorCoeffs[3] * (int64_t)dT) / 128;
			break;
		case 2:
			Offset = (int64_t)sensorCoeffs[2] * 131072 + (sensorCoeffs[4] * (int64_t)dT) / 64;
			Sensitivity = (int64_t)sensorCoeffs[1] * 65536 + (sensorCoeffs[3] * (int64_t)dT) / 128;
    4c1c:	0e 94 aa 30 	call	0x6154	; 0x6154 <__ashldi3>
    4c20:	59 01       	movw	r10, r18
    4c22:	6a 01       	movw	r12, r20
    4c24:	7b 01       	movw	r14, r22
    4c26:	8c 01       	movw	r16, r24
    4c28:	93 01       	movw	r18, r6
    4c2a:	a4 01       	movw	r20, r8
    4c2c:	6b 2f       	mov	r22, r27
    4c2e:	7a 2f       	mov	r23, r26
    4c30:	8f 2f       	mov	r24, r31
    4c32:	9e 2f       	mov	r25, r30
    4c34:	0e 94 e0 30 	call	0x61c0	; 0x61c0 <__adddi3>
    4c38:	20 93 79 02 	sts	0x0279, r18	; 0x800279 <Sensitivity>
    4c3c:	30 93 7a 02 	sts	0x027A, r19	; 0x80027a <Sensitivity+0x1>
    4c40:	40 93 7b 02 	sts	0x027B, r20	; 0x80027b <Sensitivity+0x2>
    4c44:	50 93 7c 02 	sts	0x027C, r21	; 0x80027c <Sensitivity+0x3>
    4c48:	60 93 7d 02 	sts	0x027D, r22	; 0x80027d <Sensitivity+0x4>
    4c4c:	70 93 7e 02 	sts	0x027E, r23	; 0x80027e <Sensitivity+0x5>
    4c50:	80 93 7f 02 	sts	0x027F, r24	; 0x80027f <Sensitivity+0x6>
    4c54:	90 93 80 02 	sts	0x0280, r25	; 0x800280 <Sensitivity+0x7>
    4c58:	58 c1       	rjmp	.+688    	; 0x4f0a <main+0x180e>
C:\Users\Ted\Documents\GitHub\OpenOBS-328\sensor\firmware\OpenOBS-328\src\libs\MS5803/MS5803.cpp:223
				T2 = (int32_t)T2; // recast as signed 32bit integer
				OFF2 = 3 * ((T-2000) * (T-2000)) / 2 ;
				Sens2 = 5 * ((T-2000) * (T-2000)) / 8 ; 	
				break;
			case 5:
				T2 = 3 * ((int64_t)dT * dT)  / POW_2_33 ;
    4c5a:	6e 85       	ldd	r22, Y+14	; 0x0e
    4c5c:	7f 85       	ldd	r23, Y+15	; 0x0f
    4c5e:	88 89       	ldd	r24, Y+16	; 0x10
    4c60:	99 89       	ldd	r25, Y+17	; 0x11
    4c62:	9b 01       	movw	r18, r22
    4c64:	ac 01       	movw	r20, r24
    4c66:	0e 94 70 30 	call	0x60e0	; 0x60e0 <__mulsidi3>
    4c6a:	f3 e0       	ldi	r31, 0x03	; 3
    4c6c:	af 2e       	mov	r10, r31
    4c6e:	b1 2c       	mov	r11, r1
    4c70:	c1 2c       	mov	r12, r1
    4c72:	d1 2c       	mov	r13, r1
    4c74:	e1 2c       	mov	r14, r1
    4c76:	f1 2c       	mov	r15, r1
    4c78:	00 e0       	ldi	r16, 0x00	; 0
    4c7a:	10 e0       	ldi	r17, 0x00	; 0
    4c7c:	0e 94 18 30 	call	0x6030	; 0x6030 <__muldi3>
    4c80:	01 e2       	ldi	r16, 0x21	; 33
    4c82:	0e 94 c5 30 	call	0x618a	; 0x618a <__lshrdi3>
    4c86:	20 93 99 02 	sts	0x0299, r18	; 0x800299 <T2>
    4c8a:	30 93 9a 02 	sts	0x029A, r19	; 0x80029a <T2+0x1>
    4c8e:	40 93 9b 02 	sts	0x029B, r20	; 0x80029b <T2+0x2>
    4c92:	50 93 9c 02 	sts	0x029C, r21	; 0x80029c <T2+0x3>
    4c96:	60 93 9d 02 	sts	0x029D, r22	; 0x80029d <T2+0x4>
    4c9a:	70 93 9e 02 	sts	0x029E, r23	; 0x80029e <T2+0x5>
    4c9e:	80 93 9f 02 	sts	0x029F, r24	; 0x80029f <T2+0x6>
    4ca2:	90 93 a0 02 	sts	0x02A0, r25	; 0x8002a0 <T2+0x7>
C:\Users\Ted\Documents\GitHub\OpenOBS-328\sensor\firmware\OpenOBS-328\src\libs\MS5803/MS5803.cpp:225
				T2 = (int32_t)T2; // recast as signed 32bit integer
				OFF2 = 3 * ((T-2000) * (T-2000)) / 8 ;
    4ca6:	a2 01       	movw	r20, r4
    4ca8:	91 01       	movw	r18, r2
    4caa:	c2 01       	movw	r24, r4
    4cac:	b1 01       	movw	r22, r2
    4cae:	0e 94 a7 2f 	call	0x5f4e	; 0x5f4e <__mulsi3>
    4cb2:	6b 01       	movw	r12, r22
    4cb4:	a3 e0       	ldi	r26, 0x03	; 3
    4cb6:	b0 e0       	ldi	r27, 0x00	; 0
    4cb8:	ac 01       	movw	r20, r24
    4cba:	9b 01       	movw	r18, r22
    4cbc:	0e 94 56 2f 	call	0x5eac	; 0x5eac <__muluhisi3>
    4cc0:	8b 01       	movw	r16, r22
    4cc2:	9c 01       	movw	r18, r24
    4cc4:	a3 e0       	ldi	r26, 0x03	; 3
    4cc6:	35 95       	asr	r19
    4cc8:	27 95       	ror	r18
    4cca:	17 95       	ror	r17
    4ccc:	07 95       	ror	r16
    4cce:	aa 95       	dec	r26
    4cd0:	d1 f7       	brne	.-12     	; 0x4cc6 <main+0x15ca>
    4cd2:	00 93 91 02 	sts	0x0291, r16	; 0x800291 <OFF2>
    4cd6:	10 93 92 02 	sts	0x0292, r17	; 0x800292 <OFF2+0x1>
    4cda:	20 93 93 02 	sts	0x0293, r18	; 0x800293 <OFF2+0x2>
    4cde:	30 93 94 02 	sts	0x0294, r19	; 0x800294 <OFF2+0x3>
    4ce2:	dc 01       	movw	r26, r24
    4ce4:	cb 01       	movw	r24, r22
    4ce6:	bb 0f       	add	r27, r27
    4ce8:	88 0b       	sbc	r24, r24
    4cea:	98 2f       	mov	r25, r24
    4cec:	dc 01       	movw	r26, r24
    4cee:	80 93 95 02 	sts	0x0295, r24	; 0x800295 <OFF2+0x4>
    4cf2:	80 93 96 02 	sts	0x0296, r24	; 0x800296 <OFF2+0x5>
    4cf6:	80 93 97 02 	sts	0x0297, r24	; 0x800297 <OFF2+0x6>
    4cfa:	80 93 98 02 	sts	0x0298, r24	; 0x800298 <OFF2+0x7>
C:\Users\Ted\Documents\GitHub\OpenOBS-328\sensor\firmware\OpenOBS-328\src\libs\MS5803/MS5803.cpp:226
				Sens2 = 7 * ((T-2000) * (T-2000)) / 8 ;
    4cfe:	a7 e0       	ldi	r26, 0x07	; 7
    4d00:	b0 e0       	ldi	r27, 0x00	; 0
    4d02:	96 01       	movw	r18, r12
    4d04:	0e 94 56 2f 	call	0x5eac	; 0x5eac <__muluhisi3>
    4d08:	8b 01       	movw	r16, r22
    4d0a:	9c 01       	movw	r18, r24
    4d0c:	43 e0       	ldi	r20, 0x03	; 3
    4d0e:	35 95       	asr	r19
    4d10:	27 95       	ror	r18
    4d12:	17 95       	ror	r17
    4d14:	07 95       	ror	r16
    4d16:	4a 95       	dec	r20
    4d18:	d1 f7       	brne	.-12     	; 0x4d0e <main+0x1612>
    4d1a:	00 93 89 02 	sts	0x0289, r16	; 0x800289 <Sens2>
    4d1e:	10 93 8a 02 	sts	0x028A, r17	; 0x80028a <Sens2+0x1>
    4d22:	20 93 8b 02 	sts	0x028B, r18	; 0x80028b <Sens2+0x2>
    4d26:	30 93 8c 02 	sts	0x028C, r19	; 0x80028c <Sens2+0x3>
    4d2a:	dc 01       	movw	r26, r24
    4d2c:	cb 01       	movw	r24, r22
    4d2e:	bb 0f       	add	r27, r27
    4d30:	88 0b       	sbc	r24, r24
    4d32:	98 2f       	mov	r25, r24
    4d34:	dc 01       	movw	r26, r24
    4d36:	80 93 8d 02 	sts	0x028D, r24	; 0x80028d <Sens2+0x4>
    4d3a:	80 93 8e 02 	sts	0x028E, r24	; 0x80028e <Sens2+0x5>
    4d3e:	80 93 8f 02 	sts	0x028F, r24	; 0x80028f <Sens2+0x6>
    4d42:	80 93 90 02 	sts	0x0290, r24	; 0x800290 <Sens2+0x7>
C:\Users\Ted\Documents\GitHub\OpenOBS-328\sensor\firmware\OpenOBS-328\src\libs\MS5803/MS5803.cpp:283
		case 14:
			Offset = (int64_t)sensorCoeffs[2] * 65536 + (sensorCoeffs[4] * (int64_t)dT) / 128;
			Sensitivity = (int64_t)sensorCoeffs[1] * 32768 + (sensorCoeffs[3] * (int64_t)dT) / 256;	
			break;
		case 5:
			Offset = (int64_t)sensorCoeffs[2] * 262144 + (sensorCoeffs[4] * (int64_t)dT) / 32;
    4d46:	60 91 a9 02 	lds	r22, 0x02A9	; 0x8002a9 <sensorCoeffs+0x8>
    4d4a:	70 91 aa 02 	lds	r23, 0x02AA	; 0x8002aa <sensorCoeffs+0x9>
    4d4e:	90 e0       	ldi	r25, 0x00	; 0
    4d50:	80 e0       	ldi	r24, 0x00	; 0
    4d52:	2e 85       	ldd	r18, Y+14	; 0x0e
    4d54:	3f 85       	ldd	r19, Y+15	; 0x0f
    4d56:	48 89       	ldd	r20, Y+16	; 0x10
    4d58:	59 89       	ldd	r21, Y+17	; 0x11
    4d5a:	0e 94 70 30 	call	0x60e0	; 0x60e0 <__mulsidi3>
    4d5e:	f2 2e       	mov	r15, r18
    4d60:	03 2f       	mov	r16, r19
    4d62:	14 2f       	mov	r17, r20
    4d64:	b5 2f       	mov	r27, r21
    4d66:	f6 2f       	mov	r31, r22
    4d68:	e7 2f       	mov	r30, r23
    4d6a:	d8 2e       	mov	r13, r24
    4d6c:	e9 2e       	mov	r14, r25
    4d6e:	a0 e0       	ldi	r26, 0x00	; 0
    4d70:	0e 94 fe 30 	call	0x61fc	; 0x61fc <__cmpdi2_s8>
    4d74:	5c f4       	brge	.+22     	; 0x4d8c <main+0x1690>
    4d76:	af e1       	ldi	r26, 0x1F	; 31
    4d78:	0e 94 e9 30 	call	0x61d2	; 0x61d2 <__adddi3_s8>
    4d7c:	f2 2e       	mov	r15, r18
    4d7e:	03 2f       	mov	r16, r19
    4d80:	14 2f       	mov	r17, r20
    4d82:	b5 2f       	mov	r27, r21
    4d84:	f6 2f       	mov	r31, r22
    4d86:	e7 2f       	mov	r30, r23
    4d88:	d8 2e       	mov	r13, r24
    4d8a:	e9 2e       	mov	r14, r25
    4d8c:	2f 2d       	mov	r18, r15
    4d8e:	30 2f       	mov	r19, r16
    4d90:	41 2f       	mov	r20, r17
    4d92:	5b 2f       	mov	r21, r27
    4d94:	6f 2f       	mov	r22, r31
    4d96:	7e 2f       	mov	r23, r30
    4d98:	8d 2d       	mov	r24, r13
    4d9a:	9e 2d       	mov	r25, r14
    4d9c:	05 e0       	ldi	r16, 0x05	; 5
    4d9e:	0e 94 c3 30 	call	0x6186	; 0x6186 <__ashrdi3>
    4da2:	39 01       	movw	r6, r18
    4da4:	4a 01       	movw	r8, r20
    4da6:	b6 2f       	mov	r27, r22
    4da8:	a7 2f       	mov	r26, r23
    4daa:	f8 2f       	mov	r31, r24
    4dac:	e9 2f       	mov	r30, r25
    4dae:	a0 90 a5 02 	lds	r10, 0x02A5	; 0x8002a5 <sensorCoeffs+0x4>
    4db2:	b0 90 a6 02 	lds	r11, 0x02A6	; 0x8002a6 <sensorCoeffs+0x5>
    4db6:	95 01       	movw	r18, r10
    4db8:	40 e0       	ldi	r20, 0x00	; 0
    4dba:	50 e0       	ldi	r21, 0x00	; 0
    4dbc:	60 e0       	ldi	r22, 0x00	; 0
    4dbe:	70 e0       	ldi	r23, 0x00	; 0
    4dc0:	80 e0       	ldi	r24, 0x00	; 0
    4dc2:	90 e0       	ldi	r25, 0x00	; 0
    4dc4:	02 e1       	ldi	r16, 0x12	; 18
    4dc6:	0e 94 aa 30 	call	0x6154	; 0x6154 <__ashldi3>
    4dca:	59 01       	movw	r10, r18
    4dcc:	6a 01       	movw	r12, r20
    4dce:	7b 01       	movw	r14, r22
    4dd0:	8c 01       	movw	r16, r24
    4dd2:	93 01       	movw	r18, r6
    4dd4:	a4 01       	movw	r20, r8
    4dd6:	6b 2f       	mov	r22, r27
    4dd8:	7a 2f       	mov	r23, r26
    4dda:	8f 2f       	mov	r24, r31
    4ddc:	9e 2f       	mov	r25, r30
    4dde:	0e 94 e0 30 	call	0x61c0	; 0x61c0 <__adddi3>
    4de2:	20 93 81 02 	sts	0x0281, r18	; 0x800281 <Offset>
    4de6:	30 93 82 02 	sts	0x0282, r19	; 0x800282 <Offset+0x1>
    4dea:	40 93 83 02 	sts	0x0283, r20	; 0x800283 <Offset+0x2>
    4dee:	50 93 84 02 	sts	0x0284, r21	; 0x800284 <Offset+0x3>
    4df2:	60 93 85 02 	sts	0x0285, r22	; 0x800285 <Offset+0x4>
    4df6:	70 93 86 02 	sts	0x0286, r23	; 0x800286 <Offset+0x5>
    4dfa:	80 93 87 02 	sts	0x0287, r24	; 0x800287 <Offset+0x6>
    4dfe:	90 93 88 02 	sts	0x0288, r25	; 0x800288 <Offset+0x7>
C:\Users\Ted\Documents\GitHub\OpenOBS-328\sensor\firmware\OpenOBS-328\src\libs\MS5803/MS5803.cpp:284
			Sensitivity = (int64_t)sensorCoeffs[1] * 131072 + (sensorCoeffs[3] * (int64_t)dT) / 128;
    4e02:	60 91 a7 02 	lds	r22, 0x02A7	; 0x8002a7 <sensorCoeffs+0x6>
    4e06:	70 91 a8 02 	lds	r23, 0x02A8	; 0x8002a8 <sensorCoeffs+0x7>
    4e0a:	90 e0       	ldi	r25, 0x00	; 0
    4e0c:	80 e0       	ldi	r24, 0x00	; 0
    4e0e:	2e 85       	ldd	r18, Y+14	; 0x0e
    4e10:	3f 85       	ldd	r19, Y+15	; 0x0f
    4e12:	48 89       	ldd	r20, Y+16	; 0x10
    4e14:	59 89       	ldd	r21, Y+17	; 0x11
    4e16:	0e 94 70 30 	call	0x60e0	; 0x60e0 <__mulsidi3>
    4e1a:	f2 2e       	mov	r15, r18
    4e1c:	03 2f       	mov	r16, r19
    4e1e:	14 2f       	mov	r17, r20
    4e20:	b5 2f       	mov	r27, r21
    4e22:	f6 2f       	mov	r31, r22
    4e24:	e7 2f       	mov	r30, r23
    4e26:	d8 2e       	mov	r13, r24
    4e28:	e9 2e       	mov	r14, r25
    4e2a:	a0 e0       	ldi	r26, 0x00	; 0
    4e2c:	0e 94 fe 30 	call	0x61fc	; 0x61fc <__cmpdi2_s8>
    4e30:	5c f4       	brge	.+22     	; 0x4e48 <main+0x174c>
    4e32:	af e7       	ldi	r26, 0x7F	; 127
    4e34:	0e 94 e9 30 	call	0x61d2	; 0x61d2 <__adddi3_s8>
    4e38:	f2 2e       	mov	r15, r18
    4e3a:	03 2f       	mov	r16, r19
    4e3c:	14 2f       	mov	r17, r20
    4e3e:	b5 2f       	mov	r27, r21
    4e40:	f6 2f       	mov	r31, r22
    4e42:	e7 2f       	mov	r30, r23
    4e44:	d8 2e       	mov	r13, r24
    4e46:	e9 2e       	mov	r14, r25
    4e48:	2f 2d       	mov	r18, r15
    4e4a:	30 2f       	mov	r19, r16
    4e4c:	41 2f       	mov	r20, r17
    4e4e:	5b 2f       	mov	r21, r27
    4e50:	6f 2f       	mov	r22, r31
    4e52:	7e 2f       	mov	r23, r30
    4e54:	8d 2d       	mov	r24, r13
    4e56:	9e 2d       	mov	r25, r14
    4e58:	07 e0       	ldi	r16, 0x07	; 7
    4e5a:	0e 94 c3 30 	call	0x6186	; 0x6186 <__ashrdi3>
    4e5e:	39 01       	movw	r6, r18
    4e60:	4a 01       	movw	r8, r20
    4e62:	b6 2f       	mov	r27, r22
    4e64:	a7 2f       	mov	r26, r23
    4e66:	f8 2f       	mov	r31, r24
    4e68:	e9 2f       	mov	r30, r25
    4e6a:	a0 90 a3 02 	lds	r10, 0x02A3	; 0x8002a3 <sensorCoeffs+0x2>
    4e6e:	b0 90 a4 02 	lds	r11, 0x02A4	; 0x8002a4 <sensorCoeffs+0x3>
    4e72:	95 01       	movw	r18, r10
    4e74:	40 e0       	ldi	r20, 0x00	; 0
    4e76:	50 e0       	ldi	r21, 0x00	; 0
    4e78:	60 e0       	ldi	r22, 0x00	; 0
    4e7a:	70 e0       	ldi	r23, 0x00	; 0
    4e7c:	80 e0       	ldi	r24, 0x00	; 0
    4e7e:	90 e0       	ldi	r25, 0x00	; 0
    4e80:	01 e1       	ldi	r16, 0x11	; 17
    4e82:	cc ce       	rjmp	.-616    	; 0x4c1c <main+0x1520>
C:\Users\Ted\Documents\GitHub\OpenOBS-328\sensor\firmware\OpenOBS-328\src\libs\MS5803/MS5803.cpp:236
				OFF2 = (61 * ((T-2000) * (T-2000))) / 16 ;
				Sens2 = 2 * ((T-2000) * (T-2000)) ;
				break;
		}
    } else { // if T is > 2000 (20.0C)
		switch(_Version){
    4e84:	5e 89       	ldd	r21, Y+22	; 0x16
    4e86:	55 30       	cpi	r21, 0x05	; 5
    4e88:	31 f0       	breq	.+12     	; 0x4e96 <main+0x179a>
    4e8a:	5e 30       	cpi	r21, 0x0E	; 14
    4e8c:	09 f4       	brne	.+2      	; 0x4e90 <main+0x1794>
    4e8e:	4f c1       	rjmp	.+670    	; 0x512e <main+0x1a32>
    4e90:	52 30       	cpi	r21, 0x02	; 2
    4e92:	09 f0       	breq	.+2      	; 0x4e96 <main+0x179a>
    4e94:	a8 c1       	rjmp	.+848    	; 0x51e6 <main+0x1aea>
C:\Users\Ted\Documents\GitHub\OpenOBS-328\sensor\firmware\OpenOBS-328\src\libs\MS5803/MS5803.cpp:244
				T2 = (int32_t)T2; // recast as signed 32bit integer
				OFF2 = 1 * ((T-2000) * (T-2000)) / 16;
				Sens2 = 0;
				break;
			case 5:
				T2 = 0;
    4e96:	10 92 99 02 	sts	0x0299, r1	; 0x800299 <T2>
    4e9a:	10 92 9a 02 	sts	0x029A, r1	; 0x80029a <T2+0x1>
    4e9e:	10 92 9b 02 	sts	0x029B, r1	; 0x80029b <T2+0x2>
    4ea2:	10 92 9c 02 	sts	0x029C, r1	; 0x80029c <T2+0x3>
    4ea6:	10 92 9d 02 	sts	0x029D, r1	; 0x80029d <T2+0x4>
    4eaa:	10 92 9e 02 	sts	0x029E, r1	; 0x80029e <T2+0x5>
    4eae:	10 92 9f 02 	sts	0x029F, r1	; 0x80029f <T2+0x6>
    4eb2:	10 92 a0 02 	sts	0x02A0, r1	; 0x8002a0 <T2+0x7>
C:\Users\Ted\Documents\GitHub\OpenOBS-328\sensor\firmware\OpenOBS-328\src\libs\MS5803/MS5803.cpp:245
				OFF2 = 0;
    4eb6:	10 92 91 02 	sts	0x0291, r1	; 0x800291 <OFF2>
    4eba:	10 92 92 02 	sts	0x0292, r1	; 0x800292 <OFF2+0x1>
    4ebe:	10 92 93 02 	sts	0x0293, r1	; 0x800293 <OFF2+0x2>
    4ec2:	10 92 94 02 	sts	0x0294, r1	; 0x800294 <OFF2+0x3>
    4ec6:	10 92 95 02 	sts	0x0295, r1	; 0x800295 <OFF2+0x4>
    4eca:	10 92 96 02 	sts	0x0296, r1	; 0x800296 <OFF2+0x5>
    4ece:	10 92 97 02 	sts	0x0297, r1	; 0x800297 <OFF2+0x6>
    4ed2:	10 92 98 02 	sts	0x0298, r1	; 0x800298 <OFF2+0x7>
C:\Users\Ted\Documents\GitHub\OpenOBS-328\sensor\firmware\OpenOBS-328\src\libs\MS5803/MS5803.cpp:246
				Sens2 = 0;
    4ed6:	10 92 89 02 	sts	0x0289, r1	; 0x800289 <Sens2>
    4eda:	10 92 8a 02 	sts	0x028A, r1	; 0x80028a <Sens2+0x1>
    4ede:	10 92 8b 02 	sts	0x028B, r1	; 0x80028b <Sens2+0x2>
    4ee2:	10 92 8c 02 	sts	0x028C, r1	; 0x80028c <Sens2+0x3>
    4ee6:	10 92 8d 02 	sts	0x028D, r1	; 0x80028d <Sens2+0x4>
    4eea:	10 92 8e 02 	sts	0x028E, r1	; 0x80028e <Sens2+0x5>
    4eee:	10 92 8f 02 	sts	0x028F, r1	; 0x80028f <Sens2+0x6>
    4ef2:	10 92 90 02 	sts	0x0290, r1	; 0x800290 <Sens2+0x7>
C:\Users\Ted\Documents\GitHub\OpenOBS-328\sensor\firmware\OpenOBS-328\src\libs\MS5803/MS5803.cpp:277
    
    // Calculate initial Offset and Sensitivity
    // Notice lots of casts to int64_t to ensure that the 
    // multiplication operations don't overflow the original 16 bit and 32 bit
    // integers
	switch(_Version){
    4ef6:	ee 89       	ldd	r30, Y+22	; 0x16
    4ef8:	e5 30       	cpi	r30, 0x05	; 5
    4efa:	09 f4       	brne	.+2      	; 0x4efe <main+0x1802>
    4efc:	24 cf       	rjmp	.-440    	; 0x4d46 <main+0x164a>
    4efe:	ee 30       	cpi	r30, 0x0E	; 14
    4f00:	09 f4       	brne	.+2      	; 0x4f04 <main+0x1808>
    4f02:	e8 cd       	rjmp	.-1072   	; 0x4ad4 <main+0x13d8>
    4f04:	e2 30       	cpi	r30, 0x02	; 2
    4f06:	09 f4       	brne	.+2      	; 0x4f0a <main+0x180e>
    4f08:	50 cc       	rjmp	.-1888   	; 0x47aa <main+0x10ae>
C:\Users\Ted\Documents\GitHub\OpenOBS-328\sensor\firmware\OpenOBS-328\src\libs\MS5803/MS5803.cpp:294
			break;
	}
  
    // Adjust T, Offset, Sensitivity values based on the 2nd order 
    // temperature correction above.
    T = T - T2; // both should be int32_t
    4f0a:	80 91 99 02 	lds	r24, 0x0299	; 0x800299 <T2>
    4f0e:	90 91 9a 02 	lds	r25, 0x029A	; 0x80029a <T2+0x1>
    4f12:	a0 91 9b 02 	lds	r26, 0x029B	; 0x80029b <T2+0x2>
    4f16:	b0 91 9c 02 	lds	r27, 0x029C	; 0x80029c <T2+0x3>
    4f1a:	0f 89       	ldd	r16, Y+23	; 0x17
    4f1c:	18 8d       	ldd	r17, Y+24	; 0x18
    4f1e:	29 8d       	ldd	r18, Y+25	; 0x19
    4f20:	3a 8d       	ldd	r19, Y+26	; 0x1a
    4f22:	08 1b       	sub	r16, r24
    4f24:	19 0b       	sbc	r17, r25
    4f26:	2a 0b       	sbc	r18, r26
    4f28:	3b 0b       	sbc	r19, r27
    4f2a:	0f 8b       	std	Y+23, r16	; 0x17
    4f2c:	18 8f       	std	Y+24, r17	; 0x18
    4f2e:	29 8f       	std	Y+25, r18	; 0x19
    4f30:	3a 8f       	std	Y+26, r19	; 0x1a
    4f32:	00 93 37 04 	sts	0x0437, r16	; 0x800437 <sensors+0xf>
    4f36:	10 93 38 04 	sts	0x0438, r17	; 0x800438 <sensors+0x10>
    4f3a:	20 93 39 04 	sts	0x0439, r18	; 0x800439 <sensors+0x11>
    4f3e:	30 93 3a 04 	sts	0x043A, r19	; 0x80043a <sensors+0x12>
C:\Users\Ted\Documents\GitHub\OpenOBS-328\sensor\firmware\OpenOBS-328\src\libs\MS5803/MS5803.cpp:295
    Offset = Offset - OFF2; // both should be int64_t
    4f42:	20 91 81 02 	lds	r18, 0x0281	; 0x800281 <Offset>
    4f46:	30 91 82 02 	lds	r19, 0x0282	; 0x800282 <Offset+0x1>
    4f4a:	40 91 83 02 	lds	r20, 0x0283	; 0x800283 <Offset+0x2>
    4f4e:	50 91 84 02 	lds	r21, 0x0284	; 0x800284 <Offset+0x3>
    4f52:	60 91 85 02 	lds	r22, 0x0285	; 0x800285 <Offset+0x4>
    4f56:	70 91 86 02 	lds	r23, 0x0286	; 0x800286 <Offset+0x5>
    4f5a:	80 91 87 02 	lds	r24, 0x0287	; 0x800287 <Offset+0x6>
    4f5e:	90 91 88 02 	lds	r25, 0x0288	; 0x800288 <Offset+0x7>
    4f62:	a0 90 91 02 	lds	r10, 0x0291	; 0x800291 <OFF2>
    4f66:	b0 90 92 02 	lds	r11, 0x0292	; 0x800292 <OFF2+0x1>
    4f6a:	c0 90 93 02 	lds	r12, 0x0293	; 0x800293 <OFF2+0x2>
    4f6e:	d0 90 94 02 	lds	r13, 0x0294	; 0x800294 <OFF2+0x3>
    4f72:	e0 90 95 02 	lds	r14, 0x0295	; 0x800295 <OFF2+0x4>
    4f76:	f0 90 96 02 	lds	r15, 0x0296	; 0x800296 <OFF2+0x5>
    4f7a:	00 91 97 02 	lds	r16, 0x0297	; 0x800297 <OFF2+0x6>
    4f7e:	10 91 98 02 	lds	r17, 0x0298	; 0x800298 <OFF2+0x7>
    4f82:	0e 94 f5 30 	call	0x61ea	; 0x61ea <__subdi3>
    4f86:	72 2e       	mov	r7, r18
    4f88:	63 2e       	mov	r6, r19
    4f8a:	54 2e       	mov	r5, r20
    4f8c:	45 2e       	mov	r4, r21
    4f8e:	96 2e       	mov	r9, r22
    4f90:	87 2e       	mov	r8, r23
    4f92:	38 2e       	mov	r3, r24
    4f94:	29 2e       	mov	r2, r25
    4f96:	20 93 81 02 	sts	0x0281, r18	; 0x800281 <Offset>
    4f9a:	30 93 82 02 	sts	0x0282, r19	; 0x800282 <Offset+0x1>
    4f9e:	40 93 83 02 	sts	0x0283, r20	; 0x800283 <Offset+0x2>
    4fa2:	50 93 84 02 	sts	0x0284, r21	; 0x800284 <Offset+0x3>
    4fa6:	60 93 85 02 	sts	0x0285, r22	; 0x800285 <Offset+0x4>
    4faa:	70 93 86 02 	sts	0x0286, r23	; 0x800286 <Offset+0x5>
    4fae:	80 93 87 02 	sts	0x0287, r24	; 0x800287 <Offset+0x6>
    4fb2:	90 93 88 02 	sts	0x0288, r25	; 0x800288 <Offset+0x7>
C:\Users\Ted\Documents\GitHub\OpenOBS-328\sensor\firmware\OpenOBS-328\src\libs\MS5803/MS5803.cpp:296
    Sensitivity = Sensitivity - Sens2; // both should be int64_t
    4fb6:	20 91 79 02 	lds	r18, 0x0279	; 0x800279 <Sensitivity>
    4fba:	30 91 7a 02 	lds	r19, 0x027A	; 0x80027a <Sensitivity+0x1>
    4fbe:	40 91 7b 02 	lds	r20, 0x027B	; 0x80027b <Sensitivity+0x2>
    4fc2:	50 91 7c 02 	lds	r21, 0x027C	; 0x80027c <Sensitivity+0x3>
    4fc6:	60 91 7d 02 	lds	r22, 0x027D	; 0x80027d <Sensitivity+0x4>
    4fca:	70 91 7e 02 	lds	r23, 0x027E	; 0x80027e <Sensitivity+0x5>
    4fce:	80 91 7f 02 	lds	r24, 0x027F	; 0x80027f <Sensitivity+0x6>
    4fd2:	90 91 80 02 	lds	r25, 0x0280	; 0x800280 <Sensitivity+0x7>
    4fd6:	a0 90 89 02 	lds	r10, 0x0289	; 0x800289 <Sens2>
    4fda:	b0 90 8a 02 	lds	r11, 0x028A	; 0x80028a <Sens2+0x1>
    4fde:	c0 90 8b 02 	lds	r12, 0x028B	; 0x80028b <Sens2+0x2>
    4fe2:	d0 90 8c 02 	lds	r13, 0x028C	; 0x80028c <Sens2+0x3>
    4fe6:	e0 90 8d 02 	lds	r14, 0x028D	; 0x80028d <Sens2+0x4>
    4fea:	f0 90 8e 02 	lds	r15, 0x028E	; 0x80028e <Sens2+0x5>
    4fee:	00 91 8f 02 	lds	r16, 0x028F	; 0x80028f <Sens2+0x6>
    4ff2:	10 91 90 02 	lds	r17, 0x0290	; 0x800290 <Sens2+0x7>
    4ff6:	0e 94 f5 30 	call	0x61ea	; 0x61ea <__subdi3>
    4ffa:	59 01       	movw	r10, r18
    4ffc:	6a 01       	movw	r12, r20
    4ffe:	7b 01       	movw	r14, r22
    5000:	8c 01       	movw	r16, r24
    5002:	20 93 79 02 	sts	0x0279, r18	; 0x800279 <Sensitivity>
    5006:	b0 92 7a 02 	sts	0x027A, r11	; 0x80027a <Sensitivity+0x1>
    500a:	40 93 7b 02 	sts	0x027B, r20	; 0x80027b <Sensitivity+0x2>
    500e:	d0 92 7c 02 	sts	0x027C, r13	; 0x80027c <Sensitivity+0x3>
    5012:	60 93 7d 02 	sts	0x027D, r22	; 0x80027d <Sensitivity+0x4>
    5016:	f0 92 7e 02 	sts	0x027E, r15	; 0x80027e <Sensitivity+0x5>
    501a:	80 93 7f 02 	sts	0x027F, r24	; 0x80027f <Sensitivity+0x6>
    501e:	10 93 80 02 	sts	0x0280, r17	; 0x800280 <Sensitivity+0x7>
C:\Users\Ted\Documents\GitHub\OpenOBS-328\sensor\firmware\OpenOBS-328\src\libs\MS5803/MS5803.cpp:299
 
	// Convert final values to human-readable floats.
	switch(_Version){
    5022:	2e 89       	ldd	r18, Y+22	; 0x16
    5024:	25 30       	cpi	r18, 0x05	; 5
    5026:	31 f0       	breq	.+12     	; 0x5034 <main+0x1938>
    5028:	2e 30       	cpi	r18, 0x0E	; 14
    502a:	09 f4       	brne	.+2      	; 0x502e <main+0x1932>
    502c:	d5 c1       	rjmp	.+938    	; 0x53d8 <main+0x1cdc>
    502e:	22 30       	cpi	r18, 0x02	; 2
    5030:	09 f0       	breq	.+2      	; 0x5034 <main+0x1938>
    5032:	51 c2       	rjmp	.+1186   	; 0x54d6 <main+0x1dda>
C:\Users\Ted\Documents\GitHub\OpenOBS-328\sensor\firmware\OpenOBS-328\src\libs\MS5803/MS5803.cpp:307
			break;
		case 5: 
			P = ((D1 * Sensitivity) / 2097152 - Offset) / 32768;
			break;
		case 2:
			P = ((D1 * Sensitivity) / 2097152 - Offset) / 32768;
    5034:	60 91 3b 04 	lds	r22, 0x043B	; 0x80043b <sensors+0x13>
    5038:	70 91 3c 04 	lds	r23, 0x043C	; 0x80043c <sensors+0x14>
    503c:	80 91 3d 04 	lds	r24, 0x043D	; 0x80043d <sensors+0x15>
    5040:	90 91 3e 04 	lds	r25, 0x043E	; 0x80043e <sensors+0x16>
    5044:	ab 01       	movw	r20, r22
    5046:	9a 01       	movw	r18, r20
    5048:	ac 01       	movw	r20, r24
    504a:	60 e0       	ldi	r22, 0x00	; 0
    504c:	70 e0       	ldi	r23, 0x00	; 0
    504e:	cb 01       	movw	r24, r22
    5050:	2e 87       	std	Y+14, r18	; 0x0e
    5052:	3f 87       	std	Y+15, r19	; 0x0f
    5054:	48 8b       	std	Y+16, r20	; 0x10
    5056:	59 8b       	std	Y+17, r21	; 0x11
    5058:	6a 8b       	std	Y+18, r22	; 0x12
    505a:	7b 8b       	std	Y+19, r23	; 0x13
    505c:	8c 8b       	std	Y+20, r24	; 0x14
    505e:	9d 8b       	std	Y+21, r25	; 0x15
    5060:	60 e0       	ldi	r22, 0x00	; 0
    5062:	70 e0       	ldi	r23, 0x00	; 0
    5064:	80 e0       	ldi	r24, 0x00	; 0
    5066:	90 e0       	ldi	r25, 0x00	; 0
    5068:	0e 94 18 30 	call	0x6030	; 0x6030 <__muldi3>
    506c:	f2 2e       	mov	r15, r18
    506e:	03 2f       	mov	r16, r19
    5070:	14 2f       	mov	r17, r20
    5072:	b5 2f       	mov	r27, r21
    5074:	f6 2f       	mov	r31, r22
    5076:	e7 2f       	mov	r30, r23
    5078:	d8 2e       	mov	r13, r24
    507a:	e9 2e       	mov	r14, r25
    507c:	a0 e0       	ldi	r26, 0x00	; 0
    507e:	0e 94 fe 30 	call	0x61fc	; 0x61fc <__cmpdi2_s8>
    5082:	84 f4       	brge	.+32     	; 0x50a4 <main+0x19a8>
    5084:	21 50       	subi	r18, 0x01	; 1
    5086:	31 09       	sbc	r19, r1
    5088:	40 4e       	sbci	r20, 0xE0	; 224
    508a:	5f 4f       	sbci	r21, 0xFF	; 255
    508c:	6f 4f       	sbci	r22, 0xFF	; 255
    508e:	7f 4f       	sbci	r23, 0xFF	; 255
    5090:	8f 4f       	sbci	r24, 0xFF	; 255
    5092:	9f 4f       	sbci	r25, 0xFF	; 255
    5094:	f2 2e       	mov	r15, r18
    5096:	03 2f       	mov	r16, r19
    5098:	14 2f       	mov	r17, r20
    509a:	b5 2f       	mov	r27, r21
    509c:	f6 2f       	mov	r31, r22
    509e:	e7 2f       	mov	r30, r23
    50a0:	d8 2e       	mov	r13, r24
    50a2:	e9 2e       	mov	r14, r25
    50a4:	2f 2d       	mov	r18, r15
    50a6:	30 2f       	mov	r19, r16
    50a8:	41 2f       	mov	r20, r17
    50aa:	5b 2f       	mov	r21, r27
    50ac:	6f 2f       	mov	r22, r31
    50ae:	7e 2f       	mov	r23, r30
    50b0:	8d 2d       	mov	r24, r13
    50b2:	9e 2d       	mov	r25, r14
    50b4:	05 e1       	ldi	r16, 0x15	; 21
    50b6:	0e 94 c3 30 	call	0x6186	; 0x6186 <__ashrdi3>
    50ba:	a7 2c       	mov	r10, r7
    50bc:	b6 2c       	mov	r11, r6
    50be:	c5 2c       	mov	r12, r5
    50c0:	d4 2c       	mov	r13, r4
    50c2:	e9 2c       	mov	r14, r9
    50c4:	f8 2c       	mov	r15, r8
    50c6:	03 2d       	mov	r16, r3
    50c8:	12 2d       	mov	r17, r2
    50ca:	0e 94 f5 30 	call	0x61ea	; 0x61ea <__subdi3>
    50ce:	f2 2e       	mov	r15, r18
    50d0:	03 2f       	mov	r16, r19
    50d2:	14 2f       	mov	r17, r20
    50d4:	b5 2f       	mov	r27, r21
    50d6:	f6 2f       	mov	r31, r22
    50d8:	e7 2f       	mov	r30, r23
    50da:	d8 2e       	mov	r13, r24
    50dc:	e9 2e       	mov	r14, r25
    50de:	a0 e0       	ldi	r26, 0x00	; 0
    50e0:	0e 94 fe 30 	call	0x61fc	; 0x61fc <__cmpdi2_s8>
    50e4:	84 f4       	brge	.+32     	; 0x5106 <main+0x1a0a>
    50e6:	21 50       	subi	r18, 0x01	; 1
    50e8:	30 48       	sbci	r19, 0x80	; 128
    50ea:	4f 4f       	sbci	r20, 0xFF	; 255
    50ec:	5f 4f       	sbci	r21, 0xFF	; 255
    50ee:	6f 4f       	sbci	r22, 0xFF	; 255
    50f0:	7f 4f       	sbci	r23, 0xFF	; 255
    50f2:	8f 4f       	sbci	r24, 0xFF	; 255
    50f4:	9f 4f       	sbci	r25, 0xFF	; 255
    50f6:	f2 2e       	mov	r15, r18
    50f8:	03 2f       	mov	r16, r19
    50fa:	14 2f       	mov	r17, r20
    50fc:	b5 2f       	mov	r27, r21
    50fe:	f6 2f       	mov	r31, r22
    5100:	e7 2f       	mov	r30, r23
    5102:	d8 2e       	mov	r13, r24
    5104:	e9 2e       	mov	r14, r25
    5106:	2f 2d       	mov	r18, r15
    5108:	30 2f       	mov	r19, r16
    510a:	41 2f       	mov	r20, r17
    510c:	5b 2f       	mov	r21, r27
    510e:	6f 2f       	mov	r22, r31
    5110:	7e 2f       	mov	r23, r30
    5112:	8d 2d       	mov	r24, r13
    5114:	9e 2d       	mov	r25, r14
    5116:	0f e0       	ldi	r16, 0x0F	; 15
    5118:	0e 94 c3 30 	call	0x6186	; 0x6186 <__ashrdi3>
    511c:	20 93 33 04 	sts	0x0433, r18	; 0x800433 <sensors+0xb>
    5120:	30 93 34 04 	sts	0x0434, r19	; 0x800434 <sensors+0xc>
    5124:	40 93 35 04 	sts	0x0435, r20	; 0x800435 <sensors+0xd>
    5128:	50 93 36 04 	sts	0x0436, r21	; 0x800436 <sensors+0xe>
    512c:	d4 c1       	rjmp	.+936    	; 0x54d6 <main+0x1dda>
C:\Users\Ted\Documents\GitHub\OpenOBS-328\sensor\firmware\OpenOBS-328\src\libs\MS5803/MS5803.cpp:238
				break;
		}
    } else { // if T is > 2000 (20.0C)
		switch(_Version){
			case 14:
				T2 = 7 * ((uint64_t)dT * dT) / POW_2_37;
    512e:	6e 85       	ldd	r22, Y+14	; 0x0e
    5130:	7f 85       	ldd	r23, Y+15	; 0x0f
    5132:	88 89       	ldd	r24, Y+16	; 0x10
    5134:	99 89       	ldd	r25, Y+17	; 0x11
    5136:	9b 01       	movw	r18, r22
    5138:	ac 01       	movw	r20, r24
    513a:	0e 94 70 30 	call	0x60e0	; 0x60e0 <__mulsidi3>
    513e:	e7 e0       	ldi	r30, 0x07	; 7
    5140:	ae 2e       	mov	r10, r30
    5142:	b1 2c       	mov	r11, r1
    5144:	c1 2c       	mov	r12, r1
    5146:	d1 2c       	mov	r13, r1
    5148:	e1 2c       	mov	r14, r1
    514a:	f1 2c       	mov	r15, r1
    514c:	00 e0       	ldi	r16, 0x00	; 0
    514e:	10 e0       	ldi	r17, 0x00	; 0
    5150:	0e 94 18 30 	call	0x6030	; 0x6030 <__muldi3>
    5154:	05 e2       	ldi	r16, 0x25	; 37
    5156:	0e 94 c5 30 	call	0x618a	; 0x618a <__lshrdi3>
    515a:	20 93 99 02 	sts	0x0299, r18	; 0x800299 <T2>
    515e:	30 93 9a 02 	sts	0x029A, r19	; 0x80029a <T2+0x1>
    5162:	40 93 9b 02 	sts	0x029B, r20	; 0x80029b <T2+0x2>
    5166:	50 93 9c 02 	sts	0x029C, r21	; 0x80029c <T2+0x3>
    516a:	60 93 9d 02 	sts	0x029D, r22	; 0x80029d <T2+0x4>
    516e:	70 93 9e 02 	sts	0x029E, r23	; 0x80029e <T2+0x5>
    5172:	80 93 9f 02 	sts	0x029F, r24	; 0x80029f <T2+0x6>
    5176:	90 93 a0 02 	sts	0x02A0, r25	; 0x8002a0 <T2+0x7>
C:\Users\Ted\Documents\GitHub\OpenOBS-328\sensor\firmware\OpenOBS-328\src\libs\MS5803/MS5803.cpp:240
				T2 = (int32_t)T2; // recast as signed 32bit integer
				OFF2 = 1 * ((T-2000) * (T-2000)) / 16;
    517a:	a2 01       	movw	r20, r4
    517c:	91 01       	movw	r18, r2
    517e:	c2 01       	movw	r24, r4
    5180:	b1 01       	movw	r22, r2
    5182:	0e 94 a7 2f 	call	0x5f4e	; 0x5f4e <__mulsi3>
    5186:	8b 01       	movw	r16, r22
    5188:	9c 01       	movw	r18, r24
    518a:	f4 e0       	ldi	r31, 0x04	; 4
    518c:	35 95       	asr	r19
    518e:	27 95       	ror	r18
    5190:	17 95       	ror	r17
    5192:	07 95       	ror	r16
    5194:	fa 95       	dec	r31
    5196:	d1 f7       	brne	.-12     	; 0x518c <main+0x1a90>
    5198:	00 93 91 02 	sts	0x0291, r16	; 0x800291 <OFF2>
    519c:	10 93 92 02 	sts	0x0292, r17	; 0x800292 <OFF2+0x1>
    51a0:	20 93 93 02 	sts	0x0293, r18	; 0x800293 <OFF2+0x2>
    51a4:	30 93 94 02 	sts	0x0294, r19	; 0x800294 <OFF2+0x3>
    51a8:	dc 01       	movw	r26, r24
    51aa:	cb 01       	movw	r24, r22
    51ac:	bb 0f       	add	r27, r27
    51ae:	88 0b       	sbc	r24, r24
    51b0:	98 2f       	mov	r25, r24
    51b2:	dc 01       	movw	r26, r24
    51b4:	80 93 95 02 	sts	0x0295, r24	; 0x800295 <OFF2+0x4>
    51b8:	80 93 96 02 	sts	0x0296, r24	; 0x800296 <OFF2+0x5>
    51bc:	80 93 97 02 	sts	0x0297, r24	; 0x800297 <OFF2+0x6>
    51c0:	80 93 98 02 	sts	0x0298, r24	; 0x800298 <OFF2+0x7>
C:\Users\Ted\Documents\GitHub\OpenOBS-328\sensor\firmware\OpenOBS-328\src\libs\MS5803/MS5803.cpp:241
				Sens2 = 0;
    51c4:	10 92 89 02 	sts	0x0289, r1	; 0x800289 <Sens2>
    51c8:	10 92 8a 02 	sts	0x028A, r1	; 0x80028a <Sens2+0x1>
    51cc:	10 92 8b 02 	sts	0x028B, r1	; 0x80028b <Sens2+0x2>
    51d0:	10 92 8c 02 	sts	0x028C, r1	; 0x80028c <Sens2+0x3>
    51d4:	10 92 8d 02 	sts	0x028D, r1	; 0x80028d <Sens2+0x4>
    51d8:	10 92 8e 02 	sts	0x028E, r1	; 0x80028e <Sens2+0x5>
    51dc:	10 92 8f 02 	sts	0x028F, r1	; 0x80028f <Sens2+0x6>
    51e0:	10 92 90 02 	sts	0x0290, r1	; 0x800290 <Sens2+0x7>
    51e4:	77 cc       	rjmp	.-1810   	; 0x4ad4 <main+0x13d8>
C:\Users\Ted\Documents\GitHub\OpenOBS-328\sensor\firmware\OpenOBS-328\src\libs\MS5803/MS5803.cpp:257
				break;
		}
    }
    
    // Additional compensation for very low temperatures (< -15C)
    if (T < -1500) {
    51e6:	6f 89       	ldd	r22, Y+23	; 0x17
    51e8:	78 8d       	ldd	r23, Y+24	; 0x18
    51ea:	89 8d       	ldd	r24, Y+25	; 0x19
    51ec:	9a 8d       	ldd	r25, Y+26	; 0x1a
    51ee:	64 32       	cpi	r22, 0x24	; 36
    51f0:	7a 4f       	sbci	r23, 0xFA	; 250
    51f2:	8f 4f       	sbci	r24, 0xFF	; 255
    51f4:	9f 4f       	sbci	r25, 0xFF	; 255
    51f6:	0c f0       	brlt	.+2      	; 0x51fa <main+0x1afe>
    51f8:	7e ce       	rjmp	.-772    	; 0x4ef6 <main+0x17fa>
C:\Users\Ted\Documents\GitHub\OpenOBS-328\sensor\firmware\OpenOBS-328\src\libs\MS5803/MS5803.cpp:258
		switch(_Version){
    51fa:	be 89       	ldd	r27, Y+22	; 0x16
    51fc:	be 30       	cpi	r27, 0x0E	; 14
    51fe:	09 f0       	breq	.+2      	; 0x5202 <main+0x1b06>
    5200:	7a ce       	rjmp	.-780    	; 0x4ef6 <main+0x17fa>
C:\Users\Ted\Documents\GitHub\OpenOBS-328\sensor\firmware\OpenOBS-328\src\libs\MS5803/MS5803.cpp:260
			case 14:
				OFF2 = OFF2 + 7 * ((T+1500)*(T+1500));
    5202:	6f 89       	ldd	r22, Y+23	; 0x17
    5204:	78 8d       	ldd	r23, Y+24	; 0x18
    5206:	89 8d       	ldd	r24, Y+25	; 0x19
    5208:	9a 8d       	ldd	r25, Y+26	; 0x1a
    520a:	64 52       	subi	r22, 0x24	; 36
    520c:	7a 4f       	sbci	r23, 0xFA	; 250
    520e:	8f 4f       	sbci	r24, 0xFF	; 255
    5210:	9f 4f       	sbci	r25, 0xFF	; 255
    5212:	9b 01       	movw	r18, r22
    5214:	ac 01       	movw	r20, r24
    5216:	0e 94 a7 2f 	call	0x5f4e	; 0x5f4e <__mulsi3>
    521a:	2b 01       	movw	r4, r22
    521c:	3c 01       	movw	r6, r24
    521e:	a7 e0       	ldi	r26, 0x07	; 7
    5220:	b0 e0       	ldi	r27, 0x00	; 0
    5222:	ac 01       	movw	r20, r24
    5224:	9b 01       	movw	r18, r22
    5226:	0e 94 56 2f 	call	0x5eac	; 0x5eac <__muluhisi3>
    522a:	6b 01       	movw	r12, r22
    522c:	7c 01       	movw	r14, r24
    522e:	ff 0c       	add	r15, r15
    5230:	cc 08       	sbc	r12, r12
    5232:	dc 2c       	mov	r13, r12
    5234:	76 01       	movw	r14, r12
    5236:	9b 01       	movw	r18, r22
    5238:	ac 01       	movw	r20, r24
    523a:	6c 2d       	mov	r22, r12
    523c:	7c 2d       	mov	r23, r12
    523e:	8c 2d       	mov	r24, r12
    5240:	9c 2d       	mov	r25, r12
    5242:	a0 90 91 02 	lds	r10, 0x0291	; 0x800291 <OFF2>
    5246:	b0 90 92 02 	lds	r11, 0x0292	; 0x800292 <OFF2+0x1>
    524a:	c0 90 93 02 	lds	r12, 0x0293	; 0x800293 <OFF2+0x2>
    524e:	d0 90 94 02 	lds	r13, 0x0294	; 0x800294 <OFF2+0x3>
    5252:	e0 90 95 02 	lds	r14, 0x0295	; 0x800295 <OFF2+0x4>
    5256:	f0 90 96 02 	lds	r15, 0x0296	; 0x800296 <OFF2+0x5>
    525a:	00 91 97 02 	lds	r16, 0x0297	; 0x800297 <OFF2+0x6>
    525e:	10 91 98 02 	lds	r17, 0x0298	; 0x800298 <OFF2+0x7>
    5262:	0e 94 e0 30 	call	0x61c0	; 0x61c0 <__adddi3>
    5266:	20 93 91 02 	sts	0x0291, r18	; 0x800291 <OFF2>
    526a:	30 93 92 02 	sts	0x0292, r19	; 0x800292 <OFF2+0x1>
    526e:	40 93 93 02 	sts	0x0293, r20	; 0x800293 <OFF2+0x2>
    5272:	50 93 94 02 	sts	0x0294, r21	; 0x800294 <OFF2+0x3>
    5276:	60 93 95 02 	sts	0x0295, r22	; 0x800295 <OFF2+0x4>
    527a:	70 93 96 02 	sts	0x0296, r23	; 0x800296 <OFF2+0x5>
    527e:	80 93 97 02 	sts	0x0297, r24	; 0x800297 <OFF2+0x6>
    5282:	90 93 98 02 	sts	0x0298, r25	; 0x800298 <OFF2+0x7>
C:\Users\Ted\Documents\GitHub\OpenOBS-328\sensor\firmware\OpenOBS-328\src\libs\MS5803/MS5803.cpp:261
				Sens2 = Sens2 + 4 * ((T+1500)*(T+1500));
    5286:	52 e0       	ldi	r21, 0x02	; 2
    5288:	44 0c       	add	r4, r4
    528a:	55 1c       	adc	r5, r5
    528c:	66 1c       	adc	r6, r6
    528e:	77 1c       	adc	r7, r7
    5290:	5a 95       	dec	r21
    5292:	d1 f7       	brne	.-12     	; 0x5288 <main+0x1b8c>
    5294:	73 01       	movw	r14, r6
    5296:	62 01       	movw	r12, r4
    5298:	ff 0c       	add	r15, r15
    529a:	cc 08       	sbc	r12, r12
    529c:	dc 2c       	mov	r13, r12
    529e:	76 01       	movw	r14, r12
    52a0:	92 01       	movw	r18, r4
    52a2:	a3 01       	movw	r20, r6
    52a4:	6c 2d       	mov	r22, r12
    52a6:	7c 2d       	mov	r23, r12
    52a8:	8c 2d       	mov	r24, r12
    52aa:	9c 2d       	mov	r25, r12
    52ac:	a0 90 89 02 	lds	r10, 0x0289	; 0x800289 <Sens2>
    52b0:	b0 90 8a 02 	lds	r11, 0x028A	; 0x80028a <Sens2+0x1>
    52b4:	c0 90 8b 02 	lds	r12, 0x028B	; 0x80028b <Sens2+0x2>
    52b8:	d0 90 8c 02 	lds	r13, 0x028C	; 0x80028c <Sens2+0x3>
    52bc:	e0 90 8d 02 	lds	r14, 0x028D	; 0x80028d <Sens2+0x4>
    52c0:	f0 90 8e 02 	lds	r15, 0x028E	; 0x80028e <Sens2+0x5>
    52c4:	00 91 8f 02 	lds	r16, 0x028F	; 0x80028f <Sens2+0x6>
    52c8:	10 91 90 02 	lds	r17, 0x0290	; 0x800290 <Sens2+0x7>
    52cc:	0e 94 e0 30 	call	0x61c0	; 0x61c0 <__adddi3>
    52d0:	20 93 89 02 	sts	0x0289, r18	; 0x800289 <Sens2>
    52d4:	30 93 8a 02 	sts	0x028A, r19	; 0x80028a <Sens2+0x1>
    52d8:	40 93 8b 02 	sts	0x028B, r20	; 0x80028b <Sens2+0x2>
    52dc:	50 93 8c 02 	sts	0x028C, r21	; 0x80028c <Sens2+0x3>
    52e0:	60 93 8d 02 	sts	0x028D, r22	; 0x80028d <Sens2+0x4>
    52e4:	70 93 8e 02 	sts	0x028E, r23	; 0x80028e <Sens2+0x5>
    52e8:	80 93 8f 02 	sts	0x028F, r24	; 0x80028f <Sens2+0x6>
    52ec:	90 93 90 02 	sts	0x0290, r25	; 0x800290 <Sens2+0x7>
    52f0:	f1 cb       	rjmp	.-2078   	; 0x4ad4 <main+0x13d8>
C:\Users\Ted\Documents\GitHub\OpenOBS-328\sensor\firmware\OpenOBS-328\src\libs\MS5803/MS5803.cpp:267
				break;
			case 5: 
				// No additional correction for 5 bar version.
				break;
			case 2:
				OFF2 = OFF2 + 20 * ((T+1500)*(T+1500));
    52f2:	6f 89       	ldd	r22, Y+23	; 0x17
    52f4:	78 8d       	ldd	r23, Y+24	; 0x18
    52f6:	89 8d       	ldd	r24, Y+25	; 0x19
    52f8:	9a 8d       	ldd	r25, Y+26	; 0x1a
    52fa:	64 52       	subi	r22, 0x24	; 36
    52fc:	7a 4f       	sbci	r23, 0xFA	; 250
    52fe:	8f 4f       	sbci	r24, 0xFF	; 255
    5300:	9f 4f       	sbci	r25, 0xFF	; 255
    5302:	9b 01       	movw	r18, r22
    5304:	ac 01       	movw	r20, r24
    5306:	0e 94 a7 2f 	call	0x5f4e	; 0x5f4e <__mulsi3>
    530a:	6f 8f       	std	Y+31, r22	; 0x1f
    530c:	78 a3       	std	Y+32, r23	; 0x20
    530e:	89 a3       	std	Y+33, r24	; 0x21
    5310:	9a a3       	std	Y+34, r25	; 0x22
    5312:	a4 e1       	ldi	r26, 0x14	; 20
    5314:	b0 e0       	ldi	r27, 0x00	; 0
    5316:	9b 01       	movw	r18, r22
    5318:	ac 01       	movw	r20, r24
    531a:	0e 94 56 2f 	call	0x5eac	; 0x5eac <__muluhisi3>
    531e:	6b 01       	movw	r12, r22
    5320:	7c 01       	movw	r14, r24
    5322:	ff 0c       	add	r15, r15
    5324:	cc 08       	sbc	r12, r12
    5326:	dc 2c       	mov	r13, r12
    5328:	76 01       	movw	r14, r12
    532a:	9b 01       	movw	r18, r22
    532c:	ac 01       	movw	r20, r24
    532e:	6c 2d       	mov	r22, r12
    5330:	7c 2d       	mov	r23, r12
    5332:	8c 2d       	mov	r24, r12
    5334:	9c 2d       	mov	r25, r12
    5336:	a0 90 91 02 	lds	r10, 0x0291	; 0x800291 <OFF2>
    533a:	b0 90 92 02 	lds	r11, 0x0292	; 0x800292 <OFF2+0x1>
    533e:	c0 90 93 02 	lds	r12, 0x0293	; 0x800293 <OFF2+0x2>
    5342:	d0 90 94 02 	lds	r13, 0x0294	; 0x800294 <OFF2+0x3>
    5346:	e4 2c       	mov	r14, r4
    5348:	f4 2c       	mov	r15, r4
    534a:	04 2d       	mov	r16, r4
    534c:	14 2d       	mov	r17, r4
    534e:	0e 94 e0 30 	call	0x61c0	; 0x61c0 <__adddi3>
    5352:	20 93 91 02 	sts	0x0291, r18	; 0x800291 <OFF2>
    5356:	30 93 92 02 	sts	0x0292, r19	; 0x800292 <OFF2+0x1>
    535a:	40 93 93 02 	sts	0x0293, r20	; 0x800293 <OFF2+0x2>
    535e:	50 93 94 02 	sts	0x0294, r21	; 0x800294 <OFF2+0x3>
    5362:	60 93 95 02 	sts	0x0295, r22	; 0x800295 <OFF2+0x4>
    5366:	70 93 96 02 	sts	0x0296, r23	; 0x800296 <OFF2+0x5>
    536a:	80 93 97 02 	sts	0x0297, r24	; 0x800297 <OFF2+0x6>
    536e:	90 93 98 02 	sts	0x0298, r25	; 0x800298 <OFF2+0x7>
C:\Users\Ted\Documents\GitHub\OpenOBS-328\sensor\firmware\OpenOBS-328\src\libs\MS5803/MS5803.cpp:268
				Sens2 = Sens2 + 12 * ((T+1500)*(T+1500));
    5372:	ac e0       	ldi	r26, 0x0C	; 12
    5374:	b0 e0       	ldi	r27, 0x00	; 0
    5376:	2f 8d       	ldd	r18, Y+31	; 0x1f
    5378:	38 a1       	ldd	r19, Y+32	; 0x20
    537a:	49 a1       	ldd	r20, Y+33	; 0x21
    537c:	5a a1       	ldd	r21, Y+34	; 0x22
    537e:	0e 94 56 2f 	call	0x5eac	; 0x5eac <__muluhisi3>
    5382:	6b 01       	movw	r12, r22
    5384:	7c 01       	movw	r14, r24
    5386:	ff 0c       	add	r15, r15
    5388:	cc 08       	sbc	r12, r12
    538a:	dc 2c       	mov	r13, r12
    538c:	76 01       	movw	r14, r12
    538e:	9b 01       	movw	r18, r22
    5390:	ac 01       	movw	r20, r24
    5392:	6c 2d       	mov	r22, r12
    5394:	7c 2d       	mov	r23, r12
    5396:	8c 2d       	mov	r24, r12
    5398:	9c 2d       	mov	r25, r12
    539a:	a0 90 89 02 	lds	r10, 0x0289	; 0x800289 <Sens2>
    539e:	b0 90 8a 02 	lds	r11, 0x028A	; 0x80028a <Sens2+0x1>
    53a2:	c0 90 8b 02 	lds	r12, 0x028B	; 0x80028b <Sens2+0x2>
    53a6:	d0 90 8c 02 	lds	r13, 0x028C	; 0x80028c <Sens2+0x3>
    53aa:	eb 8c       	ldd	r14, Y+27	; 0x1b
    53ac:	fe 2c       	mov	r15, r14
    53ae:	0e 2d       	mov	r16, r14
    53b0:	1e 2d       	mov	r17, r14
    53b2:	0e 94 e0 30 	call	0x61c0	; 0x61c0 <__adddi3>
    53b6:	20 93 89 02 	sts	0x0289, r18	; 0x800289 <Sens2>
    53ba:	30 93 8a 02 	sts	0x028A, r19	; 0x80028a <Sens2+0x1>
    53be:	40 93 8b 02 	sts	0x028B, r20	; 0x80028b <Sens2+0x2>
    53c2:	50 93 8c 02 	sts	0x028C, r21	; 0x80028c <Sens2+0x3>
    53c6:	60 93 8d 02 	sts	0x028D, r22	; 0x80028d <Sens2+0x4>
    53ca:	70 93 8e 02 	sts	0x028E, r23	; 0x80028e <Sens2+0x5>
    53ce:	80 93 8f 02 	sts	0x028F, r24	; 0x80028f <Sens2+0x6>
    53d2:	90 93 90 02 	sts	0x0290, r25	; 0x800290 <Sens2+0x7>
    53d6:	e9 c9       	rjmp	.-3118   	; 0x47aa <main+0x10ae>
C:\Users\Ted\Documents\GitHub\OpenOBS-328\sensor\firmware\OpenOBS-328\src\libs\MS5803/MS5803.cpp:301
    Sensitivity = Sensitivity - Sens2; // both should be int64_t
 
	// Convert final values to human-readable floats.
	switch(_Version){
		case 14:
			P = ((D1 * Sensitivity) / 2097152 - Offset) / 32768 * 10;
    53d8:	40 91 3b 04 	lds	r20, 0x043B	; 0x80043b <sensors+0x13>
    53dc:	50 91 3c 04 	lds	r21, 0x043C	; 0x80043c <sensors+0x14>
    53e0:	60 91 3d 04 	lds	r22, 0x043D	; 0x80043d <sensors+0x15>
    53e4:	70 91 3e 04 	lds	r23, 0x043E	; 0x80043e <sensors+0x16>
    53e8:	9a 01       	movw	r18, r20
    53ea:	ab 01       	movw	r20, r22
    53ec:	60 e0       	ldi	r22, 0x00	; 0
    53ee:	70 e0       	ldi	r23, 0x00	; 0
    53f0:	cb 01       	movw	r24, r22
    53f2:	2e 87       	std	Y+14, r18	; 0x0e
    53f4:	3f 87       	std	Y+15, r19	; 0x0f
    53f6:	48 8b       	std	Y+16, r20	; 0x10
    53f8:	59 8b       	std	Y+17, r21	; 0x11
    53fa:	6a 8b       	std	Y+18, r22	; 0x12
    53fc:	7b 8b       	std	Y+19, r23	; 0x13
    53fe:	8c 8b       	std	Y+20, r24	; 0x14
    5400:	9d 8b       	std	Y+21, r25	; 0x15
    5402:	60 e0       	ldi	r22, 0x00	; 0
    5404:	70 e0       	ldi	r23, 0x00	; 0
    5406:	80 e0       	ldi	r24, 0x00	; 0
    5408:	90 e0       	ldi	r25, 0x00	; 0
    540a:	0e 94 18 30 	call	0x6030	; 0x6030 <__muldi3>
    540e:	f2 2e       	mov	r15, r18
    5410:	03 2f       	mov	r16, r19
    5412:	14 2f       	mov	r17, r20
    5414:	b5 2f       	mov	r27, r21
    5416:	f6 2f       	mov	r31, r22
    5418:	e7 2f       	mov	r30, r23
    541a:	d8 2e       	mov	r13, r24
    541c:	e9 2e       	mov	r14, r25
    541e:	a0 e0       	ldi	r26, 0x00	; 0
    5420:	0e 94 fe 30 	call	0x61fc	; 0x61fc <__cmpdi2_s8>
    5424:	84 f4       	brge	.+32     	; 0x5446 <main+0x1d4a>
    5426:	21 50       	subi	r18, 0x01	; 1
    5428:	31 09       	sbc	r19, r1
    542a:	40 4e       	sbci	r20, 0xE0	; 224
    542c:	5f 4f       	sbci	r21, 0xFF	; 255
    542e:	6f 4f       	sbci	r22, 0xFF	; 255
    5430:	7f 4f       	sbci	r23, 0xFF	; 255
    5432:	8f 4f       	sbci	r24, 0xFF	; 255
    5434:	9f 4f       	sbci	r25, 0xFF	; 255
    5436:	f2 2e       	mov	r15, r18
    5438:	03 2f       	mov	r16, r19
    543a:	14 2f       	mov	r17, r20
    543c:	b5 2f       	mov	r27, r21
    543e:	f6 2f       	mov	r31, r22
    5440:	e7 2f       	mov	r30, r23
    5442:	d8 2e       	mov	r13, r24
    5444:	e9 2e       	mov	r14, r25
    5446:	2f 2d       	mov	r18, r15
    5448:	30 2f       	mov	r19, r16
    544a:	41 2f       	mov	r20, r17
    544c:	5b 2f       	mov	r21, r27
    544e:	6f 2f       	mov	r22, r31
    5450:	7e 2f       	mov	r23, r30
    5452:	8d 2d       	mov	r24, r13
    5454:	9e 2d       	mov	r25, r14
    5456:	05 e1       	ldi	r16, 0x15	; 21
    5458:	0e 94 c3 30 	call	0x6186	; 0x6186 <__ashrdi3>
    545c:	a7 2c       	mov	r10, r7
    545e:	b6 2c       	mov	r11, r6
    5460:	c5 2c       	mov	r12, r5
    5462:	d4 2c       	mov	r13, r4
    5464:	e9 2c       	mov	r14, r9
    5466:	f8 2c       	mov	r15, r8
    5468:	03 2d       	mov	r16, r3
    546a:	12 2d       	mov	r17, r2
    546c:	0e 94 f5 30 	call	0x61ea	; 0x61ea <__subdi3>
    5470:	f2 2e       	mov	r15, r18
    5472:	03 2f       	mov	r16, r19
    5474:	14 2f       	mov	r17, r20
    5476:	b5 2f       	mov	r27, r21
    5478:	f6 2f       	mov	r31, r22
    547a:	e7 2f       	mov	r30, r23
    547c:	d8 2e       	mov	r13, r24
    547e:	e9 2e       	mov	r14, r25
    5480:	a0 e0       	ldi	r26, 0x00	; 0
    5482:	0e 94 fe 30 	call	0x61fc	; 0x61fc <__cmpdi2_s8>
    5486:	84 f4       	brge	.+32     	; 0x54a8 <main+0x1dac>
    5488:	21 50       	subi	r18, 0x01	; 1
    548a:	30 48       	sbci	r19, 0x80	; 128
    548c:	4f 4f       	sbci	r20, 0xFF	; 255
    548e:	5f 4f       	sbci	r21, 0xFF	; 255
    5490:	6f 4f       	sbci	r22, 0xFF	; 255
    5492:	7f 4f       	sbci	r23, 0xFF	; 255
    5494:	8f 4f       	sbci	r24, 0xFF	; 255
    5496:	9f 4f       	sbci	r25, 0xFF	; 255
    5498:	f2 2e       	mov	r15, r18
    549a:	03 2f       	mov	r16, r19
    549c:	14 2f       	mov	r17, r20
    549e:	b5 2f       	mov	r27, r21
    54a0:	f6 2f       	mov	r31, r22
    54a2:	e7 2f       	mov	r30, r23
    54a4:	d8 2e       	mov	r13, r24
    54a6:	e9 2e       	mov	r14, r25
    54a8:	2f 2d       	mov	r18, r15
    54aa:	30 2f       	mov	r19, r16
    54ac:	41 2f       	mov	r20, r17
    54ae:	5b 2f       	mov	r21, r27
    54b0:	6f 2f       	mov	r22, r31
    54b2:	7e 2f       	mov	r23, r30
    54b4:	8d 2d       	mov	r24, r13
    54b6:	9e 2d       	mov	r25, r14
    54b8:	0f e0       	ldi	r16, 0x0F	; 15
    54ba:	0e 94 c3 30 	call	0x6186	; 0x6186 <__ashrdi3>
    54be:	aa e0       	ldi	r26, 0x0A	; 10
    54c0:	b0 e0       	ldi	r27, 0x00	; 0
    54c2:	0e 94 56 2f 	call	0x5eac	; 0x5eac <__muluhisi3>
    54c6:	60 93 33 04 	sts	0x0433, r22	; 0x800433 <sensors+0xb>
    54ca:	70 93 34 04 	sts	0x0434, r23	; 0x800434 <sensors+0xc>
    54ce:	80 93 35 04 	sts	0x0435, r24	; 0x800435 <sensors+0xd>
    54d2:	90 93 36 04 	sts	0x0436, r25	; 0x800436 <sensors+0xe>
getReadings():
C:\Users\Ted\Documents\GitHub\OpenOBS-328\sensor\firmware\OpenOBS-328\src\OpenOBS/Sensors.cpp:90
    }
    
    if (hasPressureSensor && ((settings.measFlags & 0b00001100) != 0)) {
        ms5803.readSensor();
        if (settings.measFlags & 0b00000100) { // Check bit 2 (readPressure)
    54d6:	80 91 30 04 	lds	r24, 0x0430	; 0x800430 <sensors+0x8>
    54da:	82 ff       	sbrs	r24, 2
    54dc:	a7 c0       	rjmp	.+334    	; 0x562c <main+0x1f30>
C:\Users\Ted\Documents\GitHub\OpenOBS-328\sensor\firmware\OpenOBS-328\src\OpenOBS/Sensors.cpp:91
            abs_P = ms5803.getPressure();
    54de:	40 91 33 04 	lds	r20, 0x0433	; 0x800433 <sensors+0xb>
    54e2:	50 91 34 04 	lds	r21, 0x0434	; 0x800434 <sensors+0xc>
    54e6:	60 91 35 04 	lds	r22, 0x0435	; 0x800435 <sensors+0xd>
    54ea:	70 91 36 04 	lds	r23, 0x0436	; 0x800436 <sensors+0xe>
    54ee:	40 93 bb 02 	sts	0x02BB, r20	; 0x8002bb <data+0x8>
    54f2:	50 93 bc 02 	sts	0x02BC, r21	; 0x8002bc <data+0x9>
    54f6:	60 93 bd 02 	sts	0x02BD, r22	; 0x8002bd <data+0xa>
    54fa:	70 93 be 02 	sts	0x02BE, r23	; 0x8002be <data+0xb>
C:\Users\Ted\Documents\GitHub\OpenOBS-328\sensor\firmware\OpenOBS-328\src\OpenOBS/Sensors.cpp:96
        } else {
            abs_P = 0;
        }

        if (settings.measFlags & 0b00001000) { // Check bit 3 (readWaterTemp)
    54fe:	83 ff       	sbrs	r24, 3
    5500:	9e c0       	rjmp	.+316    	; 0x563e <main+0x1f42>
_ZNK7MS_580314getTemperatureEv():
C:\Users\Ted\Documents\GitHub\OpenOBS-328\sensor\firmware\OpenOBS-328\src\libs\MS5803/MS5803.h:52
    //*********************************************************************
    // Additional methods to extract temperature, pressure (mbar), and the 
    // D1,D2 values after readSensor() has been called
	
    // Return temperature in degrees Celsius.
    int16_t getTemperature() const       {return (int16_t)T;}  
    5502:	6f 89       	ldd	r22, Y+23	; 0x17
    5504:	78 8d       	ldd	r23, Y+24	; 0x18
    5506:	70 93 c4 02 	sts	0x02C4, r23	; 0x8002c4 <data+0x11>
    550a:	60 93 c3 02 	sts	0x02C3, r22	; 0x8002c3 <data+0x10>
toString():
C:\Users\Ted\Documents\GitHub\OpenOBS-328\sensor\firmware\OpenOBS-328/OpenOBS-328.ino:48
  uint16_t backscatterLight;
  int16_t waterTemp;
  uint16_t batteryVoltage;
  
  void toString(char* externalBuffer) {
    sprintf(externalBuffer, "%lu,%lu,%u,%u,%lu,%i,%u",
    550e:	80 91 c6 02 	lds	r24, 0x02C6	; 0x8002c6 <data+0x13>
    5512:	8f 93       	push	r24
    5514:	80 91 c5 02 	lds	r24, 0x02C5	; 0x8002c5 <data+0x12>
    5518:	8f 93       	push	r24
    551a:	80 91 c4 02 	lds	r24, 0x02C4	; 0x8002c4 <data+0x11>
    551e:	8f 93       	push	r24
    5520:	80 91 c3 02 	lds	r24, 0x02C3	; 0x8002c3 <data+0x10>
    5524:	8f 93       	push	r24
    5526:	80 91 be 02 	lds	r24, 0x02BE	; 0x8002be <data+0xb>
    552a:	8f 93       	push	r24
    552c:	80 91 bd 02 	lds	r24, 0x02BD	; 0x8002bd <data+0xa>
    5530:	8f 93       	push	r24
    5532:	80 91 bc 02 	lds	r24, 0x02BC	; 0x8002bc <data+0x9>
    5536:	8f 93       	push	r24
    5538:	80 91 bb 02 	lds	r24, 0x02BB	; 0x8002bb <data+0x8>
    553c:	8f 93       	push	r24
    553e:	80 91 c2 02 	lds	r24, 0x02C2	; 0x8002c2 <data+0xf>
    5542:	8f 93       	push	r24
    5544:	80 91 c1 02 	lds	r24, 0x02C1	; 0x8002c1 <data+0xe>
    5548:	8f 93       	push	r24
    554a:	80 91 c0 02 	lds	r24, 0x02C0	; 0x8002c0 <data+0xd>
    554e:	8f 93       	push	r24
    5550:	80 91 bf 02 	lds	r24, 0x02BF	; 0x8002bf <data+0xc>
    5554:	8f 93       	push	r24
    5556:	80 91 ba 02 	lds	r24, 0x02BA	; 0x8002ba <data+0x7>
    555a:	8f 93       	push	r24
    555c:	80 91 b9 02 	lds	r24, 0x02B9	; 0x8002b9 <data+0x6>
    5560:	8f 93       	push	r24
    5562:	80 91 b8 02 	lds	r24, 0x02B8	; 0x8002b8 <data+0x5>
    5566:	8f 93       	push	r24
    5568:	80 91 b7 02 	lds	r24, 0x02B7	; 0x8002b7 <data+0x4>
    556c:	8f 93       	push	r24
    556e:	80 91 b6 02 	lds	r24, 0x02B6	; 0x8002b6 <data+0x3>
    5572:	8f 93       	push	r24
    5574:	80 91 b5 02 	lds	r24, 0x02B5	; 0x8002b5 <data+0x2>
    5578:	8f 93       	push	r24
    557a:	80 91 b4 02 	lds	r24, 0x02B4	; 0x8002b4 <data+0x1>
    557e:	8f 93       	push	r24
    5580:	80 91 b3 02 	lds	r24, 0x02B3	; 0x8002b3 <data>
    5584:	8f 93       	push	r24
    5586:	e9 e0       	ldi	r30, 0x09	; 9
    5588:	f2 e0       	ldi	r31, 0x02	; 2
    558a:	ff 93       	push	r31
    558c:	ef 93       	push	r30
    558e:	2e ec       	ldi	r18, 0xCE	; 206
    5590:	32 e0       	ldi	r19, 0x02	; 2
    5592:	3f 93       	push	r19
    5594:	2f 93       	push	r18
    5596:	0e 94 64 31 	call	0x62c8	; 0x62c8 <sprintf>
_ZN9FatVolume3cwvEv():
C:\Users\Ted\Documents\Arduino\libraries\SdFat\src\FatLib/FatVolume.h:335
    559a:	80 91 b1 02 	lds	r24, 0x02B1	; 0x8002b1 <FatVolume::m_cwv>
    559e:	90 91 b2 02 	lds	r25, 0x02B2	; 0x8002b2 <FatVolume::m_cwv+0x1>
open():
C:\Users\Ted\Documents\Arduino\libraries\SdFat\src\FatLib/FatFile.cpp:427
    55a2:	0f b6       	in	r0, 0x3f	; 63
    55a4:	f8 94       	cli
    55a6:	de bf       	out	0x3e, r29	; 62
    55a8:	0f be       	out	0x3f, r0	; 63
    55aa:	cd bf       	out	0x3d, r28	; 61
    55ac:	00 97       	sbiw	r24, 0x00	; 0
    55ae:	29 f0       	breq	.+10     	; 0x55ba <main+0x1ebe>
    55b0:	69 e0       	ldi	r22, 0x09	; 9
    55b2:	85 5d       	subi	r24, 0xD5	; 213
    55b4:	9d 4f       	sbci	r25, 0xFD	; 253
    55b6:	0e 94 36 14 	call	0x286c	; 0x286c <FatFile::open(FatFile*, char const*, unsigned char) [clone .constprop.64]>
writeToSD():
C:\Users\Ted\Documents\GitHub\OpenOBS-328\sensor\firmware\OpenOBS-328/utils.ino:26

void writeToSD(char dataStr[]) {
  if (~fileIsOpen){
    fileIsOpen = file.open(filename, O_WRITE | O_APPEND);
  }
  file.println(dataStr);
    55ba:	6e ec       	ldi	r22, 0xCE	; 206
    55bc:	72 e0       	ldi	r23, 0x02	; 2
    55be:	87 e4       	ldi	r24, 0x47	; 71
    55c0:	94 e0       	ldi	r25, 0x04	; 4
    55c2:	0e 94 9e 17 	call	0x2f3c	; 0x2f3c <Print::println(char const*)>
sync():
C:\Users\Ted\Documents\Arduino\libraries\SdFat\src\FatLib/FatFile.cpp:1194
}
//------------------------------------------------------------------------------
bool FatFile::sync() {
  uint16_t date, time;
  uint8_t ms10;
  if (!isOpen()) {
    55c6:	80 91 4b 04 	lds	r24, 0x044B	; 0x80044b <file+0x4>
    55ca:	88 23       	and	r24, r24
    55cc:	21 f0       	breq	.+8      	; 0x55d6 <main+0x1eda>
    55ce:	8b e4       	ldi	r24, 0x4B	; 75
    55d0:	94 e0       	ldi	r25, 0x04	; 4
    55d2:	0e 94 40 09 	call	0x1280	; 0x1280 <FatFile::sync() [clone .part.34]>
loop():
C:\Users\Ted\Documents\GitHub\OpenOBS-328\sensor\firmware\OpenOBS-328/OpenOBS-328.ino:115
    data.absPressure, 
    data.waterTemp);

  data.toString(messageBuffer);
  writeToSD(messageBuffer);
  serialSend(messageBuffer);
    55d6:	8e ec       	ldi	r24, 0xCE	; 206
    55d8:	92 e0       	ldi	r25, 0x02	; 2
    55da:	0e 94 b2 17 	call	0x2f64	; 0x2f64 <serialSend(char*)>
C:\Users\Ted\Documents\GitHub\OpenOBS-328\sensor\firmware\OpenOBS-328/OpenOBS-328.ino:117
  
  if (sleepDuration_seconds>0) {
    55de:	20 91 0c 03 	lds	r18, 0x030C	; 0x80030c <sleepDuration_seconds>
    55e2:	30 91 0d 03 	lds	r19, 0x030D	; 0x80030d <sleepDuration_seconds+0x1>
    55e6:	40 91 0e 03 	lds	r20, 0x030E	; 0x80030e <sleepDuration_seconds+0x2>
    55ea:	50 91 0f 03 	lds	r21, 0x030F	; 0x80030f <sleepDuration_seconds+0x3>
    55ee:	12 16       	cp	r1, r18
    55f0:	13 06       	cpc	r1, r19
    55f2:	14 06       	cpc	r1, r20
    55f4:	15 06       	cpc	r1, r21
    55f6:	54 f4       	brge	.+20     	; 0x560c <main+0x1f10>
C:\Users\Ted\Documents\GitHub\OpenOBS-328\sensor\firmware\OpenOBS-328/OpenOBS-328.ino:118
    sensorSleep(data.timeSeconds, sleepDuration_seconds);
    55f8:	60 91 b3 02 	lds	r22, 0x02B3	; 0x8002b3 <data>
    55fc:	70 91 b4 02 	lds	r23, 0x02B4	; 0x8002b4 <data+0x1>
    5600:	80 91 b5 02 	lds	r24, 0x02B5	; 0x8002b5 <data+0x2>
    5604:	90 91 b6 02 	lds	r25, 0x02B6	; 0x8002b6 <data+0x3>
    5608:	0e 94 e1 17 	call	0x2fc2	; 0x2fc2 <sensorSleep(long, long)>
serialEventRun():
C:\Users\Ted\AppData\Local\Arduino15\packages\MiniCore\hardware\avr\2.1.3\cores\MCUdude_corefiles/HardwareSerial.cpp:66
#endif

void serialEventRun(void)
{
#if defined(HAVE_HWSERIAL0)
  if (Serial0_available && serialEvent && Serial0_available()) serialEvent();
    560c:	80 e0       	ldi	r24, 0x00	; 0
    560e:	90 e0       	ldi	r25, 0x00	; 0
    5610:	89 2b       	or	r24, r25
    5612:	11 f4       	brne	.+4      	; 0x5618 <main+0x1f1c>
    5614:	0c 94 2e 22 	jmp	0x445c	; 0x445c <main+0xd60>
    5618:	0e 94 7d 02 	call	0x4fa	; 0x4fa <Serial0_available()>
    561c:	88 23       	and	r24, r24
    561e:	11 f4       	brne	.+4      	; 0x5624 <main+0x1f28>
    5620:	0c 94 2e 22 	jmp	0x445c	; 0x445c <main+0xd60>
    5624:	0e 94 00 00 	call	0	; 0x0 <__vectors>
    5628:	0c 94 2e 22 	jmp	0x445c	; 0x445c <main+0xd60>
getReadings():
C:\Users\Ted\Documents\GitHub\OpenOBS-328\sensor\firmware\OpenOBS-328\src\OpenOBS/Sensors.cpp:93
    if (hasPressureSensor && ((settings.measFlags & 0b00001100) != 0)) {
        ms5803.readSensor();
        if (settings.measFlags & 0b00000100) { // Check bit 2 (readPressure)
            abs_P = ms5803.getPressure();
        } else {
            abs_P = 0;
    562c:	10 92 bb 02 	sts	0x02BB, r1	; 0x8002bb <data+0x8>
    5630:	10 92 bc 02 	sts	0x02BC, r1	; 0x8002bc <data+0x9>
    5634:	10 92 bd 02 	sts	0x02BD, r1	; 0x8002bd <data+0xa>
    5638:	10 92 be 02 	sts	0x02BE, r1	; 0x8002be <data+0xb>
    563c:	60 cf       	rjmp	.-320    	; 0x54fe <main+0x1e02>
C:\Users\Ted\Documents\GitHub\OpenOBS-328\sensor\firmware\OpenOBS-328\src\OpenOBS/Sensors.cpp:99
        }

        if (settings.measFlags & 0b00001000) { // Check bit 3 (readWaterTemp)
            water_temp = ms5803.getTemperature();
        } else {
            water_temp = -32768;
    563e:	80 e0       	ldi	r24, 0x00	; 0
    5640:	90 e8       	ldi	r25, 0x80	; 128
    5642:	90 93 c4 02 	sts	0x02C4, r25	; 0x8002c4 <data+0x11>
    5646:	80 93 c3 02 	sts	0x02C3, r24	; 0x8002c3 <data+0x10>
    564a:	61 cf       	rjmp	.-318    	; 0x550e <main+0x1e12>
C:\Users\Ted\Documents\GitHub\OpenOBS-328\sensor\firmware\OpenOBS-328\src\OpenOBS/Sensors.cpp:102
        }
    } else {
        abs_P = 0;
    564c:	10 92 bb 02 	sts	0x02BB, r1	; 0x8002bb <data+0x8>
    5650:	10 92 bc 02 	sts	0x02BC, r1	; 0x8002bc <data+0x9>
    5654:	10 92 bd 02 	sts	0x02BD, r1	; 0x8002bd <data+0xa>
    5658:	10 92 be 02 	sts	0x02BE, r1	; 0x8002be <data+0xb>
C:\Users\Ted\Documents\GitHub\OpenOBS-328\sensor\firmware\OpenOBS-328\src\OpenOBS/Sensors.cpp:103
        water_temp = -32768;
    565c:	a0 e0       	ldi	r26, 0x00	; 0
    565e:	b0 e8       	ldi	r27, 0x80	; 128
    5660:	b0 93 c4 02 	sts	0x02C4, r27	; 0x8002c4 <data+0x11>
    5664:	a0 93 c3 02 	sts	0x02C3, r26	; 0x8002c3 <data+0x10>
    5668:	52 cf       	rjmp	.-348    	; 0x550e <main+0x1e12>

0000566a <malloc>:
malloc():
    566a:	0f 93       	push	r16
    566c:	1f 93       	push	r17
    566e:	cf 93       	push	r28
    5670:	df 93       	push	r29
    5672:	82 30       	cpi	r24, 0x02	; 2
    5674:	91 05       	cpc	r25, r1
    5676:	10 f4       	brcc	.+4      	; 0x567c <malloc+0x12>
    5678:	82 e0       	ldi	r24, 0x02	; 2
    567a:	90 e0       	ldi	r25, 0x00	; 0
    567c:	e0 91 d9 06 	lds	r30, 0x06D9	; 0x8006d9 <__flp>
    5680:	f0 91 da 06 	lds	r31, 0x06DA	; 0x8006da <__flp+0x1>
    5684:	30 e0       	ldi	r19, 0x00	; 0
    5686:	20 e0       	ldi	r18, 0x00	; 0
    5688:	b0 e0       	ldi	r27, 0x00	; 0
    568a:	a0 e0       	ldi	r26, 0x00	; 0
    568c:	30 97       	sbiw	r30, 0x00	; 0
    568e:	99 f4       	brne	.+38     	; 0x56b6 <malloc+0x4c>
    5690:	21 15       	cp	r18, r1
    5692:	31 05       	cpc	r19, r1
    5694:	09 f4       	brne	.+2      	; 0x5698 <malloc+0x2e>
    5696:	4a c0       	rjmp	.+148    	; 0x572c <malloc+0xc2>
    5698:	28 1b       	sub	r18, r24
    569a:	39 0b       	sbc	r19, r25
    569c:	24 30       	cpi	r18, 0x04	; 4
    569e:	31 05       	cpc	r19, r1
    56a0:	d8 f5       	brcc	.+118    	; 0x5718 <malloc+0xae>
    56a2:	8a 81       	ldd	r24, Y+2	; 0x02
    56a4:	9b 81       	ldd	r25, Y+3	; 0x03
    56a6:	61 15       	cp	r22, r1
    56a8:	71 05       	cpc	r23, r1
    56aa:	89 f1       	breq	.+98     	; 0x570e <malloc+0xa4>
    56ac:	fb 01       	movw	r30, r22
    56ae:	93 83       	std	Z+3, r25	; 0x03
    56b0:	82 83       	std	Z+2, r24	; 0x02
    56b2:	fe 01       	movw	r30, r28
    56b4:	11 c0       	rjmp	.+34     	; 0x56d8 <malloc+0x6e>
    56b6:	40 81       	ld	r20, Z
    56b8:	51 81       	ldd	r21, Z+1	; 0x01
    56ba:	02 81       	ldd	r16, Z+2	; 0x02
    56bc:	13 81       	ldd	r17, Z+3	; 0x03
    56be:	48 17       	cp	r20, r24
    56c0:	59 07       	cpc	r21, r25
    56c2:	e0 f0       	brcs	.+56     	; 0x56fc <malloc+0x92>
    56c4:	48 17       	cp	r20, r24
    56c6:	59 07       	cpc	r21, r25
    56c8:	99 f4       	brne	.+38     	; 0x56f0 <malloc+0x86>
    56ca:	10 97       	sbiw	r26, 0x00	; 0
    56cc:	61 f0       	breq	.+24     	; 0x56e6 <malloc+0x7c>
    56ce:	12 96       	adiw	r26, 0x02	; 2
    56d0:	0c 93       	st	X, r16
    56d2:	12 97       	sbiw	r26, 0x02	; 2
    56d4:	13 96       	adiw	r26, 0x03	; 3
    56d6:	1c 93       	st	X, r17
    56d8:	32 96       	adiw	r30, 0x02	; 2
    56da:	cf 01       	movw	r24, r30
    56dc:	df 91       	pop	r29
    56de:	cf 91       	pop	r28
    56e0:	1f 91       	pop	r17
    56e2:	0f 91       	pop	r16
    56e4:	08 95       	ret
    56e6:	00 93 d9 06 	sts	0x06D9, r16	; 0x8006d9 <__flp>
    56ea:	10 93 da 06 	sts	0x06DA, r17	; 0x8006da <__flp+0x1>
    56ee:	f4 cf       	rjmp	.-24     	; 0x56d8 <malloc+0x6e>
    56f0:	21 15       	cp	r18, r1
    56f2:	31 05       	cpc	r19, r1
    56f4:	51 f0       	breq	.+20     	; 0x570a <malloc+0xa0>
    56f6:	42 17       	cp	r20, r18
    56f8:	53 07       	cpc	r21, r19
    56fa:	38 f0       	brcs	.+14     	; 0x570a <malloc+0xa0>
    56fc:	a9 01       	movw	r20, r18
    56fe:	db 01       	movw	r26, r22
    5700:	9a 01       	movw	r18, r20
    5702:	bd 01       	movw	r22, r26
    5704:	df 01       	movw	r26, r30
    5706:	f8 01       	movw	r30, r16
    5708:	c1 cf       	rjmp	.-126    	; 0x568c <malloc+0x22>
    570a:	ef 01       	movw	r28, r30
    570c:	f9 cf       	rjmp	.-14     	; 0x5700 <malloc+0x96>
    570e:	90 93 da 06 	sts	0x06DA, r25	; 0x8006da <__flp+0x1>
    5712:	80 93 d9 06 	sts	0x06D9, r24	; 0x8006d9 <__flp>
    5716:	cd cf       	rjmp	.-102    	; 0x56b2 <malloc+0x48>
    5718:	fe 01       	movw	r30, r28
    571a:	e2 0f       	add	r30, r18
    571c:	f3 1f       	adc	r31, r19
    571e:	81 93       	st	Z+, r24
    5720:	91 93       	st	Z+, r25
    5722:	22 50       	subi	r18, 0x02	; 2
    5724:	31 09       	sbc	r19, r1
    5726:	39 83       	std	Y+1, r19	; 0x01
    5728:	28 83       	st	Y, r18
    572a:	d7 cf       	rjmp	.-82     	; 0x56da <malloc+0x70>
    572c:	20 91 d7 06 	lds	r18, 0x06D7	; 0x8006d7 <__brkval>
    5730:	30 91 d8 06 	lds	r19, 0x06D8	; 0x8006d8 <__brkval+0x1>
    5734:	23 2b       	or	r18, r19
    5736:	41 f4       	brne	.+16     	; 0x5748 <malloc+0xde>
    5738:	20 91 11 01 	lds	r18, 0x0111	; 0x800111 <__malloc_heap_start>
    573c:	30 91 12 01 	lds	r19, 0x0112	; 0x800112 <__malloc_heap_start+0x1>
    5740:	30 93 d8 06 	sts	0x06D8, r19	; 0x8006d8 <__brkval+0x1>
    5744:	20 93 d7 06 	sts	0x06D7, r18	; 0x8006d7 <__brkval>
    5748:	20 91 0f 01 	lds	r18, 0x010F	; 0x80010f <__malloc_heap_end>
    574c:	30 91 10 01 	lds	r19, 0x0110	; 0x800110 <__malloc_heap_end+0x1>
    5750:	21 15       	cp	r18, r1
    5752:	31 05       	cpc	r19, r1
    5754:	41 f4       	brne	.+16     	; 0x5766 <malloc+0xfc>
    5756:	2d b7       	in	r18, 0x3d	; 61
    5758:	3e b7       	in	r19, 0x3e	; 62
    575a:	40 91 13 01 	lds	r20, 0x0113	; 0x800113 <__malloc_margin>
    575e:	50 91 14 01 	lds	r21, 0x0114	; 0x800114 <__malloc_margin+0x1>
    5762:	24 1b       	sub	r18, r20
    5764:	35 0b       	sbc	r19, r21
    5766:	e0 91 d7 06 	lds	r30, 0x06D7	; 0x8006d7 <__brkval>
    576a:	f0 91 d8 06 	lds	r31, 0x06D8	; 0x8006d8 <__brkval+0x1>
    576e:	e2 17       	cp	r30, r18
    5770:	f3 07       	cpc	r31, r19
    5772:	a0 f4       	brcc	.+40     	; 0x579c <malloc+0x132>
    5774:	2e 1b       	sub	r18, r30
    5776:	3f 0b       	sbc	r19, r31
    5778:	28 17       	cp	r18, r24
    577a:	39 07       	cpc	r19, r25
    577c:	78 f0       	brcs	.+30     	; 0x579c <malloc+0x132>
    577e:	ac 01       	movw	r20, r24
    5780:	4e 5f       	subi	r20, 0xFE	; 254
    5782:	5f 4f       	sbci	r21, 0xFF	; 255
    5784:	24 17       	cp	r18, r20
    5786:	35 07       	cpc	r19, r21
    5788:	48 f0       	brcs	.+18     	; 0x579c <malloc+0x132>
    578a:	4e 0f       	add	r20, r30
    578c:	5f 1f       	adc	r21, r31
    578e:	50 93 d8 06 	sts	0x06D8, r21	; 0x8006d8 <__brkval+0x1>
    5792:	40 93 d7 06 	sts	0x06D7, r20	; 0x8006d7 <__brkval>
    5796:	81 93       	st	Z+, r24
    5798:	91 93       	st	Z+, r25
    579a:	9f cf       	rjmp	.-194    	; 0x56da <malloc+0x70>
    579c:	f0 e0       	ldi	r31, 0x00	; 0
    579e:	e0 e0       	ldi	r30, 0x00	; 0
    57a0:	9c cf       	rjmp	.-200    	; 0x56da <malloc+0x70>

000057a2 <free>:
free():
    57a2:	cf 93       	push	r28
    57a4:	df 93       	push	r29
    57a6:	00 97       	sbiw	r24, 0x00	; 0
    57a8:	e9 f0       	breq	.+58     	; 0x57e4 <free+0x42>
    57aa:	fc 01       	movw	r30, r24
    57ac:	32 97       	sbiw	r30, 0x02	; 2
    57ae:	13 82       	std	Z+3, r1	; 0x03
    57b0:	12 82       	std	Z+2, r1	; 0x02
    57b2:	a0 91 d9 06 	lds	r26, 0x06D9	; 0x8006d9 <__flp>
    57b6:	b0 91 da 06 	lds	r27, 0x06DA	; 0x8006da <__flp+0x1>
    57ba:	ed 01       	movw	r28, r26
    57bc:	30 e0       	ldi	r19, 0x00	; 0
    57be:	20 e0       	ldi	r18, 0x00	; 0
    57c0:	10 97       	sbiw	r26, 0x00	; 0
    57c2:	a1 f4       	brne	.+40     	; 0x57ec <free+0x4a>
    57c4:	20 81       	ld	r18, Z
    57c6:	31 81       	ldd	r19, Z+1	; 0x01
    57c8:	82 0f       	add	r24, r18
    57ca:	93 1f       	adc	r25, r19
    57cc:	20 91 d7 06 	lds	r18, 0x06D7	; 0x8006d7 <__brkval>
    57d0:	30 91 d8 06 	lds	r19, 0x06D8	; 0x8006d8 <__brkval+0x1>
    57d4:	28 17       	cp	r18, r24
    57d6:	39 07       	cpc	r19, r25
    57d8:	09 f0       	breq	.+2      	; 0x57dc <free+0x3a>
    57da:	61 c0       	rjmp	.+194    	; 0x589e <free+0xfc>
    57dc:	f0 93 d8 06 	sts	0x06D8, r31	; 0x8006d8 <__brkval+0x1>
    57e0:	e0 93 d7 06 	sts	0x06D7, r30	; 0x8006d7 <__brkval>
    57e4:	df 91       	pop	r29
    57e6:	cf 91       	pop	r28
    57e8:	08 95       	ret
    57ea:	ea 01       	movw	r28, r20
    57ec:	ce 17       	cp	r28, r30
    57ee:	df 07       	cpc	r29, r31
    57f0:	e8 f5       	brcc	.+122    	; 0x586c <free+0xca>
    57f2:	4a 81       	ldd	r20, Y+2	; 0x02
    57f4:	5b 81       	ldd	r21, Y+3	; 0x03
    57f6:	9e 01       	movw	r18, r28
    57f8:	41 15       	cp	r20, r1
    57fa:	51 05       	cpc	r21, r1
    57fc:	b1 f7       	brne	.-20     	; 0x57ea <free+0x48>
    57fe:	e9 01       	movw	r28, r18
    5800:	fb 83       	std	Y+3, r31	; 0x03
    5802:	ea 83       	std	Y+2, r30	; 0x02
    5804:	49 91       	ld	r20, Y+
    5806:	59 91       	ld	r21, Y+
    5808:	c4 0f       	add	r28, r20
    580a:	d5 1f       	adc	r29, r21
    580c:	ec 17       	cp	r30, r28
    580e:	fd 07       	cpc	r31, r29
    5810:	61 f4       	brne	.+24     	; 0x582a <free+0x88>
    5812:	80 81       	ld	r24, Z
    5814:	91 81       	ldd	r25, Z+1	; 0x01
    5816:	02 96       	adiw	r24, 0x02	; 2
    5818:	84 0f       	add	r24, r20
    581a:	95 1f       	adc	r25, r21
    581c:	e9 01       	movw	r28, r18
    581e:	99 83       	std	Y+1, r25	; 0x01
    5820:	88 83       	st	Y, r24
    5822:	82 81       	ldd	r24, Z+2	; 0x02
    5824:	93 81       	ldd	r25, Z+3	; 0x03
    5826:	9b 83       	std	Y+3, r25	; 0x03
    5828:	8a 83       	std	Y+2, r24	; 0x02
    582a:	f0 e0       	ldi	r31, 0x00	; 0
    582c:	e0 e0       	ldi	r30, 0x00	; 0
    582e:	12 96       	adiw	r26, 0x02	; 2
    5830:	8d 91       	ld	r24, X+
    5832:	9c 91       	ld	r25, X
    5834:	13 97       	sbiw	r26, 0x03	; 3
    5836:	00 97       	sbiw	r24, 0x00	; 0
    5838:	b9 f5       	brne	.+110    	; 0x58a8 <free+0x106>
    583a:	2d 91       	ld	r18, X+
    583c:	3c 91       	ld	r19, X
    583e:	11 97       	sbiw	r26, 0x01	; 1
    5840:	cd 01       	movw	r24, r26
    5842:	02 96       	adiw	r24, 0x02	; 2
    5844:	82 0f       	add	r24, r18
    5846:	93 1f       	adc	r25, r19
    5848:	20 91 d7 06 	lds	r18, 0x06D7	; 0x8006d7 <__brkval>
    584c:	30 91 d8 06 	lds	r19, 0x06D8	; 0x8006d8 <__brkval+0x1>
    5850:	28 17       	cp	r18, r24
    5852:	39 07       	cpc	r19, r25
    5854:	39 f6       	brne	.-114    	; 0x57e4 <free+0x42>
    5856:	30 97       	sbiw	r30, 0x00	; 0
    5858:	51 f5       	brne	.+84     	; 0x58ae <free+0x10c>
    585a:	10 92 da 06 	sts	0x06DA, r1	; 0x8006da <__flp+0x1>
    585e:	10 92 d9 06 	sts	0x06D9, r1	; 0x8006d9 <__flp>
    5862:	b0 93 d8 06 	sts	0x06D8, r27	; 0x8006d8 <__brkval+0x1>
    5866:	a0 93 d7 06 	sts	0x06D7, r26	; 0x8006d7 <__brkval>
    586a:	bc cf       	rjmp	.-136    	; 0x57e4 <free+0x42>
    586c:	d3 83       	std	Z+3, r29	; 0x03
    586e:	c2 83       	std	Z+2, r28	; 0x02
    5870:	40 81       	ld	r20, Z
    5872:	51 81       	ldd	r21, Z+1	; 0x01
    5874:	84 0f       	add	r24, r20
    5876:	95 1f       	adc	r25, r21
    5878:	c8 17       	cp	r28, r24
    587a:	d9 07       	cpc	r29, r25
    587c:	61 f4       	brne	.+24     	; 0x5896 <free+0xf4>
    587e:	4e 5f       	subi	r20, 0xFE	; 254
    5880:	5f 4f       	sbci	r21, 0xFF	; 255
    5882:	88 81       	ld	r24, Y
    5884:	99 81       	ldd	r25, Y+1	; 0x01
    5886:	48 0f       	add	r20, r24
    5888:	59 1f       	adc	r21, r25
    588a:	51 83       	std	Z+1, r21	; 0x01
    588c:	40 83       	st	Z, r20
    588e:	8a 81       	ldd	r24, Y+2	; 0x02
    5890:	9b 81       	ldd	r25, Y+3	; 0x03
    5892:	93 83       	std	Z+3, r25	; 0x03
    5894:	82 83       	std	Z+2, r24	; 0x02
    5896:	21 15       	cp	r18, r1
    5898:	31 05       	cpc	r19, r1
    589a:	09 f0       	breq	.+2      	; 0x589e <free+0xfc>
    589c:	b0 cf       	rjmp	.-160    	; 0x57fe <free+0x5c>
    589e:	f0 93 da 06 	sts	0x06DA, r31	; 0x8006da <__flp+0x1>
    58a2:	e0 93 d9 06 	sts	0x06D9, r30	; 0x8006d9 <__flp>
    58a6:	9e cf       	rjmp	.-196    	; 0x57e4 <free+0x42>
    58a8:	fd 01       	movw	r30, r26
    58aa:	dc 01       	movw	r26, r24
    58ac:	c0 cf       	rjmp	.-128    	; 0x582e <free+0x8c>
    58ae:	13 82       	std	Z+3, r1	; 0x03
    58b0:	12 82       	std	Z+2, r1	; 0x02
    58b2:	d7 cf       	rjmp	.-82     	; 0x5862 <free+0xc0>

000058b4 <atol>:
atol():
    58b4:	1f 93       	push	r17
    58b6:	fc 01       	movw	r30, r24
    58b8:	99 27       	eor	r25, r25
    58ba:	88 27       	eor	r24, r24
    58bc:	bc 01       	movw	r22, r24
    58be:	e8 94       	clt
    58c0:	11 91       	ld	r17, Z+
    58c2:	10 32       	cpi	r17, 0x20	; 32
    58c4:	e9 f3       	breq	.-6      	; 0x58c0 <atol+0xc>
    58c6:	19 30       	cpi	r17, 0x09	; 9
    58c8:	10 f0       	brcs	.+4      	; 0x58ce <atol+0x1a>
    58ca:	1e 30       	cpi	r17, 0x0E	; 14
    58cc:	c8 f3       	brcs	.-14     	; 0x58c0 <atol+0xc>
    58ce:	1b 32       	cpi	r17, 0x2B	; 43
    58d0:	51 f0       	breq	.+20     	; 0x58e6 <atol+0x32>
    58d2:	1d 32       	cpi	r17, 0x2D	; 45
    58d4:	49 f4       	brne	.+18     	; 0x58e8 <atol+0x34>
    58d6:	68 94       	set
    58d8:	06 c0       	rjmp	.+12     	; 0x58e6 <atol+0x32>
    58da:	0e 94 ad 2c 	call	0x595a	; 0x595a <__mulsi_const_10>
    58de:	61 0f       	add	r22, r17
    58e0:	71 1d       	adc	r23, r1
    58e2:	81 1d       	adc	r24, r1
    58e4:	91 1d       	adc	r25, r1
    58e6:	11 91       	ld	r17, Z+
    58e8:	10 53       	subi	r17, 0x30	; 48
    58ea:	1a 30       	cpi	r17, 0x0A	; 10
    58ec:	b0 f3       	brcs	.-20     	; 0x58da <atol+0x26>
    58ee:	3e f4       	brtc	.+14     	; 0x58fe <atol+0x4a>
    58f0:	90 95       	com	r25
    58f2:	80 95       	com	r24
    58f4:	70 95       	com	r23
    58f6:	61 95       	neg	r22
    58f8:	7f 4f       	sbci	r23, 0xFF	; 255
    58fa:	8f 4f       	sbci	r24, 0xFF	; 255
    58fc:	9f 4f       	sbci	r25, 0xFF	; 255
    58fe:	1f 91       	pop	r17
    5900:	08 95       	ret

00005902 <strtok>:
strtok():
    5902:	45 ed       	ldi	r20, 0xD5	; 213
    5904:	56 e0       	ldi	r21, 0x06	; 6
    5906:	0e 94 86 2c 	call	0x590c	; 0x590c <strtok_r>
    590a:	08 95       	ret

0000590c <strtok_r>:
strtok_r():
    590c:	fa 01       	movw	r30, r20
    590e:	a1 91       	ld	r26, Z+
    5910:	b0 81       	ld	r27, Z
    5912:	00 97       	sbiw	r24, 0x00	; 0
    5914:	19 f4       	brne	.+6      	; 0x591c <strtok_r+0x10>
    5916:	10 97       	sbiw	r26, 0x00	; 0
    5918:	e1 f0       	breq	.+56     	; 0x5952 <strtok_r+0x46>
    591a:	cd 01       	movw	r24, r26
    591c:	dc 01       	movw	r26, r24
    591e:	cd 01       	movw	r24, r26
    5920:	0d 90       	ld	r0, X+
    5922:	00 20       	and	r0, r0
    5924:	11 f4       	brne	.+4      	; 0x592a <strtok_r+0x1e>
    5926:	c0 01       	movw	r24, r0
    5928:	13 c0       	rjmp	.+38     	; 0x5950 <strtok_r+0x44>
    592a:	fb 01       	movw	r30, r22
    592c:	21 91       	ld	r18, Z+
    592e:	22 23       	and	r18, r18
    5930:	19 f0       	breq	.+6      	; 0x5938 <strtok_r+0x2c>
    5932:	20 15       	cp	r18, r0
    5934:	d9 f7       	brne	.-10     	; 0x592c <strtok_r+0x20>
    5936:	f3 cf       	rjmp	.-26     	; 0x591e <strtok_r+0x12>
    5938:	fb 01       	movw	r30, r22
    593a:	21 91       	ld	r18, Z+
    593c:	20 15       	cp	r18, r0
    593e:	19 f4       	brne	.+6      	; 0x5946 <strtok_r+0x3a>
    5940:	1e 92       	st	-X, r1
    5942:	11 96       	adiw	r26, 0x01	; 1
    5944:	06 c0       	rjmp	.+12     	; 0x5952 <strtok_r+0x46>
    5946:	22 23       	and	r18, r18
    5948:	c1 f7       	brne	.-16     	; 0x593a <strtok_r+0x2e>
    594a:	0d 90       	ld	r0, X+
    594c:	00 20       	and	r0, r0
    594e:	a1 f7       	brne	.-24     	; 0x5938 <strtok_r+0x2c>
    5950:	d0 01       	movw	r26, r0
    5952:	fa 01       	movw	r30, r20
    5954:	a1 93       	st	Z+, r26
    5956:	b0 83       	st	Z, r27
    5958:	08 95       	ret

0000595a <__mulsi_const_10>:
__mulsi_const_10():
    595a:	59 2f       	mov	r21, r25
    595c:	48 2f       	mov	r20, r24
    595e:	37 2f       	mov	r19, r23
    5960:	26 2f       	mov	r18, r22
    5962:	66 0f       	add	r22, r22
    5964:	77 1f       	adc	r23, r23
    5966:	88 1f       	adc	r24, r24
    5968:	99 1f       	adc	r25, r25
    596a:	66 0f       	add	r22, r22
    596c:	77 1f       	adc	r23, r23
    596e:	88 1f       	adc	r24, r24
    5970:	99 1f       	adc	r25, r25
    5972:	62 0f       	add	r22, r18
    5974:	73 1f       	adc	r23, r19
    5976:	84 1f       	adc	r24, r20
    5978:	95 1f       	adc	r25, r21
    597a:	66 0f       	add	r22, r22
    597c:	77 1f       	adc	r23, r23
    597e:	88 1f       	adc	r24, r24
    5980:	99 1f       	adc	r25, r25
    5982:	08 95       	ret

00005984 <vfprintf>:
vfprintf():
    5984:	ab e0       	ldi	r26, 0x0B	; 11
    5986:	b0 e0       	ldi	r27, 0x00	; 0
    5988:	e8 ec       	ldi	r30, 0xC8	; 200
    598a:	fc e2       	ldi	r31, 0x2C	; 44
    598c:	0c 94 61 2f 	jmp	0x5ec2	; 0x5ec2 <__prologue_saves__>
    5990:	7c 01       	movw	r14, r24
    5992:	3b 01       	movw	r6, r22
    5994:	8a 01       	movw	r16, r20
    5996:	fc 01       	movw	r30, r24
    5998:	17 82       	std	Z+7, r1	; 0x07
    599a:	16 82       	std	Z+6, r1	; 0x06
    599c:	83 81       	ldd	r24, Z+3	; 0x03
    599e:	81 ff       	sbrs	r24, 1
    59a0:	c8 c1       	rjmp	.+912    	; 0x5d32 <vfprintf+0x3ae>
    59a2:	ce 01       	movw	r24, r28
    59a4:	01 96       	adiw	r24, 0x01	; 1
    59a6:	5c 01       	movw	r10, r24
    59a8:	f7 01       	movw	r30, r14
    59aa:	93 81       	ldd	r25, Z+3	; 0x03
    59ac:	f3 01       	movw	r30, r6
    59ae:	93 fd       	sbrc	r25, 3
    59b0:	85 91       	lpm	r24, Z+
    59b2:	93 ff       	sbrs	r25, 3
    59b4:	81 91       	ld	r24, Z+
    59b6:	3f 01       	movw	r6, r30
    59b8:	88 23       	and	r24, r24
    59ba:	09 f4       	brne	.+2      	; 0x59be <vfprintf+0x3a>
    59bc:	53 c1       	rjmp	.+678    	; 0x5c64 <vfprintf+0x2e0>
    59be:	85 32       	cpi	r24, 0x25	; 37
    59c0:	39 f4       	brne	.+14     	; 0x59d0 <vfprintf+0x4c>
    59c2:	93 fd       	sbrc	r25, 3
    59c4:	85 91       	lpm	r24, Z+
    59c6:	93 ff       	sbrs	r25, 3
    59c8:	81 91       	ld	r24, Z+
    59ca:	3f 01       	movw	r6, r30
    59cc:	85 32       	cpi	r24, 0x25	; 37
    59ce:	29 f4       	brne	.+10     	; 0x59da <vfprintf+0x56>
    59d0:	b7 01       	movw	r22, r14
    59d2:	90 e0       	ldi	r25, 0x00	; 0
    59d4:	0e 94 b2 2e 	call	0x5d64	; 0x5d64 <fputc>
    59d8:	e7 cf       	rjmp	.-50     	; 0x59a8 <vfprintf+0x24>
    59da:	91 2c       	mov	r9, r1
    59dc:	21 2c       	mov	r2, r1
    59de:	31 2c       	mov	r3, r1
    59e0:	ff e1       	ldi	r31, 0x1F	; 31
    59e2:	f3 15       	cp	r31, r3
    59e4:	38 f0       	brcs	.+14     	; 0x59f4 <vfprintf+0x70>
    59e6:	8b 32       	cpi	r24, 0x2B	; 43
    59e8:	11 f1       	breq	.+68     	; 0x5a2e <vfprintf+0xaa>
    59ea:	90 f4       	brcc	.+36     	; 0x5a10 <vfprintf+0x8c>
    59ec:	80 32       	cpi	r24, 0x20	; 32
    59ee:	09 f1       	breq	.+66     	; 0x5a32 <vfprintf+0xae>
    59f0:	83 32       	cpi	r24, 0x23	; 35
    59f2:	29 f1       	breq	.+74     	; 0x5a3e <vfprintf+0xba>
    59f4:	37 fc       	sbrc	r3, 7
    59f6:	3c c0       	rjmp	.+120    	; 0x5a70 <vfprintf+0xec>
    59f8:	20 ed       	ldi	r18, 0xD0	; 208
    59fa:	28 0f       	add	r18, r24
    59fc:	2a 30       	cpi	r18, 0x0A	; 10
    59fe:	50 f5       	brcc	.+84     	; 0x5a54 <vfprintf+0xd0>
    5a00:	36 fe       	sbrs	r3, 6
    5a02:	20 c0       	rjmp	.+64     	; 0x5a44 <vfprintf+0xc0>
    5a04:	8a e0       	ldi	r24, 0x0A	; 10
    5a06:	98 9e       	mul	r9, r24
    5a08:	20 0d       	add	r18, r0
    5a0a:	11 24       	eor	r1, r1
    5a0c:	92 2e       	mov	r9, r18
    5a0e:	06 c0       	rjmp	.+12     	; 0x5a1c <vfprintf+0x98>
    5a10:	8d 32       	cpi	r24, 0x2D	; 45
    5a12:	91 f0       	breq	.+36     	; 0x5a38 <vfprintf+0xb4>
    5a14:	80 33       	cpi	r24, 0x30	; 48
    5a16:	71 f7       	brne	.-36     	; 0x59f4 <vfprintf+0x70>
    5a18:	68 94       	set
    5a1a:	30 f8       	bld	r3, 0
    5a1c:	f3 01       	movw	r30, r6
    5a1e:	93 fd       	sbrc	r25, 3
    5a20:	85 91       	lpm	r24, Z+
    5a22:	93 ff       	sbrs	r25, 3
    5a24:	81 91       	ld	r24, Z+
    5a26:	3f 01       	movw	r6, r30
    5a28:	81 11       	cpse	r24, r1
    5a2a:	da cf       	rjmp	.-76     	; 0x59e0 <vfprintf+0x5c>
    5a2c:	21 c0       	rjmp	.+66     	; 0x5a70 <vfprintf+0xec>
    5a2e:	68 94       	set
    5a30:	31 f8       	bld	r3, 1
    5a32:	68 94       	set
    5a34:	32 f8       	bld	r3, 2
    5a36:	f2 cf       	rjmp	.-28     	; 0x5a1c <vfprintf+0x98>
    5a38:	68 94       	set
    5a3a:	33 f8       	bld	r3, 3
    5a3c:	ef cf       	rjmp	.-34     	; 0x5a1c <vfprintf+0x98>
    5a3e:	68 94       	set
    5a40:	34 f8       	bld	r3, 4
    5a42:	ec cf       	rjmp	.-40     	; 0x5a1c <vfprintf+0x98>
    5a44:	ea e0       	ldi	r30, 0x0A	; 10
    5a46:	2e 9e       	mul	r2, r30
    5a48:	20 0d       	add	r18, r0
    5a4a:	11 24       	eor	r1, r1
    5a4c:	22 2e       	mov	r2, r18
    5a4e:	68 94       	set
    5a50:	35 f8       	bld	r3, 5
    5a52:	e4 cf       	rjmp	.-56     	; 0x5a1c <vfprintf+0x98>
    5a54:	8e 32       	cpi	r24, 0x2E	; 46
    5a56:	29 f4       	brne	.+10     	; 0x5a62 <vfprintf+0xde>
    5a58:	36 fc       	sbrc	r3, 6
    5a5a:	04 c1       	rjmp	.+520    	; 0x5c64 <vfprintf+0x2e0>
    5a5c:	68 94       	set
    5a5e:	36 f8       	bld	r3, 6
    5a60:	dd cf       	rjmp	.-70     	; 0x5a1c <vfprintf+0x98>
    5a62:	8c 36       	cpi	r24, 0x6C	; 108
    5a64:	19 f4       	brne	.+6      	; 0x5a6c <vfprintf+0xe8>
    5a66:	68 94       	set
    5a68:	37 f8       	bld	r3, 7
    5a6a:	d8 cf       	rjmp	.-80     	; 0x5a1c <vfprintf+0x98>
    5a6c:	88 36       	cpi	r24, 0x68	; 104
    5a6e:	b1 f2       	breq	.-84     	; 0x5a1c <vfprintf+0x98>
    5a70:	98 2f       	mov	r25, r24
    5a72:	9f 7d       	andi	r25, 0xDF	; 223
    5a74:	95 54       	subi	r25, 0x45	; 69
    5a76:	93 30       	cpi	r25, 0x03	; 3
    5a78:	e0 f0       	brcs	.+56     	; 0x5ab2 <vfprintf+0x12e>
    5a7a:	83 36       	cpi	r24, 0x63	; 99
    5a7c:	a1 f1       	breq	.+104    	; 0x5ae6 <vfprintf+0x162>
    5a7e:	83 37       	cpi	r24, 0x73	; 115
    5a80:	c1 f1       	breq	.+112    	; 0x5af2 <vfprintf+0x16e>
    5a82:	83 35       	cpi	r24, 0x53	; 83
    5a84:	09 f0       	breq	.+2      	; 0x5a88 <vfprintf+0x104>
    5a86:	63 c0       	rjmp	.+198    	; 0x5b4e <vfprintf+0x1ca>
    5a88:	28 01       	movw	r4, r16
    5a8a:	f2 e0       	ldi	r31, 0x02	; 2
    5a8c:	4f 0e       	add	r4, r31
    5a8e:	51 1c       	adc	r5, r1
    5a90:	f8 01       	movw	r30, r16
    5a92:	c0 80       	ld	r12, Z
    5a94:	d1 80       	ldd	r13, Z+1	; 0x01
    5a96:	69 2d       	mov	r22, r9
    5a98:	70 e0       	ldi	r23, 0x00	; 0
    5a9a:	36 fc       	sbrc	r3, 6
    5a9c:	02 c0       	rjmp	.+4      	; 0x5aa2 <vfprintf+0x11e>
    5a9e:	6f ef       	ldi	r22, 0xFF	; 255
    5aa0:	7f ef       	ldi	r23, 0xFF	; 255
    5aa2:	c6 01       	movw	r24, r12
    5aa4:	0e 94 9c 2e 	call	0x5d38	; 0x5d38 <strnlen_P>
    5aa8:	4c 01       	movw	r8, r24
    5aaa:	68 94       	set
    5aac:	37 f8       	bld	r3, 7
    5aae:	82 01       	movw	r16, r4
    5ab0:	0a c0       	rjmp	.+20     	; 0x5ac6 <vfprintf+0x142>
    5ab2:	0c 5f       	subi	r16, 0xFC	; 252
    5ab4:	1f 4f       	sbci	r17, 0xFF	; 255
    5ab6:	ff e3       	ldi	r31, 0x3F	; 63
    5ab8:	f9 83       	std	Y+1, r31	; 0x01
    5aba:	88 24       	eor	r8, r8
    5abc:	83 94       	inc	r8
    5abe:	91 2c       	mov	r9, r1
    5ac0:	65 01       	movw	r12, r10
    5ac2:	e8 94       	clt
    5ac4:	37 f8       	bld	r3, 7
    5ac6:	33 fe       	sbrs	r3, 3
    5ac8:	2d c0       	rjmp	.+90     	; 0x5b24 <vfprintf+0x1a0>
    5aca:	52 2c       	mov	r5, r2
    5acc:	81 14       	cp	r8, r1
    5ace:	91 04       	cpc	r9, r1
    5ad0:	71 f5       	brne	.+92     	; 0x5b2e <vfprintf+0x1aa>
    5ad2:	55 20       	and	r5, r5
    5ad4:	09 f4       	brne	.+2      	; 0x5ad8 <vfprintf+0x154>
    5ad6:	68 cf       	rjmp	.-304    	; 0x59a8 <vfprintf+0x24>
    5ad8:	b7 01       	movw	r22, r14
    5ada:	80 e2       	ldi	r24, 0x20	; 32
    5adc:	90 e0       	ldi	r25, 0x00	; 0
    5ade:	0e 94 b2 2e 	call	0x5d64	; 0x5d64 <fputc>
    5ae2:	5a 94       	dec	r5
    5ae4:	f6 cf       	rjmp	.-20     	; 0x5ad2 <vfprintf+0x14e>
    5ae6:	f8 01       	movw	r30, r16
    5ae8:	80 81       	ld	r24, Z
    5aea:	89 83       	std	Y+1, r24	; 0x01
    5aec:	0e 5f       	subi	r16, 0xFE	; 254
    5aee:	1f 4f       	sbci	r17, 0xFF	; 255
    5af0:	e4 cf       	rjmp	.-56     	; 0x5aba <vfprintf+0x136>
    5af2:	28 01       	movw	r4, r16
    5af4:	f2 e0       	ldi	r31, 0x02	; 2
    5af6:	4f 0e       	add	r4, r31
    5af8:	51 1c       	adc	r5, r1
    5afa:	f8 01       	movw	r30, r16
    5afc:	c0 80       	ld	r12, Z
    5afe:	d1 80       	ldd	r13, Z+1	; 0x01
    5b00:	69 2d       	mov	r22, r9
    5b02:	70 e0       	ldi	r23, 0x00	; 0
    5b04:	36 fc       	sbrc	r3, 6
    5b06:	02 c0       	rjmp	.+4      	; 0x5b0c <vfprintf+0x188>
    5b08:	6f ef       	ldi	r22, 0xFF	; 255
    5b0a:	7f ef       	ldi	r23, 0xFF	; 255
    5b0c:	c6 01       	movw	r24, r12
    5b0e:	0e 94 a7 2e 	call	0x5d4e	; 0x5d4e <strnlen>
    5b12:	4c 01       	movw	r8, r24
    5b14:	82 01       	movw	r16, r4
    5b16:	d5 cf       	rjmp	.-86     	; 0x5ac2 <vfprintf+0x13e>
    5b18:	b7 01       	movw	r22, r14
    5b1a:	80 e2       	ldi	r24, 0x20	; 32
    5b1c:	90 e0       	ldi	r25, 0x00	; 0
    5b1e:	0e 94 b2 2e 	call	0x5d64	; 0x5d64 <fputc>
    5b22:	2a 94       	dec	r2
    5b24:	28 14       	cp	r2, r8
    5b26:	19 04       	cpc	r1, r9
    5b28:	09 f0       	breq	.+2      	; 0x5b2c <vfprintf+0x1a8>
    5b2a:	b0 f7       	brcc	.-20     	; 0x5b18 <vfprintf+0x194>
    5b2c:	ce cf       	rjmp	.-100    	; 0x5aca <vfprintf+0x146>
    5b2e:	f6 01       	movw	r30, r12
    5b30:	37 fc       	sbrc	r3, 7
    5b32:	85 91       	lpm	r24, Z+
    5b34:	37 fe       	sbrs	r3, 7
    5b36:	81 91       	ld	r24, Z+
    5b38:	6f 01       	movw	r12, r30
    5b3a:	b7 01       	movw	r22, r14
    5b3c:	90 e0       	ldi	r25, 0x00	; 0
    5b3e:	0e 94 b2 2e 	call	0x5d64	; 0x5d64 <fputc>
    5b42:	51 10       	cpse	r5, r1
    5b44:	5a 94       	dec	r5
    5b46:	f1 e0       	ldi	r31, 0x01	; 1
    5b48:	8f 1a       	sub	r8, r31
    5b4a:	91 08       	sbc	r9, r1
    5b4c:	bf cf       	rjmp	.-130    	; 0x5acc <vfprintf+0x148>
    5b4e:	84 36       	cpi	r24, 0x64	; 100
    5b50:	19 f0       	breq	.+6      	; 0x5b58 <vfprintf+0x1d4>
    5b52:	89 36       	cpi	r24, 0x69	; 105
    5b54:	09 f0       	breq	.+2      	; 0x5b58 <vfprintf+0x1d4>
    5b56:	77 c0       	rjmp	.+238    	; 0x5c46 <vfprintf+0x2c2>
    5b58:	f8 01       	movw	r30, r16
    5b5a:	37 fe       	sbrs	r3, 7
    5b5c:	6b c0       	rjmp	.+214    	; 0x5c34 <vfprintf+0x2b0>
    5b5e:	60 81       	ld	r22, Z
    5b60:	71 81       	ldd	r23, Z+1	; 0x01
    5b62:	82 81       	ldd	r24, Z+2	; 0x02
    5b64:	93 81       	ldd	r25, Z+3	; 0x03
    5b66:	0c 5f       	subi	r16, 0xFC	; 252
    5b68:	1f 4f       	sbci	r17, 0xFF	; 255
    5b6a:	f3 2d       	mov	r31, r3
    5b6c:	ff 76       	andi	r31, 0x6F	; 111
    5b6e:	3f 2e       	mov	r3, r31
    5b70:	97 ff       	sbrs	r25, 7
    5b72:	09 c0       	rjmp	.+18     	; 0x5b86 <vfprintf+0x202>
    5b74:	90 95       	com	r25
    5b76:	80 95       	com	r24
    5b78:	70 95       	com	r23
    5b7a:	61 95       	neg	r22
    5b7c:	7f 4f       	sbci	r23, 0xFF	; 255
    5b7e:	8f 4f       	sbci	r24, 0xFF	; 255
    5b80:	9f 4f       	sbci	r25, 0xFF	; 255
    5b82:	68 94       	set
    5b84:	37 f8       	bld	r3, 7
    5b86:	2a e0       	ldi	r18, 0x0A	; 10
    5b88:	30 e0       	ldi	r19, 0x00	; 0
    5b8a:	a5 01       	movw	r20, r10
    5b8c:	0e 94 e2 2e 	call	0x5dc4	; 0x5dc4 <__ultoa_invert>
    5b90:	c8 2e       	mov	r12, r24
    5b92:	ca 18       	sub	r12, r10
    5b94:	8c 2c       	mov	r8, r12
    5b96:	43 2c       	mov	r4, r3
    5b98:	36 fe       	sbrs	r3, 6
    5b9a:	0c c0       	rjmp	.+24     	; 0x5bb4 <vfprintf+0x230>
    5b9c:	e8 94       	clt
    5b9e:	40 f8       	bld	r4, 0
    5ba0:	c9 14       	cp	r12, r9
    5ba2:	40 f4       	brcc	.+16     	; 0x5bb4 <vfprintf+0x230>
    5ba4:	34 fe       	sbrs	r3, 4
    5ba6:	05 c0       	rjmp	.+10     	; 0x5bb2 <vfprintf+0x22e>
    5ba8:	32 fc       	sbrc	r3, 2
    5baa:	03 c0       	rjmp	.+6      	; 0x5bb2 <vfprintf+0x22e>
    5bac:	f3 2d       	mov	r31, r3
    5bae:	fe 7e       	andi	r31, 0xEE	; 238
    5bb0:	4f 2e       	mov	r4, r31
    5bb2:	89 2c       	mov	r8, r9
    5bb4:	44 fe       	sbrs	r4, 4
    5bb6:	95 c0       	rjmp	.+298    	; 0x5ce2 <vfprintf+0x35e>
    5bb8:	fe 01       	movw	r30, r28
    5bba:	ec 0d       	add	r30, r12
    5bbc:	f1 1d       	adc	r31, r1
    5bbe:	80 81       	ld	r24, Z
    5bc0:	80 33       	cpi	r24, 0x30	; 48
    5bc2:	09 f0       	breq	.+2      	; 0x5bc6 <vfprintf+0x242>
    5bc4:	87 c0       	rjmp	.+270    	; 0x5cd4 <vfprintf+0x350>
    5bc6:	24 2d       	mov	r18, r4
    5bc8:	29 7e       	andi	r18, 0xE9	; 233
    5bca:	42 2e       	mov	r4, r18
    5bcc:	84 2d       	mov	r24, r4
    5bce:	88 70       	andi	r24, 0x08	; 8
    5bd0:	58 2e       	mov	r5, r24
    5bd2:	43 fc       	sbrc	r4, 3
    5bd4:	95 c0       	rjmp	.+298    	; 0x5d00 <vfprintf+0x37c>
    5bd6:	40 fe       	sbrs	r4, 0
    5bd8:	8f c0       	rjmp	.+286    	; 0x5cf8 <vfprintf+0x374>
    5bda:	9c 2c       	mov	r9, r12
    5bdc:	82 14       	cp	r8, r2
    5bde:	18 f4       	brcc	.+6      	; 0x5be6 <vfprintf+0x262>
    5be0:	2c 0c       	add	r2, r12
    5be2:	92 2c       	mov	r9, r2
    5be4:	98 18       	sub	r9, r8
    5be6:	44 fe       	sbrs	r4, 4
    5be8:	91 c0       	rjmp	.+290    	; 0x5d0c <vfprintf+0x388>
    5bea:	b7 01       	movw	r22, r14
    5bec:	80 e3       	ldi	r24, 0x30	; 48
    5bee:	90 e0       	ldi	r25, 0x00	; 0
    5bf0:	0e 94 b2 2e 	call	0x5d64	; 0x5d64 <fputc>
    5bf4:	42 fe       	sbrs	r4, 2
    5bf6:	09 c0       	rjmp	.+18     	; 0x5c0a <vfprintf+0x286>
    5bf8:	88 e7       	ldi	r24, 0x78	; 120
    5bfa:	90 e0       	ldi	r25, 0x00	; 0
    5bfc:	41 fe       	sbrs	r4, 1
    5bfe:	02 c0       	rjmp	.+4      	; 0x5c04 <vfprintf+0x280>
    5c00:	88 e5       	ldi	r24, 0x58	; 88
    5c02:	90 e0       	ldi	r25, 0x00	; 0
    5c04:	b7 01       	movw	r22, r14
    5c06:	0e 94 b2 2e 	call	0x5d64	; 0x5d64 <fputc>
    5c0a:	c9 14       	cp	r12, r9
    5c0c:	08 f4       	brcc	.+2      	; 0x5c10 <vfprintf+0x28c>
    5c0e:	8a c0       	rjmp	.+276    	; 0x5d24 <vfprintf+0x3a0>
    5c10:	ca 94       	dec	r12
    5c12:	d1 2c       	mov	r13, r1
    5c14:	9f ef       	ldi	r25, 0xFF	; 255
    5c16:	c9 1a       	sub	r12, r25
    5c18:	d9 0a       	sbc	r13, r25
    5c1a:	ca 0c       	add	r12, r10
    5c1c:	db 1c       	adc	r13, r11
    5c1e:	f6 01       	movw	r30, r12
    5c20:	82 91       	ld	r24, -Z
    5c22:	6f 01       	movw	r12, r30
    5c24:	b7 01       	movw	r22, r14
    5c26:	90 e0       	ldi	r25, 0x00	; 0
    5c28:	0e 94 b2 2e 	call	0x5d64	; 0x5d64 <fputc>
    5c2c:	ac 14       	cp	r10, r12
    5c2e:	bd 04       	cpc	r11, r13
    5c30:	b1 f7       	brne	.-20     	; 0x5c1e <vfprintf+0x29a>
    5c32:	4f cf       	rjmp	.-354    	; 0x5ad2 <vfprintf+0x14e>
    5c34:	60 81       	ld	r22, Z
    5c36:	71 81       	ldd	r23, Z+1	; 0x01
    5c38:	07 2e       	mov	r0, r23
    5c3a:	00 0c       	add	r0, r0
    5c3c:	88 0b       	sbc	r24, r24
    5c3e:	99 0b       	sbc	r25, r25
    5c40:	0e 5f       	subi	r16, 0xFE	; 254
    5c42:	1f 4f       	sbci	r17, 0xFF	; 255
    5c44:	92 cf       	rjmp	.-220    	; 0x5b6a <vfprintf+0x1e6>
    5c46:	d3 2c       	mov	r13, r3
    5c48:	e8 94       	clt
    5c4a:	d4 f8       	bld	r13, 4
    5c4c:	2a e0       	ldi	r18, 0x0A	; 10
    5c4e:	30 e0       	ldi	r19, 0x00	; 0
    5c50:	85 37       	cpi	r24, 0x75	; 117
    5c52:	39 f1       	breq	.+78     	; 0x5ca2 <vfprintf+0x31e>
    5c54:	23 2d       	mov	r18, r3
    5c56:	29 7f       	andi	r18, 0xF9	; 249
    5c58:	d2 2e       	mov	r13, r18
    5c5a:	8f 36       	cpi	r24, 0x6F	; 111
    5c5c:	01 f1       	breq	.+64     	; 0x5c9e <vfprintf+0x31a>
    5c5e:	48 f4       	brcc	.+18     	; 0x5c72 <vfprintf+0x2ee>
    5c60:	88 35       	cpi	r24, 0x58	; 88
    5c62:	a9 f0       	breq	.+42     	; 0x5c8e <vfprintf+0x30a>
    5c64:	f7 01       	movw	r30, r14
    5c66:	86 81       	ldd	r24, Z+6	; 0x06
    5c68:	97 81       	ldd	r25, Z+7	; 0x07
    5c6a:	2b 96       	adiw	r28, 0x0b	; 11
    5c6c:	e2 e1       	ldi	r30, 0x12	; 18
    5c6e:	0c 94 7d 2f 	jmp	0x5efa	; 0x5efa <__epilogue_restores__>
    5c72:	80 37       	cpi	r24, 0x70	; 112
    5c74:	49 f0       	breq	.+18     	; 0x5c88 <vfprintf+0x304>
    5c76:	88 37       	cpi	r24, 0x78	; 120
    5c78:	a9 f7       	brne	.-22     	; 0x5c64 <vfprintf+0x2e0>
    5c7a:	d4 fe       	sbrs	r13, 4
    5c7c:	02 c0       	rjmp	.+4      	; 0x5c82 <vfprintf+0x2fe>
    5c7e:	68 94       	set
    5c80:	d2 f8       	bld	r13, 2
    5c82:	20 e1       	ldi	r18, 0x10	; 16
    5c84:	30 e0       	ldi	r19, 0x00	; 0
    5c86:	0d c0       	rjmp	.+26     	; 0x5ca2 <vfprintf+0x31e>
    5c88:	68 94       	set
    5c8a:	d4 f8       	bld	r13, 4
    5c8c:	f6 cf       	rjmp	.-20     	; 0x5c7a <vfprintf+0x2f6>
    5c8e:	34 fe       	sbrs	r3, 4
    5c90:	03 c0       	rjmp	.+6      	; 0x5c98 <vfprintf+0x314>
    5c92:	82 2f       	mov	r24, r18
    5c94:	86 60       	ori	r24, 0x06	; 6
    5c96:	d8 2e       	mov	r13, r24
    5c98:	20 e1       	ldi	r18, 0x10	; 16
    5c9a:	32 e0       	ldi	r19, 0x02	; 2
    5c9c:	02 c0       	rjmp	.+4      	; 0x5ca2 <vfprintf+0x31e>
    5c9e:	28 e0       	ldi	r18, 0x08	; 8
    5ca0:	30 e0       	ldi	r19, 0x00	; 0
    5ca2:	f8 01       	movw	r30, r16
    5ca4:	d7 fe       	sbrs	r13, 7
    5ca6:	0f c0       	rjmp	.+30     	; 0x5cc6 <vfprintf+0x342>
    5ca8:	60 81       	ld	r22, Z
    5caa:	71 81       	ldd	r23, Z+1	; 0x01
    5cac:	82 81       	ldd	r24, Z+2	; 0x02
    5cae:	93 81       	ldd	r25, Z+3	; 0x03
    5cb0:	0c 5f       	subi	r16, 0xFC	; 252
    5cb2:	1f 4f       	sbci	r17, 0xFF	; 255
    5cb4:	a5 01       	movw	r20, r10
    5cb6:	0e 94 e2 2e 	call	0x5dc4	; 0x5dc4 <__ultoa_invert>
    5cba:	c8 2e       	mov	r12, r24
    5cbc:	ca 18       	sub	r12, r10
    5cbe:	3d 2c       	mov	r3, r13
    5cc0:	e8 94       	clt
    5cc2:	37 f8       	bld	r3, 7
    5cc4:	67 cf       	rjmp	.-306    	; 0x5b94 <vfprintf+0x210>
    5cc6:	60 81       	ld	r22, Z
    5cc8:	71 81       	ldd	r23, Z+1	; 0x01
    5cca:	90 e0       	ldi	r25, 0x00	; 0
    5ccc:	80 e0       	ldi	r24, 0x00	; 0
    5cce:	0e 5f       	subi	r16, 0xFE	; 254
    5cd0:	1f 4f       	sbci	r17, 0xFF	; 255
    5cd2:	f0 cf       	rjmp	.-32     	; 0x5cb4 <vfprintf+0x330>
    5cd4:	42 fc       	sbrc	r4, 2
    5cd6:	02 c0       	rjmp	.+4      	; 0x5cdc <vfprintf+0x358>
    5cd8:	83 94       	inc	r8
    5cda:	78 cf       	rjmp	.-272    	; 0x5bcc <vfprintf+0x248>
    5cdc:	83 94       	inc	r8
    5cde:	83 94       	inc	r8
    5ce0:	75 cf       	rjmp	.-278    	; 0x5bcc <vfprintf+0x248>
    5ce2:	84 2d       	mov	r24, r4
    5ce4:	86 78       	andi	r24, 0x86	; 134
    5ce6:	09 f4       	brne	.+2      	; 0x5cea <vfprintf+0x366>
    5ce8:	71 cf       	rjmp	.-286    	; 0x5bcc <vfprintf+0x248>
    5cea:	f6 cf       	rjmp	.-20     	; 0x5cd8 <vfprintf+0x354>
    5cec:	b7 01       	movw	r22, r14
    5cee:	80 e2       	ldi	r24, 0x20	; 32
    5cf0:	90 e0       	ldi	r25, 0x00	; 0
    5cf2:	0e 94 b2 2e 	call	0x5d64	; 0x5d64 <fputc>
    5cf6:	83 94       	inc	r8
    5cf8:	82 14       	cp	r8, r2
    5cfa:	c0 f3       	brcs	.-16     	; 0x5cec <vfprintf+0x368>
    5cfc:	51 2c       	mov	r5, r1
    5cfe:	73 cf       	rjmp	.-282    	; 0x5be6 <vfprintf+0x262>
    5d00:	52 2c       	mov	r5, r2
    5d02:	58 18       	sub	r5, r8
    5d04:	82 14       	cp	r8, r2
    5d06:	08 f4       	brcc	.+2      	; 0x5d0a <vfprintf+0x386>
    5d08:	6e cf       	rjmp	.-292    	; 0x5be6 <vfprintf+0x262>
    5d0a:	f8 cf       	rjmp	.-16     	; 0x5cfc <vfprintf+0x378>
    5d0c:	84 2d       	mov	r24, r4
    5d0e:	86 78       	andi	r24, 0x86	; 134
    5d10:	09 f4       	brne	.+2      	; 0x5d14 <vfprintf+0x390>
    5d12:	7b cf       	rjmp	.-266    	; 0x5c0a <vfprintf+0x286>
    5d14:	8b e2       	ldi	r24, 0x2B	; 43
    5d16:	41 fe       	sbrs	r4, 1
    5d18:	80 e2       	ldi	r24, 0x20	; 32
    5d1a:	47 fc       	sbrc	r4, 7
    5d1c:	8d e2       	ldi	r24, 0x2D	; 45
    5d1e:	b7 01       	movw	r22, r14
    5d20:	90 e0       	ldi	r25, 0x00	; 0
    5d22:	71 cf       	rjmp	.-286    	; 0x5c06 <vfprintf+0x282>
    5d24:	b7 01       	movw	r22, r14
    5d26:	80 e3       	ldi	r24, 0x30	; 48
    5d28:	90 e0       	ldi	r25, 0x00	; 0
    5d2a:	0e 94 b2 2e 	call	0x5d64	; 0x5d64 <fputc>
    5d2e:	9a 94       	dec	r9
    5d30:	6c cf       	rjmp	.-296    	; 0x5c0a <vfprintf+0x286>
    5d32:	8f ef       	ldi	r24, 0xFF	; 255
    5d34:	9f ef       	ldi	r25, 0xFF	; 255
    5d36:	99 cf       	rjmp	.-206    	; 0x5c6a <vfprintf+0x2e6>

00005d38 <strnlen_P>:
strnlen_P():
    5d38:	fc 01       	movw	r30, r24
    5d3a:	05 90       	lpm	r0, Z+
    5d3c:	61 50       	subi	r22, 0x01	; 1
    5d3e:	70 40       	sbci	r23, 0x00	; 0
    5d40:	01 10       	cpse	r0, r1
    5d42:	d8 f7       	brcc	.-10     	; 0x5d3a <strnlen_P+0x2>
    5d44:	80 95       	com	r24
    5d46:	90 95       	com	r25
    5d48:	8e 0f       	add	r24, r30
    5d4a:	9f 1f       	adc	r25, r31
    5d4c:	08 95       	ret

00005d4e <strnlen>:
strnlen():
    5d4e:	fc 01       	movw	r30, r24
    5d50:	61 50       	subi	r22, 0x01	; 1
    5d52:	70 40       	sbci	r23, 0x00	; 0
    5d54:	01 90       	ld	r0, Z+
    5d56:	01 10       	cpse	r0, r1
    5d58:	d8 f7       	brcc	.-10     	; 0x5d50 <strnlen+0x2>
    5d5a:	80 95       	com	r24
    5d5c:	90 95       	com	r25
    5d5e:	8e 0f       	add	r24, r30
    5d60:	9f 1f       	adc	r25, r31
    5d62:	08 95       	ret

00005d64 <fputc>:
fputc():
    5d64:	0f 93       	push	r16
    5d66:	1f 93       	push	r17
    5d68:	cf 93       	push	r28
    5d6a:	df 93       	push	r29
    5d6c:	18 2f       	mov	r17, r24
    5d6e:	09 2f       	mov	r16, r25
    5d70:	eb 01       	movw	r28, r22
    5d72:	8b 81       	ldd	r24, Y+3	; 0x03
    5d74:	81 fd       	sbrc	r24, 1
    5d76:	09 c0       	rjmp	.+18     	; 0x5d8a <fputc+0x26>
    5d78:	1f ef       	ldi	r17, 0xFF	; 255
    5d7a:	0f ef       	ldi	r16, 0xFF	; 255
    5d7c:	81 2f       	mov	r24, r17
    5d7e:	90 2f       	mov	r25, r16
    5d80:	df 91       	pop	r29
    5d82:	cf 91       	pop	r28
    5d84:	1f 91       	pop	r17
    5d86:	0f 91       	pop	r16
    5d88:	08 95       	ret
    5d8a:	82 ff       	sbrs	r24, 2
    5d8c:	14 c0       	rjmp	.+40     	; 0x5db6 <fputc+0x52>
    5d8e:	2e 81       	ldd	r18, Y+6	; 0x06
    5d90:	3f 81       	ldd	r19, Y+7	; 0x07
    5d92:	8c 81       	ldd	r24, Y+4	; 0x04
    5d94:	9d 81       	ldd	r25, Y+5	; 0x05
    5d96:	28 17       	cp	r18, r24
    5d98:	39 07       	cpc	r19, r25
    5d9a:	3c f4       	brge	.+14     	; 0x5daa <fputc+0x46>
    5d9c:	e8 81       	ld	r30, Y
    5d9e:	f9 81       	ldd	r31, Y+1	; 0x01
    5da0:	cf 01       	movw	r24, r30
    5da2:	01 96       	adiw	r24, 0x01	; 1
    5da4:	99 83       	std	Y+1, r25	; 0x01
    5da6:	88 83       	st	Y, r24
    5da8:	10 83       	st	Z, r17
    5daa:	8e 81       	ldd	r24, Y+6	; 0x06
    5dac:	9f 81       	ldd	r25, Y+7	; 0x07
    5dae:	01 96       	adiw	r24, 0x01	; 1
    5db0:	9f 83       	std	Y+7, r25	; 0x07
    5db2:	8e 83       	std	Y+6, r24	; 0x06
    5db4:	e3 cf       	rjmp	.-58     	; 0x5d7c <fputc+0x18>
    5db6:	e8 85       	ldd	r30, Y+8	; 0x08
    5db8:	f9 85       	ldd	r31, Y+9	; 0x09
    5dba:	81 2f       	mov	r24, r17
    5dbc:	09 95       	icall
    5dbe:	89 2b       	or	r24, r25
    5dc0:	a1 f3       	breq	.-24     	; 0x5daa <fputc+0x46>
    5dc2:	da cf       	rjmp	.-76     	; 0x5d78 <fputc+0x14>

00005dc4 <__ultoa_invert>:
__ultoa_invert():
    5dc4:	fa 01       	movw	r30, r20
    5dc6:	aa 27       	eor	r26, r26
    5dc8:	28 30       	cpi	r18, 0x08	; 8
    5dca:	51 f1       	breq	.+84     	; 0x5e20 <__ultoa_invert+0x5c>
    5dcc:	20 31       	cpi	r18, 0x10	; 16
    5dce:	81 f1       	breq	.+96     	; 0x5e30 <__ultoa_invert+0x6c>
    5dd0:	e8 94       	clt
    5dd2:	6f 93       	push	r22
    5dd4:	6e 7f       	andi	r22, 0xFE	; 254
    5dd6:	6e 5f       	subi	r22, 0xFE	; 254
    5dd8:	7f 4f       	sbci	r23, 0xFF	; 255
    5dda:	8f 4f       	sbci	r24, 0xFF	; 255
    5ddc:	9f 4f       	sbci	r25, 0xFF	; 255
    5dde:	af 4f       	sbci	r26, 0xFF	; 255
    5de0:	b1 e0       	ldi	r27, 0x01	; 1
    5de2:	3e d0       	rcall	.+124    	; 0x5e60 <__ultoa_invert+0x9c>
    5de4:	b4 e0       	ldi	r27, 0x04	; 4
    5de6:	3c d0       	rcall	.+120    	; 0x5e60 <__ultoa_invert+0x9c>
    5de8:	67 0f       	add	r22, r23
    5dea:	78 1f       	adc	r23, r24
    5dec:	89 1f       	adc	r24, r25
    5dee:	9a 1f       	adc	r25, r26
    5df0:	a1 1d       	adc	r26, r1
    5df2:	68 0f       	add	r22, r24
    5df4:	79 1f       	adc	r23, r25
    5df6:	8a 1f       	adc	r24, r26
    5df8:	91 1d       	adc	r25, r1
    5dfa:	a1 1d       	adc	r26, r1
    5dfc:	6a 0f       	add	r22, r26
    5dfe:	71 1d       	adc	r23, r1
    5e00:	81 1d       	adc	r24, r1
    5e02:	91 1d       	adc	r25, r1
    5e04:	a1 1d       	adc	r26, r1
    5e06:	20 d0       	rcall	.+64     	; 0x5e48 <__ultoa_invert+0x84>
    5e08:	09 f4       	brne	.+2      	; 0x5e0c <__ultoa_invert+0x48>
    5e0a:	68 94       	set
    5e0c:	3f 91       	pop	r19
    5e0e:	2a e0       	ldi	r18, 0x0A	; 10
    5e10:	26 9f       	mul	r18, r22
    5e12:	11 24       	eor	r1, r1
    5e14:	30 19       	sub	r19, r0
    5e16:	30 5d       	subi	r19, 0xD0	; 208
    5e18:	31 93       	st	Z+, r19
    5e1a:	de f6       	brtc	.-74     	; 0x5dd2 <__ultoa_invert+0xe>
    5e1c:	cf 01       	movw	r24, r30
    5e1e:	08 95       	ret
    5e20:	46 2f       	mov	r20, r22
    5e22:	47 70       	andi	r20, 0x07	; 7
    5e24:	40 5d       	subi	r20, 0xD0	; 208
    5e26:	41 93       	st	Z+, r20
    5e28:	b3 e0       	ldi	r27, 0x03	; 3
    5e2a:	0f d0       	rcall	.+30     	; 0x5e4a <__ultoa_invert+0x86>
    5e2c:	c9 f7       	brne	.-14     	; 0x5e20 <__ultoa_invert+0x5c>
    5e2e:	f6 cf       	rjmp	.-20     	; 0x5e1c <__ultoa_invert+0x58>
    5e30:	46 2f       	mov	r20, r22
    5e32:	4f 70       	andi	r20, 0x0F	; 15
    5e34:	40 5d       	subi	r20, 0xD0	; 208
    5e36:	4a 33       	cpi	r20, 0x3A	; 58
    5e38:	18 f0       	brcs	.+6      	; 0x5e40 <__ultoa_invert+0x7c>
    5e3a:	49 5d       	subi	r20, 0xD9	; 217
    5e3c:	31 fd       	sbrc	r19, 1
    5e3e:	40 52       	subi	r20, 0x20	; 32
    5e40:	41 93       	st	Z+, r20
    5e42:	02 d0       	rcall	.+4      	; 0x5e48 <__ultoa_invert+0x84>
    5e44:	a9 f7       	brne	.-22     	; 0x5e30 <__ultoa_invert+0x6c>
    5e46:	ea cf       	rjmp	.-44     	; 0x5e1c <__ultoa_invert+0x58>
    5e48:	b4 e0       	ldi	r27, 0x04	; 4
    5e4a:	a6 95       	lsr	r26
    5e4c:	97 95       	ror	r25
    5e4e:	87 95       	ror	r24
    5e50:	77 95       	ror	r23
    5e52:	67 95       	ror	r22
    5e54:	ba 95       	dec	r27
    5e56:	c9 f7       	brne	.-14     	; 0x5e4a <__ultoa_invert+0x86>
    5e58:	00 97       	sbiw	r24, 0x00	; 0
    5e5a:	61 05       	cpc	r22, r1
    5e5c:	71 05       	cpc	r23, r1
    5e5e:	08 95       	ret
    5e60:	9b 01       	movw	r18, r22
    5e62:	ac 01       	movw	r20, r24
    5e64:	0a 2e       	mov	r0, r26
    5e66:	06 94       	lsr	r0
    5e68:	57 95       	ror	r21
    5e6a:	47 95       	ror	r20
    5e6c:	37 95       	ror	r19
    5e6e:	27 95       	ror	r18
    5e70:	ba 95       	dec	r27
    5e72:	c9 f7       	brne	.-14     	; 0x5e66 <__ultoa_invert+0xa2>
    5e74:	62 0f       	add	r22, r18
    5e76:	73 1f       	adc	r23, r19
    5e78:	84 1f       	adc	r24, r20
    5e7a:	95 1f       	adc	r25, r21
    5e7c:	a0 1d       	adc	r26, r0
    5e7e:	08 95       	ret

00005e80 <eeprom_read_byte>:
eeprom_read_byte():
    5e80:	f9 99       	sbic	0x1f, 1	; 31
    5e82:	fe cf       	rjmp	.-4      	; 0x5e80 <eeprom_read_byte>
    5e84:	92 bd       	out	0x22, r25	; 34
    5e86:	81 bd       	out	0x21, r24	; 33
    5e88:	f8 9a       	sbi	0x1f, 0	; 31
    5e8a:	99 27       	eor	r25, r25
    5e8c:	80 b5       	in	r24, 0x20	; 32
    5e8e:	08 95       	ret

00005e90 <eeprom_write_byte>:
eeprom_write_byte():
    5e90:	26 2f       	mov	r18, r22

00005e92 <eeprom_write_r18>:
    5e92:	f9 99       	sbic	0x1f, 1	; 31
    5e94:	fe cf       	rjmp	.-4      	; 0x5e92 <eeprom_write_r18>
    5e96:	1f ba       	out	0x1f, r1	; 31
    5e98:	92 bd       	out	0x22, r25	; 34
    5e9a:	81 bd       	out	0x21, r24	; 33
    5e9c:	20 bd       	out	0x20, r18	; 32
    5e9e:	0f b6       	in	r0, 0x3f	; 63
    5ea0:	f8 94       	cli
    5ea2:	fa 9a       	sbi	0x1f, 2	; 31
    5ea4:	f9 9a       	sbi	0x1f, 1	; 31
    5ea6:	0f be       	out	0x3f, r0	; 63
    5ea8:	01 96       	adiw	r24, 0x01	; 1
    5eaa:	08 95       	ret

00005eac <__muluhisi3>:
__muluhisi3():
/home/jenkins-mingw32/workspace/avr-gcc-staging/label/Ubuntu14.04x64-mingw32/gcc-build/avr/avr5/libgcc/../../../../gcc/libgcc/config/avr/lib1funcs.S:626
    5eac:	0e 94 98 2f 	call	0x5f30	; 0x5f30 <__umulhisi3>
/home/jenkins-mingw32/workspace/avr-gcc-staging/label/Ubuntu14.04x64-mingw32/gcc-build/avr/avr5/libgcc/../../../../gcc/libgcc/config/avr/lib1funcs.S:627
    5eb0:	a5 9f       	mul	r26, r21
/home/jenkins-mingw32/workspace/avr-gcc-staging/label/Ubuntu14.04x64-mingw32/gcc-build/avr/avr5/libgcc/../../../../gcc/libgcc/config/avr/lib1funcs.S:628
    5eb2:	90 0d       	add	r25, r0
/home/jenkins-mingw32/workspace/avr-gcc-staging/label/Ubuntu14.04x64-mingw32/gcc-build/avr/avr5/libgcc/../../../../gcc/libgcc/config/avr/lib1funcs.S:629
    5eb4:	b4 9f       	mul	r27, r20
/home/jenkins-mingw32/workspace/avr-gcc-staging/label/Ubuntu14.04x64-mingw32/gcc-build/avr/avr5/libgcc/../../../../gcc/libgcc/config/avr/lib1funcs.S:630
    5eb6:	90 0d       	add	r25, r0
/home/jenkins-mingw32/workspace/avr-gcc-staging/label/Ubuntu14.04x64-mingw32/gcc-build/avr/avr5/libgcc/../../../../gcc/libgcc/config/avr/lib1funcs.S:631
    5eb8:	a4 9f       	mul	r26, r20
/home/jenkins-mingw32/workspace/avr-gcc-staging/label/Ubuntu14.04x64-mingw32/gcc-build/avr/avr5/libgcc/../../../../gcc/libgcc/config/avr/lib1funcs.S:632
    5eba:	80 0d       	add	r24, r0
/home/jenkins-mingw32/workspace/avr-gcc-staging/label/Ubuntu14.04x64-mingw32/gcc-build/avr/avr5/libgcc/../../../../gcc/libgcc/config/avr/lib1funcs.S:633
    5ebc:	91 1d       	adc	r25, r1
/home/jenkins-mingw32/workspace/avr-gcc-staging/label/Ubuntu14.04x64-mingw32/gcc-build/avr/avr5/libgcc/../../../../gcc/libgcc/config/avr/lib1funcs.S:634
    5ebe:	11 24       	eor	r1, r1
/home/jenkins-mingw32/workspace/avr-gcc-staging/label/Ubuntu14.04x64-mingw32/gcc-build/avr/avr5/libgcc/../../../../gcc/libgcc/config/avr/lib1funcs.S:635
    5ec0:	08 95       	ret

00005ec2 <__prologue_saves__>:
__prologue_saves__():
/home/jenkins-mingw32/workspace/avr-gcc-staging/label/Ubuntu14.04x64-mingw32/gcc-build/avr/avr5/libgcc/../../../../gcc/libgcc/config/avr/lib1funcs.S:2169
    5ec2:	2f 92       	push	r2
/home/jenkins-mingw32/workspace/avr-gcc-staging/label/Ubuntu14.04x64-mingw32/gcc-build/avr/avr5/libgcc/../../../../gcc/libgcc/config/avr/lib1funcs.S:2170
    5ec4:	3f 92       	push	r3
/home/jenkins-mingw32/workspace/avr-gcc-staging/label/Ubuntu14.04x64-mingw32/gcc-build/avr/avr5/libgcc/../../../../gcc/libgcc/config/avr/lib1funcs.S:2171
    5ec6:	4f 92       	push	r4
/home/jenkins-mingw32/workspace/avr-gcc-staging/label/Ubuntu14.04x64-mingw32/gcc-build/avr/avr5/libgcc/../../../../gcc/libgcc/config/avr/lib1funcs.S:2172
    5ec8:	5f 92       	push	r5
/home/jenkins-mingw32/workspace/avr-gcc-staging/label/Ubuntu14.04x64-mingw32/gcc-build/avr/avr5/libgcc/../../../../gcc/libgcc/config/avr/lib1funcs.S:2173
    5eca:	6f 92       	push	r6
/home/jenkins-mingw32/workspace/avr-gcc-staging/label/Ubuntu14.04x64-mingw32/gcc-build/avr/avr5/libgcc/../../../../gcc/libgcc/config/avr/lib1funcs.S:2174
    5ecc:	7f 92       	push	r7
/home/jenkins-mingw32/workspace/avr-gcc-staging/label/Ubuntu14.04x64-mingw32/gcc-build/avr/avr5/libgcc/../../../../gcc/libgcc/config/avr/lib1funcs.S:2175
    5ece:	8f 92       	push	r8
/home/jenkins-mingw32/workspace/avr-gcc-staging/label/Ubuntu14.04x64-mingw32/gcc-build/avr/avr5/libgcc/../../../../gcc/libgcc/config/avr/lib1funcs.S:2176
    5ed0:	9f 92       	push	r9
/home/jenkins-mingw32/workspace/avr-gcc-staging/label/Ubuntu14.04x64-mingw32/gcc-build/avr/avr5/libgcc/../../../../gcc/libgcc/config/avr/lib1funcs.S:2177
    5ed2:	af 92       	push	r10
/home/jenkins-mingw32/workspace/avr-gcc-staging/label/Ubuntu14.04x64-mingw32/gcc-build/avr/avr5/libgcc/../../../../gcc/libgcc/config/avr/lib1funcs.S:2178
    5ed4:	bf 92       	push	r11
/home/jenkins-mingw32/workspace/avr-gcc-staging/label/Ubuntu14.04x64-mingw32/gcc-build/avr/avr5/libgcc/../../../../gcc/libgcc/config/avr/lib1funcs.S:2179
    5ed6:	cf 92       	push	r12
/home/jenkins-mingw32/workspace/avr-gcc-staging/label/Ubuntu14.04x64-mingw32/gcc-build/avr/avr5/libgcc/../../../../gcc/libgcc/config/avr/lib1funcs.S:2180
    5ed8:	df 92       	push	r13
/home/jenkins-mingw32/workspace/avr-gcc-staging/label/Ubuntu14.04x64-mingw32/gcc-build/avr/avr5/libgcc/../../../../gcc/libgcc/config/avr/lib1funcs.S:2181
    5eda:	ef 92       	push	r14
/home/jenkins-mingw32/workspace/avr-gcc-staging/label/Ubuntu14.04x64-mingw32/gcc-build/avr/avr5/libgcc/../../../../gcc/libgcc/config/avr/lib1funcs.S:2182
    5edc:	ff 92       	push	r15
/home/jenkins-mingw32/workspace/avr-gcc-staging/label/Ubuntu14.04x64-mingw32/gcc-build/avr/avr5/libgcc/../../../../gcc/libgcc/config/avr/lib1funcs.S:2183
    5ede:	0f 93       	push	r16
/home/jenkins-mingw32/workspace/avr-gcc-staging/label/Ubuntu14.04x64-mingw32/gcc-build/avr/avr5/libgcc/../../../../gcc/libgcc/config/avr/lib1funcs.S:2184
    5ee0:	1f 93       	push	r17
/home/jenkins-mingw32/workspace/avr-gcc-staging/label/Ubuntu14.04x64-mingw32/gcc-build/avr/avr5/libgcc/../../../../gcc/libgcc/config/avr/lib1funcs.S:2185
    5ee2:	cf 93       	push	r28
/home/jenkins-mingw32/workspace/avr-gcc-staging/label/Ubuntu14.04x64-mingw32/gcc-build/avr/avr5/libgcc/../../../../gcc/libgcc/config/avr/lib1funcs.S:2186
    5ee4:	df 93       	push	r29
/home/jenkins-mingw32/workspace/avr-gcc-staging/label/Ubuntu14.04x64-mingw32/gcc-build/avr/avr5/libgcc/../../../../gcc/libgcc/config/avr/lib1funcs.S:2200
    5ee6:	cd b7       	in	r28, 0x3d	; 61
/home/jenkins-mingw32/workspace/avr-gcc-staging/label/Ubuntu14.04x64-mingw32/gcc-build/avr/avr5/libgcc/../../../../gcc/libgcc/config/avr/lib1funcs.S:2201
    5ee8:	de b7       	in	r29, 0x3e	; 62
/home/jenkins-mingw32/workspace/avr-gcc-staging/label/Ubuntu14.04x64-mingw32/gcc-build/avr/avr5/libgcc/../../../../gcc/libgcc/config/avr/lib1funcs.S:2202
    5eea:	ca 1b       	sub	r28, r26
/home/jenkins-mingw32/workspace/avr-gcc-staging/label/Ubuntu14.04x64-mingw32/gcc-build/avr/avr5/libgcc/../../../../gcc/libgcc/config/avr/lib1funcs.S:2203
    5eec:	db 0b       	sbc	r29, r27
/home/jenkins-mingw32/workspace/avr-gcc-staging/label/Ubuntu14.04x64-mingw32/gcc-build/avr/avr5/libgcc/../../../../gcc/libgcc/config/avr/lib1funcs.S:2204
    5eee:	0f b6       	in	r0, 0x3f	; 63
/home/jenkins-mingw32/workspace/avr-gcc-staging/label/Ubuntu14.04x64-mingw32/gcc-build/avr/avr5/libgcc/../../../../gcc/libgcc/config/avr/lib1funcs.S:2205
    5ef0:	f8 94       	cli
/home/jenkins-mingw32/workspace/avr-gcc-staging/label/Ubuntu14.04x64-mingw32/gcc-build/avr/avr5/libgcc/../../../../gcc/libgcc/config/avr/lib1funcs.S:2206
    5ef2:	de bf       	out	0x3e, r29	; 62
/home/jenkins-mingw32/workspace/avr-gcc-staging/label/Ubuntu14.04x64-mingw32/gcc-build/avr/avr5/libgcc/../../../../gcc/libgcc/config/avr/lib1funcs.S:2207
    5ef4:	0f be       	out	0x3f, r0	; 63
/home/jenkins-mingw32/workspace/avr-gcc-staging/label/Ubuntu14.04x64-mingw32/gcc-build/avr/avr5/libgcc/../../../../gcc/libgcc/config/avr/lib1funcs.S:2208
    5ef6:	cd bf       	out	0x3d, r28	; 61
/home/jenkins-mingw32/workspace/avr-gcc-staging/label/Ubuntu14.04x64-mingw32/gcc-build/avr/avr5/libgcc/../../../../gcc/libgcc/config/avr/lib1funcs.S:2211
    5ef8:	09 94       	ijmp

00005efa <__epilogue_restores__>:
__epilogue_restores__():
/home/jenkins-mingw32/workspace/avr-gcc-staging/label/Ubuntu14.04x64-mingw32/gcc-build/avr/avr5/libgcc/../../../../gcc/libgcc/config/avr/lib1funcs.S:2222
    5efa:	2a 88       	ldd	r2, Y+18	; 0x12
/home/jenkins-mingw32/workspace/avr-gcc-staging/label/Ubuntu14.04x64-mingw32/gcc-build/avr/avr5/libgcc/../../../../gcc/libgcc/config/avr/lib1funcs.S:2223
    5efc:	39 88       	ldd	r3, Y+17	; 0x11
/home/jenkins-mingw32/workspace/avr-gcc-staging/label/Ubuntu14.04x64-mingw32/gcc-build/avr/avr5/libgcc/../../../../gcc/libgcc/config/avr/lib1funcs.S:2224
    5efe:	48 88       	ldd	r4, Y+16	; 0x10
/home/jenkins-mingw32/workspace/avr-gcc-staging/label/Ubuntu14.04x64-mingw32/gcc-build/avr/avr5/libgcc/../../../../gcc/libgcc/config/avr/lib1funcs.S:2225
    5f00:	5f 84       	ldd	r5, Y+15	; 0x0f
/home/jenkins-mingw32/workspace/avr-gcc-staging/label/Ubuntu14.04x64-mingw32/gcc-build/avr/avr5/libgcc/../../../../gcc/libgcc/config/avr/lib1funcs.S:2226
    5f02:	6e 84       	ldd	r6, Y+14	; 0x0e
/home/jenkins-mingw32/workspace/avr-gcc-staging/label/Ubuntu14.04x64-mingw32/gcc-build/avr/avr5/libgcc/../../../../gcc/libgcc/config/avr/lib1funcs.S:2227
    5f04:	7d 84       	ldd	r7, Y+13	; 0x0d
/home/jenkins-mingw32/workspace/avr-gcc-staging/label/Ubuntu14.04x64-mingw32/gcc-build/avr/avr5/libgcc/../../../../gcc/libgcc/config/avr/lib1funcs.S:2228
    5f06:	8c 84       	ldd	r8, Y+12	; 0x0c
/home/jenkins-mingw32/workspace/avr-gcc-staging/label/Ubuntu14.04x64-mingw32/gcc-build/avr/avr5/libgcc/../../../../gcc/libgcc/config/avr/lib1funcs.S:2229
    5f08:	9b 84       	ldd	r9, Y+11	; 0x0b
/home/jenkins-mingw32/workspace/avr-gcc-staging/label/Ubuntu14.04x64-mingw32/gcc-build/avr/avr5/libgcc/../../../../gcc/libgcc/config/avr/lib1funcs.S:2230
    5f0a:	aa 84       	ldd	r10, Y+10	; 0x0a
/home/jenkins-mingw32/workspace/avr-gcc-staging/label/Ubuntu14.04x64-mingw32/gcc-build/avr/avr5/libgcc/../../../../gcc/libgcc/config/avr/lib1funcs.S:2231
    5f0c:	b9 84       	ldd	r11, Y+9	; 0x09
/home/jenkins-mingw32/workspace/avr-gcc-staging/label/Ubuntu14.04x64-mingw32/gcc-build/avr/avr5/libgcc/../../../../gcc/libgcc/config/avr/lib1funcs.S:2232
    5f0e:	c8 84       	ldd	r12, Y+8	; 0x08
/home/jenkins-mingw32/workspace/avr-gcc-staging/label/Ubuntu14.04x64-mingw32/gcc-build/avr/avr5/libgcc/../../../../gcc/libgcc/config/avr/lib1funcs.S:2233
    5f10:	df 80       	ldd	r13, Y+7	; 0x07
/home/jenkins-mingw32/workspace/avr-gcc-staging/label/Ubuntu14.04x64-mingw32/gcc-build/avr/avr5/libgcc/../../../../gcc/libgcc/config/avr/lib1funcs.S:2234
    5f12:	ee 80       	ldd	r14, Y+6	; 0x06
/home/jenkins-mingw32/workspace/avr-gcc-staging/label/Ubuntu14.04x64-mingw32/gcc-build/avr/avr5/libgcc/../../../../gcc/libgcc/config/avr/lib1funcs.S:2235
    5f14:	fd 80       	ldd	r15, Y+5	; 0x05
/home/jenkins-mingw32/workspace/avr-gcc-staging/label/Ubuntu14.04x64-mingw32/gcc-build/avr/avr5/libgcc/../../../../gcc/libgcc/config/avr/lib1funcs.S:2236
    5f16:	0c 81       	ldd	r16, Y+4	; 0x04
/home/jenkins-mingw32/workspace/avr-gcc-staging/label/Ubuntu14.04x64-mingw32/gcc-build/avr/avr5/libgcc/../../../../gcc/libgcc/config/avr/lib1funcs.S:2237
    5f18:	1b 81       	ldd	r17, Y+3	; 0x03
/home/jenkins-mingw32/workspace/avr-gcc-staging/label/Ubuntu14.04x64-mingw32/gcc-build/avr/avr5/libgcc/../../../../gcc/libgcc/config/avr/lib1funcs.S:2238
    5f1a:	aa 81       	ldd	r26, Y+2	; 0x02
/home/jenkins-mingw32/workspace/avr-gcc-staging/label/Ubuntu14.04x64-mingw32/gcc-build/avr/avr5/libgcc/../../../../gcc/libgcc/config/avr/lib1funcs.S:2252
    5f1c:	b9 81       	ldd	r27, Y+1	; 0x01
/home/jenkins-mingw32/workspace/avr-gcc-staging/label/Ubuntu14.04x64-mingw32/gcc-build/avr/avr5/libgcc/../../../../gcc/libgcc/config/avr/lib1funcs.S:2253
    5f1e:	ce 0f       	add	r28, r30
/home/jenkins-mingw32/workspace/avr-gcc-staging/label/Ubuntu14.04x64-mingw32/gcc-build/avr/avr5/libgcc/../../../../gcc/libgcc/config/avr/lib1funcs.S:2254
    5f20:	d1 1d       	adc	r29, r1
/home/jenkins-mingw32/workspace/avr-gcc-staging/label/Ubuntu14.04x64-mingw32/gcc-build/avr/avr5/libgcc/../../../../gcc/libgcc/config/avr/lib1funcs.S:2255
    5f22:	0f b6       	in	r0, 0x3f	; 63
/home/jenkins-mingw32/workspace/avr-gcc-staging/label/Ubuntu14.04x64-mingw32/gcc-build/avr/avr5/libgcc/../../../../gcc/libgcc/config/avr/lib1funcs.S:2256
    5f24:	f8 94       	cli
/home/jenkins-mingw32/workspace/avr-gcc-staging/label/Ubuntu14.04x64-mingw32/gcc-build/avr/avr5/libgcc/../../../../gcc/libgcc/config/avr/lib1funcs.S:2257
    5f26:	de bf       	out	0x3e, r29	; 62
/home/jenkins-mingw32/workspace/avr-gcc-staging/label/Ubuntu14.04x64-mingw32/gcc-build/avr/avr5/libgcc/../../../../gcc/libgcc/config/avr/lib1funcs.S:2258
    5f28:	0f be       	out	0x3f, r0	; 63
/home/jenkins-mingw32/workspace/avr-gcc-staging/label/Ubuntu14.04x64-mingw32/gcc-build/avr/avr5/libgcc/../../../../gcc/libgcc/config/avr/lib1funcs.S:2259
    5f2a:	cd bf       	out	0x3d, r28	; 61
/home/jenkins-mingw32/workspace/avr-gcc-staging/label/Ubuntu14.04x64-mingw32/gcc-build/avr/avr5/libgcc/../../../../gcc/libgcc/config/avr/lib1funcs.S:2260
    5f2c:	ed 01       	movw	r28, r26
/home/jenkins-mingw32/workspace/avr-gcc-staging/label/Ubuntu14.04x64-mingw32/gcc-build/avr/avr5/libgcc/../../../../gcc/libgcc/config/avr/lib1funcs.S:2263
    5f2e:	08 95       	ret

00005f30 <__umulhisi3>:
__umulhisi3():
/home/jenkins-mingw32/workspace/avr-gcc-staging/label/Ubuntu14.04x64-mingw32/gcc-build/avr/avr5/libgcc/../../../../gcc/libgcc/config/avr/lib1funcs.S:564
    5f30:	a2 9f       	mul	r26, r18
/home/jenkins-mingw32/workspace/avr-gcc-staging/label/Ubuntu14.04x64-mingw32/gcc-build/avr/avr5/libgcc/../../../../gcc/libgcc/config/avr/lib1funcs.S:565
    5f32:	b0 01       	movw	r22, r0
/home/jenkins-mingw32/workspace/avr-gcc-staging/label/Ubuntu14.04x64-mingw32/gcc-build/avr/avr5/libgcc/../../../../gcc/libgcc/config/avr/lib1funcs.S:566
    5f34:	b3 9f       	mul	r27, r19
/home/jenkins-mingw32/workspace/avr-gcc-staging/label/Ubuntu14.04x64-mingw32/gcc-build/avr/avr5/libgcc/../../../../gcc/libgcc/config/avr/lib1funcs.S:567
    5f36:	c0 01       	movw	r24, r0
/home/jenkins-mingw32/workspace/avr-gcc-staging/label/Ubuntu14.04x64-mingw32/gcc-build/avr/avr5/libgcc/../../../../gcc/libgcc/config/avr/lib1funcs.S:568
    5f38:	a3 9f       	mul	r26, r19
/home/jenkins-mingw32/workspace/avr-gcc-staging/label/Ubuntu14.04x64-mingw32/gcc-build/avr/avr5/libgcc/../../../../gcc/libgcc/config/avr/lib1funcs.S:573
    5f3a:	70 0d       	add	r23, r0
/home/jenkins-mingw32/workspace/avr-gcc-staging/label/Ubuntu14.04x64-mingw32/gcc-build/avr/avr5/libgcc/../../../../gcc/libgcc/config/avr/lib1funcs.S:574
    5f3c:	81 1d       	adc	r24, r1
/home/jenkins-mingw32/workspace/avr-gcc-staging/label/Ubuntu14.04x64-mingw32/gcc-build/avr/avr5/libgcc/../../../../gcc/libgcc/config/avr/lib1funcs.S:575
    5f3e:	11 24       	eor	r1, r1
/home/jenkins-mingw32/workspace/avr-gcc-staging/label/Ubuntu14.04x64-mingw32/gcc-build/avr/avr5/libgcc/../../../../gcc/libgcc/config/avr/lib1funcs.S:576
    5f40:	91 1d       	adc	r25, r1
/home/jenkins-mingw32/workspace/avr-gcc-staging/label/Ubuntu14.04x64-mingw32/gcc-build/avr/avr5/libgcc/../../../../gcc/libgcc/config/avr/lib1funcs.S:580
    5f42:	b2 9f       	mul	r27, r18
/home/jenkins-mingw32/workspace/avr-gcc-staging/label/Ubuntu14.04x64-mingw32/gcc-build/avr/avr5/libgcc/../../../../gcc/libgcc/config/avr/lib1funcs.S:581
    5f44:	70 0d       	add	r23, r0
/home/jenkins-mingw32/workspace/avr-gcc-staging/label/Ubuntu14.04x64-mingw32/gcc-build/avr/avr5/libgcc/../../../../gcc/libgcc/config/avr/lib1funcs.S:582
    5f46:	81 1d       	adc	r24, r1
/home/jenkins-mingw32/workspace/avr-gcc-staging/label/Ubuntu14.04x64-mingw32/gcc-build/avr/avr5/libgcc/../../../../gcc/libgcc/config/avr/lib1funcs.S:583
    5f48:	11 24       	eor	r1, r1
/home/jenkins-mingw32/workspace/avr-gcc-staging/label/Ubuntu14.04x64-mingw32/gcc-build/avr/avr5/libgcc/../../../../gcc/libgcc/config/avr/lib1funcs.S:584
    5f4a:	91 1d       	adc	r25, r1
/home/jenkins-mingw32/workspace/avr-gcc-staging/label/Ubuntu14.04x64-mingw32/gcc-build/avr/avr5/libgcc/../../../../gcc/libgcc/config/avr/lib1funcs.S:585
    5f4c:	08 95       	ret

00005f4e <__mulsi3>:
__mulsi3():
/home/jenkins-mingw32/workspace/avr-gcc-staging/label/Ubuntu14.04x64-mingw32/gcc-build/avr/avr5/libgcc/../../../../gcc/libgcc/config/avr/lib1funcs.S:648
    5f4e:	db 01       	movw	r26, r22
/home/jenkins-mingw32/workspace/avr-gcc-staging/label/Ubuntu14.04x64-mingw32/gcc-build/avr/avr5/libgcc/../../../../gcc/libgcc/config/avr/lib1funcs.S:649
    5f50:	8f 93       	push	r24
/home/jenkins-mingw32/workspace/avr-gcc-staging/label/Ubuntu14.04x64-mingw32/gcc-build/avr/avr5/libgcc/../../../../gcc/libgcc/config/avr/lib1funcs.S:650
    5f52:	9f 93       	push	r25
/home/jenkins-mingw32/workspace/avr-gcc-staging/label/Ubuntu14.04x64-mingw32/gcc-build/avr/avr5/libgcc/../../../../gcc/libgcc/config/avr/lib1funcs.S:651
    5f54:	0e 94 56 2f 	call	0x5eac	; 0x5eac <__muluhisi3>
/home/jenkins-mingw32/workspace/avr-gcc-staging/label/Ubuntu14.04x64-mingw32/gcc-build/avr/avr5/libgcc/../../../../gcc/libgcc/config/avr/lib1funcs.S:652
    5f58:	bf 91       	pop	r27
/home/jenkins-mingw32/workspace/avr-gcc-staging/label/Ubuntu14.04x64-mingw32/gcc-build/avr/avr5/libgcc/../../../../gcc/libgcc/config/avr/lib1funcs.S:653
    5f5a:	af 91       	pop	r26
/home/jenkins-mingw32/workspace/avr-gcc-staging/label/Ubuntu14.04x64-mingw32/gcc-build/avr/avr5/libgcc/../../../../gcc/libgcc/config/avr/lib1funcs.S:655
    5f5c:	a2 9f       	mul	r26, r18
/home/jenkins-mingw32/workspace/avr-gcc-staging/label/Ubuntu14.04x64-mingw32/gcc-build/avr/avr5/libgcc/../../../../gcc/libgcc/config/avr/lib1funcs.S:656
    5f5e:	80 0d       	add	r24, r0
/home/jenkins-mingw32/workspace/avr-gcc-staging/label/Ubuntu14.04x64-mingw32/gcc-build/avr/avr5/libgcc/../../../../gcc/libgcc/config/avr/lib1funcs.S:657
    5f60:	91 1d       	adc	r25, r1
/home/jenkins-mingw32/workspace/avr-gcc-staging/label/Ubuntu14.04x64-mingw32/gcc-build/avr/avr5/libgcc/../../../../gcc/libgcc/config/avr/lib1funcs.S:658
    5f62:	a3 9f       	mul	r26, r19
/home/jenkins-mingw32/workspace/avr-gcc-staging/label/Ubuntu14.04x64-mingw32/gcc-build/avr/avr5/libgcc/../../../../gcc/libgcc/config/avr/lib1funcs.S:659
    5f64:	90 0d       	add	r25, r0
/home/jenkins-mingw32/workspace/avr-gcc-staging/label/Ubuntu14.04x64-mingw32/gcc-build/avr/avr5/libgcc/../../../../gcc/libgcc/config/avr/lib1funcs.S:660
    5f66:	b2 9f       	mul	r27, r18
/home/jenkins-mingw32/workspace/avr-gcc-staging/label/Ubuntu14.04x64-mingw32/gcc-build/avr/avr5/libgcc/../../../../gcc/libgcc/config/avr/lib1funcs.S:661
    5f68:	90 0d       	add	r25, r0
/home/jenkins-mingw32/workspace/avr-gcc-staging/label/Ubuntu14.04x64-mingw32/gcc-build/avr/avr5/libgcc/../../../../gcc/libgcc/config/avr/lib1funcs.S:662
    5f6a:	11 24       	eor	r1, r1
/home/jenkins-mingw32/workspace/avr-gcc-staging/label/Ubuntu14.04x64-mingw32/gcc-build/avr/avr5/libgcc/../../../../gcc/libgcc/config/avr/lib1funcs.S:663
    5f6c:	08 95       	ret

00005f6e <__udivmodqi4>:
__udivmodqi4():
/home/jenkins-mingw32/workspace/avr-gcc-staging/label/Ubuntu14.04x64-mingw32/gcc-build/avr/avr5/libgcc/../../../../gcc/libgcc/config/avr/lib1funcs.S:1346
    5f6e:	99 1b       	sub	r25, r25
/home/jenkins-mingw32/workspace/avr-gcc-staging/label/Ubuntu14.04x64-mingw32/gcc-build/avr/avr5/libgcc/../../../../gcc/libgcc/config/avr/lib1funcs.S:1347
    5f70:	79 e0       	ldi	r23, 0x09	; 9
/home/jenkins-mingw32/workspace/avr-gcc-staging/label/Ubuntu14.04x64-mingw32/gcc-build/avr/avr5/libgcc/../../../../gcc/libgcc/config/avr/lib1funcs.S:1348
    5f72:	04 c0       	rjmp	.+8      	; 0x5f7c <__udivmodqi4_ep>

00005f74 <__udivmodqi4_loop>:
/home/jenkins-mingw32/workspace/avr-gcc-staging/label/Ubuntu14.04x64-mingw32/gcc-build/avr/avr5/libgcc/../../../../gcc/libgcc/config/avr/lib1funcs.S:1350
    5f74:	99 1f       	adc	r25, r25
/home/jenkins-mingw32/workspace/avr-gcc-staging/label/Ubuntu14.04x64-mingw32/gcc-build/avr/avr5/libgcc/../../../../gcc/libgcc/config/avr/lib1funcs.S:1351
    5f76:	96 17       	cp	r25, r22
/home/jenkins-mingw32/workspace/avr-gcc-staging/label/Ubuntu14.04x64-mingw32/gcc-build/avr/avr5/libgcc/../../../../gcc/libgcc/config/avr/lib1funcs.S:1352
    5f78:	08 f0       	brcs	.+2      	; 0x5f7c <__udivmodqi4_ep>
/home/jenkins-mingw32/workspace/avr-gcc-staging/label/Ubuntu14.04x64-mingw32/gcc-build/avr/avr5/libgcc/../../../../gcc/libgcc/config/avr/lib1funcs.S:1353
    5f7a:	96 1b       	sub	r25, r22

00005f7c <__udivmodqi4_ep>:
/home/jenkins-mingw32/workspace/avr-gcc-staging/label/Ubuntu14.04x64-mingw32/gcc-build/avr/avr5/libgcc/../../../../gcc/libgcc/config/avr/lib1funcs.S:1355
    5f7c:	88 1f       	adc	r24, r24
/home/jenkins-mingw32/workspace/avr-gcc-staging/label/Ubuntu14.04x64-mingw32/gcc-build/avr/avr5/libgcc/../../../../gcc/libgcc/config/avr/lib1funcs.S:1356
    5f7e:	7a 95       	dec	r23
/home/jenkins-mingw32/workspace/avr-gcc-staging/label/Ubuntu14.04x64-mingw32/gcc-build/avr/avr5/libgcc/../../../../gcc/libgcc/config/avr/lib1funcs.S:1357
    5f80:	c9 f7       	brne	.-14     	; 0x5f74 <__udivmodqi4_loop>
/home/jenkins-mingw32/workspace/avr-gcc-staging/label/Ubuntu14.04x64-mingw32/gcc-build/avr/avr5/libgcc/../../../../gcc/libgcc/config/avr/lib1funcs.S:1358
    5f82:	80 95       	com	r24
/home/jenkins-mingw32/workspace/avr-gcc-staging/label/Ubuntu14.04x64-mingw32/gcc-build/avr/avr5/libgcc/../../../../gcc/libgcc/config/avr/lib1funcs.S:1360
    5f84:	08 95       	ret

00005f86 <__udivmodhi4>:
__udivmodhi4():
/home/jenkins-mingw32/workspace/avr-gcc-staging/label/Ubuntu14.04x64-mingw32/gcc-build/avr/avr5/libgcc/../../../../gcc/libgcc/config/avr/lib1funcs.S:1408
    5f86:	aa 1b       	sub	r26, r26
/home/jenkins-mingw32/workspace/avr-gcc-staging/label/Ubuntu14.04x64-mingw32/gcc-build/avr/avr5/libgcc/../../../../gcc/libgcc/config/avr/lib1funcs.S:1409
    5f88:	bb 1b       	sub	r27, r27
/home/jenkins-mingw32/workspace/avr-gcc-staging/label/Ubuntu14.04x64-mingw32/gcc-build/avr/avr5/libgcc/../../../../gcc/libgcc/config/avr/lib1funcs.S:1410
    5f8a:	51 e1       	ldi	r21, 0x11	; 17
/home/jenkins-mingw32/workspace/avr-gcc-staging/label/Ubuntu14.04x64-mingw32/gcc-build/avr/avr5/libgcc/../../../../gcc/libgcc/config/avr/lib1funcs.S:1411
    5f8c:	07 c0       	rjmp	.+14     	; 0x5f9c <__udivmodhi4_ep>

00005f8e <__udivmodhi4_loop>:
/home/jenkins-mingw32/workspace/avr-gcc-staging/label/Ubuntu14.04x64-mingw32/gcc-build/avr/avr5/libgcc/../../../../gcc/libgcc/config/avr/lib1funcs.S:1413
    5f8e:	aa 1f       	adc	r26, r26
/home/jenkins-mingw32/workspace/avr-gcc-staging/label/Ubuntu14.04x64-mingw32/gcc-build/avr/avr5/libgcc/../../../../gcc/libgcc/config/avr/lib1funcs.S:1414
    5f90:	bb 1f       	adc	r27, r27
/home/jenkins-mingw32/workspace/avr-gcc-staging/label/Ubuntu14.04x64-mingw32/gcc-build/avr/avr5/libgcc/../../../../gcc/libgcc/config/avr/lib1funcs.S:1415
    5f92:	a6 17       	cp	r26, r22
/home/jenkins-mingw32/workspace/avr-gcc-staging/label/Ubuntu14.04x64-mingw32/gcc-build/avr/avr5/libgcc/../../../../gcc/libgcc/config/avr/lib1funcs.S:1416
    5f94:	b7 07       	cpc	r27, r23
/home/jenkins-mingw32/workspace/avr-gcc-staging/label/Ubuntu14.04x64-mingw32/gcc-build/avr/avr5/libgcc/../../../../gcc/libgcc/config/avr/lib1funcs.S:1417
    5f96:	10 f0       	brcs	.+4      	; 0x5f9c <__udivmodhi4_ep>
/home/jenkins-mingw32/workspace/avr-gcc-staging/label/Ubuntu14.04x64-mingw32/gcc-build/avr/avr5/libgcc/../../../../gcc/libgcc/config/avr/lib1funcs.S:1418
    5f98:	a6 1b       	sub	r26, r22
/home/jenkins-mingw32/workspace/avr-gcc-staging/label/Ubuntu14.04x64-mingw32/gcc-build/avr/avr5/libgcc/../../../../gcc/libgcc/config/avr/lib1funcs.S:1419
    5f9a:	b7 0b       	sbc	r27, r23

00005f9c <__udivmodhi4_ep>:
/home/jenkins-mingw32/workspace/avr-gcc-staging/label/Ubuntu14.04x64-mingw32/gcc-build/avr/avr5/libgcc/../../../../gcc/libgcc/config/avr/lib1funcs.S:1421
    5f9c:	88 1f       	adc	r24, r24
/home/jenkins-mingw32/workspace/avr-gcc-staging/label/Ubuntu14.04x64-mingw32/gcc-build/avr/avr5/libgcc/../../../../gcc/libgcc/config/avr/lib1funcs.S:1422
    5f9e:	99 1f       	adc	r25, r25
/home/jenkins-mingw32/workspace/avr-gcc-staging/label/Ubuntu14.04x64-mingw32/gcc-build/avr/avr5/libgcc/../../../../gcc/libgcc/config/avr/lib1funcs.S:1423
    5fa0:	5a 95       	dec	r21
/home/jenkins-mingw32/workspace/avr-gcc-staging/label/Ubuntu14.04x64-mingw32/gcc-build/avr/avr5/libgcc/../../../../gcc/libgcc/config/avr/lib1funcs.S:1424
    5fa2:	a9 f7       	brne	.-22     	; 0x5f8e <__udivmodhi4_loop>
/home/jenkins-mingw32/workspace/avr-gcc-staging/label/Ubuntu14.04x64-mingw32/gcc-build/avr/avr5/libgcc/../../../../gcc/libgcc/config/avr/lib1funcs.S:1425
    5fa4:	80 95       	com	r24
/home/jenkins-mingw32/workspace/avr-gcc-staging/label/Ubuntu14.04x64-mingw32/gcc-build/avr/avr5/libgcc/../../../../gcc/libgcc/config/avr/lib1funcs.S:1426
    5fa6:	90 95       	com	r25
/home/jenkins-mingw32/workspace/avr-gcc-staging/label/Ubuntu14.04x64-mingw32/gcc-build/avr/avr5/libgcc/../../../../gcc/libgcc/config/avr/lib1funcs.S:1428
    5fa8:	bc 01       	movw	r22, r24
/home/jenkins-mingw32/workspace/avr-gcc-staging/label/Ubuntu14.04x64-mingw32/gcc-build/avr/avr5/libgcc/../../../../gcc/libgcc/config/avr/lib1funcs.S:1430
    5faa:	cd 01       	movw	r24, r26
/home/jenkins-mingw32/workspace/avr-gcc-staging/label/Ubuntu14.04x64-mingw32/gcc-build/avr/avr5/libgcc/../../../../gcc/libgcc/config/avr/lib1funcs.S:1432
    5fac:	08 95       	ret

00005fae <__udivmodsi4>:
__udivmodsi4():
/home/jenkins-mingw32/workspace/avr-gcc-staging/label/Ubuntu14.04x64-mingw32/gcc-build/avr/avr5/libgcc/../../../../gcc/libgcc/config/avr/lib1funcs.S:1638
    5fae:	a1 e2       	ldi	r26, 0x21	; 33
/home/jenkins-mingw32/workspace/avr-gcc-staging/label/Ubuntu14.04x64-mingw32/gcc-build/avr/avr5/libgcc/../../../../gcc/libgcc/config/avr/lib1funcs.S:1639
    5fb0:	1a 2e       	mov	r1, r26
/home/jenkins-mingw32/workspace/avr-gcc-staging/label/Ubuntu14.04x64-mingw32/gcc-build/avr/avr5/libgcc/../../../../gcc/libgcc/config/avr/lib1funcs.S:1640
    5fb2:	aa 1b       	sub	r26, r26
/home/jenkins-mingw32/workspace/avr-gcc-staging/label/Ubuntu14.04x64-mingw32/gcc-build/avr/avr5/libgcc/../../../../gcc/libgcc/config/avr/lib1funcs.S:1641
    5fb4:	bb 1b       	sub	r27, r27
/home/jenkins-mingw32/workspace/avr-gcc-staging/label/Ubuntu14.04x64-mingw32/gcc-build/avr/avr5/libgcc/../../../../gcc/libgcc/config/avr/lib1funcs.S:1642
    5fb6:	fd 01       	movw	r30, r26
/home/jenkins-mingw32/workspace/avr-gcc-staging/label/Ubuntu14.04x64-mingw32/gcc-build/avr/avr5/libgcc/../../../../gcc/libgcc/config/avr/lib1funcs.S:1644
    5fb8:	0d c0       	rjmp	.+26     	; 0x5fd4 <__udivmodsi4_ep>

00005fba <__udivmodsi4_loop>:
/home/jenkins-mingw32/workspace/avr-gcc-staging/label/Ubuntu14.04x64-mingw32/gcc-build/avr/avr5/libgcc/../../../../gcc/libgcc/config/avr/lib1funcs.S:1646
    5fba:	aa 1f       	adc	r26, r26
/home/jenkins-mingw32/workspace/avr-gcc-staging/label/Ubuntu14.04x64-mingw32/gcc-build/avr/avr5/libgcc/../../../../gcc/libgcc/config/avr/lib1funcs.S:1647
    5fbc:	bb 1f       	adc	r27, r27
/home/jenkins-mingw32/workspace/avr-gcc-staging/label/Ubuntu14.04x64-mingw32/gcc-build/avr/avr5/libgcc/../../../../gcc/libgcc/config/avr/lib1funcs.S:1648
    5fbe:	ee 1f       	adc	r30, r30
/home/jenkins-mingw32/workspace/avr-gcc-staging/label/Ubuntu14.04x64-mingw32/gcc-build/avr/avr5/libgcc/../../../../gcc/libgcc/config/avr/lib1funcs.S:1649
    5fc0:	ff 1f       	adc	r31, r31
/home/jenkins-mingw32/workspace/avr-gcc-staging/label/Ubuntu14.04x64-mingw32/gcc-build/avr/avr5/libgcc/../../../../gcc/libgcc/config/avr/lib1funcs.S:1650
    5fc2:	a2 17       	cp	r26, r18
/home/jenkins-mingw32/workspace/avr-gcc-staging/label/Ubuntu14.04x64-mingw32/gcc-build/avr/avr5/libgcc/../../../../gcc/libgcc/config/avr/lib1funcs.S:1651
    5fc4:	b3 07       	cpc	r27, r19
/home/jenkins-mingw32/workspace/avr-gcc-staging/label/Ubuntu14.04x64-mingw32/gcc-build/avr/avr5/libgcc/../../../../gcc/libgcc/config/avr/lib1funcs.S:1652
    5fc6:	e4 07       	cpc	r30, r20
/home/jenkins-mingw32/workspace/avr-gcc-staging/label/Ubuntu14.04x64-mingw32/gcc-build/avr/avr5/libgcc/../../../../gcc/libgcc/config/avr/lib1funcs.S:1653
    5fc8:	f5 07       	cpc	r31, r21
/home/jenkins-mingw32/workspace/avr-gcc-staging/label/Ubuntu14.04x64-mingw32/gcc-build/avr/avr5/libgcc/../../../../gcc/libgcc/config/avr/lib1funcs.S:1654
    5fca:	20 f0       	brcs	.+8      	; 0x5fd4 <__udivmodsi4_ep>
/home/jenkins-mingw32/workspace/avr-gcc-staging/label/Ubuntu14.04x64-mingw32/gcc-build/avr/avr5/libgcc/../../../../gcc/libgcc/config/avr/lib1funcs.S:1655
    5fcc:	a2 1b       	sub	r26, r18
/home/jenkins-mingw32/workspace/avr-gcc-staging/label/Ubuntu14.04x64-mingw32/gcc-build/avr/avr5/libgcc/../../../../gcc/libgcc/config/avr/lib1funcs.S:1656
    5fce:	b3 0b       	sbc	r27, r19
/home/jenkins-mingw32/workspace/avr-gcc-staging/label/Ubuntu14.04x64-mingw32/gcc-build/avr/avr5/libgcc/../../../../gcc/libgcc/config/avr/lib1funcs.S:1657
    5fd0:	e4 0b       	sbc	r30, r20
/home/jenkins-mingw32/workspace/avr-gcc-staging/label/Ubuntu14.04x64-mingw32/gcc-build/avr/avr5/libgcc/../../../../gcc/libgcc/config/avr/lib1funcs.S:1658
    5fd2:	f5 0b       	sbc	r31, r21

00005fd4 <__udivmodsi4_ep>:
/home/jenkins-mingw32/workspace/avr-gcc-staging/label/Ubuntu14.04x64-mingw32/gcc-build/avr/avr5/libgcc/../../../../gcc/libgcc/config/avr/lib1funcs.S:1660
    5fd4:	66 1f       	adc	r22, r22
/home/jenkins-mingw32/workspace/avr-gcc-staging/label/Ubuntu14.04x64-mingw32/gcc-build/avr/avr5/libgcc/../../../../gcc/libgcc/config/avr/lib1funcs.S:1661
    5fd6:	77 1f       	adc	r23, r23
/home/jenkins-mingw32/workspace/avr-gcc-staging/label/Ubuntu14.04x64-mingw32/gcc-build/avr/avr5/libgcc/../../../../gcc/libgcc/config/avr/lib1funcs.S:1662
    5fd8:	88 1f       	adc	r24, r24
/home/jenkins-mingw32/workspace/avr-gcc-staging/label/Ubuntu14.04x64-mingw32/gcc-build/avr/avr5/libgcc/../../../../gcc/libgcc/config/avr/lib1funcs.S:1663
    5fda:	99 1f       	adc	r25, r25
/home/jenkins-mingw32/workspace/avr-gcc-staging/label/Ubuntu14.04x64-mingw32/gcc-build/avr/avr5/libgcc/../../../../gcc/libgcc/config/avr/lib1funcs.S:1664
    5fdc:	1a 94       	dec	r1
/home/jenkins-mingw32/workspace/avr-gcc-staging/label/Ubuntu14.04x64-mingw32/gcc-build/avr/avr5/libgcc/../../../../gcc/libgcc/config/avr/lib1funcs.S:1665
    5fde:	69 f7       	brne	.-38     	; 0x5fba <__udivmodsi4_loop>
/home/jenkins-mingw32/workspace/avr-gcc-staging/label/Ubuntu14.04x64-mingw32/gcc-build/avr/avr5/libgcc/../../../../gcc/libgcc/config/avr/lib1funcs.S:1667
    5fe0:	60 95       	com	r22
/home/jenkins-mingw32/workspace/avr-gcc-staging/label/Ubuntu14.04x64-mingw32/gcc-build/avr/avr5/libgcc/../../../../gcc/libgcc/config/avr/lib1funcs.S:1668
    5fe2:	70 95       	com	r23
/home/jenkins-mingw32/workspace/avr-gcc-staging/label/Ubuntu14.04x64-mingw32/gcc-build/avr/avr5/libgcc/../../../../gcc/libgcc/config/avr/lib1funcs.S:1669
    5fe4:	80 95       	com	r24
/home/jenkins-mingw32/workspace/avr-gcc-staging/label/Ubuntu14.04x64-mingw32/gcc-build/avr/avr5/libgcc/../../../../gcc/libgcc/config/avr/lib1funcs.S:1670
    5fe6:	90 95       	com	r25
/home/jenkins-mingw32/workspace/avr-gcc-staging/label/Ubuntu14.04x64-mingw32/gcc-build/avr/avr5/libgcc/../../../../gcc/libgcc/config/avr/lib1funcs.S:1672
    5fe8:	9b 01       	movw	r18, r22
/home/jenkins-mingw32/workspace/avr-gcc-staging/label/Ubuntu14.04x64-mingw32/gcc-build/avr/avr5/libgcc/../../../../gcc/libgcc/config/avr/lib1funcs.S:1674
    5fea:	ac 01       	movw	r20, r24
/home/jenkins-mingw32/workspace/avr-gcc-staging/label/Ubuntu14.04x64-mingw32/gcc-build/avr/avr5/libgcc/../../../../gcc/libgcc/config/avr/lib1funcs.S:1676
    5fec:	bd 01       	movw	r22, r26
/home/jenkins-mingw32/workspace/avr-gcc-staging/label/Ubuntu14.04x64-mingw32/gcc-build/avr/avr5/libgcc/../../../../gcc/libgcc/config/avr/lib1funcs.S:1678
    5fee:	cf 01       	movw	r24, r30
/home/jenkins-mingw32/workspace/avr-gcc-staging/label/Ubuntu14.04x64-mingw32/gcc-build/avr/avr5/libgcc/../../../../gcc/libgcc/config/avr/lib1funcs.S:1680
    5ff0:	08 95       	ret

00005ff2 <__divmodsi4>:
__divmodsi4():
/home/jenkins-mingw32/workspace/avr-gcc-staging/label/Ubuntu14.04x64-mingw32/gcc-build/avr/avr5/libgcc/../../../../gcc/libgcc/config/avr/lib1funcs.S:1686
    5ff2:	05 2e       	mov	r0, r21
/home/jenkins-mingw32/workspace/avr-gcc-staging/label/Ubuntu14.04x64-mingw32/gcc-build/avr/avr5/libgcc/../../../../gcc/libgcc/config/avr/lib1funcs.S:1687
    5ff4:	97 fb       	bst	r25, 7
/home/jenkins-mingw32/workspace/avr-gcc-staging/label/Ubuntu14.04x64-mingw32/gcc-build/avr/avr5/libgcc/../../../../gcc/libgcc/config/avr/lib1funcs.S:1688
    5ff6:	1e f4       	brtc	.+6      	; 0x5ffe <__divmodsi4+0xc>
/home/jenkins-mingw32/workspace/avr-gcc-staging/label/Ubuntu14.04x64-mingw32/gcc-build/avr/avr5/libgcc/../../../../gcc/libgcc/config/avr/lib1funcs.S:1689
    5ff8:	00 94       	com	r0
/home/jenkins-mingw32/workspace/avr-gcc-staging/label/Ubuntu14.04x64-mingw32/gcc-build/avr/avr5/libgcc/../../../../gcc/libgcc/config/avr/lib1funcs.S:1690
    5ffa:	0e 94 10 30 	call	0x6020	; 0x6020 <__negsi2>
/home/jenkins-mingw32/workspace/avr-gcc-staging/label/Ubuntu14.04x64-mingw32/gcc-build/avr/avr5/libgcc/../../../../gcc/libgcc/config/avr/lib1funcs.S:1692
    5ffe:	57 fd       	sbrc	r21, 7
/home/jenkins-mingw32/workspace/avr-gcc-staging/label/Ubuntu14.04x64-mingw32/gcc-build/avr/avr5/libgcc/../../../../gcc/libgcc/config/avr/lib1funcs.S:1693
    6000:	07 d0       	rcall	.+14     	; 0x6010 <__divmodsi4_neg2>
/home/jenkins-mingw32/workspace/avr-gcc-staging/label/Ubuntu14.04x64-mingw32/gcc-build/avr/avr5/libgcc/../../../../gcc/libgcc/config/avr/lib1funcs.S:1694
    6002:	0e 94 d7 2f 	call	0x5fae	; 0x5fae <__udivmodsi4>
/home/jenkins-mingw32/workspace/avr-gcc-staging/label/Ubuntu14.04x64-mingw32/gcc-build/avr/avr5/libgcc/../../../../gcc/libgcc/config/avr/lib1funcs.S:1695
    6006:	07 fc       	sbrc	r0, 7
/home/jenkins-mingw32/workspace/avr-gcc-staging/label/Ubuntu14.04x64-mingw32/gcc-build/avr/avr5/libgcc/../../../../gcc/libgcc/config/avr/lib1funcs.S:1696
    6008:	03 d0       	rcall	.+6      	; 0x6010 <__divmodsi4_neg2>
/home/jenkins-mingw32/workspace/avr-gcc-staging/label/Ubuntu14.04x64-mingw32/gcc-build/avr/avr5/libgcc/../../../../gcc/libgcc/config/avr/lib1funcs.S:1697
    600a:	4e f4       	brtc	.+18     	; 0x601e <__divmodsi4_exit>
/home/jenkins-mingw32/workspace/avr-gcc-staging/label/Ubuntu14.04x64-mingw32/gcc-build/avr/avr5/libgcc/../../../../gcc/libgcc/config/avr/lib1funcs.S:1698
    600c:	0c 94 10 30 	jmp	0x6020	; 0x6020 <__negsi2>

00006010 <__divmodsi4_neg2>:
/home/jenkins-mingw32/workspace/avr-gcc-staging/label/Ubuntu14.04x64-mingw32/gcc-build/avr/avr5/libgcc/../../../../gcc/libgcc/config/avr/lib1funcs.S:1701
    6010:	50 95       	com	r21
/home/jenkins-mingw32/workspace/avr-gcc-staging/label/Ubuntu14.04x64-mingw32/gcc-build/avr/avr5/libgcc/../../../../gcc/libgcc/config/avr/lib1funcs.S:1702
    6012:	40 95       	com	r20
/home/jenkins-mingw32/workspace/avr-gcc-staging/label/Ubuntu14.04x64-mingw32/gcc-build/avr/avr5/libgcc/../../../../gcc/libgcc/config/avr/lib1funcs.S:1703
    6014:	30 95       	com	r19
/home/jenkins-mingw32/workspace/avr-gcc-staging/label/Ubuntu14.04x64-mingw32/gcc-build/avr/avr5/libgcc/../../../../gcc/libgcc/config/avr/lib1funcs.S:1704
    6016:	21 95       	neg	r18
/home/jenkins-mingw32/workspace/avr-gcc-staging/label/Ubuntu14.04x64-mingw32/gcc-build/avr/avr5/libgcc/../../../../gcc/libgcc/config/avr/lib1funcs.S:1705
    6018:	3f 4f       	sbci	r19, 0xFF	; 255
/home/jenkins-mingw32/workspace/avr-gcc-staging/label/Ubuntu14.04x64-mingw32/gcc-build/avr/avr5/libgcc/../../../../gcc/libgcc/config/avr/lib1funcs.S:1706
    601a:	4f 4f       	sbci	r20, 0xFF	; 255
/home/jenkins-mingw32/workspace/avr-gcc-staging/label/Ubuntu14.04x64-mingw32/gcc-build/avr/avr5/libgcc/../../../../gcc/libgcc/config/avr/lib1funcs.S:1707
    601c:	5f 4f       	sbci	r21, 0xFF	; 255

0000601e <__divmodsi4_exit>:
/home/jenkins-mingw32/workspace/avr-gcc-staging/label/Ubuntu14.04x64-mingw32/gcc-build/avr/avr5/libgcc/../../../../gcc/libgcc/config/avr/lib1funcs.S:1709
    601e:	08 95       	ret

00006020 <__negsi2>:
__negsi2():
/home/jenkins-mingw32/workspace/avr-gcc-staging/label/Ubuntu14.04x64-mingw32/gcc-build/avr/avr5/libgcc/../../../../gcc/libgcc/config/avr/lib1funcs.S:1718
    6020:	90 95       	com	r25
    6022:	80 95       	com	r24
    6024:	70 95       	com	r23
    6026:	61 95       	neg	r22
    6028:	7f 4f       	sbci	r23, 0xFF	; 255
    602a:	8f 4f       	sbci	r24, 0xFF	; 255
    602c:	9f 4f       	sbci	r25, 0xFF	; 255
/home/jenkins-mingw32/workspace/avr-gcc-staging/label/Ubuntu14.04x64-mingw32/gcc-build/avr/avr5/libgcc/../../../../gcc/libgcc/config/avr/lib1funcs.S:1719
    602e:	08 95       	ret

00006030 <__muldi3>:
__muldi3():
/home/jenkins-mingw32/workspace/avr-gcc-staging/label/Ubuntu14.04x64-mingw32/gcc-build/avr/avr5/libgcc/../../../../gcc/libgcc/config/avr/lib1funcs.S:894
    6030:	df 93       	push	r29
/home/jenkins-mingw32/workspace/avr-gcc-staging/label/Ubuntu14.04x64-mingw32/gcc-build/avr/avr5/libgcc/../../../../gcc/libgcc/config/avr/lib1funcs.S:895
    6032:	cf 93       	push	r28
/home/jenkins-mingw32/workspace/avr-gcc-staging/label/Ubuntu14.04x64-mingw32/gcc-build/avr/avr5/libgcc/../../../../gcc/libgcc/config/avr/lib1funcs.S:896
    6034:	1f 93       	push	r17
/home/jenkins-mingw32/workspace/avr-gcc-staging/label/Ubuntu14.04x64-mingw32/gcc-build/avr/avr5/libgcc/../../../../gcc/libgcc/config/avr/lib1funcs.S:897
    6036:	0f 93       	push	r16
/home/jenkins-mingw32/workspace/avr-gcc-staging/label/Ubuntu14.04x64-mingw32/gcc-build/avr/avr5/libgcc/../../../../gcc/libgcc/config/avr/lib1funcs.S:902
    6038:	9a 9d       	mul	r25, r10
    603a:	f0 2d       	mov	r31, r0
/home/jenkins-mingw32/workspace/avr-gcc-staging/label/Ubuntu14.04x64-mingw32/gcc-build/avr/avr5/libgcc/../../../../gcc/libgcc/config/avr/lib1funcs.S:903
    603c:	21 9f       	mul	r18, r17
    603e:	f0 0d       	add	r31, r0
/home/jenkins-mingw32/workspace/avr-gcc-staging/label/Ubuntu14.04x64-mingw32/gcc-build/avr/avr5/libgcc/../../../../gcc/libgcc/config/avr/lib1funcs.S:904
    6040:	8b 9d       	mul	r24, r11
    6042:	f0 0d       	add	r31, r0
/home/jenkins-mingw32/workspace/avr-gcc-staging/label/Ubuntu14.04x64-mingw32/gcc-build/avr/avr5/libgcc/../../../../gcc/libgcc/config/avr/lib1funcs.S:905
    6044:	8a 9d       	mul	r24, r10
    6046:	e0 2d       	mov	r30, r0
    6048:	f1 0d       	add	r31, r1
/home/jenkins-mingw32/workspace/avr-gcc-staging/label/Ubuntu14.04x64-mingw32/gcc-build/avr/avr5/libgcc/../../../../gcc/libgcc/config/avr/lib1funcs.S:906
    604a:	03 9f       	mul	r16, r19
    604c:	f0 0d       	add	r31, r0
/home/jenkins-mingw32/workspace/avr-gcc-staging/label/Ubuntu14.04x64-mingw32/gcc-build/avr/avr5/libgcc/../../../../gcc/libgcc/config/avr/lib1funcs.S:907
    604e:	02 9f       	mul	r16, r18
    6050:	e0 0d       	add	r30, r0
    6052:	f1 1d       	adc	r31, r1
/home/jenkins-mingw32/workspace/avr-gcc-staging/label/Ubuntu14.04x64-mingw32/gcc-build/avr/avr5/libgcc/../../../../gcc/libgcc/config/avr/lib1funcs.S:910
    6054:	4e 9d       	mul	r20, r14
    6056:	e0 0d       	add	r30, r0
    6058:	f1 1d       	adc	r31, r1
/home/jenkins-mingw32/workspace/avr-gcc-staging/label/Ubuntu14.04x64-mingw32/gcc-build/avr/avr5/libgcc/../../../../gcc/libgcc/config/avr/lib1funcs.S:911
    605a:	5e 9d       	mul	r21, r14
    605c:	f0 0d       	add	r31, r0
/home/jenkins-mingw32/workspace/avr-gcc-staging/label/Ubuntu14.04x64-mingw32/gcc-build/avr/avr5/libgcc/../../../../gcc/libgcc/config/avr/lib1funcs.S:912
    605e:	4f 9d       	mul	r20, r15
    6060:	f0 0d       	add	r31, r0
/home/jenkins-mingw32/workspace/avr-gcc-staging/label/Ubuntu14.04x64-mingw32/gcc-build/avr/avr5/libgcc/../../../../gcc/libgcc/config/avr/lib1funcs.S:914
    6062:	7f 93       	push	r23
/home/jenkins-mingw32/workspace/avr-gcc-staging/label/Ubuntu14.04x64-mingw32/gcc-build/avr/avr5/libgcc/../../../../gcc/libgcc/config/avr/lib1funcs.S:915
    6064:	6f 93       	push	r22
/home/jenkins-mingw32/workspace/avr-gcc-staging/label/Ubuntu14.04x64-mingw32/gcc-build/avr/avr5/libgcc/../../../../gcc/libgcc/config/avr/lib1funcs.S:916
    6066:	bf 92       	push	r11
/home/jenkins-mingw32/workspace/avr-gcc-staging/label/Ubuntu14.04x64-mingw32/gcc-build/avr/avr5/libgcc/../../../../gcc/libgcc/config/avr/lib1funcs.S:917
    6068:	af 92       	push	r10
/home/jenkins-mingw32/workspace/avr-gcc-staging/label/Ubuntu14.04x64-mingw32/gcc-build/avr/avr5/libgcc/../../../../gcc/libgcc/config/avr/lib1funcs.S:918
    606a:	5f 93       	push	r21
/home/jenkins-mingw32/workspace/avr-gcc-staging/label/Ubuntu14.04x64-mingw32/gcc-build/avr/avr5/libgcc/../../../../gcc/libgcc/config/avr/lib1funcs.S:919
    606c:	4f 93       	push	r20
/home/jenkins-mingw32/workspace/avr-gcc-staging/label/Ubuntu14.04x64-mingw32/gcc-build/avr/avr5/libgcc/../../../../gcc/libgcc/config/avr/lib1funcs.S:922
    606e:	d5 01       	movw	r26, r10
/home/jenkins-mingw32/workspace/avr-gcc-staging/label/Ubuntu14.04x64-mingw32/gcc-build/avr/avr5/libgcc/../../../../gcc/libgcc/config/avr/lib1funcs.S:923
    6070:	0e 94 98 2f 	call	0x5f30	; 0x5f30 <__umulhisi3>
/home/jenkins-mingw32/workspace/avr-gcc-staging/label/Ubuntu14.04x64-mingw32/gcc-build/avr/avr5/libgcc/../../../../gcc/libgcc/config/avr/lib1funcs.S:924
    6074:	8b 01       	movw	r16, r22
/home/jenkins-mingw32/workspace/avr-gcc-staging/label/Ubuntu14.04x64-mingw32/gcc-build/avr/avr5/libgcc/../../../../gcc/libgcc/config/avr/lib1funcs.S:925
    6076:	ac 01       	movw	r20, r24
/home/jenkins-mingw32/workspace/avr-gcc-staging/label/Ubuntu14.04x64-mingw32/gcc-build/avr/avr5/libgcc/../../../../gcc/libgcc/config/avr/lib1funcs.S:928
    6078:	d7 01       	movw	r26, r14
/home/jenkins-mingw32/workspace/avr-gcc-staging/label/Ubuntu14.04x64-mingw32/gcc-build/avr/avr5/libgcc/../../../../gcc/libgcc/config/avr/lib1funcs.S:929
    607a:	0e 94 98 2f 	call	0x5f30	; 0x5f30 <__umulhisi3>
    607e:	eb 01       	movw	r28, r22
    6080:	e8 0f       	add	r30, r24
    6082:	f9 1f       	adc	r31, r25
/home/jenkins-mingw32/workspace/avr-gcc-staging/label/Ubuntu14.04x64-mingw32/gcc-build/avr/avr5/libgcc/../../../../gcc/libgcc/config/avr/lib1funcs.S:931
    6084:	d6 01       	movw	r26, r12
/home/jenkins-mingw32/workspace/avr-gcc-staging/label/Ubuntu14.04x64-mingw32/gcc-build/avr/avr5/libgcc/../../../../gcc/libgcc/config/avr/lib1funcs.S:933
    6086:	0e 94 67 30 	call	0x60ce	; 0x60ce <__muldi3_6>
/home/jenkins-mingw32/workspace/avr-gcc-staging/label/Ubuntu14.04x64-mingw32/gcc-build/avr/avr5/libgcc/../../../../gcc/libgcc/config/avr/lib1funcs.S:935
    608a:	2f 91       	pop	r18
/home/jenkins-mingw32/workspace/avr-gcc-staging/label/Ubuntu14.04x64-mingw32/gcc-build/avr/avr5/libgcc/../../../../gcc/libgcc/config/avr/lib1funcs.S:936
    608c:	3f 91       	pop	r19
/home/jenkins-mingw32/workspace/avr-gcc-staging/label/Ubuntu14.04x64-mingw32/gcc-build/avr/avr5/libgcc/../../../../gcc/libgcc/config/avr/lib1funcs.S:938
    608e:	d6 01       	movw	r26, r12
/home/jenkins-mingw32/workspace/avr-gcc-staging/label/Ubuntu14.04x64-mingw32/gcc-build/avr/avr5/libgcc/../../../../gcc/libgcc/config/avr/lib1funcs.S:939
    6090:	0e 94 98 2f 	call	0x5f30	; 0x5f30 <__umulhisi3>
    6094:	c6 0f       	add	r28, r22
    6096:	d7 1f       	adc	r29, r23
    6098:	e8 1f       	adc	r30, r24
    609a:	f9 1f       	adc	r31, r25
/home/jenkins-mingw32/workspace/avr-gcc-staging/label/Ubuntu14.04x64-mingw32/gcc-build/avr/avr5/libgcc/../../../../gcc/libgcc/config/avr/lib1funcs.S:941
    609c:	af 91       	pop	r26
/home/jenkins-mingw32/workspace/avr-gcc-staging/label/Ubuntu14.04x64-mingw32/gcc-build/avr/avr5/libgcc/../../../../gcc/libgcc/config/avr/lib1funcs.S:942
    609e:	bf 91       	pop	r27
/home/jenkins-mingw32/workspace/avr-gcc-staging/label/Ubuntu14.04x64-mingw32/gcc-build/avr/avr5/libgcc/../../../../gcc/libgcc/config/avr/lib1funcs.S:944
    60a0:	0e 94 67 30 	call	0x60ce	; 0x60ce <__muldi3_6>
/home/jenkins-mingw32/workspace/avr-gcc-staging/label/Ubuntu14.04x64-mingw32/gcc-build/avr/avr5/libgcc/../../../../gcc/libgcc/config/avr/lib1funcs.S:946
    60a4:	2f 91       	pop	r18
/home/jenkins-mingw32/workspace/avr-gcc-staging/label/Ubuntu14.04x64-mingw32/gcc-build/avr/avr5/libgcc/../../../../gcc/libgcc/config/avr/lib1funcs.S:947
    60a6:	3f 91       	pop	r19
/home/jenkins-mingw32/workspace/avr-gcc-staging/label/Ubuntu14.04x64-mingw32/gcc-build/avr/avr5/libgcc/../../../../gcc/libgcc/config/avr/lib1funcs.S:949
    60a8:	0e 94 98 2f 	call	0x5f30	; 0x5f30 <__umulhisi3>
    60ac:	c6 0f       	add	r28, r22
    60ae:	d7 1f       	adc	r29, r23
    60b0:	e8 1f       	adc	r30, r24
    60b2:	f9 1f       	adc	r31, r25
/home/jenkins-mingw32/workspace/avr-gcc-staging/label/Ubuntu14.04x64-mingw32/gcc-build/avr/avr5/libgcc/../../../../gcc/libgcc/config/avr/lib1funcs.S:952
    60b4:	d6 01       	movw	r26, r12
/home/jenkins-mingw32/workspace/avr-gcc-staging/label/Ubuntu14.04x64-mingw32/gcc-build/avr/avr5/libgcc/../../../../gcc/libgcc/config/avr/lib1funcs.S:953
    60b6:	0e 94 98 2f 	call	0x5f30	; 0x5f30 <__umulhisi3>
    60ba:	e6 0f       	add	r30, r22
    60bc:	f7 1f       	adc	r31, r23
/home/jenkins-mingw32/workspace/avr-gcc-staging/label/Ubuntu14.04x64-mingw32/gcc-build/avr/avr5/libgcc/../../../../gcc/libgcc/config/avr/lib1funcs.S:956
    60be:	98 01       	movw	r18, r16
/home/jenkins-mingw32/workspace/avr-gcc-staging/label/Ubuntu14.04x64-mingw32/gcc-build/avr/avr5/libgcc/../../../../gcc/libgcc/config/avr/lib1funcs.S:958
    60c0:	be 01       	movw	r22, r28
/home/jenkins-mingw32/workspace/avr-gcc-staging/label/Ubuntu14.04x64-mingw32/gcc-build/avr/avr5/libgcc/../../../../gcc/libgcc/config/avr/lib1funcs.S:959
    60c2:	cf 01       	movw	r24, r30
/home/jenkins-mingw32/workspace/avr-gcc-staging/label/Ubuntu14.04x64-mingw32/gcc-build/avr/avr5/libgcc/../../../../gcc/libgcc/config/avr/lib1funcs.S:961
    60c4:	0f 91       	pop	r16
/home/jenkins-mingw32/workspace/avr-gcc-staging/label/Ubuntu14.04x64-mingw32/gcc-build/avr/avr5/libgcc/../../../../gcc/libgcc/config/avr/lib1funcs.S:962
    60c6:	1f 91       	pop	r17
/home/jenkins-mingw32/workspace/avr-gcc-staging/label/Ubuntu14.04x64-mingw32/gcc-build/avr/avr5/libgcc/../../../../gcc/libgcc/config/avr/lib1funcs.S:963
    60c8:	cf 91       	pop	r28
/home/jenkins-mingw32/workspace/avr-gcc-staging/label/Ubuntu14.04x64-mingw32/gcc-build/avr/avr5/libgcc/../../../../gcc/libgcc/config/avr/lib1funcs.S:964
    60ca:	df 91       	pop	r29
/home/jenkins-mingw32/workspace/avr-gcc-staging/label/Ubuntu14.04x64-mingw32/gcc-build/avr/avr5/libgcc/../../../../gcc/libgcc/config/avr/lib1funcs.S:965
    60cc:	08 95       	ret

000060ce <__muldi3_6>:
__muldi3_6():
/home/jenkins-mingw32/workspace/avr-gcc-staging/label/Ubuntu14.04x64-mingw32/gcc-build/avr/avr5/libgcc/../../../../gcc/libgcc/config/avr/lib1funcs.S:973
    60ce:	0e 94 98 2f 	call	0x5f30	; 0x5f30 <__umulhisi3>
/home/jenkins-mingw32/workspace/avr-gcc-staging/label/Ubuntu14.04x64-mingw32/gcc-build/avr/avr5/libgcc/../../../../gcc/libgcc/config/avr/lib1funcs.S:974
    60d2:	46 0f       	add	r20, r22
/home/jenkins-mingw32/workspace/avr-gcc-staging/label/Ubuntu14.04x64-mingw32/gcc-build/avr/avr5/libgcc/../../../../gcc/libgcc/config/avr/lib1funcs.S:975
    60d4:	57 1f       	adc	r21, r23
/home/jenkins-mingw32/workspace/avr-gcc-staging/label/Ubuntu14.04x64-mingw32/gcc-build/avr/avr5/libgcc/../../../../gcc/libgcc/config/avr/lib1funcs.S:976
    60d6:	c8 1f       	adc	r28, r24
/home/jenkins-mingw32/workspace/avr-gcc-staging/label/Ubuntu14.04x64-mingw32/gcc-build/avr/avr5/libgcc/../../../../gcc/libgcc/config/avr/lib1funcs.S:977
    60d8:	d9 1f       	adc	r29, r25
/home/jenkins-mingw32/workspace/avr-gcc-staging/label/Ubuntu14.04x64-mingw32/gcc-build/avr/avr5/libgcc/../../../../gcc/libgcc/config/avr/lib1funcs.S:978
    60da:	08 f4       	brcc	.+2      	; 0x60de <__muldi3_6+0x10>
/home/jenkins-mingw32/workspace/avr-gcc-staging/label/Ubuntu14.04x64-mingw32/gcc-build/avr/avr5/libgcc/../../../../gcc/libgcc/config/avr/lib1funcs.S:979
    60dc:	31 96       	adiw	r30, 0x01	; 1
/home/jenkins-mingw32/workspace/avr-gcc-staging/label/Ubuntu14.04x64-mingw32/gcc-build/avr/avr5/libgcc/../../../../gcc/libgcc/config/avr/lib1funcs.S:980
    60de:	08 95       	ret

000060e0 <__mulsidi3>:
__mulsidi3():
/home/jenkins-mingw32/workspace/avr-gcc-staging/label/Ubuntu14.04x64-mingw32/gcc-build/avr/avr5/libgcc/../../../../gcc/libgcc/config/avr/lib1funcs.S:1194
    60e0:	97 fb       	bst	r25, 7
/home/jenkins-mingw32/workspace/avr-gcc-staging/label/Ubuntu14.04x64-mingw32/gcc-build/avr/avr5/libgcc/../../../../gcc/libgcc/config/avr/lib1funcs.S:1195
    60e2:	57 ff       	sbrs	r21, 7
/home/jenkins-mingw32/workspace/avr-gcc-staging/label/Ubuntu14.04x64-mingw32/gcc-build/avr/avr5/libgcc/../../../../gcc/libgcc/config/avr/lib1funcs.S:1196
    60e4:	0c 94 80 30 	jmp	0x6100	; 0x6100 <__umulsidi3_helper>
/home/jenkins-mingw32/workspace/avr-gcc-staging/label/Ubuntu14.04x64-mingw32/gcc-build/avr/avr5/libgcc/../../../../gcc/libgcc/config/avr/lib1funcs.S:1199
    60e8:	9f 93       	push	r25
/home/jenkins-mingw32/workspace/avr-gcc-staging/label/Ubuntu14.04x64-mingw32/gcc-build/avr/avr5/libgcc/../../../../gcc/libgcc/config/avr/lib1funcs.S:1200
    60ea:	8f 93       	push	r24
/home/jenkins-mingw32/workspace/avr-gcc-staging/label/Ubuntu14.04x64-mingw32/gcc-build/avr/avr5/libgcc/../../../../gcc/libgcc/config/avr/lib1funcs.S:1201
    60ec:	0e 94 80 30 	call	0x6100	; 0x6100 <__umulsidi3_helper>
/home/jenkins-mingw32/workspace/avr-gcc-staging/label/Ubuntu14.04x64-mingw32/gcc-build/avr/avr5/libgcc/../../../../gcc/libgcc/config/avr/lib1funcs.S:1203
    60f0:	6e 1b       	sub	r22, r30
/home/jenkins-mingw32/workspace/avr-gcc-staging/label/Ubuntu14.04x64-mingw32/gcc-build/avr/avr5/libgcc/../../../../gcc/libgcc/config/avr/lib1funcs.S:1204
    60f2:	7f 0b       	sbc	r23, r31
/home/jenkins-mingw32/workspace/avr-gcc-staging/label/Ubuntu14.04x64-mingw32/gcc-build/avr/avr5/libgcc/../../../../gcc/libgcc/config/avr/lib1funcs.S:1205
    60f4:	af 91       	pop	r26
/home/jenkins-mingw32/workspace/avr-gcc-staging/label/Ubuntu14.04x64-mingw32/gcc-build/avr/avr5/libgcc/../../../../gcc/libgcc/config/avr/lib1funcs.S:1206
    60f6:	bf 91       	pop	r27
/home/jenkins-mingw32/workspace/avr-gcc-staging/label/Ubuntu14.04x64-mingw32/gcc-build/avr/avr5/libgcc/../../../../gcc/libgcc/config/avr/lib1funcs.S:1207
    60f8:	8a 0b       	sbc	r24, r26
/home/jenkins-mingw32/workspace/avr-gcc-staging/label/Ubuntu14.04x64-mingw32/gcc-build/avr/avr5/libgcc/../../../../gcc/libgcc/config/avr/lib1funcs.S:1208
    60fa:	9b 0b       	sbc	r25, r27
/home/jenkins-mingw32/workspace/avr-gcc-staging/label/Ubuntu14.04x64-mingw32/gcc-build/avr/avr5/libgcc/../../../../gcc/libgcc/config/avr/lib1funcs.S:1209
    60fc:	08 95       	ret

000060fe <__umulsidi3>:
__umulsidi3():
/home/jenkins-mingw32/workspace/avr-gcc-staging/label/Ubuntu14.04x64-mingw32/gcc-build/avr/avr5/libgcc/../../../../gcc/libgcc/config/avr/lib1funcs.S:1130
    60fe:	e8 94       	clt

00006100 <__umulsidi3_helper>:
__umulsidi3_helper():
/home/jenkins-mingw32/workspace/avr-gcc-staging/label/Ubuntu14.04x64-mingw32/gcc-build/avr/avr5/libgcc/../../../../gcc/libgcc/config/avr/lib1funcs.S:1135
    6100:	df 93       	push	r29
    6102:	cf 93       	push	r28
/home/jenkins-mingw32/workspace/avr-gcc-staging/label/Ubuntu14.04x64-mingw32/gcc-build/avr/avr5/libgcc/../../../../gcc/libgcc/config/avr/lib1funcs.S:1136
    6104:	fc 01       	movw	r30, r24
/home/jenkins-mingw32/workspace/avr-gcc-staging/label/Ubuntu14.04x64-mingw32/gcc-build/avr/avr5/libgcc/../../../../gcc/libgcc/config/avr/lib1funcs.S:1139
    6106:	db 01       	movw	r26, r22
/home/jenkins-mingw32/workspace/avr-gcc-staging/label/Ubuntu14.04x64-mingw32/gcc-build/avr/avr5/libgcc/../../../../gcc/libgcc/config/avr/lib1funcs.S:1140
    6108:	0e 94 98 2f 	call	0x5f30	; 0x5f30 <__umulhisi3>
/home/jenkins-mingw32/workspace/avr-gcc-staging/label/Ubuntu14.04x64-mingw32/gcc-build/avr/avr5/libgcc/../../../../gcc/libgcc/config/avr/lib1funcs.S:1141
    610c:	7f 93       	push	r23
    610e:	6f 93       	push	r22
/home/jenkins-mingw32/workspace/avr-gcc-staging/label/Ubuntu14.04x64-mingw32/gcc-build/avr/avr5/libgcc/../../../../gcc/libgcc/config/avr/lib1funcs.S:1142
    6110:	e9 01       	movw	r28, r18
/home/jenkins-mingw32/workspace/avr-gcc-staging/label/Ubuntu14.04x64-mingw32/gcc-build/avr/avr5/libgcc/../../../../gcc/libgcc/config/avr/lib1funcs.S:1143
    6112:	9a 01       	movw	r18, r20
/home/jenkins-mingw32/workspace/avr-gcc-staging/label/Ubuntu14.04x64-mingw32/gcc-build/avr/avr5/libgcc/../../../../gcc/libgcc/config/avr/lib1funcs.S:1144
    6114:	ac 01       	movw	r20, r24
/home/jenkins-mingw32/workspace/avr-gcc-staging/label/Ubuntu14.04x64-mingw32/gcc-build/avr/avr5/libgcc/../../../../gcc/libgcc/config/avr/lib1funcs.S:1145
    6116:	bf 93       	push	r27
    6118:	af 93       	push	r26
/home/jenkins-mingw32/workspace/avr-gcc-staging/label/Ubuntu14.04x64-mingw32/gcc-build/avr/avr5/libgcc/../../../../gcc/libgcc/config/avr/lib1funcs.S:1146
    611a:	3f 93       	push	r19
    611c:	2f 93       	push	r18
/home/jenkins-mingw32/workspace/avr-gcc-staging/label/Ubuntu14.04x64-mingw32/gcc-build/avr/avr5/libgcc/../../../../gcc/libgcc/config/avr/lib1funcs.S:1151
    611e:	df 01       	movw	r26, r30
/home/jenkins-mingw32/workspace/avr-gcc-staging/label/Ubuntu14.04x64-mingw32/gcc-build/avr/avr5/libgcc/../../../../gcc/libgcc/config/avr/lib1funcs.S:1152
    6120:	0e 94 98 2f 	call	0x5f30	; 0x5f30 <__umulhisi3>
/home/jenkins-mingw32/workspace/avr-gcc-staging/label/Ubuntu14.04x64-mingw32/gcc-build/avr/avr5/libgcc/../../../../gcc/libgcc/config/avr/lib1funcs.S:1154
    6124:	26 f4       	brtc	.+8      	; 0x612e <__umulsidi3_helper+0x2e>
/home/jenkins-mingw32/workspace/avr-gcc-staging/label/Ubuntu14.04x64-mingw32/gcc-build/avr/avr5/libgcc/../../../../gcc/libgcc/config/avr/lib1funcs.S:1156
    6126:	6c 1b       	sub	r22, r28
/home/jenkins-mingw32/workspace/avr-gcc-staging/label/Ubuntu14.04x64-mingw32/gcc-build/avr/avr5/libgcc/../../../../gcc/libgcc/config/avr/lib1funcs.S:1157
    6128:	7d 0b       	sbc	r23, r29
/home/jenkins-mingw32/workspace/avr-gcc-staging/label/Ubuntu14.04x64-mingw32/gcc-build/avr/avr5/libgcc/../../../../gcc/libgcc/config/avr/lib1funcs.S:1158
    612a:	82 0b       	sbc	r24, r18
/home/jenkins-mingw32/workspace/avr-gcc-staging/label/Ubuntu14.04x64-mingw32/gcc-build/avr/avr5/libgcc/../../../../gcc/libgcc/config/avr/lib1funcs.S:1159
    612c:	93 0b       	sbc	r25, r19
/home/jenkins-mingw32/workspace/avr-gcc-staging/label/Ubuntu14.04x64-mingw32/gcc-build/avr/avr5/libgcc/../../../../gcc/libgcc/config/avr/lib1funcs.S:1160
    612e:	9e 01       	movw	r18, r28
/home/jenkins-mingw32/workspace/avr-gcc-staging/label/Ubuntu14.04x64-mingw32/gcc-build/avr/avr5/libgcc/../../../../gcc/libgcc/config/avr/lib1funcs.S:1161
    6130:	eb 01       	movw	r28, r22
/home/jenkins-mingw32/workspace/avr-gcc-staging/label/Ubuntu14.04x64-mingw32/gcc-build/avr/avr5/libgcc/../../../../gcc/libgcc/config/avr/lib1funcs.S:1162
    6132:	fc 01       	movw	r30, r24
/home/jenkins-mingw32/workspace/avr-gcc-staging/label/Ubuntu14.04x64-mingw32/gcc-build/avr/avr5/libgcc/../../../../gcc/libgcc/config/avr/lib1funcs.S:1168
    6134:	0e 94 67 30 	call	0x60ce	; 0x60ce <__muldi3_6>
/home/jenkins-mingw32/workspace/avr-gcc-staging/label/Ubuntu14.04x64-mingw32/gcc-build/avr/avr5/libgcc/../../../../gcc/libgcc/config/avr/lib1funcs.S:1170
    6138:	af 91       	pop	r26
    613a:	bf 91       	pop	r27
/home/jenkins-mingw32/workspace/avr-gcc-staging/label/Ubuntu14.04x64-mingw32/gcc-build/avr/avr5/libgcc/../../../../gcc/libgcc/config/avr/lib1funcs.S:1171
    613c:	2f 91       	pop	r18
    613e:	3f 91       	pop	r19
/home/jenkins-mingw32/workspace/avr-gcc-staging/label/Ubuntu14.04x64-mingw32/gcc-build/avr/avr5/libgcc/../../../../gcc/libgcc/config/avr/lib1funcs.S:1172
    6140:	0e 94 67 30 	call	0x60ce	; 0x60ce <__muldi3_6>
/home/jenkins-mingw32/workspace/avr-gcc-staging/label/Ubuntu14.04x64-mingw32/gcc-build/avr/avr5/libgcc/../../../../gcc/libgcc/config/avr/lib1funcs.S:1175
    6144:	be 01       	movw	r22, r28
/home/jenkins-mingw32/workspace/avr-gcc-staging/label/Ubuntu14.04x64-mingw32/gcc-build/avr/avr5/libgcc/../../../../gcc/libgcc/config/avr/lib1funcs.S:1176
    6146:	cf 01       	movw	r24, r30
/home/jenkins-mingw32/workspace/avr-gcc-staging/label/Ubuntu14.04x64-mingw32/gcc-build/avr/avr5/libgcc/../../../../gcc/libgcc/config/avr/lib1funcs.S:1177
    6148:	f9 01       	movw	r30, r18
/home/jenkins-mingw32/workspace/avr-gcc-staging/label/Ubuntu14.04x64-mingw32/gcc-build/avr/avr5/libgcc/../../../../gcc/libgcc/config/avr/lib1funcs.S:1178
    614a:	2f 91       	pop	r18
    614c:	3f 91       	pop	r19
/home/jenkins-mingw32/workspace/avr-gcc-staging/label/Ubuntu14.04x64-mingw32/gcc-build/avr/avr5/libgcc/../../../../gcc/libgcc/config/avr/lib1funcs.S:1181
    614e:	cf 91       	pop	r28
    6150:	df 91       	pop	r29
/home/jenkins-mingw32/workspace/avr-gcc-staging/label/Ubuntu14.04x64-mingw32/gcc-build/avr/avr5/libgcc/../../../../gcc/libgcc/config/avr/lib1funcs.S:1182
    6152:	08 95       	ret

00006154 <__ashldi3>:
__ashldi3():
/home/jenkins-mingw32/workspace/avr-gcc-staging/label/Ubuntu14.04x64-mingw32/gcc-build/avr/avr5/libgcc/../../../../gcc/libgcc/config/avr/lib1funcs.S:3169
    6154:	00 2e       	mov	r0, r16
/home/jenkins-mingw32/workspace/avr-gcc-staging/label/Ubuntu14.04x64-mingw32/gcc-build/avr/avr5/libgcc/../../../../gcc/libgcc/config/avr/lib1funcs.S:3170
    6156:	08 30       	cpi	r16, 0x08	; 8
/home/jenkins-mingw32/workspace/avr-gcc-staging/label/Ubuntu14.04x64-mingw32/gcc-build/avr/avr5/libgcc/../../../../gcc/libgcc/config/avr/lib1funcs.S:3171
    6158:	90 f0       	brcs	.+36     	; 0x617e <__ashldi3+0x2a>
/home/jenkins-mingw32/workspace/avr-gcc-staging/label/Ubuntu14.04x64-mingw32/gcc-build/avr/avr5/libgcc/../../../../gcc/libgcc/config/avr/lib1funcs.S:3172
    615a:	98 2f       	mov	r25, r24
/home/jenkins-mingw32/workspace/avr-gcc-staging/label/Ubuntu14.04x64-mingw32/gcc-build/avr/avr5/libgcc/../../../../gcc/libgcc/config/avr/lib1funcs.S:3173
    615c:	87 2f       	mov	r24, r23
/home/jenkins-mingw32/workspace/avr-gcc-staging/label/Ubuntu14.04x64-mingw32/gcc-build/avr/avr5/libgcc/../../../../gcc/libgcc/config/avr/lib1funcs.S:3174
    615e:	76 2f       	mov	r23, r22
/home/jenkins-mingw32/workspace/avr-gcc-staging/label/Ubuntu14.04x64-mingw32/gcc-build/avr/avr5/libgcc/../../../../gcc/libgcc/config/avr/lib1funcs.S:3175
    6160:	65 2f       	mov	r22, r21
/home/jenkins-mingw32/workspace/avr-gcc-staging/label/Ubuntu14.04x64-mingw32/gcc-build/avr/avr5/libgcc/../../../../gcc/libgcc/config/avr/lib1funcs.S:3176
    6162:	54 2f       	mov	r21, r20
/home/jenkins-mingw32/workspace/avr-gcc-staging/label/Ubuntu14.04x64-mingw32/gcc-build/avr/avr5/libgcc/../../../../gcc/libgcc/config/avr/lib1funcs.S:3177
    6164:	43 2f       	mov	r20, r19
/home/jenkins-mingw32/workspace/avr-gcc-staging/label/Ubuntu14.04x64-mingw32/gcc-build/avr/avr5/libgcc/../../../../gcc/libgcc/config/avr/lib1funcs.S:3178
    6166:	32 2f       	mov	r19, r18
/home/jenkins-mingw32/workspace/avr-gcc-staging/label/Ubuntu14.04x64-mingw32/gcc-build/avr/avr5/libgcc/../../../../gcc/libgcc/config/avr/lib1funcs.S:3179
    6168:	22 27       	eor	r18, r18
/home/jenkins-mingw32/workspace/avr-gcc-staging/label/Ubuntu14.04x64-mingw32/gcc-build/avr/avr5/libgcc/../../../../gcc/libgcc/config/avr/lib1funcs.S:3180
    616a:	08 50       	subi	r16, 0x08	; 8
/home/jenkins-mingw32/workspace/avr-gcc-staging/label/Ubuntu14.04x64-mingw32/gcc-build/avr/avr5/libgcc/../../../../gcc/libgcc/config/avr/lib1funcs.S:3181
    616c:	f4 cf       	rjmp	.-24     	; 0x6156 <__ashldi3+0x2>
/home/jenkins-mingw32/workspace/avr-gcc-staging/label/Ubuntu14.04x64-mingw32/gcc-build/avr/avr5/libgcc/../../../../gcc/libgcc/config/avr/lib1funcs.S:3182
    616e:	22 0f       	add	r18, r18
/home/jenkins-mingw32/workspace/avr-gcc-staging/label/Ubuntu14.04x64-mingw32/gcc-build/avr/avr5/libgcc/../../../../gcc/libgcc/config/avr/lib1funcs.S:3183
    6170:	33 1f       	adc	r19, r19
/home/jenkins-mingw32/workspace/avr-gcc-staging/label/Ubuntu14.04x64-mingw32/gcc-build/avr/avr5/libgcc/../../../../gcc/libgcc/config/avr/lib1funcs.S:3184
    6172:	44 1f       	adc	r20, r20
/home/jenkins-mingw32/workspace/avr-gcc-staging/label/Ubuntu14.04x64-mingw32/gcc-build/avr/avr5/libgcc/../../../../gcc/libgcc/config/avr/lib1funcs.S:3185
    6174:	55 1f       	adc	r21, r21
/home/jenkins-mingw32/workspace/avr-gcc-staging/label/Ubuntu14.04x64-mingw32/gcc-build/avr/avr5/libgcc/../../../../gcc/libgcc/config/avr/lib1funcs.S:3186
    6176:	66 1f       	adc	r22, r22
/home/jenkins-mingw32/workspace/avr-gcc-staging/label/Ubuntu14.04x64-mingw32/gcc-build/avr/avr5/libgcc/../../../../gcc/libgcc/config/avr/lib1funcs.S:3187
    6178:	77 1f       	adc	r23, r23
/home/jenkins-mingw32/workspace/avr-gcc-staging/label/Ubuntu14.04x64-mingw32/gcc-build/avr/avr5/libgcc/../../../../gcc/libgcc/config/avr/lib1funcs.S:3188
    617a:	88 1f       	adc	r24, r24
/home/jenkins-mingw32/workspace/avr-gcc-staging/label/Ubuntu14.04x64-mingw32/gcc-build/avr/avr5/libgcc/../../../../gcc/libgcc/config/avr/lib1funcs.S:3189
    617c:	99 1f       	adc	r25, r25
/home/jenkins-mingw32/workspace/avr-gcc-staging/label/Ubuntu14.04x64-mingw32/gcc-build/avr/avr5/libgcc/../../../../gcc/libgcc/config/avr/lib1funcs.S:3190
    617e:	0a 95       	dec	r16
/home/jenkins-mingw32/workspace/avr-gcc-staging/label/Ubuntu14.04x64-mingw32/gcc-build/avr/avr5/libgcc/../../../../gcc/libgcc/config/avr/lib1funcs.S:3191
    6180:	b2 f7       	brpl	.-20     	; 0x616e <__ashldi3+0x1a>
/home/jenkins-mingw32/workspace/avr-gcc-staging/label/Ubuntu14.04x64-mingw32/gcc-build/avr/avr5/libgcc/../../../../gcc/libgcc/config/avr/lib1funcs.S:3192
    6182:	00 2d       	mov	r16, r0
/home/jenkins-mingw32/workspace/avr-gcc-staging/label/Ubuntu14.04x64-mingw32/gcc-build/avr/avr5/libgcc/../../../../gcc/libgcc/config/avr/lib1funcs.S:3193
    6184:	08 95       	ret

00006186 <__ashrdi3>:
__ashrdi3():
/home/jenkins-mingw32/workspace/avr-gcc-staging/label/Ubuntu14.04x64-mingw32/gcc-build/avr/avr5/libgcc/../../../../gcc/libgcc/config/avr/lib1funcs.S:3122
    6186:	97 fd       	sbrc	r25, 7
/home/jenkins-mingw32/workspace/avr-gcc-staging/label/Ubuntu14.04x64-mingw32/gcc-build/avr/avr5/libgcc/../../../../gcc/libgcc/config/avr/lib1funcs.S:3123
    6188:	10 94       	com	r1

0000618a <__lshrdi3>:
__lshrdi3():
/home/jenkins-mingw32/workspace/avr-gcc-staging/label/Ubuntu14.04x64-mingw32/gcc-build/avr/avr5/libgcc/../../../../gcc/libgcc/config/avr/lib1funcs.S:3131
    618a:	00 2e       	mov	r0, r16
/home/jenkins-mingw32/workspace/avr-gcc-staging/label/Ubuntu14.04x64-mingw32/gcc-build/avr/avr5/libgcc/../../../../gcc/libgcc/config/avr/lib1funcs.S:3132
    618c:	08 30       	cpi	r16, 0x08	; 8
/home/jenkins-mingw32/workspace/avr-gcc-staging/label/Ubuntu14.04x64-mingw32/gcc-build/avr/avr5/libgcc/../../../../gcc/libgcc/config/avr/lib1funcs.S:3133
    618e:	98 f0       	brcs	.+38     	; 0x61b6 <__lshrdi3+0x2c>
/home/jenkins-mingw32/workspace/avr-gcc-staging/label/Ubuntu14.04x64-mingw32/gcc-build/avr/avr5/libgcc/../../../../gcc/libgcc/config/avr/lib1funcs.S:3134
    6190:	08 50       	subi	r16, 0x08	; 8
/home/jenkins-mingw32/workspace/avr-gcc-staging/label/Ubuntu14.04x64-mingw32/gcc-build/avr/avr5/libgcc/../../../../gcc/libgcc/config/avr/lib1funcs.S:3135
    6192:	23 2f       	mov	r18, r19
/home/jenkins-mingw32/workspace/avr-gcc-staging/label/Ubuntu14.04x64-mingw32/gcc-build/avr/avr5/libgcc/../../../../gcc/libgcc/config/avr/lib1funcs.S:3136
    6194:	34 2f       	mov	r19, r20
/home/jenkins-mingw32/workspace/avr-gcc-staging/label/Ubuntu14.04x64-mingw32/gcc-build/avr/avr5/libgcc/../../../../gcc/libgcc/config/avr/lib1funcs.S:3137
    6196:	45 2f       	mov	r20, r21
/home/jenkins-mingw32/workspace/avr-gcc-staging/label/Ubuntu14.04x64-mingw32/gcc-build/avr/avr5/libgcc/../../../../gcc/libgcc/config/avr/lib1funcs.S:3138
    6198:	56 2f       	mov	r21, r22
/home/jenkins-mingw32/workspace/avr-gcc-staging/label/Ubuntu14.04x64-mingw32/gcc-build/avr/avr5/libgcc/../../../../gcc/libgcc/config/avr/lib1funcs.S:3139
    619a:	67 2f       	mov	r22, r23
/home/jenkins-mingw32/workspace/avr-gcc-staging/label/Ubuntu14.04x64-mingw32/gcc-build/avr/avr5/libgcc/../../../../gcc/libgcc/config/avr/lib1funcs.S:3140
    619c:	78 2f       	mov	r23, r24
/home/jenkins-mingw32/workspace/avr-gcc-staging/label/Ubuntu14.04x64-mingw32/gcc-build/avr/avr5/libgcc/../../../../gcc/libgcc/config/avr/lib1funcs.S:3141
    619e:	89 2f       	mov	r24, r25
/home/jenkins-mingw32/workspace/avr-gcc-staging/label/Ubuntu14.04x64-mingw32/gcc-build/avr/avr5/libgcc/../../../../gcc/libgcc/config/avr/lib1funcs.S:3142
    61a0:	91 2d       	mov	r25, r1
/home/jenkins-mingw32/workspace/avr-gcc-staging/label/Ubuntu14.04x64-mingw32/gcc-build/avr/avr5/libgcc/../../../../gcc/libgcc/config/avr/lib1funcs.S:3143
    61a2:	f4 cf       	rjmp	.-24     	; 0x618c <__lshrdi3+0x2>
/home/jenkins-mingw32/workspace/avr-gcc-staging/label/Ubuntu14.04x64-mingw32/gcc-build/avr/avr5/libgcc/../../../../gcc/libgcc/config/avr/lib1funcs.S:3144
    61a4:	15 94       	asr	r1
/home/jenkins-mingw32/workspace/avr-gcc-staging/label/Ubuntu14.04x64-mingw32/gcc-build/avr/avr5/libgcc/../../../../gcc/libgcc/config/avr/lib1funcs.S:3145
    61a6:	97 95       	ror	r25
/home/jenkins-mingw32/workspace/avr-gcc-staging/label/Ubuntu14.04x64-mingw32/gcc-build/avr/avr5/libgcc/../../../../gcc/libgcc/config/avr/lib1funcs.S:3146
    61a8:	87 95       	ror	r24
/home/jenkins-mingw32/workspace/avr-gcc-staging/label/Ubuntu14.04x64-mingw32/gcc-build/avr/avr5/libgcc/../../../../gcc/libgcc/config/avr/lib1funcs.S:3147
    61aa:	77 95       	ror	r23
/home/jenkins-mingw32/workspace/avr-gcc-staging/label/Ubuntu14.04x64-mingw32/gcc-build/avr/avr5/libgcc/../../../../gcc/libgcc/config/avr/lib1funcs.S:3148
    61ac:	67 95       	ror	r22
/home/jenkins-mingw32/workspace/avr-gcc-staging/label/Ubuntu14.04x64-mingw32/gcc-build/avr/avr5/libgcc/../../../../gcc/libgcc/config/avr/lib1funcs.S:3149
    61ae:	57 95       	ror	r21
/home/jenkins-mingw32/workspace/avr-gcc-staging/label/Ubuntu14.04x64-mingw32/gcc-build/avr/avr5/libgcc/../../../../gcc/libgcc/config/avr/lib1funcs.S:3150
    61b0:	47 95       	ror	r20
/home/jenkins-mingw32/workspace/avr-gcc-staging/label/Ubuntu14.04x64-mingw32/gcc-build/avr/avr5/libgcc/../../../../gcc/libgcc/config/avr/lib1funcs.S:3151
    61b2:	37 95       	ror	r19
/home/jenkins-mingw32/workspace/avr-gcc-staging/label/Ubuntu14.04x64-mingw32/gcc-build/avr/avr5/libgcc/../../../../gcc/libgcc/config/avr/lib1funcs.S:3152
    61b4:	27 95       	ror	r18
/home/jenkins-mingw32/workspace/avr-gcc-staging/label/Ubuntu14.04x64-mingw32/gcc-build/avr/avr5/libgcc/../../../../gcc/libgcc/config/avr/lib1funcs.S:3153
    61b6:	0a 95       	dec	r16
/home/jenkins-mingw32/workspace/avr-gcc-staging/label/Ubuntu14.04x64-mingw32/gcc-build/avr/avr5/libgcc/../../../../gcc/libgcc/config/avr/lib1funcs.S:3154
    61b8:	aa f7       	brpl	.-22     	; 0x61a4 <__lshrdi3+0x1a>
/home/jenkins-mingw32/workspace/avr-gcc-staging/label/Ubuntu14.04x64-mingw32/gcc-build/avr/avr5/libgcc/../../../../gcc/libgcc/config/avr/lib1funcs.S:3155
    61ba:	11 24       	eor	r1, r1
/home/jenkins-mingw32/workspace/avr-gcc-staging/label/Ubuntu14.04x64-mingw32/gcc-build/avr/avr5/libgcc/../../../../gcc/libgcc/config/avr/lib1funcs.S:3156
    61bc:	00 2d       	mov	r16, r0
/home/jenkins-mingw32/workspace/avr-gcc-staging/label/Ubuntu14.04x64-mingw32/gcc-build/avr/avr5/libgcc/../../../../gcc/libgcc/config/avr/lib1funcs.S:3157
    61be:	08 95       	ret

000061c0 <__adddi3>:
__adddi3():
/home/jenkins-mingw32/workspace/avr-gcc-staging/label/Ubuntu14.04x64-mingw32/gcc-build/avr/avr5/libgcc/../../../../gcc/libgcc/config/avr/lib1funcs.S:2051
    61c0:	2a 0d       	add	r18, r10
    61c2:	3b 1d       	adc	r19, r11
    61c4:	4c 1d       	adc	r20, r12
    61c6:	5d 1d       	adc	r21, r13
/home/jenkins-mingw32/workspace/avr-gcc-staging/label/Ubuntu14.04x64-mingw32/gcc-build/avr/avr5/libgcc/../../../../gcc/libgcc/config/avr/lib1funcs.S:2052
    61c8:	6e 1d       	adc	r22, r14
    61ca:	7f 1d       	adc	r23, r15
    61cc:	80 1f       	adc	r24, r16
    61ce:	91 1f       	adc	r25, r17
/home/jenkins-mingw32/workspace/avr-gcc-staging/label/Ubuntu14.04x64-mingw32/gcc-build/avr/avr5/libgcc/../../../../gcc/libgcc/config/avr/lib1funcs.S:2053
    61d0:	08 95       	ret

000061d2 <__adddi3_s8>:
__adddi3_s8():
/home/jenkins-mingw32/workspace/avr-gcc-staging/label/Ubuntu14.04x64-mingw32/gcc-build/avr/avr5/libgcc/../../../../gcc/libgcc/config/avr/lib1funcs.S:2064
    61d2:	00 24       	eor	r0, r0
/home/jenkins-mingw32/workspace/avr-gcc-staging/label/Ubuntu14.04x64-mingw32/gcc-build/avr/avr5/libgcc/../../../../gcc/libgcc/config/avr/lib1funcs.S:2065
    61d4:	a7 fd       	sbrc	r26, 7
/home/jenkins-mingw32/workspace/avr-gcc-staging/label/Ubuntu14.04x64-mingw32/gcc-build/avr/avr5/libgcc/../../../../gcc/libgcc/config/avr/lib1funcs.S:2066
    61d6:	00 94       	com	r0
/home/jenkins-mingw32/workspace/avr-gcc-staging/label/Ubuntu14.04x64-mingw32/gcc-build/avr/avr5/libgcc/../../../../gcc/libgcc/config/avr/lib1funcs.S:2067
    61d8:	2a 0f       	add	r18, r26
    61da:	30 1d       	adc	r19, r0
    61dc:	40 1d       	adc	r20, r0
    61de:	50 1d       	adc	r21, r0
/home/jenkins-mingw32/workspace/avr-gcc-staging/label/Ubuntu14.04x64-mingw32/gcc-build/avr/avr5/libgcc/../../../../gcc/libgcc/config/avr/lib1funcs.S:2068
    61e0:	60 1d       	adc	r22, r0
    61e2:	70 1d       	adc	r23, r0
    61e4:	80 1d       	adc	r24, r0
    61e6:	90 1d       	adc	r25, r0
/home/jenkins-mingw32/workspace/avr-gcc-staging/label/Ubuntu14.04x64-mingw32/gcc-build/avr/avr5/libgcc/../../../../gcc/libgcc/config/avr/lib1funcs.S:2069
    61e8:	08 95       	ret

000061ea <__subdi3>:
__subdi3():
/home/jenkins-mingw32/workspace/avr-gcc-staging/label/Ubuntu14.04x64-mingw32/gcc-build/avr/avr5/libgcc/../../../../gcc/libgcc/config/avr/lib1funcs.S:2080
    61ea:	2a 19       	sub	r18, r10
    61ec:	3b 09       	sbc	r19, r11
    61ee:	4c 09       	sbc	r20, r12
    61f0:	5d 09       	sbc	r21, r13
/home/jenkins-mingw32/workspace/avr-gcc-staging/label/Ubuntu14.04x64-mingw32/gcc-build/avr/avr5/libgcc/../../../../gcc/libgcc/config/avr/lib1funcs.S:2081
    61f2:	6e 09       	sbc	r22, r14
    61f4:	7f 09       	sbc	r23, r15
    61f6:	80 0b       	sbc	r24, r16
    61f8:	91 0b       	sbc	r25, r17
/home/jenkins-mingw32/workspace/avr-gcc-staging/label/Ubuntu14.04x64-mingw32/gcc-build/avr/avr5/libgcc/../../../../gcc/libgcc/config/avr/lib1funcs.S:2082
    61fa:	08 95       	ret

000061fc <__cmpdi2_s8>:
__cmpdi2_s8():
/home/jenkins-mingw32/workspace/avr-gcc-staging/label/Ubuntu14.04x64-mingw32/gcc-build/avr/avr5/libgcc/../../../../gcc/libgcc/config/avr/lib1funcs.S:2102
    61fc:	00 24       	eor	r0, r0
/home/jenkins-mingw32/workspace/avr-gcc-staging/label/Ubuntu14.04x64-mingw32/gcc-build/avr/avr5/libgcc/../../../../gcc/libgcc/config/avr/lib1funcs.S:2103
    61fe:	a7 fd       	sbrc	r26, 7
/home/jenkins-mingw32/workspace/avr-gcc-staging/label/Ubuntu14.04x64-mingw32/gcc-build/avr/avr5/libgcc/../../../../gcc/libgcc/config/avr/lib1funcs.S:2104
    6200:	00 94       	com	r0
/home/jenkins-mingw32/workspace/avr-gcc-staging/label/Ubuntu14.04x64-mingw32/gcc-build/avr/avr5/libgcc/../../../../gcc/libgcc/config/avr/lib1funcs.S:2105
    6202:	2a 17       	cp	r18, r26
    6204:	30 05       	cpc	r19, r0
    6206:	40 05       	cpc	r20, r0
    6208:	50 05       	cpc	r21, r0
/home/jenkins-mingw32/workspace/avr-gcc-staging/label/Ubuntu14.04x64-mingw32/gcc-build/avr/avr5/libgcc/../../../../gcc/libgcc/config/avr/lib1funcs.S:2106
    620a:	60 05       	cpc	r22, r0
    620c:	70 05       	cpc	r23, r0
    620e:	80 05       	cpc	r24, r0
    6210:	90 05       	cpc	r25, r0
/home/jenkins-mingw32/workspace/avr-gcc-staging/label/Ubuntu14.04x64-mingw32/gcc-build/avr/avr5/libgcc/../../../../gcc/libgcc/config/avr/lib1funcs.S:2107
    6212:	08 95       	ret

00006214 <__tablejump2__>:
__tablejump2__():
/home/jenkins-mingw32/workspace/avr-gcc-staging/label/Ubuntu14.04x64-mingw32/gcc-build/avr/avr5/libgcc/../../../../gcc/libgcc/config/avr/lib1funcs.S:2296
    6214:	ee 0f       	add	r30, r30
/home/jenkins-mingw32/workspace/avr-gcc-staging/label/Ubuntu14.04x64-mingw32/gcc-build/avr/avr5/libgcc/../../../../gcc/libgcc/config/avr/lib1funcs.S:2297
    6216:	ff 1f       	adc	r31, r31
/home/jenkins-mingw32/workspace/avr-gcc-staging/label/Ubuntu14.04x64-mingw32/gcc-build/avr/avr5/libgcc/../../../../gcc/libgcc/config/avr/lib1funcs.S:2328
    6218:	05 90       	lpm	r0, Z+
/home/jenkins-mingw32/workspace/avr-gcc-staging/label/Ubuntu14.04x64-mingw32/gcc-build/avr/avr5/libgcc/../../../../gcc/libgcc/config/avr/lib1funcs.S:2329
    621a:	f4 91       	lpm	r31, Z
/home/jenkins-mingw32/workspace/avr-gcc-staging/label/Ubuntu14.04x64-mingw32/gcc-build/avr/avr5/libgcc/../../../../gcc/libgcc/config/avr/lib1funcs.S:2330
    621c:	e0 2d       	mov	r30, r0
/home/jenkins-mingw32/workspace/avr-gcc-staging/label/Ubuntu14.04x64-mingw32/gcc-build/avr/avr5/libgcc/../../../../gcc/libgcc/config/avr/lib1funcs.S:2331
    621e:	09 94       	ijmp

00006220 <memcmp>:
memcmp():
    6220:	fb 01       	movw	r30, r22
    6222:	dc 01       	movw	r26, r24
    6224:	04 c0       	rjmp	.+8      	; 0x622e <memcmp+0xe>
    6226:	8d 91       	ld	r24, X+
    6228:	01 90       	ld	r0, Z+
    622a:	80 19       	sub	r24, r0
    622c:	21 f4       	brne	.+8      	; 0x6236 <memcmp+0x16>
    622e:	41 50       	subi	r20, 0x01	; 1
    6230:	50 40       	sbci	r21, 0x00	; 0
    6232:	c8 f7       	brcc	.-14     	; 0x6226 <memcmp+0x6>
    6234:	88 1b       	sub	r24, r24
    6236:	99 0b       	sbc	r25, r25
    6238:	08 95       	ret

0000623a <strcmp>:
strcmp():
    623a:	fb 01       	movw	r30, r22
    623c:	dc 01       	movw	r26, r24
    623e:	8d 91       	ld	r24, X+
    6240:	01 90       	ld	r0, Z+
    6242:	80 19       	sub	r24, r0
    6244:	01 10       	cpse	r0, r1
    6246:	d9 f3       	breq	.-10     	; 0x623e <strcmp+0x4>
    6248:	99 0b       	sbc	r25, r25
    624a:	08 95       	ret

0000624c <strncmp>:
strncmp():
    624c:	fb 01       	movw	r30, r22
    624e:	dc 01       	movw	r26, r24
    6250:	41 50       	subi	r20, 0x01	; 1
    6252:	50 40       	sbci	r21, 0x00	; 0
    6254:	30 f0       	brcs	.+12     	; 0x6262 <strncmp+0x16>
    6256:	8d 91       	ld	r24, X+
    6258:	01 90       	ld	r0, Z+
    625a:	80 19       	sub	r24, r0
    625c:	19 f4       	brne	.+6      	; 0x6264 <strncmp+0x18>
    625e:	00 20       	and	r0, r0
    6260:	b9 f7       	brne	.-18     	; 0x6250 <strncmp+0x4>
    6262:	88 1b       	sub	r24, r24
    6264:	99 0b       	sbc	r25, r25
    6266:	08 95       	ret

00006268 <snprintf>:
snprintf():
    6268:	ae e0       	ldi	r26, 0x0E	; 14
    626a:	b0 e0       	ldi	r27, 0x00	; 0
    626c:	ea e3       	ldi	r30, 0x3A	; 58
    626e:	f1 e3       	ldi	r31, 0x31	; 49
    6270:	0c 94 6f 2f 	jmp	0x5ede	; 0x5ede <__prologue_saves__+0x1c>
    6274:	0d 89       	ldd	r16, Y+21	; 0x15
    6276:	1e 89       	ldd	r17, Y+22	; 0x16
    6278:	8f 89       	ldd	r24, Y+23	; 0x17
    627a:	98 8d       	ldd	r25, Y+24	; 0x18
    627c:	26 e0       	ldi	r18, 0x06	; 6
    627e:	2c 83       	std	Y+4, r18	; 0x04
    6280:	1a 83       	std	Y+2, r17	; 0x02
    6282:	09 83       	std	Y+1, r16	; 0x01
    6284:	97 ff       	sbrs	r25, 7
    6286:	02 c0       	rjmp	.+4      	; 0x628c <snprintf+0x24>
    6288:	80 e0       	ldi	r24, 0x00	; 0
    628a:	90 e8       	ldi	r25, 0x80	; 128
    628c:	01 97       	sbiw	r24, 0x01	; 1
    628e:	9e 83       	std	Y+6, r25	; 0x06
    6290:	8d 83       	std	Y+5, r24	; 0x05
    6292:	ae 01       	movw	r20, r28
    6294:	45 5e       	subi	r20, 0xE5	; 229
    6296:	5f 4f       	sbci	r21, 0xFF	; 255
    6298:	69 8d       	ldd	r22, Y+25	; 0x19
    629a:	7a 8d       	ldd	r23, Y+26	; 0x1a
    629c:	ce 01       	movw	r24, r28
    629e:	01 96       	adiw	r24, 0x01	; 1
    62a0:	0e 94 c2 2c 	call	0x5984	; 0x5984 <vfprintf>
    62a4:	4d 81       	ldd	r20, Y+5	; 0x05
    62a6:	5e 81       	ldd	r21, Y+6	; 0x06
    62a8:	57 fd       	sbrc	r21, 7
    62aa:	0a c0       	rjmp	.+20     	; 0x62c0 <snprintf+0x58>
    62ac:	2f 81       	ldd	r18, Y+7	; 0x07
    62ae:	38 85       	ldd	r19, Y+8	; 0x08
    62b0:	42 17       	cp	r20, r18
    62b2:	53 07       	cpc	r21, r19
    62b4:	0c f4       	brge	.+2      	; 0x62b8 <snprintf+0x50>
    62b6:	9a 01       	movw	r18, r20
    62b8:	02 0f       	add	r16, r18
    62ba:	13 1f       	adc	r17, r19
    62bc:	f8 01       	movw	r30, r16
    62be:	10 82       	st	Z, r1
    62c0:	2e 96       	adiw	r28, 0x0e	; 14
    62c2:	e4 e0       	ldi	r30, 0x04	; 4
    62c4:	0c 94 8b 2f 	jmp	0x5f16	; 0x5f16 <__epilogue_restores__+0x1c>

000062c8 <sprintf>:
sprintf():
    62c8:	ae e0       	ldi	r26, 0x0E	; 14
    62ca:	b0 e0       	ldi	r27, 0x00	; 0
    62cc:	ea e6       	ldi	r30, 0x6A	; 106
    62ce:	f1 e3       	ldi	r31, 0x31	; 49
    62d0:	0c 94 6f 2f 	jmp	0x5ede	; 0x5ede <__prologue_saves__+0x1c>
    62d4:	0d 89       	ldd	r16, Y+21	; 0x15
    62d6:	1e 89       	ldd	r17, Y+22	; 0x16
    62d8:	86 e0       	ldi	r24, 0x06	; 6
    62da:	8c 83       	std	Y+4, r24	; 0x04
    62dc:	1a 83       	std	Y+2, r17	; 0x02
    62de:	09 83       	std	Y+1, r16	; 0x01
    62e0:	8f ef       	ldi	r24, 0xFF	; 255
    62e2:	9f e7       	ldi	r25, 0x7F	; 127
    62e4:	9e 83       	std	Y+6, r25	; 0x06
    62e6:	8d 83       	std	Y+5, r24	; 0x05
    62e8:	ae 01       	movw	r20, r28
    62ea:	47 5e       	subi	r20, 0xE7	; 231
    62ec:	5f 4f       	sbci	r21, 0xFF	; 255
    62ee:	6f 89       	ldd	r22, Y+23	; 0x17
    62f0:	78 8d       	ldd	r23, Y+24	; 0x18
    62f2:	ce 01       	movw	r24, r28
    62f4:	01 96       	adiw	r24, 0x01	; 1
    62f6:	0e 94 c2 2c 	call	0x5984	; 0x5984 <vfprintf>
    62fa:	2f 81       	ldd	r18, Y+7	; 0x07
    62fc:	38 85       	ldd	r19, Y+8	; 0x08
    62fe:	02 0f       	add	r16, r18
    6300:	13 1f       	adc	r17, r19
    6302:	f8 01       	movw	r30, r16
    6304:	10 82       	st	Z, r1
    6306:	2e 96       	adiw	r28, 0x0e	; 14
    6308:	e4 e0       	ldi	r30, 0x04	; 4
    630a:	0c 94 8b 2f 	jmp	0x5f16	; 0x5f16 <__epilogue_restores__+0x1c>

0000630e <_exit>:
exit():
/home/jenkins-mingw32/workspace/avr-gcc-staging/label/Ubuntu14.04x64-mingw32/gcc-build/avr/avr5/libgcc/../../../../gcc/libgcc/config/avr/lib1funcs.S:2278
    630e:	f8 94       	cli

00006310 <__stop_program>:
__stop_program():
/home/jenkins-mingw32/workspace/avr-gcc-staging/label/Ubuntu14.04x64-mingw32/gcc-build/avr/avr5/libgcc/../../../../gcc/libgcc/config/avr/lib1funcs.S:2280
    6310:	ff cf       	rjmp	.-2      	; 0x6310 <__stop_program>
