ISO-10303-21;
HEADER;
/* Generated by software containing ST-Developer
 * from STEP Tools, Inc. (www.steptools.com) 
 */

FILE_DESCRIPTION(
/* description */ (''),
/* implementation_level */ '2;1');

FILE_NAME(
/* name */ 'OpenOBS_clampingCaul v10.step',
/* time_stamp */ '2026-02-25T12:39:32-05:00',
/* author */ (''),
/* organization */ (''),
/* preprocessor_version */ 'ST-DEVELOPER v20.1',
/* originating_system */ 'Autodesk Translation Framework v14.4.0.0',
/* authorisation */ '');

FILE_SCHEMA (('AUTOMOTIVE_DESIGN { 1 0 10303 214 3 1 1 }'));
ENDSEC;

DATA;
#10=MECHANICAL_DESIGN_GEOMETRIC_PRESENTATION_REPRESENTATION('',(#23,#24),
#3428);
#11=ITEM_DEFINED_TRANSFORMATION($,$,#1752,#1878);
#12=ITEM_DEFINED_TRANSFORMATION($,$,#1844,#1879);
#13=(
REPRESENTATION_RELATIONSHIP($,$,#3442,#3441)
REPRESENTATION_RELATIONSHIP_WITH_TRANSFORMATION(#11)
SHAPE_REPRESENTATION_RELATIONSHIP()
);
#14=(
REPRESENTATION_RELATIONSHIP($,$,#3443,#3441)
REPRESENTATION_RELATIONSHIP_WITH_TRANSFORMATION(#12)
SHAPE_REPRESENTATION_RELATIONSHIP()
);
#15=CONTEXT_DEPENDENT_SHAPE_REPRESENTATION(#13,#3439);
#16=CONTEXT_DEPENDENT_SHAPE_REPRESENTATION(#14,#3440);
#17=NEXT_ASSEMBLY_USAGE_OCCURRENCE('caul:1','caul:1','caul:1',#3445,#3446,
'caul:1');
#18=NEXT_ASSEMBLY_USAGE_OCCURRENCE('Component2:1','Component2:1',
'Component2:1',#3445,#3447,'Component2:1');
#19=SHAPE_REPRESENTATION_RELATIONSHIP('SRR','None',#3442,#21);
#20=SHAPE_REPRESENTATION_RELATIONSHIP('SRR','None',#3443,#22);
#21=ADVANCED_BREP_SHAPE_REPRESENTATION('',(#25),#3426);
#22=ADVANCED_BREP_SHAPE_REPRESENTATION('',(#26),#3427);
#23=STYLED_ITEM('',(#3460),#25);
#24=STYLED_ITEM('',(#3460),#26);
#25=MANIFOLD_SOLID_BREP('Body1',#1726);
#26=MANIFOLD_SOLID_BREP('Body1',#1727);
#27=(
BOUNDED_SURFACE()
B_SPLINE_SURFACE(3,2,((#3067,#3068,#3069,#3070,#3071,#3072,#3073),(#3074,
#3075,#3076,#3077,#3078,#3079,#3080),(#3081,#3082,#3083,#3084,#3085,#3086,
#3087),(#3088,#3089,#3090,#3091,#3092,#3093,#3094)),.UNSPECIFIED.,.F.,.F.,
 .F.)
B_SPLINE_SURFACE_WITH_KNOTS((4,4),(3,2,2,3),(-3.14159265358979,-2.72832341981976),
(-3.62581372234604,-2.25580212531194,-0.885790528277849,0.484221068756247),
 .UNSPECIFIED.)
GEOMETRIC_REPRESENTATION_ITEM()
RATIONAL_B_SPLINE_SURFACE(((1.,0.774415378513677,1.,0.774415378513677,1.,
0.774415378513677,1.),(1.,0.774415378513677,1.,0.774415378513677,1.,0.774415378513677,
1.),(1.,0.774415378513677,1.,0.774415378513677,1.,0.774415378513677,1.),
(1.,0.774415378513677,1.,0.774415378513677,1.,0.774415378513677,1.)))
REPRESENTATION_ITEM('')
SURFACE()
);
#28=(
BOUNDED_SURFACE()
B_SPLINE_SURFACE(3,2,((#3105,#3106,#3107,#3108,#3109,#3110,#3111),(#3112,
#3113,#3114,#3115,#3116,#3117,#3118),(#3119,#3120,#3121,#3122,#3123,#3124,
#3125),(#3126,#3127,#3128,#3129,#3130,#3131,#3132)),.UNSPECIFIED.,.F.,.F.,
 .F.)
B_SPLINE_SURFACE_WITH_KNOTS((4,4),(3,2,2,3),(-3.14159265358979,-2.72832341981976),
(-3.62581372234604,-2.25580212531194,-0.885790528277849,0.484221068756247),
 .UNSPECIFIED.)
GEOMETRIC_REPRESENTATION_ITEM()
RATIONAL_B_SPLINE_SURFACE(((1.,0.774415378513676,1.,0.774415378513676,1.,
0.774415378513676,1.),(1.,0.774415378513676,1.,0.774415378513676,1.,0.774415378513676,
1.),(1.,0.774415378513676,1.,0.774415378513676,1.,0.774415378513676,1.),
(1.,0.774415378513676,1.,0.774415378513676,1.,0.774415378513676,1.)))
REPRESENTATION_ITEM('')
SURFACE()
);
#29=(
BOUNDED_SURFACE()
B_SPLINE_SURFACE(3,2,((#3163,#3164,#3165,#3166,#3167,#3168,#3169),(#3170,
#3171,#3172,#3173,#3174,#3175,#3176),(#3177,#3178,#3179,#3180,#3181,#3182,
#3183),(#3184,#3185,#3186,#3187,#3188,#3189,#3190)),.UNSPECIFIED.,.F.,.F.,
 .F.)
B_SPLINE_SURFACE_WITH_KNOTS((4,4),(3,2,2,3),(-3.14159265358979,-2.72832341981985),
(-3.62581372234604,-2.25580212531194,-0.885790528277848,0.484221068756249),
 .UNSPECIFIED.)
GEOMETRIC_REPRESENTATION_ITEM()
RATIONAL_B_SPLINE_SURFACE(((1.,0.774415378513676,1.,0.774415378513676,1.,
0.774415378513676,1.),(1.,0.774415378513676,1.,0.774415378513676,1.,0.774415378513676,
1.),(1.,0.774415378513676,1.,0.774415378513676,1.,0.774415378513676,1.),
(1.,0.774415378513676,1.,0.774415378513676,1.,0.774415378513676,1.)))
REPRESENTATION_ITEM('')
SURFACE()
);
#30=(
BOUNDED_SURFACE()
B_SPLINE_SURFACE(3,2,((#3198,#3199,#3200,#3201,#3202,#3203,#3204),(#3205,
#3206,#3207,#3208,#3209,#3210,#3211),(#3212,#3213,#3214,#3215,#3216,#3217,
#3218),(#3219,#3220,#3221,#3222,#3223,#3224,#3225)),.UNSPECIFIED.,.F.,.F.,
 .F.)
B_SPLINE_SURFACE_WITH_KNOTS((4,4),(3,2,2,3),(-3.14159265358979,-2.72832341981975),
(-3.62581372234604,-2.25580212531194,-0.885790528277849,0.484221068756248),
 .UNSPECIFIED.)
GEOMETRIC_REPRESENTATION_ITEM()
RATIONAL_B_SPLINE_SURFACE(((1.,0.774415378513677,1.,0.774415378513677,1.,
0.774415378513677,1.),(1.,0.774415378513677,1.,0.774415378513677,1.,0.774415378513677,
1.),(1.,0.774415378513677,1.,0.774415378513677,1.,0.774415378513677,1.),
(1.,0.774415378513677,1.,0.774415378513677,1.,0.774415378513677,1.)))
REPRESENTATION_ITEM('')
SURFACE()
);
#31=(
BOUNDED_SURFACE()
B_SPLINE_SURFACE(3,2,((#3231,#3232,#3233,#3234,#3235,#3236,#3237),(#3238,
#3239,#3240,#3241,#3242,#3243,#3244),(#3245,#3246,#3247,#3248,#3249,#3250,
#3251),(#3252,#3253,#3254,#3255,#3256,#3257,#3258)),.UNSPECIFIED.,.F.,.F.,
 .F.)
B_SPLINE_SURFACE_WITH_KNOTS((4,4),(3,2,2,3),(-3.14159265358979,-2.72832341981976),
(-3.62581372234604,-2.25580212531194,-0.885790528277849,0.484221068756247),
 .UNSPECIFIED.)
GEOMETRIC_REPRESENTATION_ITEM()
RATIONAL_B_SPLINE_SURFACE(((1.,0.774415378513677,1.,0.774415378513677,1.,
0.774415378513677,1.),(1.,0.774415378513677,1.,0.774415378513677,1.,0.774415378513677,
1.),(1.,0.774415378513677,1.,0.774415378513677,1.,0.774415378513677,1.),
(1.,0.774415378513677,1.,0.774415378513677,1.,0.774415378513677,1.)))
REPRESENTATION_ITEM('')
SURFACE()
);
#32=B_SPLINE_SURFACE_WITH_KNOTS('',3,1,((#2570,#2571),(#2572,#2573),(#2574,
#2575),(#2576,#2577),(#2578,#2579),(#2580,#2581),(#2582,#2583),(#2584,#2585),
(#2586,#2587),(#2588,#2589),(#2590,#2591),(#2592,#2593),(#2594,#2595),(#2596,
#2597),(#2598,#2599),(#2600,#2601),(#2602,#2603),(#2604,#2605),(#2606,#2607),
(#2608,#2609),(#2610,#2611),(#2612,#2613),(#2614,#2615),(#2616,#2617)),
 .UNSPECIFIED.,.F.,.F.,.F.,(4,2,2,2,2,2,2,2,2,2,2,4),(2,2),(-6.39320212219589,
-5.93493230512994,-5.46372722576446,-4.85664642290174,-4.24956562003902,
-3.6424848171763,-3.03540401431359,-2.42832321145087,-1.82124240858815,
-1.21416160572543,-0.607080802862717,-0.0129358531328787),(0.,0.748401463418283),
 .UNSPECIFIED.);
#33=B_SPLINE_SURFACE_WITH_KNOTS('',3,1,((#2652,#2653),(#2654,#2655),(#2656,
#2657),(#2658,#2659),(#2660,#2661),(#2662,#2663),(#2664,#2665),(#2666,#2667),
(#2668,#2669),(#2670,#2671),(#2672,#2673),(#2674,#2675),(#2676,#2677),(#2678,
#2679),(#2680,#2681),(#2682,#2683),(#2684,#2685),(#2686,#2687),(#2688,#2689),
(#2690,#2691),(#2692,#2693),(#2694,#2695),(#2696,#2697),(#2698,#2699)),
 .UNSPECIFIED.,.F.,.F.,.F.,(4,2,2,2,2,2,2,2,2,2,2,4),(2,2),(-6.3932021221959,
-5.93493230512994,-5.46372722576446,-4.85664642290174,-4.24956562003903,
-3.64248481717631,-3.03540401431359,-2.42832321145087,-1.82124240858815,
-1.21416160572544,-0.607080802862718,-0.0129358531328805),(0.,0.748401463418279),
 .UNSPECIFIED.);
#34=B_SPLINE_SURFACE_WITH_KNOTS('',3,1,((#2734,#2735),(#2736,#2737),(#2738,
#2739),(#2740,#2741),(#2742,#2743),(#2744,#2745),(#2746,#2747),(#2748,#2749),
(#2750,#2751),(#2752,#2753),(#2754,#2755),(#2756,#2757),(#2758,#2759),(#2760,
#2761),(#2762,#2763),(#2764,#2765),(#2766,#2767),(#2768,#2769),(#2770,#2771),
(#2772,#2773),(#2774,#2775),(#2776,#2777),(#2778,#2779),(#2780,#2781)),
 .UNSPECIFIED.,.F.,.F.,.F.,(4,2,2,2,2,2,2,2,2,2,2,4),(2,2),(-6.3932021221959,
-5.93493230512994,-5.46372722576446,-4.85664642290174,-4.24956562003903,
-3.64248481717631,-3.03540401431359,-2.42832321145087,-1.82124240858815,
-1.21416160572544,-0.607080802862718,-0.0129358531328796),(0.,0.74840146341828),
 .UNSPECIFIED.);
#35=B_SPLINE_SURFACE_WITH_KNOTS('',3,1,((#2903,#2904),(#2905,#2906),(#2907,
#2908),(#2909,#2910),(#2911,#2912),(#2913,#2914),(#2915,#2916),(#2917,#2918),
(#2919,#2920),(#2921,#2922),(#2923,#2924),(#2925,#2926),(#2927,#2928),(#2929,
#2930),(#2931,#2932),(#2933,#2934),(#2935,#2936),(#2937,#2938),(#2939,#2940),
(#2941,#2942),(#2943,#2944),(#2945,#2946),(#2947,#2948),(#2949,#2950)),
 .UNSPECIFIED.,.F.,.F.,.F.,(4,2,2,2,2,2,2,2,2,2,2,4),(2,2),(-6.3932021221959,
-5.93493230512994,-5.46372722576446,-4.85664642290174,-4.24956562003902,
-3.64248481717631,-3.03540401431359,-2.42832321145087,-1.82124240858815,
-1.21416160572544,-0.607080802862718,-0.0129358531328814),(0.,0.748401463418279),
 .UNSPECIFIED.);
#36=B_SPLINE_SURFACE_WITH_KNOTS('',3,1,((#2985,#2986),(#2987,#2988),(#2989,
#2990),(#2991,#2992),(#2993,#2994),(#2995,#2996),(#2997,#2998),(#2999,#3000),
(#3001,#3002),(#3003,#3004),(#3005,#3006),(#3007,#3008),(#3009,#3010),(#3011,
#3012),(#3013,#3014),(#3015,#3016),(#3017,#3018),(#3019,#3020),(#3021,#3022),
(#3023,#3024),(#3025,#3026),(#3027,#3028),(#3029,#3030),(#3031,#3032)),
 .UNSPECIFIED.,.F.,.F.,.F.,(4,2,2,2,2,2,2,2,2,2,2,4),(2,2),(-6.3932021221959,
-5.93493230512994,-5.46372722576446,-4.85664642290174,-4.24956562003903,
-3.64248481717631,-3.03540401431359,-2.42832321145087,-1.82124240858815,
-1.21416160572544,-0.607080802862717,-0.0129358531328796),(0.,0.748401463418279),
 .UNSPECIFIED.);
#37=B_SPLINE_CURVE_WITH_KNOTS('',3,(#2400,#2401,#2402,#2403,#2404,#2405),
 .UNSPECIFIED.,.F.,.F.,(4,2,4),(0.,0.218437132358823,0.439294269090286),
 .UNSPECIFIED.);
#38=B_SPLINE_CURVE_WITH_KNOTS('',3,(#2413,#2414,#2415,#2416,#2417,#2418),
 .UNSPECIFIED.,.F.,.F.,(4,2,4),(0.0152136779987221,0.236444384167222,0.455435862698857),
 .UNSPECIFIED.);
#39=B_SPLINE_CURVE_WITH_KNOTS('',3,(#2449,#2450,#2451,#2452,#2453,#2454),
 .UNSPECIFIED.,.F.,.F.,(4,2,4),(0.0152136779987225,0.236444384167229,0.455435862698857),
 .UNSPECIFIED.);
#40=B_SPLINE_CURVE_WITH_KNOTS('',3,(#2483,#2484,#2485,#2486,#2487,#2488),
 .UNSPECIFIED.,.F.,.F.,(4,2,4),(0.,0.218437132358809,0.439294269090219),
 .UNSPECIFIED.);
#41=B_SPLINE_CURVE_WITH_KNOTS('',3,(#2496,#2497,#2498,#2499,#2500,#2501),
 .UNSPECIFIED.,.F.,.F.,(4,2,4),(0.0152136779987215,0.236444384167223,0.455435862698863),
 .UNSPECIFIED.);
#42=B_SPLINE_CURVE_WITH_KNOTS('',3,(#2523,#2524,#2525,#2526,#2527,#2528),
 .UNSPECIFIED.,.F.,.F.,(4,2,4),(0.,0.218437132358799,0.439294269090192),
 .UNSPECIFIED.);
#43=B_SPLINE_CURVE_WITH_KNOTS('',3,(#2536,#2537,#2538,#2539,#2540,#2541),
 .UNSPECIFIED.,.F.,.F.,(4,2,4),(0.0152136779986069,0.236444384167186,0.455435862698771),
 .UNSPECIFIED.);
#44=B_SPLINE_CURVE_WITH_KNOTS('',3,(#2555,#2556,#2557,#2558,#2559,#2560),
 .UNSPECIFIED.,.F.,.F.,(4,2,4),(0.,0.218437132358789,0.439294269090344),
 .UNSPECIFIED.);
#45=B_SPLINE_CURVE_WITH_KNOTS('',3,(#2618,#2619,#2620,#2621,#2622,#2623,
#2624,#2625,#2626,#2627,#2628,#2629,#2630,#2631,#2632,#2633,#2634,#2635,
#2636,#2637,#2638,#2639,#2640,#2641,#2642,#2643,#2644,#2645,#2646,#2647,
#2648,#2649,#2650,#2651),.UNSPECIFIED.,.F.,.F.,(4,3,3,3,3,3,3,3,3,3,3,4),
(0.0129358531328787,0.607080802862717,1.21416160572543,1.82124240858815,
2.42832321145087,3.03540401431359,3.6424848171763,4.24956562003902,4.85664642290174,
5.46372722576446,5.93493230512994,6.39320212219589),.UNSPECIFIED.);
#46=B_SPLINE_CURVE_WITH_KNOTS('',3,(#2700,#2701,#2702,#2703,#2704,#2705,
#2706,#2707,#2708,#2709,#2710,#2711,#2712,#2713,#2714,#2715,#2716,#2717,
#2718,#2719,#2720,#2721,#2722,#2723,#2724,#2725,#2726,#2727,#2728,#2729,
#2730,#2731,#2732,#2733),.UNSPECIFIED.,.F.,.F.,(4,3,3,3,3,3,3,3,3,3,3,4),
(0.0129358531328805,0.607080802862718,1.21416160572544,1.82124240858815,
2.42832321145087,3.03540401431359,3.64248481717631,4.24956562003903,4.85664642290174,
5.46372722576446,5.93493230512994,6.3932021221959),.UNSPECIFIED.);
#47=B_SPLINE_CURVE_WITH_KNOTS('',3,(#2784,#2785,#2786,#2787,#2788,#2789,
#2790,#2791,#2792,#2793,#2794,#2795,#2796,#2797,#2798,#2799,#2800,#2801,
#2802,#2803,#2804,#2805,#2806,#2807,#2808,#2809,#2810,#2811,#2812,#2813,
#2814,#2815,#2816,#2817),.UNSPECIFIED.,.F.,.F.,(4,3,3,3,3,3,3,3,3,3,3,4),
(0.0129358531328805,0.607080802862718,1.21416160572544,1.82124240858815,
2.42832321145087,3.03540401431359,3.64248481717631,4.24956562003903,4.85664642290174,
5.46372722576446,5.93493230512994,6.3932021221959),.UNSPECIFIED.);
#48=B_SPLINE_CURVE_WITH_KNOTS('',3,(#2822,#2823,#2824,#2825,#2826,#2827),
 .UNSPECIFIED.,.F.,.F.,(4,2,4),(0.,0.21843713235881,0.439294269090224),
 .UNSPECIFIED.);
#49=B_SPLINE_CURVE_WITH_KNOTS('',3,(#2834,#2835,#2836,#2837,#2838,#2839),
 .UNSPECIFIED.,.F.,.F.,(4,2,4),(0.0152136779987252,0.236444384167257,0.455435862698918),
 .UNSPECIFIED.);
#50=B_SPLINE_CURVE_WITH_KNOTS('',3,(#2951,#2952,#2953,#2954,#2955,#2956,
#2957,#2958,#2959,#2960,#2961,#2962,#2963,#2964,#2965,#2966,#2967,#2968,
#2969,#2970,#2971,#2972,#2973,#2974,#2975,#2976,#2977,#2978,#2979,#2980,
#2981,#2982,#2983,#2984),.UNSPECIFIED.,.F.,.F.,(4,3,3,3,3,3,3,3,3,3,3,4),
(0.0129358531328814,0.607080802862718,1.21416160572544,1.82124240858815,
2.42832321145087,3.03540401431359,3.64248481717631,4.24956562003902,4.85664642290174,
5.46372722576446,5.93493230512994,6.3932021221959),.UNSPECIFIED.);
#51=B_SPLINE_CURVE_WITH_KNOTS('',3,(#3033,#3034,#3035,#3036,#3037,#3038,
#3039,#3040,#3041,#3042,#3043,#3044,#3045,#3046,#3047,#3048,#3049,#3050,
#3051,#3052,#3053,#3054,#3055,#3056,#3057,#3058,#3059,#3060,#3061,#3062,
#3063,#3064,#3065,#3066),.UNSPECIFIED.,.F.,.F.,(4,3,3,3,3,3,3,3,3,3,3,4),
(0.0129358531328796,0.607080802862717,1.21416160572544,1.82124240858815,
2.42832321145087,3.03540401431359,3.64248481717631,4.24956562003903,4.85664642290174,
5.46372722576446,5.93493230512994,6.3932021221959),.UNSPECIFIED.);
#52=(
BOUNDED_CURVE()
B_SPLINE_CURVE(2,(#2385,#2386,#2387),.UNSPECIFIED.,.F.,.F.)
B_SPLINE_CURVE_WITH_KNOTS((3,3),(2.28903753442493,2.82240694018771),
 .UNSPECIFIED.)
CURVE()
GEOMETRIC_REPRESENTATION_ITEM()
RATIONAL_B_SPLINE_CURVE((1.12017955064606,1.11143865200947,1.0920993074005))
REPRESENTATION_ITEM('')
);
#53=(
BOUNDED_CURVE()
B_SPLINE_CURVE(2,(#2391,#2392,#2393),.UNSPECIFIED.,.F.,.F.)
B_SPLINE_CURVE_WITH_KNOTS((3,3),(0.875892372144753,1.40926177790755),
 .UNSPECIFIED.)
CURVE()
GEOMETRIC_REPRESENTATION_ITEM()
RATIONAL_B_SPLINE_CURVE((1.09209930740052,1.1114386520095,1.12017955064609))
REPRESENTATION_ITEM('')
);
#54=(
BOUNDED_CURVE()
B_SPLINE_CURVE(2,(#2423,#2424,#2425),.UNSPECIFIED.,.F.,.F.)
B_SPLINE_CURVE_WITH_KNOTS((3,3),(2.28903753442492,2.82240694018772),
 .UNSPECIFIED.)
CURVE()
GEOMETRIC_REPRESENTATION_ITEM()
RATIONAL_B_SPLINE_CURVE((1.1201795506461,1.11143865200951,1.09209930740053))
REPRESENTATION_ITEM('')
);
#55=(
BOUNDED_CURVE()
B_SPLINE_CURVE(2,(#2433,#2434,#2435),.UNSPECIFIED.,.F.,.F.)
B_SPLINE_CURVE_WITH_KNOTS((3,3),(0.875892372144741,1.40926177790753),
 .UNSPECIFIED.)
CURVE()
GEOMETRIC_REPRESENTATION_ITEM()
RATIONAL_B_SPLINE_CURVE((1.09209930740051,1.11143865200949,1.12017955064608))
REPRESENTATION_ITEM('')
);
#56=(
BOUNDED_CURVE()
B_SPLINE_CURVE(2,(#2460,#2461,#2462),.UNSPECIFIED.,.F.,.F.)
B_SPLINE_CURVE_WITH_KNOTS((3,3),(2.28903753442491,2.82240694018773),
 .UNSPECIFIED.)
CURVE()
GEOMETRIC_REPRESENTATION_ITEM()
RATIONAL_B_SPLINE_CURVE((1.12017955064614,1.11143865200955,1.09209930740056))
REPRESENTATION_ITEM('')
);
#57=(
BOUNDED_CURVE()
B_SPLINE_CURVE(2,(#2466,#2467,#2468),.UNSPECIFIED.,.F.,.F.)
B_SPLINE_CURVE_WITH_KNOTS((3,3),(0.875892372144748,1.40926177790756),
 .UNSPECIFIED.)
CURVE()
GEOMETRIC_REPRESENTATION_ITEM()
RATIONAL_B_SPLINE_CURVE((1.09209930740056,1.11143865200955,1.12017955064614))
REPRESENTATION_ITEM('')
);
#58=(
BOUNDED_CURVE()
B_SPLINE_CURVE(2,(#2476,#2477,#2478),.UNSPECIFIED.,.F.,.F.)
B_SPLINE_CURVE_WITH_KNOTS((3,3),(0.875892372144764,1.40926177790755),
 .UNSPECIFIED.)
CURVE()
GEOMETRIC_REPRESENTATION_ITEM()
RATIONAL_B_SPLINE_CURVE((1.0920993074005,1.11143865200947,1.12017955064606))
REPRESENTATION_ITEM('')
);
#59=(
BOUNDED_CURVE()
B_SPLINE_CURVE(2,(#2506,#2507,#2508),.UNSPECIFIED.,.F.,.F.)
B_SPLINE_CURVE_WITH_KNOTS((3,3),(2.28903753442491,2.82240694018773),
 .UNSPECIFIED.)
CURVE()
GEOMETRIC_REPRESENTATION_ITEM()
RATIONAL_B_SPLINE_CURVE((1.12017955064615,1.11143865200956,1.09209930740057))
REPRESENTATION_ITEM('')
);
#60=(
BOUNDED_CURVE()
B_SPLINE_CURVE(2,(#2516,#2517,#2518),.UNSPECIFIED.,.F.,.F.)
B_SPLINE_CURVE_WITH_KNOTS((3,3),(0.875892372144751,1.40926177790756),
 .UNSPECIFIED.)
CURVE()
GEOMETRIC_REPRESENTATION_ITEM()
RATIONAL_B_SPLINE_CURVE((1.09209930740053,1.11143865200952,1.12017955064611))
REPRESENTATION_ITEM('')
);
#61=(
BOUNDED_CURVE()
B_SPLINE_CURVE(2,(#2546,#2547,#2548),.UNSPECIFIED.,.F.,.F.)
B_SPLINE_CURVE_WITH_KNOTS((3,3),(2.28903753442491,2.82240694018771),
 .UNSPECIFIED.)
CURVE()
GEOMETRIC_REPRESENTATION_ITEM()
RATIONAL_B_SPLINE_CURVE((1.12017955064611,1.11143865200951,1.09209930740053))
REPRESENTATION_ITEM('')
);
#62=CONICAL_SURFACE('',#1777,14.32,0.785398163397448);
#63=CONICAL_SURFACE('',#1782,14.32,0.785398163397448);
#64=CONICAL_SURFACE('',#1787,14.32,0.785398163397447);
#65=CONICAL_SURFACE('',#1792,14.32,0.785398163397448);
#66=CONICAL_SURFACE('',#1797,14.32,0.785398163397448);
#67=FACE_BOUND('',#234,.T.);
#68=FACE_BOUND('',#237,.T.);
#69=FACE_BOUND('',#263,.T.);
#70=FACE_BOUND('',#265,.T.);
#71=FACE_BOUND('',#268,.T.);
#72=FACE_BOUND('',#269,.T.);
#73=FACE_BOUND('',#270,.T.);
#74=FACE_BOUND('',#271,.T.);
#75=FACE_BOUND('',#272,.T.);
#76=FACE_BOUND('',#307,.T.);
#77=FACE_BOUND('',#315,.T.);
#78=FACE_BOUND('',#324,.T.);
#79=CYLINDRICAL_SURFACE('',#1761,2.10000000000001);
#80=CYLINDRICAL_SURFACE('',#1766,2.10000000000001);
#81=CYLINDRICAL_SURFACE('',#1771,1.90000000000002);
#82=CYLINDRICAL_SURFACE('',#1774,1.90000000000001);
#83=CYLINDRICAL_SURFACE('',#1781,13.1);
#84=CYLINDRICAL_SURFACE('',#1786,13.1);
#85=CYLINDRICAL_SURFACE('',#1790,13.1);
#86=CYLINDRICAL_SURFACE('',#1795,13.1);
#87=CYLINDRICAL_SURFACE('',#1801,13.1);
#88=CYLINDRICAL_SURFACE('',#1819,16.9);
#89=CYLINDRICAL_SURFACE('',#1824,16.9);
#90=CYLINDRICAL_SURFACE('',#1837,16.9);
#91=CYLINDRICAL_SURFACE('',#1838,16.9);
#92=CYLINDRICAL_SURFACE('',#1841,16.9);
#93=CYLINDRICAL_SURFACE('',#1854,2.87500000000001);
#94=CYLINDRICAL_SURFACE('',#1859,1.6);
#95=CIRCLE('',#1756,13.1);
#96=CIRCLE('',#1757,13.1);
#97=CIRCLE('',#1758,13.1);
#98=CIRCLE('',#1759,13.1);
#99=CIRCLE('',#1760,13.1);
#100=CIRCLE('',#1762,2.10000000000001);
#101=CIRCLE('',#1763,2.10000000000001);
#102=CIRCLE('',#1765,1.90000000000001);
#103=CIRCLE('',#1767,2.10000000000001);
#104=CIRCLE('',#1768,2.10000000000001);
#105=CIRCLE('',#1770,1.90000000000002);
#106=CIRCLE('',#1772,1.90000000000002);
#107=CIRCLE('',#1775,1.90000000000001);
#108=CIRCLE('',#1778,13.1);
#109=CIRCLE('',#1779,15.54);
#110=CIRCLE('',#1783,15.54);
#111=CIRCLE('',#1784,13.1);
#112=CIRCLE('',#1788,13.1);
#113=CIRCLE('',#1789,15.54);
#114=CIRCLE('',#1793,13.1);
#115=CIRCLE('',#1794,15.54);
#116=CIRCLE('',#1798,13.1);
#117=CIRCLE('',#1799,15.54);
#118=CIRCLE('',#1808,16.9);
#119=CIRCLE('',#1809,16.9);
#120=CIRCLE('',#1810,16.9);
#121=CIRCLE('',#1811,16.9);
#122=CIRCLE('',#1812,16.9);
#123=CIRCLE('',#1817,16.9);
#124=CIRCLE('',#1820,16.9);
#125=CIRCLE('',#1821,16.9);
#126=CIRCLE('',#1822,16.9);
#127=CIRCLE('',#1825,16.9);
#128=CIRCLE('',#1826,16.9);
#129=CIRCLE('',#1828,16.9);
#130=CIRCLE('',#1829,16.9);
#131=CIRCLE('',#1830,16.9);
#132=CIRCLE('',#1831,16.9);
#133=CIRCLE('',#1832,16.9);
#134=CIRCLE('',#1833,16.9);
#135=CIRCLE('',#1836,16.9);
#136=CIRCLE('',#1839,16.9);
#137=CIRCLE('',#1842,16.9);
#138=CIRCLE('',#1855,2.87500000000001);
#139=CIRCLE('',#1856,2.87500000000001);
#140=CIRCLE('',#1858,1.6);
#141=CIRCLE('',#1860,1.6);
#142=FACE_OUTER_BOUND('',#229,.T.);
#143=FACE_OUTER_BOUND('',#230,.T.);
#144=FACE_OUTER_BOUND('',#231,.T.);
#145=FACE_OUTER_BOUND('',#232,.T.);
#146=FACE_OUTER_BOUND('',#233,.T.);
#147=FACE_OUTER_BOUND('',#235,.T.);
#148=FACE_OUTER_BOUND('',#236,.T.);
#149=FACE_OUTER_BOUND('',#238,.T.);
#150=FACE_OUTER_BOUND('',#239,.T.);
#151=FACE_OUTER_BOUND('',#240,.T.);
#152=FACE_OUTER_BOUND('',#241,.T.);
#153=FACE_OUTER_BOUND('',#242,.T.);
#154=FACE_OUTER_BOUND('',#243,.T.);
#155=FACE_OUTER_BOUND('',#244,.T.);
#156=FACE_OUTER_BOUND('',#245,.T.);
#157=FACE_OUTER_BOUND('',#246,.T.);
#158=FACE_OUTER_BOUND('',#247,.T.);
#159=FACE_OUTER_BOUND('',#248,.T.);
#160=FACE_OUTER_BOUND('',#249,.T.);
#161=FACE_OUTER_BOUND('',#250,.T.);
#162=FACE_OUTER_BOUND('',#251,.T.);
#163=FACE_OUTER_BOUND('',#252,.T.);
#164=FACE_OUTER_BOUND('',#253,.T.);
#165=FACE_OUTER_BOUND('',#254,.T.);
#166=FACE_OUTER_BOUND('',#255,.T.);
#167=FACE_OUTER_BOUND('',#256,.T.);
#168=FACE_OUTER_BOUND('',#257,.T.);
#169=FACE_OUTER_BOUND('',#258,.T.);
#170=FACE_OUTER_BOUND('',#259,.T.);
#171=FACE_OUTER_BOUND('',#260,.T.);
#172=FACE_OUTER_BOUND('',#261,.T.);
#173=FACE_OUTER_BOUND('',#262,.T.);
#174=FACE_OUTER_BOUND('',#264,.T.);
#175=FACE_OUTER_BOUND('',#266,.T.);
#176=FACE_OUTER_BOUND('',#267,.T.);
#177=FACE_OUTER_BOUND('',#273,.T.);
#178=FACE_OUTER_BOUND('',#274,.T.);
#179=FACE_OUTER_BOUND('',#275,.T.);
#180=FACE_OUTER_BOUND('',#276,.T.);
#181=FACE_OUTER_BOUND('',#277,.T.);
#182=FACE_OUTER_BOUND('',#278,.T.);
#183=FACE_OUTER_BOUND('',#279,.T.);
#184=FACE_OUTER_BOUND('',#280,.T.);
#185=FACE_OUTER_BOUND('',#281,.T.);
#186=FACE_OUTER_BOUND('',#282,.T.);
#187=FACE_OUTER_BOUND('',#283,.T.);
#188=FACE_OUTER_BOUND('',#284,.T.);
#189=FACE_OUTER_BOUND('',#285,.T.);
#190=FACE_OUTER_BOUND('',#286,.T.);
#191=FACE_OUTER_BOUND('',#287,.T.);
#192=FACE_OUTER_BOUND('',#288,.T.);
#193=FACE_OUTER_BOUND('',#289,.T.);
#194=FACE_OUTER_BOUND('',#290,.T.);
#195=FACE_OUTER_BOUND('',#291,.T.);
#196=FACE_OUTER_BOUND('',#292,.T.);
#197=FACE_OUTER_BOUND('',#293,.T.);
#198=FACE_OUTER_BOUND('',#294,.T.);
#199=FACE_OUTER_BOUND('',#295,.T.);
#200=FACE_OUTER_BOUND('',#296,.T.);
#201=FACE_OUTER_BOUND('',#297,.T.);
#202=FACE_OUTER_BOUND('',#298,.T.);
#203=FACE_OUTER_BOUND('',#299,.T.);
#204=FACE_OUTER_BOUND('',#300,.T.);
#205=FACE_OUTER_BOUND('',#301,.T.);
#206=FACE_OUTER_BOUND('',#302,.T.);
#207=FACE_OUTER_BOUND('',#303,.T.);
#208=FACE_OUTER_BOUND('',#304,.T.);
#209=FACE_OUTER_BOUND('',#305,.T.);
#210=FACE_OUTER_BOUND('',#306,.T.);
#211=FACE_OUTER_BOUND('',#308,.T.);
#212=FACE_OUTER_BOUND('',#309,.T.);
#213=FACE_OUTER_BOUND('',#310,.T.);
#214=FACE_OUTER_BOUND('',#311,.T.);
#215=FACE_OUTER_BOUND('',#312,.T.);
#216=FACE_OUTER_BOUND('',#313,.T.);
#217=FACE_OUTER_BOUND('',#314,.T.);
#218=FACE_OUTER_BOUND('',#316,.T.);
#219=FACE_OUTER_BOUND('',#317,.T.);
#220=FACE_OUTER_BOUND('',#318,.T.);
#221=FACE_OUTER_BOUND('',#319,.T.);
#222=FACE_OUTER_BOUND('',#320,.T.);
#223=FACE_OUTER_BOUND('',#321,.T.);
#224=FACE_OUTER_BOUND('',#322,.T.);
#225=FACE_OUTER_BOUND('',#323,.T.);
#226=FACE_OUTER_BOUND('',#325,.T.);
#227=FACE_OUTER_BOUND('',#326,.T.);
#228=FACE_OUTER_BOUND('',#327,.T.);
#229=EDGE_LOOP('',(#1089,#1090,#1091,#1092));
#230=EDGE_LOOP('',(#1093,#1094,#1095,#1096));
#231=EDGE_LOOP('',(#1097,#1098,#1099,#1100,#1101,#1102,#1103,#1104,#1105,
#1106,#1107,#1108,#1109,#1110));
#232=EDGE_LOOP('',(#1111,#1112,#1113,#1114));
#233=EDGE_LOOP('',(#1115));
#234=EDGE_LOOP('',(#1116));
#235=EDGE_LOOP('',(#1117,#1118,#1119,#1120));
#236=EDGE_LOOP('',(#1121));
#237=EDGE_LOOP('',(#1122));
#238=EDGE_LOOP('',(#1123,#1124,#1125,#1126));
#239=EDGE_LOOP('',(#1127));
#240=EDGE_LOOP('',(#1128,#1129,#1130,#1131));
#241=EDGE_LOOP('',(#1132));
#242=EDGE_LOOP('',(#1133,#1134,#1135,#1136));
#243=EDGE_LOOP('',(#1137,#1138,#1139,#1140,#1141,#1142,#1143,#1144,#1145,
#1146,#1147,#1148));
#244=EDGE_LOOP('',(#1149,#1150,#1151,#1152));
#245=EDGE_LOOP('',(#1153,#1154,#1155,#1156));
#246=EDGE_LOOP('',(#1157,#1158,#1159,#1160,#1161,#1162,#1163,#1164,#1165,
#1166));
#247=EDGE_LOOP('',(#1167,#1168,#1169,#1170));
#248=EDGE_LOOP('',(#1171,#1172,#1173,#1174));
#249=EDGE_LOOP('',(#1175,#1176,#1177,#1178));
#250=EDGE_LOOP('',(#1179,#1180,#1181,#1182,#1183,#1184,#1185,#1186,#1187,
#1188,#1189,#1190));
#251=EDGE_LOOP('',(#1191,#1192,#1193,#1194));
#252=EDGE_LOOP('',(#1195,#1196,#1197,#1198));
#253=EDGE_LOOP('',(#1199,#1200,#1201,#1202,#1203,#1204,#1205,#1206,#1207,
#1208,#1209,#1210));
#254=EDGE_LOOP('',(#1211,#1212,#1213,#1214));
#255=EDGE_LOOP('',(#1215,#1216,#1217,#1218,#1219,#1220,#1221,#1222,#1223,
#1224));
#256=EDGE_LOOP('',(#1225,#1226,#1227,#1228));
#257=EDGE_LOOP('',(#1229,#1230,#1231,#1232));
#258=EDGE_LOOP('',(#1233,#1234,#1235,#1236));
#259=EDGE_LOOP('',(#1237,#1238,#1239,#1240));
#260=EDGE_LOOP('',(#1241,#1242,#1243,#1244,#1245,#1246,#1247,#1248,#1249,
#1250,#1251,#1252));
#261=EDGE_LOOP('',(#1253,#1254,#1255,#1256));
#262=EDGE_LOOP('',(#1257,#1258,#1259,#1260,#1261));
#263=EDGE_LOOP('',(#1262));
#264=EDGE_LOOP('',(#1263,#1264,#1265,#1266,#1267));
#265=EDGE_LOOP('',(#1268));
#266=EDGE_LOOP('',(#1269,#1270,#1271,#1272,#1273,#1274));
#267=EDGE_LOOP('',(#1275,#1276,#1277,#1278,#1279,#1280));
#268=EDGE_LOOP('',(#1281,#1282));
#269=EDGE_LOOP('',(#1283,#1284));
#270=EDGE_LOOP('',(#1285,#1286));
#271=EDGE_LOOP('',(#1287,#1288));
#272=EDGE_LOOP('',(#1289,#1290));
#273=EDGE_LOOP('',(#1291,#1292,#1293,#1294));
#274=EDGE_LOOP('',(#1295,#1296,#1297,#1298,#1299,#1300));
#275=EDGE_LOOP('',(#1301,#1302,#1303,#1304));
#276=EDGE_LOOP('',(#1305,#1306,#1307,#1308));
#277=EDGE_LOOP('',(#1309,#1310,#1311,#1312));
#278=EDGE_LOOP('',(#1313,#1314,#1315,#1316));
#279=EDGE_LOOP('',(#1317,#1318,#1319,#1320));
#280=EDGE_LOOP('',(#1321,#1322,#1323,#1324));
#281=EDGE_LOOP('',(#1325,#1326,#1327,#1328,#1329,#1330,#1331,#1332));
#282=EDGE_LOOP('',(#1333,#1334,#1335,#1336));
#283=EDGE_LOOP('',(#1337,#1338,#1339,#1340));
#284=EDGE_LOOP('',(#1341,#1342,#1343,#1344,#1345,#1346,#1347,#1348));
#285=EDGE_LOOP('',(#1349,#1350,#1351,#1352,#1353,#1354,#1355,#1356,#1357,
#1358,#1359,#1360,#1361,#1362,#1363,#1364,#1365,#1366,#1367,#1368,#1369,
#1370,#1371,#1372));
#286=EDGE_LOOP('',(#1373,#1374,#1375,#1376,#1377,#1378));
#287=EDGE_LOOP('',(#1379,#1380,#1381,#1382));
#288=EDGE_LOOP('',(#1383,#1384,#1385,#1386));
#289=EDGE_LOOP('',(#1387,#1388,#1389,#1390,#1391,#1392,#1393,#1394));
#290=EDGE_LOOP('',(#1395,#1396,#1397,#1398,#1399,#1400,#1401,#1402));
#291=EDGE_LOOP('',(#1403,#1404,#1405,#1406));
#292=EDGE_LOOP('',(#1407,#1408,#1409,#1410));
#293=EDGE_LOOP('',(#1411,#1412,#1413,#1414,#1415,#1416,#1417,#1418));
#294=EDGE_LOOP('',(#1419,#1420,#1421,#1422));
#295=EDGE_LOOP('',(#1423,#1424,#1425,#1426));
#296=EDGE_LOOP('',(#1427,#1428,#1429,#1430));
#297=EDGE_LOOP('',(#1431,#1432,#1433,#1434));
#298=EDGE_LOOP('',(#1435,#1436,#1437,#1438,#1439,#1440,#1441,#1442,#1443,
#1444,#1445,#1446,#1447,#1448,#1449,#1450,#1451,#1452,#1453,#1454,#1455,
#1456,#1457,#1458));
#299=EDGE_LOOP('',(#1459,#1460,#1461,#1462));
#300=EDGE_LOOP('',(#1463,#1464,#1465,#1466));
#301=EDGE_LOOP('',(#1467,#1468,#1469,#1470));
#302=EDGE_LOOP('',(#1471,#1472,#1473,#1474));
#303=EDGE_LOOP('',(#1475,#1476,#1477,#1478));
#304=EDGE_LOOP('',(#1479,#1480,#1481,#1482));
#305=EDGE_LOOP('',(#1483,#1484,#1485,#1486));
#306=EDGE_LOOP('',(#1487));
#307=EDGE_LOOP('',(#1488));
#308=EDGE_LOOP('',(#1489,#1490,#1491,#1492));
#309=EDGE_LOOP('',(#1493,#1494,#1495,#1496));
#310=EDGE_LOOP('',(#1497,#1498,#1499,#1500));
#311=EDGE_LOOP('',(#1501,#1502,#1503,#1504));
#312=EDGE_LOOP('',(#1505,#1506,#1507,#1508));
#313=EDGE_LOOP('',(#1509,#1510,#1511,#1512));
#314=EDGE_LOOP('',(#1513,#1514,#1515,#1516));
#315=EDGE_LOOP('',(#1517));
#316=EDGE_LOOP('',(#1518,#1519,#1520,#1521));
#317=EDGE_LOOP('',(#1522,#1523,#1524,#1525));
#318=EDGE_LOOP('',(#1526,#1527,#1528,#1529));
#319=EDGE_LOOP('',(#1530,#1531,#1532,#1533));
#320=EDGE_LOOP('',(#1534,#1535,#1536,#1537));
#321=EDGE_LOOP('',(#1538,#1539,#1540,#1541));
#322=EDGE_LOOP('',(#1542,#1543,#1544,#1545));
#323=EDGE_LOOP('',(#1546,#1547,#1548,#1549));
#324=EDGE_LOOP('',(#1550));
#325=EDGE_LOOP('',(#1551,#1552,#1553,#1554));
#326=EDGE_LOOP('',(#1555,#1556,#1557,#1558));
#327=EDGE_LOOP('',(#1559,#1560,#1561,#1562,#1563,#1564,#1565,#1566,#1567,
#1568,#1569,#1570,#1571,#1572,#1573,#1574,#1575,#1576,#1577,#1578,#1579,
#1580,#1581,#1582));
#328=LINE('',#2318,#503);
#329=LINE('',#2320,#504);
#330=LINE('',#2322,#505);
#331=LINE('',#2323,#506);
#332=LINE('',#2326,#507);
#333=LINE('',#2328,#508);
#334=LINE('',#2329,#509);
#335=LINE('',#2332,#510);
#336=LINE('',#2334,#511);
#337=LINE('',#2338,#512);
#338=LINE('',#2342,#513);
#339=LINE('',#2346,#514);
#340=LINE('',#2350,#515);
#341=LINE('',#2353,#516);
#342=LINE('',#2358,#517);
#343=LINE('',#2367,#518);
#344=LINE('',#2374,#519);
#345=LINE('',#2379,#520);
#346=LINE('',#2398,#521);
#347=LINE('',#2407,#522);
#348=LINE('',#2409,#523);
#349=LINE('',#2411,#524);
#350=LINE('',#2419,#525);
#351=LINE('',#2420,#526);
#352=LINE('',#2422,#527);
#353=LINE('',#2427,#528);
#354=LINE('',#2437,#529);
#355=LINE('',#2439,#530);
#356=LINE('',#2441,#531);
#357=LINE('',#2443,#532);
#358=LINE('',#2445,#533);
#359=LINE('',#2447,#534);
#360=LINE('',#2455,#535);
#361=LINE('',#2471,#536);
#362=LINE('',#2472,#537);
#363=LINE('',#2479,#538);
#364=LINE('',#2481,#539);
#365=LINE('',#2490,#540);
#366=LINE('',#2492,#541);
#367=LINE('',#2494,#542);
#368=LINE('',#2502,#543);
#369=LINE('',#2512,#544);
#370=LINE('',#2519,#545);
#371=LINE('',#2521,#546);
#372=LINE('',#2530,#547);
#373=LINE('',#2532,#548);
#374=LINE('',#2534,#549);
#375=LINE('',#2542,#550);
#376=LINE('',#2553,#551);
#377=LINE('',#2562,#552);
#378=LINE('',#2564,#553);
#379=LINE('',#2566,#554);
#380=LINE('',#2567,#555);
#381=LINE('',#2568,#556);
#382=LINE('',#2783,#557);
#383=LINE('',#2820,#558);
#384=LINE('',#2829,#559);
#385=LINE('',#2831,#560);
#386=LINE('',#2833,#561);
#387=LINE('',#2841,#562);
#388=LINE('',#2844,#563);
#389=LINE('',#2846,#564);
#390=LINE('',#2847,#565);
#391=LINE('',#2850,#566);
#392=LINE('',#2852,#567);
#393=LINE('',#2853,#568);
#394=LINE('',#2857,#569);
#395=LINE('',#2859,#570);
#396=LINE('',#2860,#571);
#397=LINE('',#2861,#572);
#398=LINE('',#2864,#573);
#399=LINE('',#2866,#574);
#400=LINE('',#2868,#575);
#401=LINE('',#2870,#576);
#402=LINE('',#2871,#577);
#403=LINE('',#2874,#578);
#404=LINE('',#2878,#579);
#405=LINE('',#2882,#580);
#406=LINE('',#2886,#581);
#407=LINE('',#2890,#582);
#408=LINE('',#2893,#583);
#409=LINE('',#2896,#584);
#410=LINE('',#2897,#585);
#411=LINE('',#2898,#586);
#412=LINE('',#2900,#587);
#413=LINE('',#2902,#588);
#414=LINE('',#3099,#589);
#415=LINE('',#3100,#590);
#416=LINE('',#3101,#591);
#417=LINE('',#3137,#592);
#418=LINE('',#3138,#593);
#419=LINE('',#3139,#594);
#420=LINE('',#3147,#595);
#421=LINE('',#3152,#596);
#422=LINE('',#3157,#597);
#423=LINE('',#3161,#598);
#424=LINE('',#3162,#599);
#425=LINE('',#3194,#600);
#426=LINE('',#3195,#601);
#427=LINE('',#3227,#602);
#428=LINE('',#3228,#603);
#429=LINE('',#3263,#604);
#430=LINE('',#3265,#605);
#431=LINE('',#3267,#606);
#432=LINE('',#3268,#607);
#433=LINE('',#3271,#608);
#434=LINE('',#3273,#609);
#435=LINE('',#3274,#610);
#436=LINE('',#3277,#611);
#437=LINE('',#3279,#612);
#438=LINE('',#3281,#613);
#439=LINE('',#3283,#614);
#440=LINE('',#3285,#615);
#441=LINE('',#3287,#616);
#442=LINE('',#3289,#617);
#443=LINE('',#3291,#618);
#444=LINE('',#3293,#619);
#445=LINE('',#3295,#620);
#446=LINE('',#3297,#621);
#447=LINE('',#3299,#622);
#448=LINE('',#3301,#623);
#449=LINE('',#3303,#624);
#450=LINE('',#3305,#625);
#451=LINE('',#3307,#626);
#452=LINE('',#3309,#627);
#453=LINE('',#3311,#628);
#454=LINE('',#3313,#629);
#455=LINE('',#3315,#630);
#456=LINE('',#3317,#631);
#457=LINE('',#3318,#632);
#458=LINE('',#3322,#633);
#459=LINE('',#3323,#634);
#460=LINE('',#3324,#635);
#461=LINE('',#3327,#636);
#462=LINE('',#3328,#637);
#463=LINE('',#3331,#638);
#464=LINE('',#3333,#639);
#465=LINE('',#3334,#640);
#466=LINE('',#3337,#641);
#467=LINE('',#3338,#642);
#468=LINE('',#3342,#643);
#469=LINE('',#3343,#644);
#470=LINE('',#3344,#645);
#471=LINE('',#3346,#646);
#472=LINE('',#3351,#647);
#473=LINE('',#3359,#648);
#474=LINE('',#3363,#649);
#475=LINE('',#3364,#650);
#476=LINE('',#3365,#651);
#477=LINE('',#3367,#652);
#478=LINE('',#3369,#653);
#479=LINE('',#3372,#654);
#480=LINE('',#3373,#655);
#481=LINE('',#3376,#656);
#482=LINE('',#3377,#657);
#483=LINE('',#3380,#658);
#484=LINE('',#3381,#659);
#485=LINE('',#3384,#660);
#486=LINE('',#3385,#661);
#487=LINE('',#3387,#662);
#488=LINE('',#3390,#663);
#489=LINE('',#3391,#664);
#490=LINE('',#3394,#665);
#491=LINE('',#3395,#666);
#492=LINE('',#3398,#667);
#493=LINE('',#3399,#668);
#494=LINE('',#3402,#669);
#495=LINE('',#3403,#670);
#496=LINE('',#3406,#671);
#497=LINE('',#3407,#672);
#498=LINE('',#3410,#673);
#499=LINE('',#3411,#674);
#500=LINE('',#3414,#675);
#501=LINE('',#3415,#676);
#502=LINE('',#3417,#677);
#503=VECTOR('',#1886,10.);
#504=VECTOR('',#1887,10.);
#505=VECTOR('',#1888,10.);
#506=VECTOR('',#1889,10.);
#507=VECTOR('',#1892,10.);
#508=VECTOR('',#1893,10.);
#509=VECTOR('',#1894,10.);
#510=VECTOR('',#1897,10.);
#511=VECTOR('',#1898,10.);
#512=VECTOR('',#1901,10.);
#513=VECTOR('',#1904,10.);
#514=VECTOR('',#1907,10.);
#515=VECTOR('',#1910,10.);
#516=VECTOR('',#1913,10.);
#517=VECTOR('',#1918,2.10000000000001);
#518=VECTOR('',#1929,2.10000000000001);
#519=VECTOR('',#1938,1.90000000000002);
#520=VECTOR('',#1945,1.90000000000001);
#521=VECTOR('',#1958,10.);
#522=VECTOR('',#1959,10.);
#523=VECTOR('',#1960,10.);
#524=VECTOR('',#1961,10.);
#525=VECTOR('',#1962,10.);
#526=VECTOR('',#1963,10.);
#527=VECTOR('',#1964,10.);
#528=VECTOR('',#1967,10.);
#529=VECTOR('',#1976,10.);
#530=VECTOR('',#1977,10.);
#531=VECTOR('',#1978,10.);
#532=VECTOR('',#1979,10.);
#533=VECTOR('',#1980,10.);
#534=VECTOR('',#1981,10.);
#535=VECTOR('',#1982,10.);
#536=VECTOR('',#1993,10.);
#537=VECTOR('',#1994,10.);
#538=VECTOR('',#1997,10.);
#539=VECTOR('',#1998,10.);
#540=VECTOR('',#1999,10.);
#541=VECTOR('',#2000,10.);
#542=VECTOR('',#2001,10.);
#543=VECTOR('',#2002,10.);
#544=VECTOR('',#2011,10.);
#545=VECTOR('',#2014,10.);
#546=VECTOR('',#2015,10.);
#547=VECTOR('',#2016,10.);
#548=VECTOR('',#2017,10.);
#549=VECTOR('',#2018,10.);
#550=VECTOR('',#2019,10.);
#551=VECTOR('',#2028,10.);
#552=VECTOR('',#2029,10.);
#553=VECTOR('',#2030,10.);
#554=VECTOR('',#2031,10.);
#555=VECTOR('',#2032,10.);
#556=VECTOR('',#2033,10.);
#557=VECTOR('',#2036,10.);
#558=VECTOR('',#2039,10.);
#559=VECTOR('',#2040,10.);
#560=VECTOR('',#2041,10.);
#561=VECTOR('',#2042,10.);
#562=VECTOR('',#2045,10.);
#563=VECTOR('',#2048,10.);
#564=VECTOR('',#2049,10.);
#565=VECTOR('',#2050,10.);
#566=VECTOR('',#2053,10.);
#567=VECTOR('',#2054,10.);
#568=VECTOR('',#2055,10.);
#569=VECTOR('',#2058,10.);
#570=VECTOR('',#2059,10.);
#571=VECTOR('',#2060,10.);
#572=VECTOR('',#2061,10.);
#573=VECTOR('',#2064,10.);
#574=VECTOR('',#2065,10.);
#575=VECTOR('',#2066,10.);
#576=VECTOR('',#2067,10.);
#577=VECTOR('',#2068,10.);
#578=VECTOR('',#2069,10.);
#579=VECTOR('',#2072,10.);
#580=VECTOR('',#2075,10.);
#581=VECTOR('',#2078,10.);
#582=VECTOR('',#2081,10.);
#583=VECTOR('',#2086,10.);
#584=VECTOR('',#2089,10.);
#585=VECTOR('',#2090,10.);
#586=VECTOR('',#2091,10.);
#587=VECTOR('',#2094,10.);
#588=VECTOR('',#2097,10.);
#589=VECTOR('',#2102,10.);
#590=VECTOR('',#2103,10.);
#591=VECTOR('',#2104,10.);
#592=VECTOR('',#2115,10.);
#593=VECTOR('',#2116,10.);
#594=VECTOR('',#2117,10.);
#595=VECTOR('',#2128,10.);
#596=VECTOR('',#2133,10.);
#597=VECTOR('',#2138,10.);
#598=VECTOR('',#2145,10.);
#599=VECTOR('',#2146,10.);
#600=VECTOR('',#2153,10.);
#601=VECTOR('',#2154,10.);
#602=VECTOR('',#2161,10.);
#603=VECTOR('',#2162,10.);
#604=VECTOR('',#2171,10.);
#605=VECTOR('',#2172,10.);
#606=VECTOR('',#2173,10.);
#607=VECTOR('',#2174,10.);
#608=VECTOR('',#2177,10.);
#609=VECTOR('',#2178,10.);
#610=VECTOR('',#2179,10.);
#611=VECTOR('',#2182,10.);
#612=VECTOR('',#2183,10.);
#613=VECTOR('',#2184,10.);
#614=VECTOR('',#2185,10.);
#615=VECTOR('',#2186,10.);
#616=VECTOR('',#2187,10.);
#617=VECTOR('',#2188,10.);
#618=VECTOR('',#2189,10.);
#619=VECTOR('',#2190,10.);
#620=VECTOR('',#2191,10.);
#621=VECTOR('',#2192,10.);
#622=VECTOR('',#2193,10.);
#623=VECTOR('',#2194,10.);
#624=VECTOR('',#2195,10.);
#625=VECTOR('',#2196,10.);
#626=VECTOR('',#2197,10.);
#627=VECTOR('',#2198,10.);
#628=VECTOR('',#2199,10.);
#629=VECTOR('',#2200,10.);
#630=VECTOR('',#2201,10.);
#631=VECTOR('',#2202,10.);
#632=VECTOR('',#2203,10.);
#633=VECTOR('',#2206,10.);
#634=VECTOR('',#2207,10.);
#635=VECTOR('',#2208,10.);
#636=VECTOR('',#2211,10.);
#637=VECTOR('',#2212,10.);
#638=VECTOR('',#2215,10.);
#639=VECTOR('',#2216,10.);
#640=VECTOR('',#2217,10.);
#641=VECTOR('',#2220,10.);
#642=VECTOR('',#2221,10.);
#643=VECTOR('',#2224,10.);
#644=VECTOR('',#2225,10.);
#645=VECTOR('',#2226,10.);
#646=VECTOR('',#2229,10.);
#647=VECTOR('',#2234,2.87500000000001);
#648=VECTOR('',#2245,1.6);
#649=VECTOR('',#2248,10.);
#650=VECTOR('',#2249,10.);
#651=VECTOR('',#2250,10.);
#652=VECTOR('',#2253,10.);
#653=VECTOR('',#2256,10.);
#654=VECTOR('',#2259,10.);
#655=VECTOR('',#2260,10.);
#656=VECTOR('',#2263,10.);
#657=VECTOR('',#2264,10.);
#658=VECTOR('',#2267,10.);
#659=VECTOR('',#2268,10.);
#660=VECTOR('',#2271,10.);
#661=VECTOR('',#2272,10.);
#662=VECTOR('',#2275,10.);
#663=VECTOR('',#2278,10.);
#664=VECTOR('',#2279,10.);
#665=VECTOR('',#2282,10.);
#666=VECTOR('',#2283,10.);
#667=VECTOR('',#2286,10.);
#668=VECTOR('',#2287,10.);
#669=VECTOR('',#2290,10.);
#670=VECTOR('',#2291,10.);
#671=VECTOR('',#2294,10.);
#672=VECTOR('',#2295,10.);
#673=VECTOR('',#2298,10.);
#674=VECTOR('',#2299,10.);
#675=VECTOR('',#2302,10.);
#676=VECTOR('',#2303,10.);
#677=VECTOR('',#2306,10.);
#678=VERTEX_POINT('',#2316);
#679=VERTEX_POINT('',#2317);
#680=VERTEX_POINT('',#2319);
#681=VERTEX_POINT('',#2321);
#682=VERTEX_POINT('',#2325);
#683=VERTEX_POINT('',#2327);
#684=VERTEX_POINT('',#2331);
#685=VERTEX_POINT('',#2333);
#686=VERTEX_POINT('',#2335);
#687=VERTEX_POINT('',#2337);
#688=VERTEX_POINT('',#2339);
#689=VERTEX_POINT('',#2341);
#690=VERTEX_POINT('',#2343);
#691=VERTEX_POINT('',#2345);
#692=VERTEX_POINT('',#2347);
#693=VERTEX_POINT('',#2349);
#694=VERTEX_POINT('',#2351);
#695=VERTEX_POINT('',#2355);
#696=VERTEX_POINT('',#2357);
#697=VERTEX_POINT('',#2361);
#698=VERTEX_POINT('',#2364);
#699=VERTEX_POINT('',#2366);
#700=VERTEX_POINT('',#2370);
#701=VERTEX_POINT('',#2373);
#702=VERTEX_POINT('',#2378);
#703=VERTEX_POINT('',#2383);
#704=VERTEX_POINT('',#2384);
#705=VERTEX_POINT('',#2388);
#706=VERTEX_POINT('',#2390);
#707=VERTEX_POINT('',#2396);
#708=VERTEX_POINT('',#2397);
#709=VERTEX_POINT('',#2399);
#710=VERTEX_POINT('',#2406);
#711=VERTEX_POINT('',#2408);
#712=VERTEX_POINT('',#2410);
#713=VERTEX_POINT('',#2412);
#714=VERTEX_POINT('',#2421);
#715=VERTEX_POINT('',#2429);
#716=VERTEX_POINT('',#2431);
#717=VERTEX_POINT('',#2438);
#718=VERTEX_POINT('',#2440);
#719=VERTEX_POINT('',#2442);
#720=VERTEX_POINT('',#2444);
#721=VERTEX_POINT('',#2446);
#722=VERTEX_POINT('',#2448);
#723=VERTEX_POINT('',#2458);
#724=VERTEX_POINT('',#2459);
#725=VERTEX_POINT('',#2463);
#726=VERTEX_POINT('',#2465);
#727=VERTEX_POINT('',#2474);
#728=VERTEX_POINT('',#2475);
#729=VERTEX_POINT('',#2480);
#730=VERTEX_POINT('',#2482);
#731=VERTEX_POINT('',#2489);
#732=VERTEX_POINT('',#2491);
#733=VERTEX_POINT('',#2493);
#734=VERTEX_POINT('',#2495);
#735=VERTEX_POINT('',#2504);
#736=VERTEX_POINT('',#2505);
#737=VERTEX_POINT('',#2514);
#738=VERTEX_POINT('',#2515);
#739=VERTEX_POINT('',#2520);
#740=VERTEX_POINT('',#2522);
#741=VERTEX_POINT('',#2529);
#742=VERTEX_POINT('',#2531);
#743=VERTEX_POINT('',#2533);
#744=VERTEX_POINT('',#2535);
#745=VERTEX_POINT('',#2544);
#746=VERTEX_POINT('',#2545);
#747=VERTEX_POINT('',#2552);
#748=VERTEX_POINT('',#2554);
#749=VERTEX_POINT('',#2561);
#750=VERTEX_POINT('',#2563);
#751=VERTEX_POINT('',#2565);
#752=VERTEX_POINT('',#2782);
#753=VERTEX_POINT('',#2819);
#754=VERTEX_POINT('',#2821);
#755=VERTEX_POINT('',#2828);
#756=VERTEX_POINT('',#2830);
#757=VERTEX_POINT('',#2832);
#758=VERTEX_POINT('',#2843);
#759=VERTEX_POINT('',#2845);
#760=VERTEX_POINT('',#2849);
#761=VERTEX_POINT('',#2851);
#762=VERTEX_POINT('',#2855);
#763=VERTEX_POINT('',#2856);
#764=VERTEX_POINT('',#2858);
#765=VERTEX_POINT('',#2863);
#766=VERTEX_POINT('',#2865);
#767=VERTEX_POINT('',#2867);
#768=VERTEX_POINT('',#2869);
#769=VERTEX_POINT('',#2872);
#770=VERTEX_POINT('',#2873);
#771=VERTEX_POINT('',#2876);
#772=VERTEX_POINT('',#2877);
#773=VERTEX_POINT('',#2880);
#774=VERTEX_POINT('',#2881);
#775=VERTEX_POINT('',#2884);
#776=VERTEX_POINT('',#2885);
#777=VERTEX_POINT('',#2888);
#778=VERTEX_POINT('',#2889);
#779=VERTEX_POINT('',#2895);
#780=VERTEX_POINT('',#3097);
#781=VERTEX_POINT('',#3098);
#782=VERTEX_POINT('',#3135);
#783=VERTEX_POINT('',#3136);
#784=VERTEX_POINT('',#3144);
#785=VERTEX_POINT('',#3146);
#786=VERTEX_POINT('',#3149);
#787=VERTEX_POINT('',#3151);
#788=VERTEX_POINT('',#3154);
#789=VERTEX_POINT('',#3156);
#790=VERTEX_POINT('',#3261);
#791=VERTEX_POINT('',#3262);
#792=VERTEX_POINT('',#3264);
#793=VERTEX_POINT('',#3266);
#794=VERTEX_POINT('',#3270);
#795=VERTEX_POINT('',#3272);
#796=VERTEX_POINT('',#3276);
#797=VERTEX_POINT('',#3278);
#798=VERTEX_POINT('',#3280);
#799=VERTEX_POINT('',#3282);
#800=VERTEX_POINT('',#3284);
#801=VERTEX_POINT('',#3286);
#802=VERTEX_POINT('',#3288);
#803=VERTEX_POINT('',#3290);
#804=VERTEX_POINT('',#3292);
#805=VERTEX_POINT('',#3294);
#806=VERTEX_POINT('',#3296);
#807=VERTEX_POINT('',#3298);
#808=VERTEX_POINT('',#3300);
#809=VERTEX_POINT('',#3302);
#810=VERTEX_POINT('',#3304);
#811=VERTEX_POINT('',#3306);
#812=VERTEX_POINT('',#3308);
#813=VERTEX_POINT('',#3310);
#814=VERTEX_POINT('',#3312);
#815=VERTEX_POINT('',#3314);
#816=VERTEX_POINT('',#3316);
#817=VERTEX_POINT('',#3320);
#818=VERTEX_POINT('',#3321);
#819=VERTEX_POINT('',#3326);
#820=VERTEX_POINT('',#3330);
#821=VERTEX_POINT('',#3332);
#822=VERTEX_POINT('',#3336);
#823=VERTEX_POINT('',#3340);
#824=VERTEX_POINT('',#3341);
#825=VERTEX_POINT('',#3348);
#826=VERTEX_POINT('',#3350);
#827=VERTEX_POINT('',#3354);
#828=VERTEX_POINT('',#3357);
#829=VERTEX_POINT('',#3361);
#830=VERTEX_POINT('',#3362);
#831=VERTEX_POINT('',#3371);
#832=VERTEX_POINT('',#3375);
#833=VERTEX_POINT('',#3379);
#834=VERTEX_POINT('',#3383);
#835=VERTEX_POINT('',#3389);
#836=VERTEX_POINT('',#3393);
#837=VERTEX_POINT('',#3397);
#838=VERTEX_POINT('',#3401);
#839=VERTEX_POINT('',#3405);
#840=VERTEX_POINT('',#3409);
#841=VERTEX_POINT('',#3413);
#842=EDGE_CURVE('',#678,#679,#328,.T.);
#843=EDGE_CURVE('',#679,#680,#329,.T.);
#844=EDGE_CURVE('',#680,#681,#330,.T.);
#845=EDGE_CURVE('',#681,#678,#331,.T.);
#846=EDGE_CURVE('',#682,#680,#332,.T.);
#847=EDGE_CURVE('',#683,#682,#333,.T.);
#848=EDGE_CURVE('',#681,#683,#334,.T.);
#849=EDGE_CURVE('',#679,#684,#335,.T.);
#850=EDGE_CURVE('',#684,#685,#336,.T.);
#851=EDGE_CURVE('',#686,#685,#95,.T.);
#852=EDGE_CURVE('',#686,#687,#337,.T.);
#853=EDGE_CURVE('',#688,#687,#96,.T.);
#854=EDGE_CURVE('',#688,#689,#338,.T.);
#855=EDGE_CURVE('',#690,#689,#97,.T.);
#856=EDGE_CURVE('',#690,#691,#339,.T.);
#857=EDGE_CURVE('',#692,#691,#98,.T.);
#858=EDGE_CURVE('',#692,#693,#340,.T.);
#859=EDGE_CURVE('',#694,#693,#99,.T.);
#860=EDGE_CURVE('',#694,#682,#341,.T.);
#861=EDGE_CURVE('',#695,#695,#100,.T.);
#862=EDGE_CURVE('',#695,#696,#342,.T.);
#863=EDGE_CURVE('',#696,#696,#101,.T.);
#864=EDGE_CURVE('',#697,#697,#102,.T.);
#865=EDGE_CURVE('',#698,#698,#103,.T.);
#866=EDGE_CURVE('',#698,#699,#343,.T.);
#867=EDGE_CURVE('',#699,#699,#104,.T.);
#868=EDGE_CURVE('',#700,#700,#105,.T.);
#869=EDGE_CURVE('',#700,#701,#344,.T.);
#870=EDGE_CURVE('',#701,#701,#106,.T.);
#871=EDGE_CURVE('',#697,#702,#345,.T.);
#872=EDGE_CURVE('',#702,#702,#107,.T.);
#873=EDGE_CURVE('',#703,#704,#52,.T.);
#874=EDGE_CURVE('',#704,#705,#108,.T.);
#875=EDGE_CURVE('',#705,#706,#53,.T.);
#876=EDGE_CURVE('',#706,#703,#109,.T.);
#877=EDGE_CURVE('',#707,#708,#346,.T.);
#878=EDGE_CURVE('',#707,#709,#37,.F.);
#879=EDGE_CURVE('',#709,#710,#347,.T.);
#880=EDGE_CURVE('',#710,#711,#348,.T.);
#881=EDGE_CURVE('',#711,#712,#349,.T.);
#882=EDGE_CURVE('',#712,#713,#38,.F.);
#883=EDGE_CURVE('',#713,#706,#350,.T.);
#884=EDGE_CURVE('',#687,#705,#351,.T.);
#885=EDGE_CURVE('',#686,#714,#352,.T.);
#886=EDGE_CURVE('',#708,#714,#54,.T.);
#887=EDGE_CURVE('',#688,#704,#353,.T.);
#888=EDGE_CURVE('',#715,#708,#110,.T.);
#889=EDGE_CURVE('',#714,#716,#111,.T.);
#890=EDGE_CURVE('',#716,#715,#55,.T.);
#891=EDGE_CURVE('',#685,#716,#354,.T.);
#892=EDGE_CURVE('',#717,#684,#355,.T.);
#893=EDGE_CURVE('',#718,#717,#356,.T.);
#894=EDGE_CURVE('',#719,#718,#357,.T.);
#895=EDGE_CURVE('',#719,#720,#358,.T.);
#896=EDGE_CURVE('',#720,#721,#359,.T.);
#897=EDGE_CURVE('',#721,#722,#39,.F.);
#898=EDGE_CURVE('',#722,#715,#360,.T.);
#899=EDGE_CURVE('',#723,#724,#56,.T.);
#900=EDGE_CURVE('',#724,#725,#112,.T.);
#901=EDGE_CURVE('',#725,#726,#57,.T.);
#902=EDGE_CURVE('',#726,#723,#113,.T.);
#903=EDGE_CURVE('',#690,#724,#361,.T.);
#904=EDGE_CURVE('',#689,#725,#362,.T.);
#905=EDGE_CURVE('',#727,#728,#58,.T.);
#906=EDGE_CURVE('',#691,#727,#363,.T.);
#907=EDGE_CURVE('',#729,#723,#364,.T.);
#908=EDGE_CURVE('',#729,#730,#40,.F.);
#909=EDGE_CURVE('',#730,#731,#365,.T.);
#910=EDGE_CURVE('',#731,#732,#366,.T.);
#911=EDGE_CURVE('',#732,#733,#367,.T.);
#912=EDGE_CURVE('',#733,#734,#41,.F.);
#913=EDGE_CURVE('',#734,#728,#368,.T.);
#914=EDGE_CURVE('',#735,#736,#59,.T.);
#915=EDGE_CURVE('',#736,#727,#114,.T.);
#916=EDGE_CURVE('',#728,#735,#115,.T.);
#917=EDGE_CURVE('',#692,#736,#369,.T.);
#918=EDGE_CURVE('',#737,#738,#60,.T.);
#919=EDGE_CURVE('',#693,#737,#370,.T.);
#920=EDGE_CURVE('',#739,#735,#371,.T.);
#921=EDGE_CURVE('',#739,#740,#42,.F.);
#922=EDGE_CURVE('',#740,#741,#372,.T.);
#923=EDGE_CURVE('',#741,#742,#373,.T.);
#924=EDGE_CURVE('',#742,#743,#374,.T.);
#925=EDGE_CURVE('',#743,#744,#43,.F.);
#926=EDGE_CURVE('',#744,#738,#375,.T.);
#927=EDGE_CURVE('',#745,#746,#61,.T.);
#928=EDGE_CURVE('',#746,#737,#116,.T.);
#929=EDGE_CURVE('',#738,#745,#117,.T.);
#930=EDGE_CURVE('',#747,#745,#376,.T.);
#931=EDGE_CURVE('',#747,#748,#44,.F.);
#932=EDGE_CURVE('',#748,#749,#377,.T.);
#933=EDGE_CURVE('',#749,#750,#378,.T.);
#934=EDGE_CURVE('',#751,#750,#379,.T.);
#935=EDGE_CURVE('',#683,#751,#380,.T.);
#936=EDGE_CURVE('',#694,#746,#381,.T.);
#937=EDGE_CURVE('',#744,#747,#45,.F.);
#938=EDGE_CURVE('',#734,#739,#46,.F.);
#939=EDGE_CURVE('',#752,#726,#382,.T.);
#940=EDGE_CURVE('',#752,#729,#47,.F.);
#941=EDGE_CURVE('',#753,#703,#383,.T.);
#942=EDGE_CURVE('',#753,#754,#48,.F.);
#943=EDGE_CURVE('',#754,#755,#384,.T.);
#944=EDGE_CURVE('',#755,#756,#385,.T.);
#945=EDGE_CURVE('',#756,#757,#386,.T.);
#946=EDGE_CURVE('',#757,#752,#49,.F.);
#947=EDGE_CURVE('',#717,#678,#387,.T.);
#948=EDGE_CURVE('',#758,#751,#388,.T.);
#949=EDGE_CURVE('',#758,#759,#389,.T.);
#950=EDGE_CURVE('',#759,#681,#390,.T.);
#951=EDGE_CURVE('',#678,#760,#391,.T.);
#952=EDGE_CURVE('',#760,#761,#392,.T.);
#953=EDGE_CURVE('',#718,#761,#393,.T.);
#954=EDGE_CURVE('',#762,#763,#394,.T.);
#955=EDGE_CURVE('',#763,#764,#395,.T.);
#956=EDGE_CURVE('',#764,#719,#396,.T.);
#957=EDGE_CURVE('',#761,#762,#397,.T.);
#958=EDGE_CURVE('',#765,#762,#398,.T.);
#959=EDGE_CURVE('',#765,#766,#399,.T.);
#960=EDGE_CURVE('',#767,#766,#400,.T.);
#961=EDGE_CURVE('',#768,#767,#401,.T.);
#962=EDGE_CURVE('',#763,#768,#402,.T.);
#963=EDGE_CURVE('',#769,#770,#403,.T.);
#964=EDGE_CURVE('',#770,#769,#118,.F.);
#965=EDGE_CURVE('',#771,#772,#404,.T.);
#966=EDGE_CURVE('',#772,#771,#119,.F.);
#967=EDGE_CURVE('',#773,#774,#405,.T.);
#968=EDGE_CURVE('',#774,#773,#120,.F.);
#969=EDGE_CURVE('',#775,#776,#406,.T.);
#970=EDGE_CURVE('',#776,#775,#121,.F.);
#971=EDGE_CURVE('',#777,#778,#407,.T.);
#972=EDGE_CURVE('',#778,#777,#122,.F.);
#973=EDGE_CURVE('',#760,#765,#408,.T.);
#974=EDGE_CURVE('',#750,#779,#409,.T.);
#975=EDGE_CURVE('',#779,#768,#410,.T.);
#976=EDGE_CURVE('',#767,#758,#411,.T.);
#977=EDGE_CURVE('',#766,#759,#412,.T.);
#978=EDGE_CURVE('',#779,#764,#413,.T.);
#979=EDGE_CURVE('',#713,#753,#50,.F.);
#980=EDGE_CURVE('',#722,#707,#51,.F.);
#981=EDGE_CURVE('',#754,#712,#123,.T.);
#982=EDGE_CURVE('',#780,#781,#414,.F.);
#983=EDGE_CURVE('',#780,#770,#415,.F.);
#984=EDGE_CURVE('',#769,#781,#416,.F.);
#985=EDGE_CURVE('',#781,#711,#124,.T.);
#986=EDGE_CURVE('',#755,#780,#125,.T.);
#987=EDGE_CURVE('',#740,#733,#126,.T.);
#988=EDGE_CURVE('',#782,#783,#417,.F.);
#989=EDGE_CURVE('',#782,#772,#418,.F.);
#990=EDGE_CURVE('',#771,#783,#419,.F.);
#991=EDGE_CURVE('',#783,#732,#127,.T.);
#992=EDGE_CURVE('',#741,#782,#128,.T.);
#993=EDGE_CURVE('',#749,#784,#129,.T.);
#994=EDGE_CURVE('',#784,#785,#420,.F.);
#995=EDGE_CURVE('',#785,#742,#130,.T.);
#996=EDGE_CURVE('',#731,#786,#131,.T.);
#997=EDGE_CURVE('',#786,#787,#421,.F.);
#998=EDGE_CURVE('',#787,#756,#132,.T.);
#999=EDGE_CURVE('',#710,#788,#133,.T.);
#1000=EDGE_CURVE('',#788,#789,#422,.F.);
#1001=EDGE_CURVE('',#789,#720,#134,.T.);
#1002=EDGE_CURVE('',#773,#785,#423,.F.);
#1003=EDGE_CURVE('',#784,#774,#424,.F.);
#1004=EDGE_CURVE('',#748,#743,#135,.T.);
#1005=EDGE_CURVE('',#775,#787,#425,.F.);
#1006=EDGE_CURVE('',#786,#776,#426,.F.);
#1007=EDGE_CURVE('',#730,#757,#136,.T.);
#1008=EDGE_CURVE('',#777,#789,#427,.F.);
#1009=EDGE_CURVE('',#788,#778,#428,.F.);
#1010=EDGE_CURVE('',#709,#721,#137,.T.);
#1011=EDGE_CURVE('',#790,#791,#429,.T.);
#1012=EDGE_CURVE('',#791,#792,#430,.T.);
#1013=EDGE_CURVE('',#792,#793,#431,.T.);
#1014=EDGE_CURVE('',#793,#790,#432,.T.);
#1015=EDGE_CURVE('',#794,#791,#433,.T.);
#1016=EDGE_CURVE('',#795,#794,#434,.T.);
#1017=EDGE_CURVE('',#795,#792,#435,.T.);
#1018=EDGE_CURVE('',#790,#796,#436,.T.);
#1019=EDGE_CURVE('',#797,#796,#437,.T.);
#1020=EDGE_CURVE('',#797,#798,#438,.T.);
#1021=EDGE_CURVE('',#798,#799,#439,.T.);
#1022=EDGE_CURVE('',#799,#800,#440,.T.);
#1023=EDGE_CURVE('',#800,#801,#441,.T.);
#1024=EDGE_CURVE('',#801,#802,#442,.T.);
#1025=EDGE_CURVE('',#802,#803,#443,.T.);
#1026=EDGE_CURVE('',#803,#804,#444,.T.);
#1027=EDGE_CURVE('',#804,#805,#445,.T.);
#1028=EDGE_CURVE('',#805,#806,#446,.T.);
#1029=EDGE_CURVE('',#806,#807,#447,.T.);
#1030=EDGE_CURVE('',#807,#808,#448,.T.);
#1031=EDGE_CURVE('',#809,#808,#449,.T.);
#1032=EDGE_CURVE('',#809,#810,#450,.T.);
#1033=EDGE_CURVE('',#811,#810,#451,.T.);
#1034=EDGE_CURVE('',#811,#812,#452,.T.);
#1035=EDGE_CURVE('',#812,#813,#453,.T.);
#1036=EDGE_CURVE('',#813,#814,#454,.T.);
#1037=EDGE_CURVE('',#814,#815,#455,.T.);
#1038=EDGE_CURVE('',#815,#816,#456,.T.);
#1039=EDGE_CURVE('',#816,#794,#457,.T.);
#1040=EDGE_CURVE('',#817,#818,#458,.T.);
#1041=EDGE_CURVE('',#818,#797,#459,.T.);
#1042=EDGE_CURVE('',#796,#817,#460,.T.);
#1043=EDGE_CURVE('',#818,#819,#461,.T.);
#1044=EDGE_CURVE('',#819,#798,#462,.T.);
#1045=EDGE_CURVE('',#810,#820,#463,.T.);
#1046=EDGE_CURVE('',#820,#821,#464,.T.);
#1047=EDGE_CURVE('',#821,#811,#465,.T.);
#1048=EDGE_CURVE('',#822,#821,#466,.T.);
#1049=EDGE_CURVE('',#822,#812,#467,.T.);
#1050=EDGE_CURVE('',#823,#824,#468,.T.);
#1051=EDGE_CURVE('',#824,#809,#469,.T.);
#1052=EDGE_CURVE('',#808,#823,#470,.T.);
#1053=EDGE_CURVE('',#820,#824,#471,.T.);
#1054=EDGE_CURVE('',#825,#825,#138,.T.);
#1055=EDGE_CURVE('',#825,#826,#472,.T.);
#1056=EDGE_CURVE('',#826,#826,#139,.T.);
#1057=EDGE_CURVE('',#827,#827,#140,.T.);
#1058=EDGE_CURVE('',#828,#828,#141,.T.);
#1059=EDGE_CURVE('',#828,#827,#473,.T.);
#1060=EDGE_CURVE('',#829,#830,#474,.T.);
#1061=EDGE_CURVE('',#829,#800,#475,.T.);
#1062=EDGE_CURVE('',#830,#799,#476,.T.);
#1063=EDGE_CURVE('',#830,#819,#477,.T.);
#1064=EDGE_CURVE('',#793,#817,#478,.T.);
#1065=EDGE_CURVE('',#831,#795,#479,.T.);
#1066=EDGE_CURVE('',#831,#816,#480,.T.);
#1067=EDGE_CURVE('',#832,#831,#481,.T.);
#1068=EDGE_CURVE('',#832,#815,#482,.T.);
#1069=EDGE_CURVE('',#832,#833,#483,.T.);
#1070=EDGE_CURVE('',#833,#814,#484,.T.);
#1071=EDGE_CURVE('',#833,#834,#485,.T.);
#1072=EDGE_CURVE('',#834,#813,#486,.T.);
#1073=EDGE_CURVE('',#834,#822,#487,.T.);
#1074=EDGE_CURVE('',#835,#807,#488,.T.);
#1075=EDGE_CURVE('',#835,#823,#489,.T.);
#1076=EDGE_CURVE('',#836,#835,#490,.T.);
#1077=EDGE_CURVE('',#836,#806,#491,.T.);
#1078=EDGE_CURVE('',#837,#836,#492,.T.);
#1079=EDGE_CURVE('',#837,#805,#493,.T.);
#1080=EDGE_CURVE('',#838,#837,#494,.T.);
#1081=EDGE_CURVE('',#838,#804,#495,.T.);
#1082=EDGE_CURVE('',#838,#839,#496,.T.);
#1083=EDGE_CURVE('',#839,#803,#497,.T.);
#1084=EDGE_CURVE('',#840,#839,#498,.T.);
#1085=EDGE_CURVE('',#840,#802,#499,.T.);
#1086=EDGE_CURVE('',#841,#840,#500,.T.);
#1087=EDGE_CURVE('',#841,#801,#501,.T.);
#1088=EDGE_CURVE('',#841,#829,#502,.T.);
#1089=ORIENTED_EDGE('',*,*,#842,.T.);
#1090=ORIENTED_EDGE('',*,*,#843,.T.);
#1091=ORIENTED_EDGE('',*,*,#844,.T.);
#1092=ORIENTED_EDGE('',*,*,#845,.T.);
#1093=ORIENTED_EDGE('',*,*,#844,.F.);
#1094=ORIENTED_EDGE('',*,*,#846,.F.);
#1095=ORIENTED_EDGE('',*,*,#847,.F.);
#1096=ORIENTED_EDGE('',*,*,#848,.F.);
#1097=ORIENTED_EDGE('',*,*,#843,.F.);
#1098=ORIENTED_EDGE('',*,*,#849,.T.);
#1099=ORIENTED_EDGE('',*,*,#850,.T.);
#1100=ORIENTED_EDGE('',*,*,#851,.F.);
#1101=ORIENTED_EDGE('',*,*,#852,.T.);
#1102=ORIENTED_EDGE('',*,*,#853,.F.);
#1103=ORIENTED_EDGE('',*,*,#854,.T.);
#1104=ORIENTED_EDGE('',*,*,#855,.F.);
#1105=ORIENTED_EDGE('',*,*,#856,.T.);
#1106=ORIENTED_EDGE('',*,*,#857,.F.);
#1107=ORIENTED_EDGE('',*,*,#858,.T.);
#1108=ORIENTED_EDGE('',*,*,#859,.F.);
#1109=ORIENTED_EDGE('',*,*,#860,.T.);
#1110=ORIENTED_EDGE('',*,*,#846,.T.);
#1111=ORIENTED_EDGE('',*,*,#861,.F.);
#1112=ORIENTED_EDGE('',*,*,#862,.T.);
#1113=ORIENTED_EDGE('',*,*,#863,.T.);
#1114=ORIENTED_EDGE('',*,*,#862,.F.);
#1115=ORIENTED_EDGE('',*,*,#863,.F.);
#1116=ORIENTED_EDGE('',*,*,#864,.F.);
#1117=ORIENTED_EDGE('',*,*,#865,.F.);
#1118=ORIENTED_EDGE('',*,*,#866,.T.);
#1119=ORIENTED_EDGE('',*,*,#867,.T.);
#1120=ORIENTED_EDGE('',*,*,#866,.F.);
#1121=ORIENTED_EDGE('',*,*,#867,.F.);
#1122=ORIENTED_EDGE('',*,*,#868,.F.);
#1123=ORIENTED_EDGE('',*,*,#868,.T.);
#1124=ORIENTED_EDGE('',*,*,#869,.T.);
#1125=ORIENTED_EDGE('',*,*,#870,.T.);
#1126=ORIENTED_EDGE('',*,*,#869,.F.);
#1127=ORIENTED_EDGE('',*,*,#870,.F.);
#1128=ORIENTED_EDGE('',*,*,#864,.T.);
#1129=ORIENTED_EDGE('',*,*,#871,.T.);
#1130=ORIENTED_EDGE('',*,*,#872,.T.);
#1131=ORIENTED_EDGE('',*,*,#871,.F.);
#1132=ORIENTED_EDGE('',*,*,#872,.F.);
#1133=ORIENTED_EDGE('',*,*,#873,.T.);
#1134=ORIENTED_EDGE('',*,*,#874,.T.);
#1135=ORIENTED_EDGE('',*,*,#875,.T.);
#1136=ORIENTED_EDGE('',*,*,#876,.T.);
#1137=ORIENTED_EDGE('',*,*,#877,.F.);
#1138=ORIENTED_EDGE('',*,*,#878,.T.);
#1139=ORIENTED_EDGE('',*,*,#879,.T.);
#1140=ORIENTED_EDGE('',*,*,#880,.T.);
#1141=ORIENTED_EDGE('',*,*,#881,.T.);
#1142=ORIENTED_EDGE('',*,*,#882,.T.);
#1143=ORIENTED_EDGE('',*,*,#883,.T.);
#1144=ORIENTED_EDGE('',*,*,#875,.F.);
#1145=ORIENTED_EDGE('',*,*,#884,.F.);
#1146=ORIENTED_EDGE('',*,*,#852,.F.);
#1147=ORIENTED_EDGE('',*,*,#885,.T.);
#1148=ORIENTED_EDGE('',*,*,#886,.F.);
#1149=ORIENTED_EDGE('',*,*,#874,.F.);
#1150=ORIENTED_EDGE('',*,*,#887,.F.);
#1151=ORIENTED_EDGE('',*,*,#853,.T.);
#1152=ORIENTED_EDGE('',*,*,#884,.T.);
#1153=ORIENTED_EDGE('',*,*,#888,.T.);
#1154=ORIENTED_EDGE('',*,*,#886,.T.);
#1155=ORIENTED_EDGE('',*,*,#889,.T.);
#1156=ORIENTED_EDGE('',*,*,#890,.T.);
#1157=ORIENTED_EDGE('',*,*,#890,.F.);
#1158=ORIENTED_EDGE('',*,*,#891,.F.);
#1159=ORIENTED_EDGE('',*,*,#850,.F.);
#1160=ORIENTED_EDGE('',*,*,#892,.F.);
#1161=ORIENTED_EDGE('',*,*,#893,.F.);
#1162=ORIENTED_EDGE('',*,*,#894,.F.);
#1163=ORIENTED_EDGE('',*,*,#895,.T.);
#1164=ORIENTED_EDGE('',*,*,#896,.T.);
#1165=ORIENTED_EDGE('',*,*,#897,.T.);
#1166=ORIENTED_EDGE('',*,*,#898,.T.);
#1167=ORIENTED_EDGE('',*,*,#889,.F.);
#1168=ORIENTED_EDGE('',*,*,#885,.F.);
#1169=ORIENTED_EDGE('',*,*,#851,.T.);
#1170=ORIENTED_EDGE('',*,*,#891,.T.);
#1171=ORIENTED_EDGE('',*,*,#899,.T.);
#1172=ORIENTED_EDGE('',*,*,#900,.T.);
#1173=ORIENTED_EDGE('',*,*,#901,.T.);
#1174=ORIENTED_EDGE('',*,*,#902,.T.);
#1175=ORIENTED_EDGE('',*,*,#900,.F.);
#1176=ORIENTED_EDGE('',*,*,#903,.F.);
#1177=ORIENTED_EDGE('',*,*,#855,.T.);
#1178=ORIENTED_EDGE('',*,*,#904,.T.);
#1179=ORIENTED_EDGE('',*,*,#905,.F.);
#1180=ORIENTED_EDGE('',*,*,#906,.F.);
#1181=ORIENTED_EDGE('',*,*,#856,.F.);
#1182=ORIENTED_EDGE('',*,*,#903,.T.);
#1183=ORIENTED_EDGE('',*,*,#899,.F.);
#1184=ORIENTED_EDGE('',*,*,#907,.F.);
#1185=ORIENTED_EDGE('',*,*,#908,.T.);
#1186=ORIENTED_EDGE('',*,*,#909,.T.);
#1187=ORIENTED_EDGE('',*,*,#910,.T.);
#1188=ORIENTED_EDGE('',*,*,#911,.T.);
#1189=ORIENTED_EDGE('',*,*,#912,.T.);
#1190=ORIENTED_EDGE('',*,*,#913,.T.);
#1191=ORIENTED_EDGE('',*,*,#914,.T.);
#1192=ORIENTED_EDGE('',*,*,#915,.T.);
#1193=ORIENTED_EDGE('',*,*,#905,.T.);
#1194=ORIENTED_EDGE('',*,*,#916,.T.);
#1195=ORIENTED_EDGE('',*,*,#915,.F.);
#1196=ORIENTED_EDGE('',*,*,#917,.F.);
#1197=ORIENTED_EDGE('',*,*,#857,.T.);
#1198=ORIENTED_EDGE('',*,*,#906,.T.);
#1199=ORIENTED_EDGE('',*,*,#918,.F.);
#1200=ORIENTED_EDGE('',*,*,#919,.F.);
#1201=ORIENTED_EDGE('',*,*,#858,.F.);
#1202=ORIENTED_EDGE('',*,*,#917,.T.);
#1203=ORIENTED_EDGE('',*,*,#914,.F.);
#1204=ORIENTED_EDGE('',*,*,#920,.F.);
#1205=ORIENTED_EDGE('',*,*,#921,.T.);
#1206=ORIENTED_EDGE('',*,*,#922,.T.);
#1207=ORIENTED_EDGE('',*,*,#923,.T.);
#1208=ORIENTED_EDGE('',*,*,#924,.T.);
#1209=ORIENTED_EDGE('',*,*,#925,.T.);
#1210=ORIENTED_EDGE('',*,*,#926,.T.);
#1211=ORIENTED_EDGE('',*,*,#927,.T.);
#1212=ORIENTED_EDGE('',*,*,#928,.T.);
#1213=ORIENTED_EDGE('',*,*,#918,.T.);
#1214=ORIENTED_EDGE('',*,*,#929,.T.);
#1215=ORIENTED_EDGE('',*,*,#930,.F.);
#1216=ORIENTED_EDGE('',*,*,#931,.T.);
#1217=ORIENTED_EDGE('',*,*,#932,.T.);
#1218=ORIENTED_EDGE('',*,*,#933,.T.);
#1219=ORIENTED_EDGE('',*,*,#934,.F.);
#1220=ORIENTED_EDGE('',*,*,#935,.F.);
#1221=ORIENTED_EDGE('',*,*,#847,.T.);
#1222=ORIENTED_EDGE('',*,*,#860,.F.);
#1223=ORIENTED_EDGE('',*,*,#936,.T.);
#1224=ORIENTED_EDGE('',*,*,#927,.F.);
#1225=ORIENTED_EDGE('',*,*,#928,.F.);
#1226=ORIENTED_EDGE('',*,*,#936,.F.);
#1227=ORIENTED_EDGE('',*,*,#859,.T.);
#1228=ORIENTED_EDGE('',*,*,#919,.T.);
#1229=ORIENTED_EDGE('',*,*,#929,.F.);
#1230=ORIENTED_EDGE('',*,*,#926,.F.);
#1231=ORIENTED_EDGE('',*,*,#937,.T.);
#1232=ORIENTED_EDGE('',*,*,#930,.T.);
#1233=ORIENTED_EDGE('',*,*,#916,.F.);
#1234=ORIENTED_EDGE('',*,*,#913,.F.);
#1235=ORIENTED_EDGE('',*,*,#938,.T.);
#1236=ORIENTED_EDGE('',*,*,#920,.T.);
#1237=ORIENTED_EDGE('',*,*,#902,.F.);
#1238=ORIENTED_EDGE('',*,*,#939,.F.);
#1239=ORIENTED_EDGE('',*,*,#940,.T.);
#1240=ORIENTED_EDGE('',*,*,#907,.T.);
#1241=ORIENTED_EDGE('',*,*,#901,.F.);
#1242=ORIENTED_EDGE('',*,*,#904,.F.);
#1243=ORIENTED_EDGE('',*,*,#854,.F.);
#1244=ORIENTED_EDGE('',*,*,#887,.T.);
#1245=ORIENTED_EDGE('',*,*,#873,.F.);
#1246=ORIENTED_EDGE('',*,*,#941,.F.);
#1247=ORIENTED_EDGE('',*,*,#942,.T.);
#1248=ORIENTED_EDGE('',*,*,#943,.T.);
#1249=ORIENTED_EDGE('',*,*,#944,.T.);
#1250=ORIENTED_EDGE('',*,*,#945,.T.);
#1251=ORIENTED_EDGE('',*,*,#946,.T.);
#1252=ORIENTED_EDGE('',*,*,#939,.T.);
#1253=ORIENTED_EDGE('',*,*,#842,.F.);
#1254=ORIENTED_EDGE('',*,*,#947,.F.);
#1255=ORIENTED_EDGE('',*,*,#892,.T.);
#1256=ORIENTED_EDGE('',*,*,#849,.F.);
#1257=ORIENTED_EDGE('',*,*,#848,.T.);
#1258=ORIENTED_EDGE('',*,*,#935,.T.);
#1259=ORIENTED_EDGE('',*,*,#948,.F.);
#1260=ORIENTED_EDGE('',*,*,#949,.T.);
#1261=ORIENTED_EDGE('',*,*,#950,.T.);
#1262=ORIENTED_EDGE('',*,*,#861,.T.);
#1263=ORIENTED_EDGE('',*,*,#947,.T.);
#1264=ORIENTED_EDGE('',*,*,#951,.T.);
#1265=ORIENTED_EDGE('',*,*,#952,.T.);
#1266=ORIENTED_EDGE('',*,*,#953,.F.);
#1267=ORIENTED_EDGE('',*,*,#893,.T.);
#1268=ORIENTED_EDGE('',*,*,#865,.T.);
#1269=ORIENTED_EDGE('',*,*,#954,.T.);
#1270=ORIENTED_EDGE('',*,*,#955,.T.);
#1271=ORIENTED_EDGE('',*,*,#956,.T.);
#1272=ORIENTED_EDGE('',*,*,#894,.T.);
#1273=ORIENTED_EDGE('',*,*,#953,.T.);
#1274=ORIENTED_EDGE('',*,*,#957,.T.);
#1275=ORIENTED_EDGE('',*,*,#954,.F.);
#1276=ORIENTED_EDGE('',*,*,#958,.F.);
#1277=ORIENTED_EDGE('',*,*,#959,.T.);
#1278=ORIENTED_EDGE('',*,*,#960,.F.);
#1279=ORIENTED_EDGE('',*,*,#961,.F.);
#1280=ORIENTED_EDGE('',*,*,#962,.F.);
#1281=ORIENTED_EDGE('',*,*,#963,.T.);
#1282=ORIENTED_EDGE('',*,*,#964,.T.);
#1283=ORIENTED_EDGE('',*,*,#965,.T.);
#1284=ORIENTED_EDGE('',*,*,#966,.T.);
#1285=ORIENTED_EDGE('',*,*,#967,.T.);
#1286=ORIENTED_EDGE('',*,*,#968,.T.);
#1287=ORIENTED_EDGE('',*,*,#969,.T.);
#1288=ORIENTED_EDGE('',*,*,#970,.T.);
#1289=ORIENTED_EDGE('',*,*,#971,.T.);
#1290=ORIENTED_EDGE('',*,*,#972,.T.);
#1291=ORIENTED_EDGE('',*,*,#957,.F.);
#1292=ORIENTED_EDGE('',*,*,#952,.F.);
#1293=ORIENTED_EDGE('',*,*,#973,.T.);
#1294=ORIENTED_EDGE('',*,*,#958,.T.);
#1295=ORIENTED_EDGE('',*,*,#974,.T.);
#1296=ORIENTED_EDGE('',*,*,#975,.T.);
#1297=ORIENTED_EDGE('',*,*,#961,.T.);
#1298=ORIENTED_EDGE('',*,*,#976,.T.);
#1299=ORIENTED_EDGE('',*,*,#948,.T.);
#1300=ORIENTED_EDGE('',*,*,#934,.T.);
#1301=ORIENTED_EDGE('',*,*,#976,.F.);
#1302=ORIENTED_EDGE('',*,*,#960,.T.);
#1303=ORIENTED_EDGE('',*,*,#977,.T.);
#1304=ORIENTED_EDGE('',*,*,#949,.F.);
#1305=ORIENTED_EDGE('',*,*,#955,.F.);
#1306=ORIENTED_EDGE('',*,*,#962,.T.);
#1307=ORIENTED_EDGE('',*,*,#975,.F.);
#1308=ORIENTED_EDGE('',*,*,#978,.T.);
#1309=ORIENTED_EDGE('',*,*,#876,.F.);
#1310=ORIENTED_EDGE('',*,*,#883,.F.);
#1311=ORIENTED_EDGE('',*,*,#979,.T.);
#1312=ORIENTED_EDGE('',*,*,#941,.T.);
#1313=ORIENTED_EDGE('',*,*,#888,.F.);
#1314=ORIENTED_EDGE('',*,*,#898,.F.);
#1315=ORIENTED_EDGE('',*,*,#980,.T.);
#1316=ORIENTED_EDGE('',*,*,#877,.T.);
#1317=ORIENTED_EDGE('',*,*,#979,.F.);
#1318=ORIENTED_EDGE('',*,*,#882,.F.);
#1319=ORIENTED_EDGE('',*,*,#981,.F.);
#1320=ORIENTED_EDGE('',*,*,#942,.F.);
#1321=ORIENTED_EDGE('',*,*,#982,.F.);
#1322=ORIENTED_EDGE('',*,*,#983,.T.);
#1323=ORIENTED_EDGE('',*,*,#963,.F.);
#1324=ORIENTED_EDGE('',*,*,#984,.T.);
#1325=ORIENTED_EDGE('',*,*,#881,.F.);
#1326=ORIENTED_EDGE('',*,*,#985,.F.);
#1327=ORIENTED_EDGE('',*,*,#984,.F.);
#1328=ORIENTED_EDGE('',*,*,#964,.F.);
#1329=ORIENTED_EDGE('',*,*,#983,.F.);
#1330=ORIENTED_EDGE('',*,*,#986,.F.);
#1331=ORIENTED_EDGE('',*,*,#943,.F.);
#1332=ORIENTED_EDGE('',*,*,#981,.T.);
#1333=ORIENTED_EDGE('',*,*,#938,.F.);
#1334=ORIENTED_EDGE('',*,*,#912,.F.);
#1335=ORIENTED_EDGE('',*,*,#987,.F.);
#1336=ORIENTED_EDGE('',*,*,#921,.F.);
#1337=ORIENTED_EDGE('',*,*,#988,.F.);
#1338=ORIENTED_EDGE('',*,*,#989,.T.);
#1339=ORIENTED_EDGE('',*,*,#965,.F.);
#1340=ORIENTED_EDGE('',*,*,#990,.T.);
#1341=ORIENTED_EDGE('',*,*,#911,.F.);
#1342=ORIENTED_EDGE('',*,*,#991,.F.);
#1343=ORIENTED_EDGE('',*,*,#990,.F.);
#1344=ORIENTED_EDGE('',*,*,#966,.F.);
#1345=ORIENTED_EDGE('',*,*,#989,.F.);
#1346=ORIENTED_EDGE('',*,*,#992,.F.);
#1347=ORIENTED_EDGE('',*,*,#922,.F.);
#1348=ORIENTED_EDGE('',*,*,#987,.T.);
#1349=ORIENTED_EDGE('',*,*,#956,.F.);
#1350=ORIENTED_EDGE('',*,*,#978,.F.);
#1351=ORIENTED_EDGE('',*,*,#974,.F.);
#1352=ORIENTED_EDGE('',*,*,#933,.F.);
#1353=ORIENTED_EDGE('',*,*,#993,.T.);
#1354=ORIENTED_EDGE('',*,*,#994,.T.);
#1355=ORIENTED_EDGE('',*,*,#995,.T.);
#1356=ORIENTED_EDGE('',*,*,#923,.F.);
#1357=ORIENTED_EDGE('',*,*,#992,.T.);
#1358=ORIENTED_EDGE('',*,*,#988,.T.);
#1359=ORIENTED_EDGE('',*,*,#991,.T.);
#1360=ORIENTED_EDGE('',*,*,#910,.F.);
#1361=ORIENTED_EDGE('',*,*,#996,.T.);
#1362=ORIENTED_EDGE('',*,*,#997,.T.);
#1363=ORIENTED_EDGE('',*,*,#998,.T.);
#1364=ORIENTED_EDGE('',*,*,#944,.F.);
#1365=ORIENTED_EDGE('',*,*,#986,.T.);
#1366=ORIENTED_EDGE('',*,*,#982,.T.);
#1367=ORIENTED_EDGE('',*,*,#985,.T.);
#1368=ORIENTED_EDGE('',*,*,#880,.F.);
#1369=ORIENTED_EDGE('',*,*,#999,.T.);
#1370=ORIENTED_EDGE('',*,*,#1000,.T.);
#1371=ORIENTED_EDGE('',*,*,#1001,.T.);
#1372=ORIENTED_EDGE('',*,*,#895,.F.);
#1373=ORIENTED_EDGE('',*,*,#845,.F.);
#1374=ORIENTED_EDGE('',*,*,#950,.F.);
#1375=ORIENTED_EDGE('',*,*,#977,.F.);
#1376=ORIENTED_EDGE('',*,*,#959,.F.);
#1377=ORIENTED_EDGE('',*,*,#973,.F.);
#1378=ORIENTED_EDGE('',*,*,#951,.F.);
#1379=ORIENTED_EDGE('',*,*,#967,.F.);
#1380=ORIENTED_EDGE('',*,*,#1002,.T.);
#1381=ORIENTED_EDGE('',*,*,#994,.F.);
#1382=ORIENTED_EDGE('',*,*,#1003,.T.);
#1383=ORIENTED_EDGE('',*,*,#937,.F.);
#1384=ORIENTED_EDGE('',*,*,#925,.F.);
#1385=ORIENTED_EDGE('',*,*,#1004,.F.);
#1386=ORIENTED_EDGE('',*,*,#931,.F.);
#1387=ORIENTED_EDGE('',*,*,#968,.F.);
#1388=ORIENTED_EDGE('',*,*,#1003,.F.);
#1389=ORIENTED_EDGE('',*,*,#993,.F.);
#1390=ORIENTED_EDGE('',*,*,#932,.F.);
#1391=ORIENTED_EDGE('',*,*,#1004,.T.);
#1392=ORIENTED_EDGE('',*,*,#924,.F.);
#1393=ORIENTED_EDGE('',*,*,#995,.F.);
#1394=ORIENTED_EDGE('',*,*,#1002,.F.);
#1395=ORIENTED_EDGE('',*,*,#945,.F.);
#1396=ORIENTED_EDGE('',*,*,#998,.F.);
#1397=ORIENTED_EDGE('',*,*,#1005,.F.);
#1398=ORIENTED_EDGE('',*,*,#970,.F.);
#1399=ORIENTED_EDGE('',*,*,#1006,.F.);
#1400=ORIENTED_EDGE('',*,*,#996,.F.);
#1401=ORIENTED_EDGE('',*,*,#909,.F.);
#1402=ORIENTED_EDGE('',*,*,#1007,.T.);
#1403=ORIENTED_EDGE('',*,*,#997,.F.);
#1404=ORIENTED_EDGE('',*,*,#1006,.T.);
#1405=ORIENTED_EDGE('',*,*,#969,.F.);
#1406=ORIENTED_EDGE('',*,*,#1005,.T.);
#1407=ORIENTED_EDGE('',*,*,#940,.F.);
#1408=ORIENTED_EDGE('',*,*,#946,.F.);
#1409=ORIENTED_EDGE('',*,*,#1007,.F.);
#1410=ORIENTED_EDGE('',*,*,#908,.F.);
#1411=ORIENTED_EDGE('',*,*,#896,.F.);
#1412=ORIENTED_EDGE('',*,*,#1001,.F.);
#1413=ORIENTED_EDGE('',*,*,#1008,.F.);
#1414=ORIENTED_EDGE('',*,*,#972,.F.);
#1415=ORIENTED_EDGE('',*,*,#1009,.F.);
#1416=ORIENTED_EDGE('',*,*,#999,.F.);
#1417=ORIENTED_EDGE('',*,*,#879,.F.);
#1418=ORIENTED_EDGE('',*,*,#1010,.T.);
#1419=ORIENTED_EDGE('',*,*,#1000,.F.);
#1420=ORIENTED_EDGE('',*,*,#1009,.T.);
#1421=ORIENTED_EDGE('',*,*,#971,.F.);
#1422=ORIENTED_EDGE('',*,*,#1008,.T.);
#1423=ORIENTED_EDGE('',*,*,#980,.F.);
#1424=ORIENTED_EDGE('',*,*,#897,.F.);
#1425=ORIENTED_EDGE('',*,*,#1010,.F.);
#1426=ORIENTED_EDGE('',*,*,#878,.F.);
#1427=ORIENTED_EDGE('',*,*,#1011,.T.);
#1428=ORIENTED_EDGE('',*,*,#1012,.T.);
#1429=ORIENTED_EDGE('',*,*,#1013,.T.);
#1430=ORIENTED_EDGE('',*,*,#1014,.T.);
#1431=ORIENTED_EDGE('',*,*,#1012,.F.);
#1432=ORIENTED_EDGE('',*,*,#1015,.F.);
#1433=ORIENTED_EDGE('',*,*,#1016,.F.);
#1434=ORIENTED_EDGE('',*,*,#1017,.T.);
#1435=ORIENTED_EDGE('',*,*,#1011,.F.);
#1436=ORIENTED_EDGE('',*,*,#1018,.T.);
#1437=ORIENTED_EDGE('',*,*,#1019,.F.);
#1438=ORIENTED_EDGE('',*,*,#1020,.T.);
#1439=ORIENTED_EDGE('',*,*,#1021,.T.);
#1440=ORIENTED_EDGE('',*,*,#1022,.T.);
#1441=ORIENTED_EDGE('',*,*,#1023,.T.);
#1442=ORIENTED_EDGE('',*,*,#1024,.T.);
#1443=ORIENTED_EDGE('',*,*,#1025,.T.);
#1444=ORIENTED_EDGE('',*,*,#1026,.T.);
#1445=ORIENTED_EDGE('',*,*,#1027,.T.);
#1446=ORIENTED_EDGE('',*,*,#1028,.T.);
#1447=ORIENTED_EDGE('',*,*,#1029,.T.);
#1448=ORIENTED_EDGE('',*,*,#1030,.T.);
#1449=ORIENTED_EDGE('',*,*,#1031,.F.);
#1450=ORIENTED_EDGE('',*,*,#1032,.T.);
#1451=ORIENTED_EDGE('',*,*,#1033,.F.);
#1452=ORIENTED_EDGE('',*,*,#1034,.T.);
#1453=ORIENTED_EDGE('',*,*,#1035,.T.);
#1454=ORIENTED_EDGE('',*,*,#1036,.T.);
#1455=ORIENTED_EDGE('',*,*,#1037,.T.);
#1456=ORIENTED_EDGE('',*,*,#1038,.T.);
#1457=ORIENTED_EDGE('',*,*,#1039,.T.);
#1458=ORIENTED_EDGE('',*,*,#1015,.T.);
#1459=ORIENTED_EDGE('',*,*,#1040,.T.);
#1460=ORIENTED_EDGE('',*,*,#1041,.T.);
#1461=ORIENTED_EDGE('',*,*,#1019,.T.);
#1462=ORIENTED_EDGE('',*,*,#1042,.T.);
#1463=ORIENTED_EDGE('',*,*,#1041,.F.);
#1464=ORIENTED_EDGE('',*,*,#1043,.T.);
#1465=ORIENTED_EDGE('',*,*,#1044,.T.);
#1466=ORIENTED_EDGE('',*,*,#1020,.F.);
#1467=ORIENTED_EDGE('',*,*,#1033,.T.);
#1468=ORIENTED_EDGE('',*,*,#1045,.T.);
#1469=ORIENTED_EDGE('',*,*,#1046,.T.);
#1470=ORIENTED_EDGE('',*,*,#1047,.T.);
#1471=ORIENTED_EDGE('',*,*,#1047,.F.);
#1472=ORIENTED_EDGE('',*,*,#1048,.F.);
#1473=ORIENTED_EDGE('',*,*,#1049,.T.);
#1474=ORIENTED_EDGE('',*,*,#1034,.F.);
#1475=ORIENTED_EDGE('',*,*,#1050,.T.);
#1476=ORIENTED_EDGE('',*,*,#1051,.T.);
#1477=ORIENTED_EDGE('',*,*,#1031,.T.);
#1478=ORIENTED_EDGE('',*,*,#1052,.T.);
#1479=ORIENTED_EDGE('',*,*,#1045,.F.);
#1480=ORIENTED_EDGE('',*,*,#1032,.F.);
#1481=ORIENTED_EDGE('',*,*,#1051,.F.);
#1482=ORIENTED_EDGE('',*,*,#1053,.F.);
#1483=ORIENTED_EDGE('',*,*,#1054,.F.);
#1484=ORIENTED_EDGE('',*,*,#1055,.T.);
#1485=ORIENTED_EDGE('',*,*,#1056,.T.);
#1486=ORIENTED_EDGE('',*,*,#1055,.F.);
#1487=ORIENTED_EDGE('',*,*,#1056,.F.);
#1488=ORIENTED_EDGE('',*,*,#1057,.F.);
#1489=ORIENTED_EDGE('',*,*,#1058,.F.);
#1490=ORIENTED_EDGE('',*,*,#1059,.T.);
#1491=ORIENTED_EDGE('',*,*,#1057,.T.);
#1492=ORIENTED_EDGE('',*,*,#1059,.F.);
#1493=ORIENTED_EDGE('',*,*,#1060,.F.);
#1494=ORIENTED_EDGE('',*,*,#1061,.T.);
#1495=ORIENTED_EDGE('',*,*,#1022,.F.);
#1496=ORIENTED_EDGE('',*,*,#1062,.F.);
#1497=ORIENTED_EDGE('',*,*,#1063,.F.);
#1498=ORIENTED_EDGE('',*,*,#1062,.T.);
#1499=ORIENTED_EDGE('',*,*,#1021,.F.);
#1500=ORIENTED_EDGE('',*,*,#1044,.F.);
#1501=ORIENTED_EDGE('',*,*,#1014,.F.);
#1502=ORIENTED_EDGE('',*,*,#1064,.T.);
#1503=ORIENTED_EDGE('',*,*,#1042,.F.);
#1504=ORIENTED_EDGE('',*,*,#1018,.F.);
#1505=ORIENTED_EDGE('',*,*,#1065,.T.);
#1506=ORIENTED_EDGE('',*,*,#1016,.T.);
#1507=ORIENTED_EDGE('',*,*,#1039,.F.);
#1508=ORIENTED_EDGE('',*,*,#1066,.F.);
#1509=ORIENTED_EDGE('',*,*,#1067,.T.);
#1510=ORIENTED_EDGE('',*,*,#1066,.T.);
#1511=ORIENTED_EDGE('',*,*,#1038,.F.);
#1512=ORIENTED_EDGE('',*,*,#1068,.F.);
#1513=ORIENTED_EDGE('',*,*,#1069,.F.);
#1514=ORIENTED_EDGE('',*,*,#1068,.T.);
#1515=ORIENTED_EDGE('',*,*,#1037,.F.);
#1516=ORIENTED_EDGE('',*,*,#1070,.F.);
#1517=ORIENTED_EDGE('',*,*,#1054,.T.);
#1518=ORIENTED_EDGE('',*,*,#1071,.F.);
#1519=ORIENTED_EDGE('',*,*,#1070,.T.);
#1520=ORIENTED_EDGE('',*,*,#1036,.F.);
#1521=ORIENTED_EDGE('',*,*,#1072,.F.);
#1522=ORIENTED_EDGE('',*,*,#1073,.F.);
#1523=ORIENTED_EDGE('',*,*,#1072,.T.);
#1524=ORIENTED_EDGE('',*,*,#1035,.F.);
#1525=ORIENTED_EDGE('',*,*,#1049,.F.);
#1526=ORIENTED_EDGE('',*,*,#1052,.F.);
#1527=ORIENTED_EDGE('',*,*,#1030,.F.);
#1528=ORIENTED_EDGE('',*,*,#1074,.F.);
#1529=ORIENTED_EDGE('',*,*,#1075,.T.);
#1530=ORIENTED_EDGE('',*,*,#1076,.T.);
#1531=ORIENTED_EDGE('',*,*,#1074,.T.);
#1532=ORIENTED_EDGE('',*,*,#1029,.F.);
#1533=ORIENTED_EDGE('',*,*,#1077,.F.);
#1534=ORIENTED_EDGE('',*,*,#1078,.T.);
#1535=ORIENTED_EDGE('',*,*,#1077,.T.);
#1536=ORIENTED_EDGE('',*,*,#1028,.F.);
#1537=ORIENTED_EDGE('',*,*,#1079,.F.);
#1538=ORIENTED_EDGE('',*,*,#1080,.T.);
#1539=ORIENTED_EDGE('',*,*,#1079,.T.);
#1540=ORIENTED_EDGE('',*,*,#1027,.F.);
#1541=ORIENTED_EDGE('',*,*,#1081,.F.);
#1542=ORIENTED_EDGE('',*,*,#1082,.F.);
#1543=ORIENTED_EDGE('',*,*,#1081,.T.);
#1544=ORIENTED_EDGE('',*,*,#1026,.F.);
#1545=ORIENTED_EDGE('',*,*,#1083,.F.);
#1546=ORIENTED_EDGE('',*,*,#1084,.T.);
#1547=ORIENTED_EDGE('',*,*,#1083,.T.);
#1548=ORIENTED_EDGE('',*,*,#1025,.F.);
#1549=ORIENTED_EDGE('',*,*,#1085,.F.);
#1550=ORIENTED_EDGE('',*,*,#1058,.T.);
#1551=ORIENTED_EDGE('',*,*,#1086,.T.);
#1552=ORIENTED_EDGE('',*,*,#1085,.T.);
#1553=ORIENTED_EDGE('',*,*,#1024,.F.);
#1554=ORIENTED_EDGE('',*,*,#1087,.F.);
#1555=ORIENTED_EDGE('',*,*,#1088,.F.);
#1556=ORIENTED_EDGE('',*,*,#1087,.T.);
#1557=ORIENTED_EDGE('',*,*,#1023,.F.);
#1558=ORIENTED_EDGE('',*,*,#1061,.F.);
#1559=ORIENTED_EDGE('',*,*,#1013,.F.);
#1560=ORIENTED_EDGE('',*,*,#1017,.F.);
#1561=ORIENTED_EDGE('',*,*,#1065,.F.);
#1562=ORIENTED_EDGE('',*,*,#1067,.F.);
#1563=ORIENTED_EDGE('',*,*,#1069,.T.);
#1564=ORIENTED_EDGE('',*,*,#1071,.T.);
#1565=ORIENTED_EDGE('',*,*,#1073,.T.);
#1566=ORIENTED_EDGE('',*,*,#1048,.T.);
#1567=ORIENTED_EDGE('',*,*,#1046,.F.);
#1568=ORIENTED_EDGE('',*,*,#1053,.T.);
#1569=ORIENTED_EDGE('',*,*,#1050,.F.);
#1570=ORIENTED_EDGE('',*,*,#1075,.F.);
#1571=ORIENTED_EDGE('',*,*,#1076,.F.);
#1572=ORIENTED_EDGE('',*,*,#1078,.F.);
#1573=ORIENTED_EDGE('',*,*,#1080,.F.);
#1574=ORIENTED_EDGE('',*,*,#1082,.T.);
#1575=ORIENTED_EDGE('',*,*,#1084,.F.);
#1576=ORIENTED_EDGE('',*,*,#1086,.F.);
#1577=ORIENTED_EDGE('',*,*,#1088,.T.);
#1578=ORIENTED_EDGE('',*,*,#1060,.T.);
#1579=ORIENTED_EDGE('',*,*,#1063,.T.);
#1580=ORIENTED_EDGE('',*,*,#1043,.F.);
#1581=ORIENTED_EDGE('',*,*,#1040,.F.);
#1582=ORIENTED_EDGE('',*,*,#1064,.F.);
#1583=PLANE('',#1753);
#1584=PLANE('',#1754);
#1585=PLANE('',#1755);
#1586=PLANE('',#1764);
#1587=PLANE('',#1769);
#1588=PLANE('',#1773);
#1589=PLANE('',#1776);
#1590=PLANE('',#1780);
#1591=PLANE('',#1785);
#1592=PLANE('',#1791);
#1593=PLANE('',#1796);
#1594=PLANE('',#1800);
#1595=PLANE('',#1802);
#1596=PLANE('',#1803);
#1597=PLANE('',#1804);
#1598=PLANE('',#1805);
#1599=PLANE('',#1806);
#1600=PLANE('',#1807);
#1601=PLANE('',#1813);
#1602=PLANE('',#1814);
#1603=PLANE('',#1815);
#1604=PLANE('',#1816);
#1605=PLANE('',#1818);
#1606=PLANE('',#1823);
#1607=PLANE('',#1827);
#1608=PLANE('',#1834);
#1609=PLANE('',#1835);
#1610=PLANE('',#1840);
#1611=PLANE('',#1843);
#1612=PLANE('',#1845);
#1613=PLANE('',#1846);
#1614=PLANE('',#1847);
#1615=PLANE('',#1848);
#1616=PLANE('',#1849);
#1617=PLANE('',#1850);
#1618=PLANE('',#1851);
#1619=PLANE('',#1852);
#1620=PLANE('',#1853);
#1621=PLANE('',#1857);
#1622=PLANE('',#1861);
#1623=PLANE('',#1862);
#1624=PLANE('',#1863);
#1625=PLANE('',#1864);
#1626=PLANE('',#1865);
#1627=PLANE('',#1866);
#1628=PLANE('',#1867);
#1629=PLANE('',#1868);
#1630=PLANE('',#1869);
#1631=PLANE('',#1870);
#1632=PLANE('',#1871);
#1633=PLANE('',#1872);
#1634=PLANE('',#1873);
#1635=PLANE('',#1874);
#1636=PLANE('',#1875);
#1637=PLANE('',#1876);
#1638=PLANE('',#1877);
#1639=ADVANCED_FACE('',(#142),#1583,.T.);
#1640=ADVANCED_FACE('',(#143),#1584,.T.);
#1641=ADVANCED_FACE('',(#144),#1585,.T.);
#1642=ADVANCED_FACE('',(#145),#79,.F.);
#1643=ADVANCED_FACE('',(#146,#67),#1586,.T.);
#1644=ADVANCED_FACE('',(#147),#80,.F.);
#1645=ADVANCED_FACE('',(#148,#68),#1587,.T.);
#1646=ADVANCED_FACE('',(#149),#81,.F.);
#1647=ADVANCED_FACE('',(#150),#1588,.T.);
#1648=ADVANCED_FACE('',(#151),#82,.F.);
#1649=ADVANCED_FACE('',(#152),#1589,.T.);
#1650=ADVANCED_FACE('',(#153),#62,.F.);
#1651=ADVANCED_FACE('',(#154),#1590,.T.);
#1652=ADVANCED_FACE('',(#155),#83,.F.);
#1653=ADVANCED_FACE('',(#156),#63,.F.);
#1654=ADVANCED_FACE('',(#157),#1591,.T.);
#1655=ADVANCED_FACE('',(#158),#84,.F.);
#1656=ADVANCED_FACE('',(#159),#64,.F.);
#1657=ADVANCED_FACE('',(#160),#85,.F.);
#1658=ADVANCED_FACE('',(#161),#1592,.T.);
#1659=ADVANCED_FACE('',(#162),#65,.F.);
#1660=ADVANCED_FACE('',(#163),#86,.F.);
#1661=ADVANCED_FACE('',(#164),#1593,.T.);
#1662=ADVANCED_FACE('',(#165),#66,.F.);
#1663=ADVANCED_FACE('',(#166),#1594,.T.);
#1664=ADVANCED_FACE('',(#167),#87,.F.);
#1665=ADVANCED_FACE('',(#168),#32,.T.);
#1666=ADVANCED_FACE('',(#169),#33,.T.);
#1667=ADVANCED_FACE('',(#170),#34,.T.);
#1668=ADVANCED_FACE('',(#171),#1595,.T.);
#1669=ADVANCED_FACE('',(#172),#1596,.T.);
#1670=ADVANCED_FACE('',(#173,#69),#1597,.T.);
#1671=ADVANCED_FACE('',(#174,#70),#1598,.T.);
#1672=ADVANCED_FACE('',(#175),#1599,.T.);
#1673=ADVANCED_FACE('',(#176,#71,#72,#73,#74,#75),#1600,.F.);
#1674=ADVANCED_FACE('',(#177),#1601,.T.);
#1675=ADVANCED_FACE('',(#178),#1602,.T.);
#1676=ADVANCED_FACE('',(#179),#1603,.T.);
#1677=ADVANCED_FACE('',(#180),#1604,.T.);
#1678=ADVANCED_FACE('',(#181),#35,.T.);
#1679=ADVANCED_FACE('',(#182),#36,.T.);
#1680=ADVANCED_FACE('',(#183),#27,.T.);
#1681=ADVANCED_FACE('',(#184),#1605,.T.);
#1682=ADVANCED_FACE('',(#185),#88,.F.);
#1683=ADVANCED_FACE('',(#186),#28,.T.);
#1684=ADVANCED_FACE('',(#187),#1606,.T.);
#1685=ADVANCED_FACE('',(#188),#89,.F.);
#1686=ADVANCED_FACE('',(#189),#1607,.T.);
#1687=ADVANCED_FACE('',(#190),#1608,.F.);
#1688=ADVANCED_FACE('',(#191),#1609,.T.);
#1689=ADVANCED_FACE('',(#192),#29,.T.);
#1690=ADVANCED_FACE('',(#193),#90,.F.);
#1691=ADVANCED_FACE('',(#194),#91,.F.);
#1692=ADVANCED_FACE('',(#195),#1610,.T.);
#1693=ADVANCED_FACE('',(#196),#30,.T.);
#1694=ADVANCED_FACE('',(#197),#92,.F.);
#1695=ADVANCED_FACE('',(#198),#1611,.T.);
#1696=ADVANCED_FACE('',(#199),#31,.T.);
#1697=ADVANCED_FACE('',(#200),#1612,.T.);
#1698=ADVANCED_FACE('',(#201),#1613,.T.);
#1699=ADVANCED_FACE('',(#202),#1614,.T.);
#1700=ADVANCED_FACE('',(#203),#1615,.T.);
#1701=ADVANCED_FACE('',(#204),#1616,.T.);
#1702=ADVANCED_FACE('',(#205),#1617,.T.);
#1703=ADVANCED_FACE('',(#206),#1618,.T.);
#1704=ADVANCED_FACE('',(#207),#1619,.T.);
#1705=ADVANCED_FACE('',(#208),#1620,.T.);
#1706=ADVANCED_FACE('',(#209),#93,.F.);
#1707=ADVANCED_FACE('',(#210,#76),#1621,.T.);
#1708=ADVANCED_FACE('',(#211),#94,.F.);
#1709=ADVANCED_FACE('',(#212),#1622,.T.);
#1710=ADVANCED_FACE('',(#213),#1623,.T.);
#1711=ADVANCED_FACE('',(#214),#1624,.T.);
#1712=ADVANCED_FACE('',(#215),#1625,.T.);
#1713=ADVANCED_FACE('',(#216),#1626,.T.);
#1714=ADVANCED_FACE('',(#217,#77),#1627,.T.);
#1715=ADVANCED_FACE('',(#218),#1628,.T.);
#1716=ADVANCED_FACE('',(#219),#1629,.T.);
#1717=ADVANCED_FACE('',(#220),#1630,.T.);
#1718=ADVANCED_FACE('',(#221),#1631,.T.);
#1719=ADVANCED_FACE('',(#222),#1632,.T.);
#1720=ADVANCED_FACE('',(#223),#1633,.T.);
#1721=ADVANCED_FACE('',(#224),#1634,.T.);
#1722=ADVANCED_FACE('',(#225,#78),#1635,.T.);
#1723=ADVANCED_FACE('',(#226),#1636,.T.);
#1724=ADVANCED_FACE('',(#227),#1637,.T.);
#1725=ADVANCED_FACE('',(#228),#1638,.T.);
#1726=CLOSED_SHELL('',(#1639,#1640,#1641,#1642,#1643,#1644,#1645,#1646,
#1647,#1648,#1649,#1650,#1651,#1652,#1653,#1654,#1655,#1656,#1657,#1658,
#1659,#1660,#1661,#1662,#1663,#1664,#1665,#1666,#1667,#1668,#1669,#1670,
#1671,#1672,#1673,#1674,#1675,#1676,#1677,#1678,#1679,#1680,#1681,#1682,
#1683,#1684,#1685,#1686,#1687,#1688,#1689,#1690,#1691,#1692,#1693,#1694,
#1695,#1696));
#1727=CLOSED_SHELL('',(#1697,#1698,#1699,#1700,#1701,#1702,#1703,#1704,
#1705,#1706,#1707,#1708,#1709,#1710,#1711,#1712,#1713,#1714,#1715,#1716,
#1717,#1718,#1719,#1720,#1721,#1722,#1723,#1724,#1725));
#1728=DERIVED_UNIT_ELEMENT(#1732,1.);
#1729=DERIVED_UNIT_ELEMENT(#3430,-3.);
#1730=DERIVED_UNIT_ELEMENT(#1732,1.);
#1731=DERIVED_UNIT_ELEMENT(#3430,-3.);
#1732=(
MASS_UNIT()
NAMED_UNIT(*)
SI_UNIT(.KILO.,.GRAM.)
);
#1733=DERIVED_UNIT((#1728,#1729));
#1734=DERIVED_UNIT((#1730,#1731));
#1735=MEASURE_REPRESENTATION_ITEM('density measure',
POSITIVE_RATIO_MEASURE(7850.),#1733);
#1736=MEASURE_REPRESENTATION_ITEM('density measure',
POSITIVE_RATIO_MEASURE(7850.),#1734);
#1737=PROPERTY_DEFINITION_REPRESENTATION(#1747,#1741);
#1738=PROPERTY_DEFINITION_REPRESENTATION(#1748,#1742);
#1739=PROPERTY_DEFINITION_REPRESENTATION(#1749,#1743);
#1740=PROPERTY_DEFINITION_REPRESENTATION(#1750,#1744);
#1741=REPRESENTATION('material name',(#1745),#3426);
#1742=REPRESENTATION('density',(#1735),#3426);
#1743=REPRESENTATION('material name',(#1746),#3427);
#1744=REPRESENTATION('density',(#1736),#3427);
#1745=DESCRIPTIVE_REPRESENTATION_ITEM('Steel','Steel');
#1746=DESCRIPTIVE_REPRESENTATION_ITEM('Steel','Steel');
#1747=PROPERTY_DEFINITION('material property','material name',#3446);
#1748=PROPERTY_DEFINITION('material property','density of part',#3446);
#1749=PROPERTY_DEFINITION('material property','material name',#3447);
#1750=PROPERTY_DEFINITION('material property','density of part',#3447);
#1751=AXIS2_PLACEMENT_3D('',#2313,#1880,#1881);
#1752=AXIS2_PLACEMENT_3D('',#2314,#1882,#1883);
#1753=AXIS2_PLACEMENT_3D('',#2315,#1884,#1885);
#1754=AXIS2_PLACEMENT_3D('',#2324,#1890,#1891);
#1755=AXIS2_PLACEMENT_3D('',#2330,#1895,#1896);
#1756=AXIS2_PLACEMENT_3D('',#2336,#1899,#1900);
#1757=AXIS2_PLACEMENT_3D('',#2340,#1902,#1903);
#1758=AXIS2_PLACEMENT_3D('',#2344,#1905,#1906);
#1759=AXIS2_PLACEMENT_3D('',#2348,#1908,#1909);
#1760=AXIS2_PLACEMENT_3D('',#2352,#1911,#1912);
#1761=AXIS2_PLACEMENT_3D('',#2354,#1914,#1915);
#1762=AXIS2_PLACEMENT_3D('',#2356,#1916,#1917);
#1763=AXIS2_PLACEMENT_3D('',#2359,#1919,#1920);
#1764=AXIS2_PLACEMENT_3D('',#2360,#1921,#1922);
#1765=AXIS2_PLACEMENT_3D('',#2362,#1923,#1924);
#1766=AXIS2_PLACEMENT_3D('',#2363,#1925,#1926);
#1767=AXIS2_PLACEMENT_3D('',#2365,#1927,#1928);
#1768=AXIS2_PLACEMENT_3D('',#2368,#1930,#1931);
#1769=AXIS2_PLACEMENT_3D('',#2369,#1932,#1933);
#1770=AXIS2_PLACEMENT_3D('',#2371,#1934,#1935);
#1771=AXIS2_PLACEMENT_3D('',#2372,#1936,#1937);
#1772=AXIS2_PLACEMENT_3D('',#2375,#1939,#1940);
#1773=AXIS2_PLACEMENT_3D('',#2376,#1941,#1942);
#1774=AXIS2_PLACEMENT_3D('',#2377,#1943,#1944);
#1775=AXIS2_PLACEMENT_3D('',#2380,#1946,#1947);
#1776=AXIS2_PLACEMENT_3D('',#2381,#1948,#1949);
#1777=AXIS2_PLACEMENT_3D('',#2382,#1950,#1951);
#1778=AXIS2_PLACEMENT_3D('',#2389,#1952,#1953);
#1779=AXIS2_PLACEMENT_3D('',#2394,#1954,#1955);
#1780=AXIS2_PLACEMENT_3D('',#2395,#1956,#1957);
#1781=AXIS2_PLACEMENT_3D('',#2426,#1965,#1966);
#1782=AXIS2_PLACEMENT_3D('',#2428,#1968,#1969);
#1783=AXIS2_PLACEMENT_3D('',#2430,#1970,#1971);
#1784=AXIS2_PLACEMENT_3D('',#2432,#1972,#1973);
#1785=AXIS2_PLACEMENT_3D('',#2436,#1974,#1975);
#1786=AXIS2_PLACEMENT_3D('',#2456,#1983,#1984);
#1787=AXIS2_PLACEMENT_3D('',#2457,#1985,#1986);
#1788=AXIS2_PLACEMENT_3D('',#2464,#1987,#1988);
#1789=AXIS2_PLACEMENT_3D('',#2469,#1989,#1990);
#1790=AXIS2_PLACEMENT_3D('',#2470,#1991,#1992);
#1791=AXIS2_PLACEMENT_3D('',#2473,#1995,#1996);
#1792=AXIS2_PLACEMENT_3D('',#2503,#2003,#2004);
#1793=AXIS2_PLACEMENT_3D('',#2509,#2005,#2006);
#1794=AXIS2_PLACEMENT_3D('',#2510,#2007,#2008);
#1795=AXIS2_PLACEMENT_3D('',#2511,#2009,#2010);
#1796=AXIS2_PLACEMENT_3D('',#2513,#2012,#2013);
#1797=AXIS2_PLACEMENT_3D('',#2543,#2020,#2021);
#1798=AXIS2_PLACEMENT_3D('',#2549,#2022,#2023);
#1799=AXIS2_PLACEMENT_3D('',#2550,#2024,#2025);
#1800=AXIS2_PLACEMENT_3D('',#2551,#2026,#2027);
#1801=AXIS2_PLACEMENT_3D('',#2569,#2034,#2035);
#1802=AXIS2_PLACEMENT_3D('',#2818,#2037,#2038);
#1803=AXIS2_PLACEMENT_3D('',#2840,#2043,#2044);
#1804=AXIS2_PLACEMENT_3D('',#2842,#2046,#2047);
#1805=AXIS2_PLACEMENT_3D('',#2848,#2051,#2052);
#1806=AXIS2_PLACEMENT_3D('',#2854,#2056,#2057);
#1807=AXIS2_PLACEMENT_3D('',#2862,#2062,#2063);
#1808=AXIS2_PLACEMENT_3D('',#2875,#2070,#2071);
#1809=AXIS2_PLACEMENT_3D('',#2879,#2073,#2074);
#1810=AXIS2_PLACEMENT_3D('',#2883,#2076,#2077);
#1811=AXIS2_PLACEMENT_3D('',#2887,#2079,#2080);
#1812=AXIS2_PLACEMENT_3D('',#2891,#2082,#2083);
#1813=AXIS2_PLACEMENT_3D('',#2892,#2084,#2085);
#1814=AXIS2_PLACEMENT_3D('',#2894,#2087,#2088);
#1815=AXIS2_PLACEMENT_3D('',#2899,#2092,#2093);
#1816=AXIS2_PLACEMENT_3D('',#2901,#2095,#2096);
#1817=AXIS2_PLACEMENT_3D('',#3095,#2098,#2099);
#1818=AXIS2_PLACEMENT_3D('',#3096,#2100,#2101);
#1819=AXIS2_PLACEMENT_3D('',#3102,#2105,#2106);
#1820=AXIS2_PLACEMENT_3D('',#3103,#2107,#2108);
#1821=AXIS2_PLACEMENT_3D('',#3104,#2109,#2110);
#1822=AXIS2_PLACEMENT_3D('',#3133,#2111,#2112);
#1823=AXIS2_PLACEMENT_3D('',#3134,#2113,#2114);
#1824=AXIS2_PLACEMENT_3D('',#3140,#2118,#2119);
#1825=AXIS2_PLACEMENT_3D('',#3141,#2120,#2121);
#1826=AXIS2_PLACEMENT_3D('',#3142,#2122,#2123);
#1827=AXIS2_PLACEMENT_3D('',#3143,#2124,#2125);
#1828=AXIS2_PLACEMENT_3D('',#3145,#2126,#2127);
#1829=AXIS2_PLACEMENT_3D('',#3148,#2129,#2130);
#1830=AXIS2_PLACEMENT_3D('',#3150,#2131,#2132);
#1831=AXIS2_PLACEMENT_3D('',#3153,#2134,#2135);
#1832=AXIS2_PLACEMENT_3D('',#3155,#2136,#2137);
#1833=AXIS2_PLACEMENT_3D('',#3158,#2139,#2140);
#1834=AXIS2_PLACEMENT_3D('',#3159,#2141,#2142);
#1835=AXIS2_PLACEMENT_3D('',#3160,#2143,#2144);
#1836=AXIS2_PLACEMENT_3D('',#3191,#2147,#2148);
#1837=AXIS2_PLACEMENT_3D('',#3192,#2149,#2150);
#1838=AXIS2_PLACEMENT_3D('',#3193,#2151,#2152);
#1839=AXIS2_PLACEMENT_3D('',#3196,#2155,#2156);
#1840=AXIS2_PLACEMENT_3D('',#3197,#2157,#2158);
#1841=AXIS2_PLACEMENT_3D('',#3226,#2159,#2160);
#1842=AXIS2_PLACEMENT_3D('',#3229,#2163,#2164);
#1843=AXIS2_PLACEMENT_3D('',#3230,#2165,#2166);
#1844=AXIS2_PLACEMENT_3D('',#3259,#2167,#2168);
#1845=AXIS2_PLACEMENT_3D('',#3260,#2169,#2170);
#1846=AXIS2_PLACEMENT_3D('',#3269,#2175,#2176);
#1847=AXIS2_PLACEMENT_3D('',#3275,#2180,#2181);
#1848=AXIS2_PLACEMENT_3D('',#3319,#2204,#2205);
#1849=AXIS2_PLACEMENT_3D('',#3325,#2209,#2210);
#1850=AXIS2_PLACEMENT_3D('',#3329,#2213,#2214);
#1851=AXIS2_PLACEMENT_3D('',#3335,#2218,#2219);
#1852=AXIS2_PLACEMENT_3D('',#3339,#2222,#2223);
#1853=AXIS2_PLACEMENT_3D('',#3345,#2227,#2228);
#1854=AXIS2_PLACEMENT_3D('',#3347,#2230,#2231);
#1855=AXIS2_PLACEMENT_3D('',#3349,#2232,#2233);
#1856=AXIS2_PLACEMENT_3D('',#3352,#2235,#2236);
#1857=AXIS2_PLACEMENT_3D('',#3353,#2237,#2238);
#1858=AXIS2_PLACEMENT_3D('',#3355,#2239,#2240);
#1859=AXIS2_PLACEMENT_3D('',#3356,#2241,#2242);
#1860=AXIS2_PLACEMENT_3D('',#3358,#2243,#2244);
#1861=AXIS2_PLACEMENT_3D('',#3360,#2246,#2247);
#1862=AXIS2_PLACEMENT_3D('',#3366,#2251,#2252);
#1863=AXIS2_PLACEMENT_3D('',#3368,#2254,#2255);
#1864=AXIS2_PLACEMENT_3D('',#3370,#2257,#2258);
#1865=AXIS2_PLACEMENT_3D('',#3374,#2261,#2262);
#1866=AXIS2_PLACEMENT_3D('',#3378,#2265,#2266);
#1867=AXIS2_PLACEMENT_3D('',#3382,#2269,#2270);
#1868=AXIS2_PLACEMENT_3D('',#3386,#2273,#2274);
#1869=AXIS2_PLACEMENT_3D('',#3388,#2276,#2277);
#1870=AXIS2_PLACEMENT_3D('',#3392,#2280,#2281);
#1871=AXIS2_PLACEMENT_3D('',#3396,#2284,#2285);
#1872=AXIS2_PLACEMENT_3D('',#3400,#2288,#2289);
#1873=AXIS2_PLACEMENT_3D('',#3404,#2292,#2293);
#1874=AXIS2_PLACEMENT_3D('',#3408,#2296,#2297);
#1875=AXIS2_PLACEMENT_3D('',#3412,#2300,#2301);
#1876=AXIS2_PLACEMENT_3D('',#3416,#2304,#2305);
#1877=AXIS2_PLACEMENT_3D('',#3418,#2307,#2308);
#1878=AXIS2_PLACEMENT_3D('',#3419,#2309,#2310);
#1879=AXIS2_PLACEMENT_3D('',#3420,#2311,#2312);
#1880=DIRECTION('axis',(0.,0.,1.));
#1881=DIRECTION('refdir',(1.,0.,0.));
#1882=DIRECTION('axis',(0.,0.,1.));
#1883=DIRECTION('refdir',(1.,0.,0.));
#1884=DIRECTION('center_axis',(0.,-0.707106781186548,-0.707106781186548));
#1885=DIRECTION('ref_axis',(-1.,0.,0.));
#1886=DIRECTION('',(0.,-0.707106781186548,0.707106781186548));
#1887=DIRECTION('',(-1.,0.,0.));
#1888=DIRECTION('',(0.,0.707106781186548,-0.707106781186548));
#1889=DIRECTION('',(1.,0.,0.));
#1890=DIRECTION('center_axis',(-1.,0.,0.));
#1891=DIRECTION('ref_axis',(0.,0.,-1.));
#1892=DIRECTION('',(0.,0.,-1.));
#1893=DIRECTION('',(0.,-1.,0.));
#1894=DIRECTION('',(0.,0.,1.));
#1895=DIRECTION('center_axis',(0.,-1.,0.));
#1896=DIRECTION('ref_axis',(1.,0.,0.));
#1897=DIRECTION('',(0.,0.,1.));
#1898=DIRECTION('',(-1.,0.,0.));
#1899=DIRECTION('center_axis',(0.,-1.,2.91433543964104E-16));
#1900=DIRECTION('ref_axis',(-0.83941739471769,1.5839042784292E-16,0.543487292809469));
#1901=DIRECTION('',(-1.,8.44402799144996E-32,2.89741114787048E-16));
#1902=DIRECTION('center_axis',(0.,-1.,2.91433543964104E-16));
#1903=DIRECTION('ref_axis',(-0.83941739471769,1.5839042784292E-16,0.543487292809469));
#1904=DIRECTION('',(-1.,8.44402799144996E-32,2.89741114787048E-16));
#1905=DIRECTION('center_axis',(0.,-1.,2.91433543964104E-16));
#1906=DIRECTION('ref_axis',(-0.83941739471769,1.5839042784292E-16,0.543487292809469));
#1907=DIRECTION('',(-1.,8.44402799144996E-32,2.89741114787048E-16));
#1908=DIRECTION('center_axis',(0.,-1.,2.91433543964104E-16));
#1909=DIRECTION('ref_axis',(-0.83941739471769,1.5839042784292E-16,0.543487292809469));
#1910=DIRECTION('',(-1.,8.44402799144996E-32,2.89741114787048E-16));
#1911=DIRECTION('center_axis',(0.,-1.,2.91433543964104E-16));
#1912=DIRECTION('ref_axis',(-0.83941739471769,1.5839042784292E-16,0.543487292809469));
#1913=DIRECTION('',(-1.,8.44402799144996E-32,2.89741114787048E-16));
#1914=DIRECTION('center_axis',(0.,1.,0.));
#1915=DIRECTION('ref_axis',(1.,0.,0.));
#1916=DIRECTION('center_axis',(0.,1.,0.));
#1917=DIRECTION('ref_axis',(1.,0.,0.));
#1918=DIRECTION('',(0.,1.,0.));
#1919=DIRECTION('center_axis',(0.,1.,0.));
#1920=DIRECTION('ref_axis',(1.,0.,0.));
#1921=DIRECTION('center_axis',(0.,-1.,0.));
#1922=DIRECTION('ref_axis',(1.,0.,0.));
#1923=DIRECTION('center_axis',(0.,-1.,0.));
#1924=DIRECTION('ref_axis',(1.,0.,0.));
#1925=DIRECTION('center_axis',(0.,1.,0.));
#1926=DIRECTION('ref_axis',(1.,0.,0.));
#1927=DIRECTION('center_axis',(0.,1.,0.));
#1928=DIRECTION('ref_axis',(1.,0.,0.));
#1929=DIRECTION('',(0.,1.,0.));
#1930=DIRECTION('center_axis',(0.,1.,0.));
#1931=DIRECTION('ref_axis',(1.,0.,0.));
#1932=DIRECTION('center_axis',(0.,-1.,0.));
#1933=DIRECTION('ref_axis',(1.,0.,0.));
#1934=DIRECTION('center_axis',(0.,-1.,0.));
#1935=DIRECTION('ref_axis',(1.,0.,0.));
#1936=DIRECTION('center_axis',(0.,1.,0.));
#1937=DIRECTION('ref_axis',(1.,0.,0.));
#1938=DIRECTION('',(0.,1.,0.));
#1939=DIRECTION('center_axis',(0.,1.,0.));
#1940=DIRECTION('ref_axis',(1.,0.,0.));
#1941=DIRECTION('center_axis',(0.,-1.,0.));
#1942=DIRECTION('ref_axis',(1.,0.,0.));
#1943=DIRECTION('center_axis',(0.,1.,0.));
#1944=DIRECTION('ref_axis',(1.,0.,0.));
#1945=DIRECTION('',(0.,1.,0.));
#1946=DIRECTION('center_axis',(0.,1.,0.));
#1947=DIRECTION('ref_axis',(1.,0.,0.));
#1948=DIRECTION('center_axis',(0.,-1.,0.));
#1949=DIRECTION('ref_axis',(1.,0.,0.));
#1950=DIRECTION('center_axis',(0.,1.,0.));
#1951=DIRECTION('ref_axis',(0.83941739471769,-8.59422922024783E-17,-0.543487292809469));
#1952=DIRECTION('center_axis',(0.,-1.,2.91433543964104E-16));
#1953=DIRECTION('ref_axis',(0.83941739471769,0.,-0.543487292809469));
#1954=DIRECTION('center_axis',(0.,1.,-2.91433543964104E-16));
#1955=DIRECTION('ref_axis',(0.83941739471769,-1.5839042784292E-16,-0.543487292809469));
#1956=DIRECTION('center_axis',(0.,0.,1.));
#1957=DIRECTION('ref_axis',(1.,0.,0.));
#1958=DIRECTION('',(0.,-1.,0.));
#1959=DIRECTION('',(1.38777878078145E-17,1.,1.33226762955019E-15));
#1960=DIRECTION('',(-1.,0.,0.));
#1961=DIRECTION('',(-1.38777878078145E-17,-1.,-1.33226762955019E-15));
#1962=DIRECTION('',(0.,-1.,0.));
#1963=DIRECTION('',(0.,1.,0.));
#1964=DIRECTION('',(0.,1.,0.));
#1965=DIRECTION('center_axis',(0.,1.,0.));
#1966=DIRECTION('ref_axis',(0.,0.,-1.));
#1967=DIRECTION('',(0.,1.,0.));
#1968=DIRECTION('center_axis',(0.,1.,0.));
#1969=DIRECTION('ref_axis',(0.83941739471769,-8.59422922024783E-17,-0.543487292809469));
#1970=DIRECTION('center_axis',(0.,1.,-2.91433543964104E-16));
#1971=DIRECTION('ref_axis',(0.83941739471769,-1.5839042784292E-16,-0.543487292809469));
#1972=DIRECTION('center_axis',(0.,-1.,2.91433543964104E-16));
#1973=DIRECTION('ref_axis',(0.83941739471769,0.,-0.543487292809469));
#1974=DIRECTION('center_axis',(0.,0.,1.));
#1975=DIRECTION('ref_axis',(1.,0.,0.));
#1976=DIRECTION('',(0.,1.,0.));
#1977=DIRECTION('',(0.,-1.,0.));
#1978=DIRECTION('',(-1.,0.,0.));
#1979=DIRECTION('',(0.,-1.,0.));
#1980=DIRECTION('',(-1.,0.,0.));
#1981=DIRECTION('',(-1.38777878078145E-17,-1.,-1.33226762955019E-15));
#1982=DIRECTION('',(0.,-1.,0.));
#1983=DIRECTION('center_axis',(0.,1.,0.));
#1984=DIRECTION('ref_axis',(0.,0.,-1.));
#1985=DIRECTION('center_axis',(0.,1.,0.));
#1986=DIRECTION('ref_axis',(0.83941739471769,-8.59422922024783E-17,-0.543487292809469));
#1987=DIRECTION('center_axis',(0.,-1.,2.91433543964104E-16));
#1988=DIRECTION('ref_axis',(0.83941739471769,0.,-0.543487292809469));
#1989=DIRECTION('center_axis',(0.,1.,-2.91433543964104E-16));
#1990=DIRECTION('ref_axis',(0.83941739471769,-1.5839042784292E-16,-0.543487292809469));
#1991=DIRECTION('center_axis',(0.,1.,0.));
#1992=DIRECTION('ref_axis',(8.47498492080272E-17,0.,-1.));
#1993=DIRECTION('',(0.,1.,0.));
#1994=DIRECTION('',(0.,1.,0.));
#1995=DIRECTION('center_axis',(0.,0.,1.));
#1996=DIRECTION('ref_axis',(1.,0.,0.));
#1997=DIRECTION('',(0.,1.,0.));
#1998=DIRECTION('',(0.,-1.,0.));
#1999=DIRECTION('',(1.38777878078145E-17,1.,1.33226762955019E-15));
#2000=DIRECTION('',(-1.,0.,0.));
#2001=DIRECTION('',(-1.38777878078145E-17,-1.,-1.33226762955019E-15));
#2002=DIRECTION('',(0.,-1.,0.));
#2003=DIRECTION('center_axis',(0.,1.,0.));
#2004=DIRECTION('ref_axis',(0.83941739471769,-8.59422922024783E-17,-0.543487292809469));
#2005=DIRECTION('center_axis',(0.,-1.,2.91433543964104E-16));
#2006=DIRECTION('ref_axis',(0.83941739471769,0.,-0.543487292809469));
#2007=DIRECTION('center_axis',(0.,1.,-2.91433543964104E-16));
#2008=DIRECTION('ref_axis',(0.83941739471769,-1.5839042784292E-16,-0.543487292809469));
#2009=DIRECTION('center_axis',(0.,1.,0.));
#2010=DIRECTION('ref_axis',(0.,0.,-1.));
#2011=DIRECTION('',(0.,1.,0.));
#2012=DIRECTION('center_axis',(0.,0.,1.));
#2013=DIRECTION('ref_axis',(1.,0.,0.));
#2014=DIRECTION('',(0.,1.,0.));
#2015=DIRECTION('',(0.,-1.,0.));
#2016=DIRECTION('',(1.38777878078145E-17,1.,1.33226762955019E-15));
#2017=DIRECTION('',(-1.,0.,0.));
#2018=DIRECTION('',(-1.38777878078145E-17,-1.,-1.33226762955019E-15));
#2019=DIRECTION('',(0.,-1.,0.));
#2020=DIRECTION('center_axis',(0.,1.,0.));
#2021=DIRECTION('ref_axis',(0.83941739471769,-8.59422922024783E-17,-0.543487292809469));
#2022=DIRECTION('center_axis',(0.,-1.,2.91433543964104E-16));
#2023=DIRECTION('ref_axis',(0.83941739471769,0.,-0.543487292809469));
#2024=DIRECTION('center_axis',(0.,1.,-2.91433543964104E-16));
#2025=DIRECTION('ref_axis',(0.83941739471769,-1.5839042784292E-16,-0.543487292809469));
#2026=DIRECTION('center_axis',(0.,0.,1.));
#2027=DIRECTION('ref_axis',(1.,0.,0.));
#2028=DIRECTION('',(0.,-1.,0.));
#2029=DIRECTION('',(1.38777878078145E-17,1.,1.33226762955019E-15));
#2030=DIRECTION('',(-1.,0.,0.));
#2031=DIRECTION('',(0.,1.,0.));
#2032=DIRECTION('',(-1.,0.,0.));
#2033=DIRECTION('',(0.,1.,0.));
#2034=DIRECTION('center_axis',(0.,1.,0.));
#2035=DIRECTION('ref_axis',(0.,0.,-1.));
#2036=DIRECTION('',(0.,-1.,0.));
#2037=DIRECTION('center_axis',(0.,0.,1.));
#2038=DIRECTION('ref_axis',(1.,0.,0.));
#2039=DIRECTION('',(0.,-1.,0.));
#2040=DIRECTION('',(1.38777878078145E-17,1.,1.33226762955019E-15));
#2041=DIRECTION('',(-1.,0.,0.));
#2042=DIRECTION('',(-1.38777878078145E-17,-1.,-1.33226762955019E-15));
#2043=DIRECTION('center_axis',(1.,0.,0.));
#2044=DIRECTION('ref_axis',(0.,0.,1.));
#2045=DIRECTION('',(0.,0.,-1.));
#2046=DIRECTION('center_axis',(0.,-1.,0.));
#2047=DIRECTION('ref_axis',(0.,0.,-1.));
#2048=DIRECTION('',(0.707106781186548,0.,0.707106781186547));
#2049=DIRECTION('',(0.,0.,-1.));
#2050=DIRECTION('',(1.,0.,0.));
#2051=DIRECTION('center_axis',(0.,-1.,0.));
#2052=DIRECTION('ref_axis',(0.,0.,-1.));
#2053=DIRECTION('',(1.,0.,0.));
#2054=DIRECTION('',(0.,0.,1.));
#2055=DIRECTION('',(0.707106781186548,0.,-0.707106781186547));
#2056=DIRECTION('center_axis',(0.707106781186547,0.,0.707106781186548));
#2057=DIRECTION('ref_axis',(0.707106781186548,0.,-0.707106781186547));
#2058=DIRECTION('',(-0.707106781186548,0.,0.707106781186547));
#2059=DIRECTION('',(0.,-1.,0.));
#2060=DIRECTION('',(0.707106781186548,0.,-0.707106781186547));
#2061=DIRECTION('',(0.,1.,0.));
#2062=DIRECTION('center_axis',(0.,-1.,0.));
#2063=DIRECTION('ref_axis',(0.,0.,-1.));
#2064=DIRECTION('',(0.,0.,1.));
#2065=DIRECTION('',(-1.,0.,0.));
#2066=DIRECTION('',(0.,0.,-1.));
#2067=DIRECTION('',(-0.707106781186548,0.,-0.707106781186547));
#2068=DIRECTION('',(-1.,0.,0.));
#2069=DIRECTION('',(-1.,0.,-6.16297582203915E-33));
#2070=DIRECTION('center_axis',(0.,1.,0.));
#2071=DIRECTION('ref_axis',(-1.,1.38777878078145E-17,1.23259516440783E-32));
#2072=DIRECTION('',(-1.,0.,-6.16297582203915E-33));
#2073=DIRECTION('center_axis',(0.,1.,0.));
#2074=DIRECTION('ref_axis',(-1.,1.38777878078145E-17,1.23259516440783E-32));
#2075=DIRECTION('',(-1.,0.,-6.16297582203915E-33));
#2076=DIRECTION('center_axis',(0.,1.,0.));
#2077=DIRECTION('ref_axis',(-1.,1.38777878078145E-17,1.23259516440783E-32));
#2078=DIRECTION('',(-1.,0.,-6.16297582203915E-33));
#2079=DIRECTION('center_axis',(0.,1.,0.));
#2080=DIRECTION('ref_axis',(-1.,1.38777878078145E-17,1.23259516440783E-32));
#2081=DIRECTION('',(-1.,0.,-6.16297582203915E-33));
#2082=DIRECTION('center_axis',(0.,1.,0.));
#2083=DIRECTION('ref_axis',(-1.,1.38777878078145E-17,1.23259516440783E-32));
#2084=DIRECTION('center_axis',(1.,0.,0.));
#2085=DIRECTION('ref_axis',(0.,1.,0.));
#2086=DIRECTION('',(0.,1.,0.));
#2087=DIRECTION('center_axis',(-0.707106781186547,0.,0.707106781186548));
#2088=DIRECTION('ref_axis',(0.707106781186548,0.,0.707106781186547));
#2089=DIRECTION('',(0.707106781186548,0.,0.707106781186547));
#2090=DIRECTION('',(0.,1.,0.));
#2091=DIRECTION('',(0.,-1.,0.));
#2092=DIRECTION('center_axis',(-1.,0.,0.));
#2093=DIRECTION('ref_axis',(0.,-1.,0.));
#2094=DIRECTION('',(0.,-1.,0.));
#2095=DIRECTION('center_axis',(0.,0.,1.));
#2096=DIRECTION('ref_axis',(1.,0.,0.));
#2097=DIRECTION('',(1.,0.,0.));
#2098=DIRECTION('center_axis',(-1.38777878078145E-17,-1.,-1.33226762955019E-15));
#2099=DIRECTION('ref_axis',(1.,-1.38777878078145E-17,-1.23259516440783E-32));
#2100=DIRECTION('center_axis',(6.16297582203915E-33,1.33226762955019E-15,
-1.));
#2101=DIRECTION('ref_axis',(1.38777878078145E-17,1.,1.33226762955019E-15));
#2102=DIRECTION('',(-1.,0.,-6.16297582203915E-33));
#2103=DIRECTION('',(-1.38777878078145E-17,-1.,-1.33226762955019E-15));
#2104=DIRECTION('',(1.38777878078145E-17,1.,1.33226762955019E-15));
#2105=DIRECTION('center_axis',(-1.38777878078145E-17,-1.,-1.33226762955019E-15));
#2106=DIRECTION('ref_axis',(1.83697019872103E-16,1.33226762955019E-15,-1.));
#2107=DIRECTION('center_axis',(0.,1.,0.));
#2108=DIRECTION('ref_axis',(-1.,1.38777878078145E-17,1.23259516440783E-32));
#2109=DIRECTION('center_axis',(0.,1.,0.));
#2110=DIRECTION('ref_axis',(-1.,1.38777878078145E-17,1.23259516440783E-32));
#2111=DIRECTION('center_axis',(-1.38777878078145E-17,-1.,-1.33226762955019E-15));
#2112=DIRECTION('ref_axis',(1.,-1.38777878078145E-17,-1.23259516440783E-32));
#2113=DIRECTION('center_axis',(6.16297582203915E-33,1.33226762955019E-15,
-1.));
#2114=DIRECTION('ref_axis',(1.38777878078145E-17,1.,1.33226762955019E-15));
#2115=DIRECTION('',(-1.,0.,-6.16297582203915E-33));
#2116=DIRECTION('',(-1.38777878078145E-17,-1.,-1.33226762955019E-15));
#2117=DIRECTION('',(1.38777878078145E-17,1.,1.33226762955019E-15));
#2118=DIRECTION('center_axis',(-1.38777878078145E-17,-1.,-1.33226762955019E-15));
#2119=DIRECTION('ref_axis',(1.83697019872103E-16,1.33226762955019E-15,-1.));
#2120=DIRECTION('center_axis',(0.,1.,0.));
#2121=DIRECTION('ref_axis',(-1.,1.38777878078145E-17,1.23259516440783E-32));
#2122=DIRECTION('center_axis',(0.,1.,0.));
#2123=DIRECTION('ref_axis',(-1.,1.38777878078145E-17,1.23259516440783E-32));
#2124=DIRECTION('center_axis',(0.,-1.,0.));
#2125=DIRECTION('ref_axis',(1.,0.,0.));
#2126=DIRECTION('center_axis',(0.,1.,0.));
#2127=DIRECTION('ref_axis',(-1.,1.38777878078145E-17,1.23259516440783E-32));
#2128=DIRECTION('',(-1.,0.,-6.16297582203915E-33));
#2129=DIRECTION('center_axis',(0.,1.,0.));
#2130=DIRECTION('ref_axis',(-1.,1.38777878078145E-17,1.23259516440783E-32));
#2131=DIRECTION('center_axis',(0.,1.,0.));
#2132=DIRECTION('ref_axis',(-1.,1.38777878078145E-17,1.23259516440783E-32));
#2133=DIRECTION('',(-1.,0.,-6.16297582203915E-33));
#2134=DIRECTION('center_axis',(0.,1.,0.));
#2135=DIRECTION('ref_axis',(-1.,1.38777878078145E-17,1.23259516440783E-32));
#2136=DIRECTION('center_axis',(0.,1.,0.));
#2137=DIRECTION('ref_axis',(-1.,1.38777878078145E-17,1.23259516440783E-32));
#2138=DIRECTION('',(-1.,0.,-6.16297582203915E-33));
#2139=DIRECTION('center_axis',(0.,1.,0.));
#2140=DIRECTION('ref_axis',(-1.,1.38777878078145E-17,1.23259516440783E-32));
#2141=DIRECTION('center_axis',(0.,0.,1.));
#2142=DIRECTION('ref_axis',(1.,0.,0.));
#2143=DIRECTION('center_axis',(6.16297582203915E-33,1.33226762955019E-15,
-1.));
#2144=DIRECTION('ref_axis',(1.38777878078145E-17,1.,1.33226762955019E-15));
#2145=DIRECTION('',(1.38777878078145E-17,1.,1.33226762955019E-15));
#2146=DIRECTION('',(-1.38777878078145E-17,-1.,-1.33226762955019E-15));
#2147=DIRECTION('center_axis',(-1.38777878078145E-17,-1.,-1.33226762955019E-15));
#2148=DIRECTION('ref_axis',(1.,-1.38777878078145E-17,-1.23259516440783E-32));
#2149=DIRECTION('center_axis',(-1.38777878078145E-17,-1.,-1.33226762955019E-15));
#2150=DIRECTION('ref_axis',(-6.12323399573676E-17,1.33226762955019E-15,
-1.));
#2151=DIRECTION('center_axis',(-1.38777878078145E-17,-1.,-1.33226762955019E-15));
#2152=DIRECTION('ref_axis',(1.83697019872103E-16,1.33226762955019E-15,-1.));
#2153=DIRECTION('',(1.38777878078145E-17,1.,1.33226762955019E-15));
#2154=DIRECTION('',(-1.38777878078145E-17,-1.,-1.33226762955019E-15));
#2155=DIRECTION('center_axis',(-1.38777878078145E-17,-1.,-1.33226762955019E-15));
#2156=DIRECTION('ref_axis',(1.,-1.38777878078145E-17,-1.23259516440783E-32));
#2157=DIRECTION('center_axis',(6.16297582203915E-33,1.33226762955019E-15,
-1.));
#2158=DIRECTION('ref_axis',(1.38777878078145E-17,1.,1.33226762955019E-15));
#2159=DIRECTION('center_axis',(-1.38777878078145E-17,-1.,-1.33226762955019E-15));
#2160=DIRECTION('ref_axis',(1.83697019872103E-16,1.33226762955019E-15,-1.));
#2161=DIRECTION('',(1.38777878078145E-17,1.,1.33226762955019E-15));
#2162=DIRECTION('',(-1.38777878078145E-17,-1.,-1.33226762955019E-15));
#2163=DIRECTION('center_axis',(-1.38777878078145E-17,-1.,-1.33226762955019E-15));
#2164=DIRECTION('ref_axis',(1.,-1.38777878078145E-17,-1.23259516440783E-32));
#2165=DIRECTION('center_axis',(6.16297582203915E-33,1.33226762955019E-15,
-1.));
#2166=DIRECTION('ref_axis',(1.38777878078145E-17,1.,1.33226762955019E-15));
#2167=DIRECTION('axis',(0.,0.,1.));
#2168=DIRECTION('refdir',(1.,0.,0.));
#2169=DIRECTION('center_axis',(0.,0.819152044288991,0.573576436351047));
#2170=DIRECTION('ref_axis',(1.,0.,0.));
#2171=DIRECTION('',(0.,0.573576436351047,-0.819152044288991));
#2172=DIRECTION('',(-1.,0.,0.));
#2173=DIRECTION('',(0.,-0.573576436351047,0.819152044288991));
#2174=DIRECTION('',(1.,0.,0.));
#2175=DIRECTION('center_axis',(0.,1.,0.));
#2176=DIRECTION('ref_axis',(0.,0.,1.));
#2177=DIRECTION('',(0.,0.,1.));
#2178=DIRECTION('',(1.,0.,0.));
#2179=DIRECTION('',(0.,0.,1.));
#2180=DIRECTION('center_axis',(1.,0.,0.));
#2181=DIRECTION('ref_axis',(0.,0.,-1.));
#2182=DIRECTION('',(0.,-0.939692620785909,0.342020143325668));
#2183=DIRECTION('',(0.,0.573576436351045,-0.819152044288993));
#2184=DIRECTION('',(0.,0.,1.));
#2185=DIRECTION('',(0.,-0.707106781186548,0.707106781186548));
#2186=DIRECTION('',(0.,-1.,0.));
#2187=DIRECTION('',(0.,-0.707106781186547,-0.707106781186547));
#2188=DIRECTION('',(0.,4.84020937166281E-16,-1.));
#2189=DIRECTION('',(0.,-1.,0.));
#2190=DIRECTION('',(0.,0.,1.));
#2191=DIRECTION('',(0.,-0.707106781186548,0.707106781186548));
#2192=DIRECTION('',(0.,-1.,0.));
#2193=DIRECTION('',(0.,-0.707106781186549,-0.707106781186546));
#2194=DIRECTION('',(0.,0.,-1.));
#2195=DIRECTION('',(0.,0.573576436351045,0.819152044288992));
#2196=DIRECTION('',(0.,-0.939692620785908,-0.342020143325669));
#2197=DIRECTION('',(0.,0.573576436351048,0.81915204428899));
#2198=DIRECTION('',(0.,0.,-1.));
#2199=DIRECTION('',(0.,1.,4.59402630879375E-16));
#2200=DIRECTION('',(0.,0.707106781186548,0.707106781186547));
#2201=DIRECTION('',(0.,1.,0.));
#2202=DIRECTION('',(0.,0.707106781186547,-0.707106781186547));
#2203=DIRECTION('',(0.,1.,3.82835525732812E-16));
#2204=DIRECTION('center_axis',(0.,0.819152044288993,0.573576436351045));
#2205=DIRECTION('ref_axis',(1.,0.,0.));
#2206=DIRECTION('',(0.,-0.573576436351045,0.819152044288993));
#2207=DIRECTION('',(1.,0.,0.));
#2208=DIRECTION('',(-1.,0.,0.));
#2209=DIRECTION('center_axis',(0.,1.,0.));
#2210=DIRECTION('ref_axis',(0.,0.,1.));
#2211=DIRECTION('',(0.,0.,1.));
#2212=DIRECTION('',(1.,0.,0.));
#2213=DIRECTION('center_axis',(0.,-0.81915204428899,0.573576436351048));
#2214=DIRECTION('ref_axis',(1.,0.,0.));
#2215=DIRECTION('',(-1.,0.,0.));
#2216=DIRECTION('',(0.,-0.573576436351048,-0.81915204428899));
#2217=DIRECTION('',(1.,0.,0.));
#2218=DIRECTION('center_axis',(0.,-1.,0.));
#2219=DIRECTION('ref_axis',(0.,0.,-1.));
#2220=DIRECTION('',(0.,0.,1.));
#2221=DIRECTION('',(1.,0.,0.));
#2222=DIRECTION('center_axis',(0.,-0.819152044288992,0.573576436351045));
#2223=DIRECTION('ref_axis',(1.,0.,0.));
#2224=DIRECTION('',(0.,-0.573576436351045,-0.819152044288992));
#2225=DIRECTION('',(1.,0.,0.));
#2226=DIRECTION('',(-1.,0.,0.));
#2227=DIRECTION('center_axis',(0.,-0.342020143325669,0.939692620785908));
#2228=DIRECTION('ref_axis',(0.,-0.939692620785908,-0.342020143325669));
#2229=DIRECTION('',(0.,0.939692620785908,0.342020143325669));
#2230=DIRECTION('center_axis',(0.,-3.70074341541719E-16,1.));
#2231=DIRECTION('ref_axis',(1.,0.,0.));
#2232=DIRECTION('center_axis',(0.,0.,1.));
#2233=DIRECTION('ref_axis',(1.,0.,0.));
#2234=DIRECTION('',(0.,-3.70074341541719E-16,1.));
#2235=DIRECTION('center_axis',(0.,0.,1.));
#2236=DIRECTION('ref_axis',(1.,0.,0.));
#2237=DIRECTION('center_axis',(0.,0.,-1.));
#2238=DIRECTION('ref_axis',(-1.,0.,0.));
#2239=DIRECTION('center_axis',(0.,0.,-1.));
#2240=DIRECTION('ref_axis',(1.,0.,0.));
#2241=DIRECTION('center_axis',(0.,2.61228946970625E-16,-1.));
#2242=DIRECTION('ref_axis',(1.,0.,0.));
#2243=DIRECTION('center_axis',(0.,0.,-1.));
#2244=DIRECTION('ref_axis',(1.,0.,0.));
#2245=DIRECTION('',(0.,2.61228946970625E-16,-1.));
#2246=DIRECTION('center_axis',(0.,0.,1.));
#2247=DIRECTION('ref_axis',(0.,-1.,0.));
#2248=DIRECTION('',(0.,1.,0.));
#2249=DIRECTION('',(1.,0.,0.));
#2250=DIRECTION('',(1.,0.,0.));
#2251=DIRECTION('center_axis',(0.,0.707106781186548,0.707106781186548));
#2252=DIRECTION('ref_axis',(0.,-0.707106781186548,0.707106781186548));
#2253=DIRECTION('',(0.,0.707106781186548,-0.707106781186548));
#2254=DIRECTION('center_axis',(0.,0.342020143325668,0.939692620785909));
#2255=DIRECTION('ref_axis',(0.,-0.939692620785909,0.342020143325668));
#2256=DIRECTION('',(0.,-0.939692620785909,0.342020143325668));
#2257=DIRECTION('center_axis',(0.,3.82835525732812E-16,-1.));
#2258=DIRECTION('ref_axis',(0.,1.,3.82835525732812E-16));
#2259=DIRECTION('',(0.,1.,3.82835525732812E-16));
#2260=DIRECTION('',(1.,0.,0.));
#2261=DIRECTION('center_axis',(0.,-0.707106781186548,-0.707106781186548));
#2262=DIRECTION('ref_axis',(0.,0.707106781186548,-0.707106781186548));
#2263=DIRECTION('',(0.,0.707106781186547,-0.707106781186547));
#2264=DIRECTION('',(1.,0.,0.));
#2265=DIRECTION('center_axis',(0.,0.,-1.));
#2266=DIRECTION('ref_axis',(0.,1.,0.));
#2267=DIRECTION('',(0.,-1.,0.));
#2268=DIRECTION('',(1.,0.,0.));
#2269=DIRECTION('center_axis',(0.,0.707106781186547,-0.707106781186548));
#2270=DIRECTION('ref_axis',(0.,0.707106781186548,0.707106781186547));
#2271=DIRECTION('',(0.,-0.707106781186548,-0.707106781186547));
#2272=DIRECTION('',(1.,0.,0.));
#2273=DIRECTION('center_axis',(0.,4.59402630879375E-16,-1.));
#2274=DIRECTION('ref_axis',(0.,1.,4.59402630879375E-16));
#2275=DIRECTION('',(0.,-1.,-4.59402630879375E-16));
#2276=DIRECTION('center_axis',(0.,-1.,0.));
#2277=DIRECTION('ref_axis',(0.,0.,-1.));
#2278=DIRECTION('',(1.,0.,0.));
#2279=DIRECTION('',(0.,0.,-1.));
#2280=DIRECTION('center_axis',(0.,-0.707106781186546,0.707106781186549));
#2281=DIRECTION('ref_axis',(0.,-0.707106781186549,-0.707106781186546));
#2282=DIRECTION('',(0.,-0.707106781186549,-0.707106781186546));
#2283=DIRECTION('',(1.,0.,0.));
#2284=DIRECTION('center_axis',(0.,0.,1.));
#2285=DIRECTION('ref_axis',(0.,-1.,0.));
#2286=DIRECTION('',(0.,-1.,0.));
#2287=DIRECTION('',(1.,0.,0.));
#2288=DIRECTION('center_axis',(0.,0.707106781186548,0.707106781186548));
#2289=DIRECTION('ref_axis',(0.,-0.707106781186548,0.707106781186548));
#2290=DIRECTION('',(0.,-0.707106781186548,0.707106781186548));
#2291=DIRECTION('',(1.,0.,0.));
#2292=DIRECTION('center_axis',(0.,1.,0.));
#2293=DIRECTION('ref_axis',(0.,0.,1.));
#2294=DIRECTION('',(0.,0.,-1.));
#2295=DIRECTION('',(1.,0.,0.));
#2296=DIRECTION('center_axis',(0.,0.,1.));
#2297=DIRECTION('ref_axis',(0.,-1.,0.));
#2298=DIRECTION('',(0.,-1.,0.));
#2299=DIRECTION('',(1.,0.,0.));
#2300=DIRECTION('center_axis',(0.,-1.,-4.84020937166281E-16));
#2301=DIRECTION('ref_axis',(0.,4.84020937166281E-16,-1.));
#2302=DIRECTION('',(0.,4.84020937166281E-16,-1.));
#2303=DIRECTION('',(1.,0.,0.));
#2304=DIRECTION('center_axis',(0.,-0.707106781186548,0.707106781186548));
#2305=DIRECTION('ref_axis',(0.,-0.707106781186548,-0.707106781186548));
#2306=DIRECTION('',(0.,0.707106781186547,0.707106781186547));
#2307=DIRECTION('center_axis',(-1.,0.,0.));
#2308=DIRECTION('ref_axis',(0.,-1.,0.));
#2309=DIRECTION('',(0.,-1.,-2.91433543964104E-16));
#2310=DIRECTION('',(1.,0.,0.));
#2311=DIRECTION('',(0.,0.,1.));
#2312=DIRECTION('',(1.,0.,0.));
#2313=CARTESIAN_POINT('',(0.,0.,0.));
#2314=CARTESIAN_POINT('',(0.,0.,0.));
#2315=CARTESIAN_POINT('Origin',(-105.,-7.742,7.742));
#2316=CARTESIAN_POINT('',(-10.,-5.,5.));
#2317=CARTESIAN_POINT('',(-10.,-10.484,10.484));
#2318=CARTESIAN_POINT('',(-10.,-6.371,6.371));
#2319=CARTESIAN_POINT('',(-200.,-10.484,10.484));
#2320=CARTESIAN_POINT('',(-105.,-10.484,10.484));
#2321=CARTESIAN_POINT('',(-200.,-5.,5.));
#2322=CARTESIAN_POINT('',(-200.,-13.871,13.871));
#2323=CARTESIAN_POINT('',(-105.,-5.,5.));
#2324=CARTESIAN_POINT('Origin',(-200.,-5.,35.));
#2325=CARTESIAN_POINT('',(-200.,-10.484,35.));
#2326=CARTESIAN_POINT('',(-200.,-10.484,35.));
#2327=CARTESIAN_POINT('',(-200.,-5.,35.));
#2328=CARTESIAN_POINT('',(-200.,-5.,35.));
#2329=CARTESIAN_POINT('',(-200.,-5.,17.5));
#2330=CARTESIAN_POINT('Origin',(-105.,-10.484,20.0000036585457));
#2331=CARTESIAN_POINT('',(-10.,-10.484,35.));
#2332=CARTESIAN_POINT('',(-10.,-10.484,5.));
#2333=CARTESIAN_POINT('',(-19.0036321291983,-10.484,35.));
#2334=CARTESIAN_POINT('',(-10.,-10.484,35.));
#2335=CARTESIAN_POINT('',(-40.9963678708017,-10.484,35.));
#2336=CARTESIAN_POINT('Origin',(-30.,-10.484,27.880316464196));
#2337=CARTESIAN_POINT('',(-56.5036321291983,-10.484,35.));
#2338=CARTESIAN_POINT('',(-14.6728963482985,-10.484,35.));
#2339=CARTESIAN_POINT('',(-78.4963678708017,-10.484,35.));
#2340=CARTESIAN_POINT('Origin',(-67.5,-10.484,27.880316464196));
#2341=CARTESIAN_POINT('',(-94.0036321291983,-10.484,35.));
#2342=CARTESIAN_POINT('',(-52.1728963482985,-10.484,35.));
#2343=CARTESIAN_POINT('',(-115.996367870802,-10.484,35.));
#2344=CARTESIAN_POINT('Origin',(-105.,-10.484,27.880316464196));
#2345=CARTESIAN_POINT('',(-131.503632129198,-10.484,35.));
#2346=CARTESIAN_POINT('',(-89.6728963482985,-10.484,35.));
#2347=CARTESIAN_POINT('',(-153.496367870802,-10.484,35.));
#2348=CARTESIAN_POINT('Origin',(-142.5,-10.484,27.880316464196));
#2349=CARTESIAN_POINT('',(-169.003632129198,-10.484,35.));
#2350=CARTESIAN_POINT('',(-127.172896348299,-10.484,35.));
#2351=CARTESIAN_POINT('',(-190.996367870802,-10.484,35.));
#2352=CARTESIAN_POINT('Origin',(-180.,-10.484,27.880316464196));
#2353=CARTESIAN_POINT('',(-164.672896348299,-10.484,35.));
#2354=CARTESIAN_POINT('Origin',(-205.,-5.,20.));
#2355=CARTESIAN_POINT('',(-207.1,-5.,20.));
#2356=CARTESIAN_POINT('Origin',(-205.,-5.,20.));
#2357=CARTESIAN_POINT('',(-207.1,-4.5,20.));
#2358=CARTESIAN_POINT('',(-207.1,-5.,20.));
#2359=CARTESIAN_POINT('Origin',(-205.,-4.5,20.));
#2360=CARTESIAN_POINT('Origin',(-205.,-4.5,20.));
#2361=CARTESIAN_POINT('',(-206.9,-4.5,20.));
#2362=CARTESIAN_POINT('Origin',(-205.,-4.5,20.));
#2363=CARTESIAN_POINT('Origin',(-5.,-5.,20.));
#2364=CARTESIAN_POINT('',(-7.10000000000001,-5.,20.));
#2365=CARTESIAN_POINT('Origin',(-5.,-5.,20.));
#2366=CARTESIAN_POINT('',(-7.10000000000001,-4.5,20.));
#2367=CARTESIAN_POINT('',(-7.10000000000001,-5.,20.));
#2368=CARTESIAN_POINT('Origin',(-5.,-4.5,20.));
#2369=CARTESIAN_POINT('Origin',(-5.,-4.5,20.));
#2370=CARTESIAN_POINT('',(-6.90000000000001,-4.5,20.));
#2371=CARTESIAN_POINT('Origin',(-5.,-4.5,20.));
#2372=CARTESIAN_POINT('Origin',(-5.,-5.,20.));
#2373=CARTESIAN_POINT('',(-6.90000000000001,1.,20.));
#2374=CARTESIAN_POINT('',(-6.90000000000001,-5.,20.));
#2375=CARTESIAN_POINT('Origin',(-5.,1.,20.));
#2376=CARTESIAN_POINT('Origin',(-5.,1.,20.));
#2377=CARTESIAN_POINT('Origin',(-205.,-5.,20.));
#2378=CARTESIAN_POINT('',(-206.9,1.,20.));
#2379=CARTESIAN_POINT('',(-206.9,-5.,20.));
#2380=CARTESIAN_POINT('Origin',(-205.,1.,20.));
#2381=CARTESIAN_POINT('Origin',(-205.,1.,20.));
#2382=CARTESIAN_POINT('Origin',(-67.5,-6.204,27.880316464196));
#2383=CARTESIAN_POINT('',(-81.3132156953566,-4.984,34.9997737576666));
#2384=CARTESIAN_POINT('',(-78.4963678708017,-7.424,35.));
#2385=CARTESIAN_POINT('Ctrl Pts',(-81.3130990856506,-4.98399999999999,35.));
#2386=CARTESIAN_POINT('Ctrl Pts',(-79.7847470228402,-6.34251212878686,35.));
#2387=CARTESIAN_POINT('Ctrl Pts',(-78.4963678708017,-7.424,35.));
#2388=CARTESIAN_POINT('',(-56.5036321291983,-7.424,35.));
#2389=CARTESIAN_POINT('Origin',(-67.5,-7.424,27.880316464196));
#2390=CARTESIAN_POINT('',(-53.6867843046434,-4.984,34.9997737576666));
#2391=CARTESIAN_POINT('Ctrl Pts',(-56.5036321291983,-7.424,35.));
#2392=CARTESIAN_POINT('Ctrl Pts',(-55.2152529771498,-6.34251212877875,35.));
#2393=CARTESIAN_POINT('Ctrl Pts',(-53.6869009143494,-4.98399999999999,35.));
#2394=CARTESIAN_POINT('Origin',(-67.5,-4.984,27.880316464196));
#2395=CARTESIAN_POINT('Origin',(-105.,10.,35.));
#2396=CARTESIAN_POINT('',(-43.8136546521509,-3.,35.));
#2397=CARTESIAN_POINT('',(-43.8132156953566,-4.984,34.9997737576666));
#2398=CARTESIAN_POINT('',(-43.8136546521509,-3.,35.));
#2399=CARTESIAN_POINT('',(-45.3271036517015,1.01605474750596,35.));
#2400=CARTESIAN_POINT('Ctrl Pts',(-45.3271036517015,1.01605474750596,35.));
#2401=CARTESIAN_POINT('Ctrl Pts',(-45.3271036517015,0.28793097297655,35.));
#2402=CARTESIAN_POINT('Ctrl Pts',(-45.1855254215034,-0.422371671967122,
34.9999999999816));
#2403=CARTESIAN_POINT('Ctrl Pts',(-44.6556348749843,-1.78850146574499,34.9999999999816));
#2404=CARTESIAN_POINT('Ctrl Pts',(-44.2728548236343,-2.42301458422988,35.));
#2405=CARTESIAN_POINT('Ctrl Pts',(-43.8136546521509,-3.,35.));
#2406=CARTESIAN_POINT('',(-45.3271036517015,14.516,35.));
#2407=CARTESIAN_POINT('',(-45.3271036517015,21.0160539093156,35.));
#2408=CARTESIAN_POINT('',(-52.1728963482985,14.516,35.));
#2409=CARTESIAN_POINT('',(-157.5,14.516,35.));
#2410=CARTESIAN_POINT('',(-52.1728963482985,1.01605474750596,35.));
#2411=CARTESIAN_POINT('',(-52.1728963482985,21.0160539093156,35.));
#2412=CARTESIAN_POINT('',(-53.6863453478491,-3.,35.));
#2413=CARTESIAN_POINT('Ctrl Pts',(-53.6863453478491,-3.00000000000001,35.));
#2414=CARTESIAN_POINT('Ctrl Pts',(-53.2273371105186,-2.42325574966033,35.));
#2415=CARTESIAN_POINT('Ctrl Pts',(-52.8446832522792,-1.78902948334242,35.));
#2416=CARTESIAN_POINT('Ctrl Pts',(-52.3145952102113,-0.422971516674217,
35.));
#2417=CARTESIAN_POINT('Ctrl Pts',(-52.1728963482985,0.287620350352641,35.));
#2418=CARTESIAN_POINT('Ctrl Pts',(-52.1728963482985,1.01605474750596,35.));
#2419=CARTESIAN_POINT('',(-53.6863453478491,-3.,35.));
#2420=CARTESIAN_POINT('',(-56.5036321291983,-10.484,35.));
#2421=CARTESIAN_POINT('',(-40.9963678708017,-7.424,35.));
#2422=CARTESIAN_POINT('',(-40.9963678708017,-10.484,35.));
#2423=CARTESIAN_POINT('Ctrl Pts',(-43.8130990856506,-4.98399999999999,35.));
#2424=CARTESIAN_POINT('Ctrl Pts',(-42.2847470228402,-6.34251212878686,35.));
#2425=CARTESIAN_POINT('Ctrl Pts',(-40.9963678708017,-7.424,35.));
#2426=CARTESIAN_POINT('Origin',(-67.5,-10.484,27.880316464196));
#2427=CARTESIAN_POINT('',(-78.4963678708017,-10.484,35.));
#2428=CARTESIAN_POINT('Origin',(-30.,-6.204,27.880316464196));
#2429=CARTESIAN_POINT('',(-16.1867843046434,-4.984,34.9997737576666));
#2430=CARTESIAN_POINT('Origin',(-30.,-4.984,27.880316464196));
#2431=CARTESIAN_POINT('',(-19.0036321291983,-7.424,35.));
#2432=CARTESIAN_POINT('Origin',(-30.,-7.424,27.880316464196));
#2433=CARTESIAN_POINT('Ctrl Pts',(-19.0036321291983,-7.424,35.));
#2434=CARTESIAN_POINT('Ctrl Pts',(-17.7152529771498,-6.34251212877874,35.));
#2435=CARTESIAN_POINT('Ctrl Pts',(-16.1869009143494,-4.98399999999999,35.));
#2436=CARTESIAN_POINT('Origin',(-105.,10.,35.));
#2437=CARTESIAN_POINT('',(-19.0036321291983,-10.484,35.));
#2438=CARTESIAN_POINT('',(-10.,-5.,35.));
#2439=CARTESIAN_POINT('',(-10.,-5.,35.));
#2440=CARTESIAN_POINT('',(-0.999999999999998,-5.,35.));
#2441=CARTESIAN_POINT('',(0.,-5.,35.));
#2442=CARTESIAN_POINT('',(-1.00000000000001,14.516,35.));
#2443=CARTESIAN_POINT('',(-1.00000000000001,8.879,35.));
#2444=CARTESIAN_POINT('',(-14.6728963482985,14.516,35.));
#2445=CARTESIAN_POINT('',(-157.5,14.516,35.));
#2446=CARTESIAN_POINT('',(-14.6728963482985,1.01605474750596,35.));
#2447=CARTESIAN_POINT('',(-14.6728963482985,21.0160539093156,35.));
#2448=CARTESIAN_POINT('',(-16.1863453478491,-3.,35.));
#2449=CARTESIAN_POINT('Ctrl Pts',(-16.1863453478491,-3.,35.));
#2450=CARTESIAN_POINT('Ctrl Pts',(-15.7273371105186,-2.42325574966032,35.));
#2451=CARTESIAN_POINT('Ctrl Pts',(-15.3446832522792,-1.78902948334241,35.));
#2452=CARTESIAN_POINT('Ctrl Pts',(-14.8145952102113,-0.422971516674277,
35.));
#2453=CARTESIAN_POINT('Ctrl Pts',(-14.6728963482985,0.287620350352612,35.));
#2454=CARTESIAN_POINT('Ctrl Pts',(-14.6728963482985,1.01605474750596,35.));
#2455=CARTESIAN_POINT('',(-16.1863453478491,-3.,35.));
#2456=CARTESIAN_POINT('Origin',(-30.,-10.484,27.880316464196));
#2457=CARTESIAN_POINT('Origin',(-105.,-6.204,27.880316464196));
#2458=CARTESIAN_POINT('',(-118.813215695357,-4.984,34.9997737576666));
#2459=CARTESIAN_POINT('',(-115.996367870802,-7.424,35.));
#2460=CARTESIAN_POINT('Ctrl Pts',(-118.813099085651,-4.98399999999999,35.));
#2461=CARTESIAN_POINT('Ctrl Pts',(-117.28474702284,-6.34251212878686,35.));
#2462=CARTESIAN_POINT('Ctrl Pts',(-115.996367870802,-7.424,35.));
#2463=CARTESIAN_POINT('',(-94.0036321291983,-7.424,35.));
#2464=CARTESIAN_POINT('Origin',(-105.,-7.424,27.880316464196));
#2465=CARTESIAN_POINT('',(-91.1867843046434,-4.984,34.9997737576666));
#2466=CARTESIAN_POINT('Ctrl Pts',(-94.0036321291983,-7.424,35.));
#2467=CARTESIAN_POINT('Ctrl Pts',(-92.7152529771498,-6.34251212877874,35.));
#2468=CARTESIAN_POINT('Ctrl Pts',(-91.1869009143494,-4.98399999999999,35.));
#2469=CARTESIAN_POINT('Origin',(-105.,-4.984,27.880316464196));
#2470=CARTESIAN_POINT('Origin',(-105.,-10.484,27.880316464196));
#2471=CARTESIAN_POINT('',(-115.996367870802,-10.484,35.));
#2472=CARTESIAN_POINT('',(-94.0036321291983,-10.484,35.));
#2473=CARTESIAN_POINT('Origin',(-105.,10.,35.));
#2474=CARTESIAN_POINT('',(-131.503632129198,-7.424,35.));
#2475=CARTESIAN_POINT('',(-128.686784304643,-4.984,34.9997737576666));
#2476=CARTESIAN_POINT('Ctrl Pts',(-131.503632129198,-7.424,35.));
#2477=CARTESIAN_POINT('Ctrl Pts',(-130.21525297715,-6.34251212877875,35.));
#2478=CARTESIAN_POINT('Ctrl Pts',(-128.686900914349,-4.98399999999999,35.));
#2479=CARTESIAN_POINT('',(-131.503632129198,-10.484,35.));
#2480=CARTESIAN_POINT('',(-118.813654652151,-3.,35.));
#2481=CARTESIAN_POINT('',(-118.813654652151,-3.,35.));
#2482=CARTESIAN_POINT('',(-120.327103651701,1.01605474750596,35.));
#2483=CARTESIAN_POINT('Ctrl Pts',(-120.327103651701,1.01605474750596,35.));
#2484=CARTESIAN_POINT('Ctrl Pts',(-120.327103651701,0.287930972976602,35.));
#2485=CARTESIAN_POINT('Ctrl Pts',(-120.185525421503,-0.422371671967024,
34.9999999999816));
#2486=CARTESIAN_POINT('Ctrl Pts',(-119.655634874984,-1.78850146574499,34.9999999999816));
#2487=CARTESIAN_POINT('Ctrl Pts',(-119.272854823634,-2.42301458422987,35.));
#2488=CARTESIAN_POINT('Ctrl Pts',(-118.813654652151,-3.00000000000001,35.));
#2489=CARTESIAN_POINT('',(-120.327103651701,14.516,35.));
#2490=CARTESIAN_POINT('',(-120.327103651701,21.0160539093156,35.));
#2491=CARTESIAN_POINT('',(-127.172896348299,14.516,35.));
#2492=CARTESIAN_POINT('',(-157.5,14.516,35.));
#2493=CARTESIAN_POINT('',(-127.172896348299,1.01605474750596,35.));
#2494=CARTESIAN_POINT('',(-127.172896348299,21.0160539093156,35.));
#2495=CARTESIAN_POINT('',(-128.686345347849,-3.,35.));
#2496=CARTESIAN_POINT('Ctrl Pts',(-128.686345347849,-3.,35.));
#2497=CARTESIAN_POINT('Ctrl Pts',(-128.227337110519,-2.42325574966032,35.));
#2498=CARTESIAN_POINT('Ctrl Pts',(-127.844683252279,-1.78902948334241,35.));
#2499=CARTESIAN_POINT('Ctrl Pts',(-127.314595210211,-0.422971516674216,
35.));
#2500=CARTESIAN_POINT('Ctrl Pts',(-127.172896348299,0.287620350352643,35.));
#2501=CARTESIAN_POINT('Ctrl Pts',(-127.172896348299,1.01605474750596,35.));
#2502=CARTESIAN_POINT('',(-128.686345347849,-3.,35.));
#2503=CARTESIAN_POINT('Origin',(-142.5,-6.204,27.880316464196));
#2504=CARTESIAN_POINT('',(-156.313215695357,-4.984,34.9997737576666));
#2505=CARTESIAN_POINT('',(-153.496367870802,-7.424,35.));
#2506=CARTESIAN_POINT('Ctrl Pts',(-156.313099085651,-4.98399999999999,35.));
#2507=CARTESIAN_POINT('Ctrl Pts',(-154.78474702284,-6.34251212878684,35.));
#2508=CARTESIAN_POINT('Ctrl Pts',(-153.496367870802,-7.424,35.));
#2509=CARTESIAN_POINT('Origin',(-142.5,-7.424,27.880316464196));
#2510=CARTESIAN_POINT('Origin',(-142.5,-4.984,27.880316464196));
#2511=CARTESIAN_POINT('Origin',(-142.5,-10.484,27.880316464196));
#2512=CARTESIAN_POINT('',(-153.496367870802,-10.484,35.));
#2513=CARTESIAN_POINT('Origin',(-105.,10.,35.));
#2514=CARTESIAN_POINT('',(-169.003632129198,-7.424,35.));
#2515=CARTESIAN_POINT('',(-166.186784304643,-4.984,34.9997737576666));
#2516=CARTESIAN_POINT('Ctrl Pts',(-169.003632129198,-7.424,35.));
#2517=CARTESIAN_POINT('Ctrl Pts',(-167.71525297715,-6.34251212877874,35.));
#2518=CARTESIAN_POINT('Ctrl Pts',(-166.186900914349,-4.98399999999999,35.));
#2519=CARTESIAN_POINT('',(-169.003632129198,-10.484,35.));
#2520=CARTESIAN_POINT('',(-156.313654652151,-3.,35.));
#2521=CARTESIAN_POINT('',(-156.313654652151,-3.,35.));
#2522=CARTESIAN_POINT('',(-157.827103651701,1.01605474750596,35.));
#2523=CARTESIAN_POINT('Ctrl Pts',(-157.827103651701,1.01605474750597,35.));
#2524=CARTESIAN_POINT('Ctrl Pts',(-157.827103651701,0.287930972976636,35.));
#2525=CARTESIAN_POINT('Ctrl Pts',(-157.685525421504,-0.422371671966957,
34.9999999999816));
#2526=CARTESIAN_POINT('Ctrl Pts',(-157.155634874984,-1.788501465745,34.9999999999816));
#2527=CARTESIAN_POINT('Ctrl Pts',(-156.772854823634,-2.4230145842299,35.));
#2528=CARTESIAN_POINT('Ctrl Pts',(-156.313654652151,-3.,35.));
#2529=CARTESIAN_POINT('',(-157.827103651701,14.516,35.));
#2530=CARTESIAN_POINT('',(-157.827103651701,21.0160539093156,35.));
#2531=CARTESIAN_POINT('',(-164.672896348299,14.516,35.));
#2532=CARTESIAN_POINT('',(-157.5,14.516,35.));
#2533=CARTESIAN_POINT('',(-164.672896348299,1.01605474750597,35.));
#2534=CARTESIAN_POINT('',(-164.672896348299,21.0160539093157,35.));
#2535=CARTESIAN_POINT('',(-166.186345347849,-3.,35.));
#2536=CARTESIAN_POINT('Ctrl Pts',(-166.186345347849,-2.99999999999997,35.));
#2537=CARTESIAN_POINT('Ctrl Pts',(-165.727337110518,-2.42325574966009,35.));
#2538=CARTESIAN_POINT('Ctrl Pts',(-165.344683252279,-1.7890294833421,35.));
#2539=CARTESIAN_POINT('Ctrl Pts',(-164.814595210211,-0.422971516673992,
35.));
#2540=CARTESIAN_POINT('Ctrl Pts',(-164.672896348299,0.287620350352761,35.));
#2541=CARTESIAN_POINT('Ctrl Pts',(-164.672896348299,1.01605474750596,35.));
#2542=CARTESIAN_POINT('',(-166.186345347849,-3.,35.));
#2543=CARTESIAN_POINT('Origin',(-180.,-6.204,27.880316464196));
#2544=CARTESIAN_POINT('',(-193.813215695357,-4.984,34.9997737576666));
#2545=CARTESIAN_POINT('',(-190.996367870802,-7.424,35.));
#2546=CARTESIAN_POINT('Ctrl Pts',(-193.813099085651,-4.98399999999999,35.));
#2547=CARTESIAN_POINT('Ctrl Pts',(-192.28474702284,-6.34251212878688,35.));
#2548=CARTESIAN_POINT('Ctrl Pts',(-190.996367870802,-7.424,35.));
#2549=CARTESIAN_POINT('Origin',(-180.,-7.424,27.880316464196));
#2550=CARTESIAN_POINT('Origin',(-180.,-4.984,27.880316464196));
#2551=CARTESIAN_POINT('Origin',(-105.,10.,35.));
#2552=CARTESIAN_POINT('',(-193.813654652151,-3.,35.));
#2553=CARTESIAN_POINT('',(-193.813654652151,-3.,35.));
#2554=CARTESIAN_POINT('',(-195.327103651701,1.01605474750597,35.));
#2555=CARTESIAN_POINT('Ctrl Pts',(-195.327103651701,1.01605474750597,35.));
#2556=CARTESIAN_POINT('Ctrl Pts',(-195.327103651701,0.287930972976671,35.));
#2557=CARTESIAN_POINT('Ctrl Pts',(-195.185525421503,-0.422371671966904,
34.9999999999817));
#2558=CARTESIAN_POINT('Ctrl Pts',(-194.655634874985,-1.78850146574464,34.9999999999817));
#2559=CARTESIAN_POINT('Ctrl Pts',(-194.272854823634,-2.42301458422965,35.));
#2560=CARTESIAN_POINT('Ctrl Pts',(-193.813654652151,-3.00000000000001,35.));
#2561=CARTESIAN_POINT('',(-195.327103651702,14.516,35.));
#2562=CARTESIAN_POINT('',(-195.327103651701,21.0160539093157,35.));
#2563=CARTESIAN_POINT('',(-209.,14.516,35.));
#2564=CARTESIAN_POINT('',(-157.5,14.516,35.));
#2565=CARTESIAN_POINT('',(-209.,-5.,35.));
#2566=CARTESIAN_POINT('',(-209.,13.879,35.));
#2567=CARTESIAN_POINT('',(0.,-5.,35.));
#2568=CARTESIAN_POINT('',(-190.996367870802,-10.484,35.));
#2569=CARTESIAN_POINT('Origin',(-180.,-10.484,27.880316464196));
#2570=CARTESIAN_POINT('Ctrl Pts',(-166.186345347849,-3.,35.));
#2571=CARTESIAN_POINT('Ctrl Pts',(-166.186345347849,-10.4840146341828,35.));
#2572=CARTESIAN_POINT('Ctrl Pts',(-165.486724768528,-3.,33.6425917638499));
#2573=CARTESIAN_POINT('Ctrl Pts',(-165.486724768528,-10.4840146341828,33.6425917638499));
#2574=CARTESIAN_POINT('Ctrl Pts',(-164.990878623934,-3.,32.1892237590401));
#2575=CARTESIAN_POINT('Ctrl Pts',(-164.990878623934,-10.4840146341828,32.1892237590401));
#2576=CARTESIAN_POINT('Ctrl Pts',(-164.431365923928,-3.,29.1419140501619));
#2577=CARTESIAN_POINT('Ctrl Pts',(-164.431365923928,-10.4840146341828,29.1419140501619));
#2578=CARTESIAN_POINT('Ctrl Pts',(-164.383557745137,-3.,27.5629416635546));
#2579=CARTESIAN_POINT('Ctrl Pts',(-164.383557745137,-10.4840146341828,27.5629416635546));
#2580=CARTESIAN_POINT('Ctrl Pts',(-164.817579464268,-3.,23.99495638227));
#2581=CARTESIAN_POINT('Ctrl Pts',(-164.817579464268,-10.4840146341828,23.99495638227));
#2582=CARTESIAN_POINT('Ctrl Pts',(-165.451962212196,-3.,22.0530947578698));
#2583=CARTESIAN_POINT('Ctrl Pts',(-165.451962212196,-10.4840146341828,22.0530947578698));
#2584=CARTESIAN_POINT('Ctrl Pts',(-167.429365032575,-3.,18.5218415453968));
#2585=CARTESIAN_POINT('Ctrl Pts',(-167.429365032575,-10.4840146341828,18.5218415453968));
#2586=CARTESIAN_POINT('Ctrl Pts',(-168.753480056294,-3.,16.966210662717));
#2587=CARTESIAN_POINT('Ctrl Pts',(-168.753480056294,-10.4840146341828,16.966210662717));
#2588=CARTESIAN_POINT('Ctrl Pts',(-171.923476402333,-3.,14.4500639398995));
#2589=CARTESIAN_POINT('Ctrl Pts',(-171.923476402333,-10.4840146341828,14.4500639398995));
#2590=CARTESIAN_POINT('Ctrl Pts',(-173.739050831802,-3.,13.513603833838));
#2591=CARTESIAN_POINT('Ctrl Pts',(-173.739050831802,-10.4840146341828,13.513603833838));
#2592=CARTESIAN_POINT('Ctrl Pts',(-177.626965722633,-3.,12.3893311950632));
#2593=CARTESIAN_POINT('Ctrl Pts',(-177.626965722633,-10.4840146341828,12.3893311950632));
#2594=CARTESIAN_POINT('Ctrl Pts',(-179.662135598561,-3.,12.2122673215526));
#2595=CARTESIAN_POINT('Ctrl Pts',(-179.662135598561,-10.4840146341828,12.2122673215526));
#2596=CARTESIAN_POINT('Ctrl Pts',(-183.685792992017,-3.,12.648217255287));
#2597=CARTESIAN_POINT('Ctrl Pts',(-183.685792992017,-10.4840146341828,12.648217255287));
#2598=CARTESIAN_POINT('Ctrl Pts',(-185.635812151802,-3.,13.2570631435545));
#2599=CARTESIAN_POINT('Ctrl Pts',(-185.635812151802,-10.4840146341828,13.2570631435545));
#2600=CARTESIAN_POINT('Ctrl Pts',(-189.192709935022,-3.,15.1879565441257));
#2601=CARTESIAN_POINT('Ctrl Pts',(-189.192709935022,-10.4840146341828,15.1879565441257));
#2602=CARTESIAN_POINT('Ctrl Pts',(-190.76558267699,-3.,16.4915436631017));
#2603=CARTESIAN_POINT('Ctrl Pts',(-190.76558267699,-10.4840146341828,16.4915436631017));
#2604=CARTESIAN_POINT('Ctrl Pts',(-193.323111281098,-3.,19.6282487183804));
#2605=CARTESIAN_POINT('Ctrl Pts',(-193.323111281098,-10.4840146341828,19.6282487183804));
#2606=CARTESIAN_POINT('Ctrl Pts',(-194.283315775822,-3.,21.4313780447183));
#2607=CARTESIAN_POINT('Ctrl Pts',(-194.283315775822,-10.4840146341828,21.4313780447183));
#2608=CARTESIAN_POINT('Ctrl Pts',(-195.458511087077,-3.,25.3042048088591));
#2609=CARTESIAN_POINT('Ctrl Pts',(-195.458511087077,-10.4840146341828,25.3042048088591));
#2610=CARTESIAN_POINT('Ctrl Pts',(-195.662266395902,-3.,27.3368759119431));
#2611=CARTESIAN_POINT('Ctrl Pts',(-195.662266395902,-10.4840146341828,27.3368759119431));
#2612=CARTESIAN_POINT('Ctrl Pts',(-195.283236495842,-3.,31.3229817515773));
#2613=CARTESIAN_POINT('Ctrl Pts',(-195.283236495842,-10.4840146341828,31.3229817515773));
#2614=CARTESIAN_POINT('Ctrl Pts',(-194.720627088234,-3.,33.2402863908111));
#2615=CARTESIAN_POINT('Ctrl Pts',(-194.720627088234,-10.4840146341828,33.2402863908111));
#2616=CARTESIAN_POINT('Ctrl Pts',(-193.813654652151,-3.,34.9999999999999));
#2617=CARTESIAN_POINT('Ctrl Pts',(-193.813654652151,-10.4840146341828,34.9999999999999));
#2618=CARTESIAN_POINT('Ctrl Pts',(-193.813654652151,-3.,34.9999999999999));
#2619=CARTESIAN_POINT('Ctrl Pts',(-194.720627088234,-3.,33.2402863908111));
#2620=CARTESIAN_POINT('Ctrl Pts',(-195.283236495842,-3.,31.3229817515773));
#2621=CARTESIAN_POINT('Ctrl Pts',(-195.470710582567,-3.,29.3513917747592));
#2622=CARTESIAN_POINT('Ctrl Pts',(-195.662266395902,-3.,27.3368759119431));
#2623=CARTESIAN_POINT('Ctrl Pts',(-195.458511087077,-3.,25.3042048088591));
#2624=CARTESIAN_POINT('Ctrl Pts',(-194.870913431449,-3.,23.3677914267887));
#2625=CARTESIAN_POINT('Ctrl Pts',(-194.283315775822,-3.,21.4313780447183));
#2626=CARTESIAN_POINT('Ctrl Pts',(-193.323111281098,-3.,19.6282487183804));
#2627=CARTESIAN_POINT('Ctrl Pts',(-192.044346979044,-3.,18.0598961907411));
#2628=CARTESIAN_POINT('Ctrl Pts',(-190.76558267699,-3.,16.4915436631017));
#2629=CARTESIAN_POINT('Ctrl Pts',(-189.192709935022,-3.,15.1879565441257));
#2630=CARTESIAN_POINT('Ctrl Pts',(-187.414261043412,-3.,14.2225098438401));
#2631=CARTESIAN_POINT('Ctrl Pts',(-185.635812151802,-3.,13.2570631435545));
#2632=CARTESIAN_POINT('Ctrl Pts',(-183.685792992017,-3.,12.648217255287));
#2633=CARTESIAN_POINT('Ctrl Pts',(-181.673964295289,-3.,12.4302422884198));
#2634=CARTESIAN_POINT('Ctrl Pts',(-179.662135598561,-3.,12.2122673215526));
#2635=CARTESIAN_POINT('Ctrl Pts',(-177.626965722633,-3.,12.3893311950632));
#2636=CARTESIAN_POINT('Ctrl Pts',(-175.683008277217,-3.,12.9514675144506));
#2637=CARTESIAN_POINT('Ctrl Pts',(-173.739050831802,-3.,13.513603833838));
#2638=CARTESIAN_POINT('Ctrl Pts',(-171.923476402333,-3.,14.4500639398995));
#2639=CARTESIAN_POINT('Ctrl Pts',(-170.338478229313,-3.,15.7081373013082));
#2640=CARTESIAN_POINT('Ctrl Pts',(-168.753480056294,-3.,16.966210662717));
#2641=CARTESIAN_POINT('Ctrl Pts',(-167.429365032575,-3.,18.5218415453968));
#2642=CARTESIAN_POINT('Ctrl Pts',(-166.440663622385,-3.,20.2874681516333));
#2643=CARTESIAN_POINT('Ctrl Pts',(-165.451962212196,-3.,22.0530947578698));
#2644=CARTESIAN_POINT('Ctrl Pts',(-164.817579464268,-3.,23.99495638227));
#2645=CARTESIAN_POINT('Ctrl Pts',(-164.573222881239,-3.,26.0037514568087));
#2646=CARTESIAN_POINT('Ctrl Pts',(-164.383557745137,-3.,27.5629416635546));
#2647=CARTESIAN_POINT('Ctrl Pts',(-164.431365923928,-3.,29.1419140501619));
#2648=CARTESIAN_POINT('Ctrl Pts',(-164.715015570868,-3.,30.6867732160588));
#2649=CARTESIAN_POINT('Ctrl Pts',(-164.990878623934,-3.,32.1892237590401));
#2650=CARTESIAN_POINT('Ctrl Pts',(-165.486724768528,-3.,33.6425917638499));
#2651=CARTESIAN_POINT('Ctrl Pts',(-166.186345347849,-3.,35.));
#2652=CARTESIAN_POINT('Ctrl Pts',(-128.686345347849,-3.,35.));
#2653=CARTESIAN_POINT('Ctrl Pts',(-128.686345347849,-10.4840146341828,35.));
#2654=CARTESIAN_POINT('Ctrl Pts',(-127.986724768528,-3.,33.6425917638499));
#2655=CARTESIAN_POINT('Ctrl Pts',(-127.986724768528,-10.4840146341828,33.6425917638499));
#2656=CARTESIAN_POINT('Ctrl Pts',(-127.490878623934,-3.00000000000001,32.1892237590401));
#2657=CARTESIAN_POINT('Ctrl Pts',(-127.490878623934,-10.4840146341828,32.1892237590401));
#2658=CARTESIAN_POINT('Ctrl Pts',(-126.931365923928,-3.00000000000001,29.1419140501619));
#2659=CARTESIAN_POINT('Ctrl Pts',(-126.931365923928,-10.4840146341828,29.1419140501619));
#2660=CARTESIAN_POINT('Ctrl Pts',(-126.883557745137,-3.00000000000001,27.5629416635546));
#2661=CARTESIAN_POINT('Ctrl Pts',(-126.883557745137,-10.4840146341828,27.5629416635546));
#2662=CARTESIAN_POINT('Ctrl Pts',(-127.317579464268,-3.00000000000001,23.99495638227));
#2663=CARTESIAN_POINT('Ctrl Pts',(-127.317579464268,-10.4840146341828,23.99495638227));
#2664=CARTESIAN_POINT('Ctrl Pts',(-127.951962212196,-3.00000000000001,22.0530947578698));
#2665=CARTESIAN_POINT('Ctrl Pts',(-127.951962212196,-10.4840146341828,22.0530947578698));
#2666=CARTESIAN_POINT('Ctrl Pts',(-129.929365032575,-3.00000000000001,18.5218415453968));
#2667=CARTESIAN_POINT('Ctrl Pts',(-129.929365032575,-10.4840146341828,18.5218415453968));
#2668=CARTESIAN_POINT('Ctrl Pts',(-131.253480056294,-3.00000000000001,16.966210662717));
#2669=CARTESIAN_POINT('Ctrl Pts',(-131.253480056294,-10.4840146341828,16.966210662717));
#2670=CARTESIAN_POINT('Ctrl Pts',(-134.423476402333,-3.00000000000001,14.4500639398995));
#2671=CARTESIAN_POINT('Ctrl Pts',(-134.423476402333,-10.4840146341828,14.4500639398995));
#2672=CARTESIAN_POINT('Ctrl Pts',(-136.239050831802,-3.00000000000001,13.513603833838));
#2673=CARTESIAN_POINT('Ctrl Pts',(-136.239050831802,-10.4840146341828,13.513603833838));
#2674=CARTESIAN_POINT('Ctrl Pts',(-140.126965722633,-3.00000000000001,12.3893311950632));
#2675=CARTESIAN_POINT('Ctrl Pts',(-140.126965722633,-10.4840146341828,12.3893311950632));
#2676=CARTESIAN_POINT('Ctrl Pts',(-142.162135598561,-3.00000000000001,12.2122673215525));
#2677=CARTESIAN_POINT('Ctrl Pts',(-142.162135598561,-10.4840146341828,12.2122673215525));
#2678=CARTESIAN_POINT('Ctrl Pts',(-146.185792992017,-3.00000000000001,12.648217255287));
#2679=CARTESIAN_POINT('Ctrl Pts',(-146.185792992017,-10.4840146341828,12.648217255287));
#2680=CARTESIAN_POINT('Ctrl Pts',(-148.135812151802,-3.,13.2570631435545));
#2681=CARTESIAN_POINT('Ctrl Pts',(-148.135812151802,-10.4840146341828,13.2570631435545));
#2682=CARTESIAN_POINT('Ctrl Pts',(-151.692709935022,-3.,15.1879565441257));
#2683=CARTESIAN_POINT('Ctrl Pts',(-151.692709935022,-10.4840146341828,15.1879565441257));
#2684=CARTESIAN_POINT('Ctrl Pts',(-153.26558267699,-3.00000000000001,16.4915436631017));
#2685=CARTESIAN_POINT('Ctrl Pts',(-153.26558267699,-10.4840146341828,16.4915436631017));
#2686=CARTESIAN_POINT('Ctrl Pts',(-155.823111281098,-3.00000000000001,19.6282487183804));
#2687=CARTESIAN_POINT('Ctrl Pts',(-155.823111281098,-10.4840146341828,19.6282487183804));
#2688=CARTESIAN_POINT('Ctrl Pts',(-156.783315775822,-3.,21.4313780447183));
#2689=CARTESIAN_POINT('Ctrl Pts',(-156.783315775822,-10.4840146341828,21.4313780447183));
#2690=CARTESIAN_POINT('Ctrl Pts',(-157.958511087077,-3.,25.3042048088591));
#2691=CARTESIAN_POINT('Ctrl Pts',(-157.958511087077,-10.4840146341828,25.3042048088591));
#2692=CARTESIAN_POINT('Ctrl Pts',(-158.162266395902,-3.,27.3368759119431));
#2693=CARTESIAN_POINT('Ctrl Pts',(-158.162266395902,-10.4840146341828,27.3368759119431));
#2694=CARTESIAN_POINT('Ctrl Pts',(-157.783236495842,-3.,31.3229817515773));
#2695=CARTESIAN_POINT('Ctrl Pts',(-157.783236495842,-10.4840146341828,31.3229817515773));
#2696=CARTESIAN_POINT('Ctrl Pts',(-157.220627088234,-3.,33.2402863908111));
#2697=CARTESIAN_POINT('Ctrl Pts',(-157.220627088234,-10.4840146341828,33.2402863908111));
#2698=CARTESIAN_POINT('Ctrl Pts',(-156.313654652151,-3.,34.9999999999999));
#2699=CARTESIAN_POINT('Ctrl Pts',(-156.313654652151,-10.4840146341828,34.9999999999999));
#2700=CARTESIAN_POINT('Ctrl Pts',(-156.313654652151,-3.,34.9999999999999));
#2701=CARTESIAN_POINT('Ctrl Pts',(-157.220627088234,-3.,33.2402863908111));
#2702=CARTESIAN_POINT('Ctrl Pts',(-157.783236495842,-3.,31.3229817515773));
#2703=CARTESIAN_POINT('Ctrl Pts',(-157.970710582567,-3.,29.3513917747592));
#2704=CARTESIAN_POINT('Ctrl Pts',(-158.162266395902,-3.,27.3368759119431));
#2705=CARTESIAN_POINT('Ctrl Pts',(-157.958511087077,-3.,25.3042048088591));
#2706=CARTESIAN_POINT('Ctrl Pts',(-157.370913431449,-3.,23.3677914267887));
#2707=CARTESIAN_POINT('Ctrl Pts',(-156.783315775822,-3.,21.4313780447183));
#2708=CARTESIAN_POINT('Ctrl Pts',(-155.823111281098,-3.00000000000001,19.6282487183804));
#2709=CARTESIAN_POINT('Ctrl Pts',(-154.544346979044,-3.00000000000001,18.0598961907411));
#2710=CARTESIAN_POINT('Ctrl Pts',(-153.26558267699,-3.00000000000001,16.4915436631017));
#2711=CARTESIAN_POINT('Ctrl Pts',(-151.692709935022,-3.,15.1879565441257));
#2712=CARTESIAN_POINT('Ctrl Pts',(-149.914261043412,-3.,14.2225098438401));
#2713=CARTESIAN_POINT('Ctrl Pts',(-148.135812151802,-3.,13.2570631435545));
#2714=CARTESIAN_POINT('Ctrl Pts',(-146.185792992017,-3.00000000000001,12.648217255287));
#2715=CARTESIAN_POINT('Ctrl Pts',(-144.173964295289,-3.00000000000001,12.4302422884198));
#2716=CARTESIAN_POINT('Ctrl Pts',(-142.162135598561,-3.00000000000001,12.2122673215525));
#2717=CARTESIAN_POINT('Ctrl Pts',(-140.126965722633,-3.00000000000001,12.3893311950632));
#2718=CARTESIAN_POINT('Ctrl Pts',(-138.183008277217,-3.00000000000001,12.9514675144506));
#2719=CARTESIAN_POINT('Ctrl Pts',(-136.239050831802,-3.00000000000001,13.513603833838));
#2720=CARTESIAN_POINT('Ctrl Pts',(-134.423476402333,-3.00000000000001,14.4500639398995));
#2721=CARTESIAN_POINT('Ctrl Pts',(-132.838478229313,-3.00000000000001,15.7081373013082));
#2722=CARTESIAN_POINT('Ctrl Pts',(-131.253480056294,-3.00000000000001,16.966210662717));
#2723=CARTESIAN_POINT('Ctrl Pts',(-129.929365032575,-3.00000000000001,18.5218415453968));
#2724=CARTESIAN_POINT('Ctrl Pts',(-128.940663622385,-3.00000000000001,20.2874681516333));
#2725=CARTESIAN_POINT('Ctrl Pts',(-127.951962212196,-3.00000000000001,22.0530947578698));
#2726=CARTESIAN_POINT('Ctrl Pts',(-127.317579464268,-3.00000000000001,23.99495638227));
#2727=CARTESIAN_POINT('Ctrl Pts',(-127.073222881239,-3.00000000000001,26.0037514568087));
#2728=CARTESIAN_POINT('Ctrl Pts',(-126.883557745137,-3.00000000000001,27.5629416635546));
#2729=CARTESIAN_POINT('Ctrl Pts',(-126.931365923928,-3.00000000000001,29.1419140501619));
#2730=CARTESIAN_POINT('Ctrl Pts',(-127.215015570868,-3.00000000000001,30.6867732160588));
#2731=CARTESIAN_POINT('Ctrl Pts',(-127.490878623934,-3.00000000000001,32.1892237590401));
#2732=CARTESIAN_POINT('Ctrl Pts',(-127.986724768528,-3.,33.6425917638499));
#2733=CARTESIAN_POINT('Ctrl Pts',(-128.686345347849,-3.,35.));
#2734=CARTESIAN_POINT('Ctrl Pts',(-91.1863453478491,-3.,35.));
#2735=CARTESIAN_POINT('Ctrl Pts',(-91.1863453478491,-10.4840146341828,35.));
#2736=CARTESIAN_POINT('Ctrl Pts',(-90.4867247685278,-3.,33.6425917638499));
#2737=CARTESIAN_POINT('Ctrl Pts',(-90.4867247685278,-10.4840146341828,33.6425917638499));
#2738=CARTESIAN_POINT('Ctrl Pts',(-89.9908786239341,-3.00000000000001,32.1892237590401));
#2739=CARTESIAN_POINT('Ctrl Pts',(-89.9908786239341,-10.4840146341828,32.1892237590401));
#2740=CARTESIAN_POINT('Ctrl Pts',(-89.4313659239278,-3.00000000000001,29.1419140501619));
#2741=CARTESIAN_POINT('Ctrl Pts',(-89.4313659239278,-10.4840146341828,29.1419140501619));
#2742=CARTESIAN_POINT('Ctrl Pts',(-89.383557745137,-3.00000000000001,27.5629416635546));
#2743=CARTESIAN_POINT('Ctrl Pts',(-89.383557745137,-10.4840146341828,27.5629416635546));
#2744=CARTESIAN_POINT('Ctrl Pts',(-89.8175794642677,-3.00000000000001,23.99495638227));
#2745=CARTESIAN_POINT('Ctrl Pts',(-89.8175794642677,-10.4840146341828,23.99495638227));
#2746=CARTESIAN_POINT('Ctrl Pts',(-90.4519622121961,-3.00000000000001,22.0530947578698));
#2747=CARTESIAN_POINT('Ctrl Pts',(-90.4519622121961,-10.4840146341828,22.0530947578698));
#2748=CARTESIAN_POINT('Ctrl Pts',(-92.4293650325747,-3.00000000000001,18.5218415453968));
#2749=CARTESIAN_POINT('Ctrl Pts',(-92.4293650325747,-10.4840146341828,18.5218415453968));
#2750=CARTESIAN_POINT('Ctrl Pts',(-93.7534800562942,-3.00000000000001,16.966210662717));
#2751=CARTESIAN_POINT('Ctrl Pts',(-93.7534800562942,-10.4840146341828,16.966210662717));
#2752=CARTESIAN_POINT('Ctrl Pts',(-96.9234764023327,-3.00000000000001,14.4500639398995));
#2753=CARTESIAN_POINT('Ctrl Pts',(-96.9234764023327,-10.4840146341828,14.4500639398995));
#2754=CARTESIAN_POINT('Ctrl Pts',(-98.7390508318018,-3.00000000000001,13.513603833838));
#2755=CARTESIAN_POINT('Ctrl Pts',(-98.7390508318018,-10.4840146341828,13.513603833838));
#2756=CARTESIAN_POINT('Ctrl Pts',(-102.626965722633,-3.00000000000001,12.3893311950632));
#2757=CARTESIAN_POINT('Ctrl Pts',(-102.626965722633,-10.4840146341828,12.3893311950632));
#2758=CARTESIAN_POINT('Ctrl Pts',(-104.662135598561,-3.00000000000001,12.2122673215525));
#2759=CARTESIAN_POINT('Ctrl Pts',(-104.662135598561,-10.4840146341828,12.2122673215525));
#2760=CARTESIAN_POINT('Ctrl Pts',(-108.685792992017,-3.00000000000001,12.648217255287));
#2761=CARTESIAN_POINT('Ctrl Pts',(-108.685792992017,-10.4840146341828,12.648217255287));
#2762=CARTESIAN_POINT('Ctrl Pts',(-110.635812151802,-3.,13.2570631435545));
#2763=CARTESIAN_POINT('Ctrl Pts',(-110.635812151802,-10.4840146341828,13.2570631435545));
#2764=CARTESIAN_POINT('Ctrl Pts',(-114.192709935022,-3.,15.1879565441257));
#2765=CARTESIAN_POINT('Ctrl Pts',(-114.192709935022,-10.4840146341828,15.1879565441257));
#2766=CARTESIAN_POINT('Ctrl Pts',(-115.76558267699,-3.00000000000001,16.4915436631017));
#2767=CARTESIAN_POINT('Ctrl Pts',(-115.76558267699,-10.4840146341828,16.4915436631017));
#2768=CARTESIAN_POINT('Ctrl Pts',(-118.323111281098,-3.00000000000001,19.6282487183804));
#2769=CARTESIAN_POINT('Ctrl Pts',(-118.323111281098,-10.4840146341828,19.6282487183804));
#2770=CARTESIAN_POINT('Ctrl Pts',(-119.283315775822,-3.,21.4313780447183));
#2771=CARTESIAN_POINT('Ctrl Pts',(-119.283315775822,-10.4840146341828,21.4313780447183));
#2772=CARTESIAN_POINT('Ctrl Pts',(-120.458511087077,-3.,25.3042048088591));
#2773=CARTESIAN_POINT('Ctrl Pts',(-120.458511087077,-10.4840146341828,25.3042048088591));
#2774=CARTESIAN_POINT('Ctrl Pts',(-120.662266395902,-3.,27.3368759119431));
#2775=CARTESIAN_POINT('Ctrl Pts',(-120.662266395902,-10.4840146341828,27.3368759119431));
#2776=CARTESIAN_POINT('Ctrl Pts',(-120.283236495842,-3.,31.3229817515773));
#2777=CARTESIAN_POINT('Ctrl Pts',(-120.283236495842,-10.4840146341828,31.3229817515773));
#2778=CARTESIAN_POINT('Ctrl Pts',(-119.720627088234,-3.,33.2402863908111));
#2779=CARTESIAN_POINT('Ctrl Pts',(-119.720627088234,-10.4840146341828,33.2402863908111));
#2780=CARTESIAN_POINT('Ctrl Pts',(-118.813654652151,-3.,34.9999999999999));
#2781=CARTESIAN_POINT('Ctrl Pts',(-118.813654652151,-10.4840146341828,34.9999999999999));
#2782=CARTESIAN_POINT('',(-91.1863453478491,-3.,35.));
#2783=CARTESIAN_POINT('',(-91.1863453478491,-3.,35.));
#2784=CARTESIAN_POINT('Ctrl Pts',(-118.813654652151,-3.,34.9999999999999));
#2785=CARTESIAN_POINT('Ctrl Pts',(-119.720627088234,-3.,33.2402863908111));
#2786=CARTESIAN_POINT('Ctrl Pts',(-120.283236495842,-3.,31.3229817515773));
#2787=CARTESIAN_POINT('Ctrl Pts',(-120.470710582567,-3.,29.3513917747592));
#2788=CARTESIAN_POINT('Ctrl Pts',(-120.662266395902,-3.,27.3368759119431));
#2789=CARTESIAN_POINT('Ctrl Pts',(-120.458511087077,-3.,25.3042048088591));
#2790=CARTESIAN_POINT('Ctrl Pts',(-119.870913431449,-3.,23.3677914267887));
#2791=CARTESIAN_POINT('Ctrl Pts',(-119.283315775822,-3.,21.4313780447183));
#2792=CARTESIAN_POINT('Ctrl Pts',(-118.323111281098,-3.00000000000001,19.6282487183804));
#2793=CARTESIAN_POINT('Ctrl Pts',(-117.044346979044,-3.00000000000001,18.0598961907411));
#2794=CARTESIAN_POINT('Ctrl Pts',(-115.76558267699,-3.00000000000001,16.4915436631017));
#2795=CARTESIAN_POINT('Ctrl Pts',(-114.192709935022,-3.,15.1879565441257));
#2796=CARTESIAN_POINT('Ctrl Pts',(-112.414261043412,-3.,14.2225098438401));
#2797=CARTESIAN_POINT('Ctrl Pts',(-110.635812151802,-3.,13.2570631435545));
#2798=CARTESIAN_POINT('Ctrl Pts',(-108.685792992017,-3.00000000000001,12.648217255287));
#2799=CARTESIAN_POINT('Ctrl Pts',(-106.673964295289,-3.00000000000001,12.4302422884198));
#2800=CARTESIAN_POINT('Ctrl Pts',(-104.662135598561,-3.00000000000001,12.2122673215525));
#2801=CARTESIAN_POINT('Ctrl Pts',(-102.626965722633,-3.00000000000001,12.3893311950632));
#2802=CARTESIAN_POINT('Ctrl Pts',(-100.683008277217,-3.00000000000001,12.9514675144506));
#2803=CARTESIAN_POINT('Ctrl Pts',(-98.7390508318018,-3.00000000000001,13.513603833838));
#2804=CARTESIAN_POINT('Ctrl Pts',(-96.9234764023327,-3.00000000000001,14.4500639398995));
#2805=CARTESIAN_POINT('Ctrl Pts',(-95.3384782293134,-3.00000000000001,15.7081373013082));
#2806=CARTESIAN_POINT('Ctrl Pts',(-93.7534800562942,-3.00000000000001,16.966210662717));
#2807=CARTESIAN_POINT('Ctrl Pts',(-92.4293650325747,-3.00000000000001,18.5218415453968));
#2808=CARTESIAN_POINT('Ctrl Pts',(-91.4406636223854,-3.00000000000001,20.2874681516333));
#2809=CARTESIAN_POINT('Ctrl Pts',(-90.4519622121961,-3.00000000000001,22.0530947578698));
#2810=CARTESIAN_POINT('Ctrl Pts',(-89.8175794642677,-3.00000000000001,23.99495638227));
#2811=CARTESIAN_POINT('Ctrl Pts',(-89.5732228812387,-3.00000000000001,26.0037514568087));
#2812=CARTESIAN_POINT('Ctrl Pts',(-89.383557745137,-3.00000000000001,27.5629416635546));
#2813=CARTESIAN_POINT('Ctrl Pts',(-89.4313659239278,-3.00000000000001,29.1419140501619));
#2814=CARTESIAN_POINT('Ctrl Pts',(-89.7150155708678,-3.00000000000001,30.6867732160588));
#2815=CARTESIAN_POINT('Ctrl Pts',(-89.9908786239341,-3.00000000000001,32.1892237590401));
#2816=CARTESIAN_POINT('Ctrl Pts',(-90.4867247685278,-3.,33.6425917638499));
#2817=CARTESIAN_POINT('Ctrl Pts',(-91.1863453478491,-3.,35.));
#2818=CARTESIAN_POINT('Origin',(-105.,10.,35.));
#2819=CARTESIAN_POINT('',(-81.3136546521509,-3.,35.));
#2820=CARTESIAN_POINT('',(-81.3136546521509,-3.,35.));
#2821=CARTESIAN_POINT('',(-82.8271036517015,1.01605474750596,35.));
#2822=CARTESIAN_POINT('Ctrl Pts',(-82.8271036517015,1.01605474750596,35.));
#2823=CARTESIAN_POINT('Ctrl Pts',(-82.8271036517015,0.287930972976594,35.));
#2824=CARTESIAN_POINT('Ctrl Pts',(-82.6855254215035,-0.422371671967034,
34.9999999999816));
#2825=CARTESIAN_POINT('Ctrl Pts',(-82.1556348749843,-1.78850146574497,34.9999999999816));
#2826=CARTESIAN_POINT('Ctrl Pts',(-81.7728548236343,-2.42301458422985,35.));
#2827=CARTESIAN_POINT('Ctrl Pts',(-81.3136546521509,-3.,35.));
#2828=CARTESIAN_POINT('',(-82.8271036517015,14.516,35.));
#2829=CARTESIAN_POINT('',(-82.8271036517015,21.0160539093156,35.));
#2830=CARTESIAN_POINT('',(-89.6728963482985,14.516,35.));
#2831=CARTESIAN_POINT('',(-157.5,14.516,35.));
#2832=CARTESIAN_POINT('',(-89.6728963482985,1.01605474750596,35.));
#2833=CARTESIAN_POINT('',(-89.6728963482985,21.0160539093156,35.));
#2834=CARTESIAN_POINT('Ctrl Pts',(-91.1863453478491,-3.,35.));
#2835=CARTESIAN_POINT('Ctrl Pts',(-90.7273371105185,-2.42325574966028,35.));
#2836=CARTESIAN_POINT('Ctrl Pts',(-90.3446832522793,-1.78902948334239,35.));
#2837=CARTESIAN_POINT('Ctrl Pts',(-89.8145952102113,-0.422971516674288,
35.));
#2838=CARTESIAN_POINT('Ctrl Pts',(-89.6728963482985,0.287620350352607,35.));
#2839=CARTESIAN_POINT('Ctrl Pts',(-89.6728963482985,1.01605474750596,35.));
#2840=CARTESIAN_POINT('Origin',(-10.,-5.,5.));
#2841=CARTESIAN_POINT('',(-10.,-5.,2.5));
#2842=CARTESIAN_POINT('Origin',(-210.,-5.,0.));
#2843=CARTESIAN_POINT('',(-210.,-5.,34.));
#2844=CARTESIAN_POINT('',(-215.75,-5.,28.25));
#2845=CARTESIAN_POINT('',(-210.,-5.,5.));
#2846=CARTESIAN_POINT('',(-210.,-5.,0.));
#2847=CARTESIAN_POINT('',(-157.5,-5.,5.));
#2848=CARTESIAN_POINT('Origin',(-210.,-5.,0.));
#2849=CARTESIAN_POINT('',(0.,-5.,5.));
#2850=CARTESIAN_POINT('',(-157.5,-5.,5.));
#2851=CARTESIAN_POINT('',(0.,-5.,34.));
#2852=CARTESIAN_POINT('',(0.,-5.,0.));
#2853=CARTESIAN_POINT('',(-46.75,-5.,80.75));
#2854=CARTESIAN_POINT('Origin',(-5.5,7.758,39.5));
#2855=CARTESIAN_POINT('',(0.,16.516,34.));
#2856=CARTESIAN_POINT('',(-11.,16.516,45.));
#2857=CARTESIAN_POINT('',(5.75,16.516,28.25));
#2858=CARTESIAN_POINT('',(-11.,14.516,45.));
#2859=CARTESIAN_POINT('',(-11.,7.758,45.));
#2860=CARTESIAN_POINT('',(-55.5,14.516,89.5));
#2861=CARTESIAN_POINT('',(0.,7.758,34.));
#2862=CARTESIAN_POINT('Origin',(0.,16.516,0.));
#2863=CARTESIAN_POINT('',(0.,16.516,5.));
#2864=CARTESIAN_POINT('',(0.,16.516,35.));
#2865=CARTESIAN_POINT('',(-210.,16.516,5.));
#2866=CARTESIAN_POINT('',(-52.5,16.516,5.));
#2867=CARTESIAN_POINT('',(-210.,16.516,34.));
#2868=CARTESIAN_POINT('',(-210.,16.516,0.));
#2869=CARTESIAN_POINT('',(-199.,16.516,45.));
#2870=CARTESIAN_POINT('',(-163.25,16.516,80.75));
#2871=CARTESIAN_POINT('',(0.,16.516,45.));
#2872=CARTESIAN_POINT('',(-54.5848925672296,16.516,38.780316464196));
#2873=CARTESIAN_POINT('',(-80.4151074327703,16.516,38.780316464196));
#2874=CARTESIAN_POINT('',(-33.75,16.516,38.780316464196));
#2875=CARTESIAN_POINT('Origin',(-67.5,16.516,27.880316464196));
#2876=CARTESIAN_POINT('',(-129.58489256723,16.516,38.780316464196));
#2877=CARTESIAN_POINT('',(-155.41510743277,16.516,38.780316464196));
#2878=CARTESIAN_POINT('',(-71.25,16.516,38.780316464196));
#2879=CARTESIAN_POINT('Origin',(-142.5,16.516,27.880316464196));
#2880=CARTESIAN_POINT('',(-167.08489256723,16.516,38.780316464196));
#2881=CARTESIAN_POINT('',(-192.91510743277,16.516,38.780316464196));
#2882=CARTESIAN_POINT('',(-90.,16.516,38.780316464196));
#2883=CARTESIAN_POINT('Origin',(-180.,16.516,27.880316464196));
#2884=CARTESIAN_POINT('',(-92.0848925672296,16.516,38.780316464196));
#2885=CARTESIAN_POINT('',(-117.91510743277,16.516,38.780316464196));
#2886=CARTESIAN_POINT('',(-52.5,16.516,38.780316464196));
#2887=CARTESIAN_POINT('Origin',(-105.,16.516,27.880316464196));
#2888=CARTESIAN_POINT('',(-17.0848925672296,16.516,38.780316464196));
#2889=CARTESIAN_POINT('',(-42.9151074327704,16.516,38.780316464196));
#2890=CARTESIAN_POINT('',(-15.,16.516,38.780316464196));
#2891=CARTESIAN_POINT('Origin',(-30.,16.516,27.880316464196));
#2892=CARTESIAN_POINT('Origin',(0.,0.,0.));
#2893=CARTESIAN_POINT('',(0.,5.,5.));
#2894=CARTESIAN_POINT('Origin',(-204.5,17.758,39.5));
#2895=CARTESIAN_POINT('',(-199.,14.516,45.));
#2896=CARTESIAN_POINT('',(-207.,14.516,37.));
#2897=CARTESIAN_POINT('',(-199.,17.758,45.));
#2898=CARTESIAN_POINT('',(-210.,17.758,34.));
#2899=CARTESIAN_POINT('Origin',(-210.,20.,0.));
#2900=CARTESIAN_POINT('',(-210.,15.,5.));
#2901=CARTESIAN_POINT('Origin',(-105.,15.516,45.));
#2902=CARTESIAN_POINT('',(-210.,14.516,45.));
#2903=CARTESIAN_POINT('Ctrl Pts',(-53.6863453478491,-3.,35.));
#2904=CARTESIAN_POINT('Ctrl Pts',(-53.6863453478491,-10.4840146341828,35.));
#2905=CARTESIAN_POINT('Ctrl Pts',(-52.9867247685278,-3.,33.6425917638499));
#2906=CARTESIAN_POINT('Ctrl Pts',(-52.9867247685278,-10.4840146341828,33.6425917638499));
#2907=CARTESIAN_POINT('Ctrl Pts',(-52.4908786239341,-3.00000000000001,32.1892237590401));
#2908=CARTESIAN_POINT('Ctrl Pts',(-52.4908786239341,-10.4840146341828,32.1892237590401));
#2909=CARTESIAN_POINT('Ctrl Pts',(-51.9313659239277,-3.00000000000001,29.1419140501619));
#2910=CARTESIAN_POINT('Ctrl Pts',(-51.9313659239277,-10.4840146341828,29.1419140501619));
#2911=CARTESIAN_POINT('Ctrl Pts',(-51.883557745137,-3.00000000000001,27.5629416635546));
#2912=CARTESIAN_POINT('Ctrl Pts',(-51.883557745137,-10.4840146341828,27.5629416635546));
#2913=CARTESIAN_POINT('Ctrl Pts',(-52.3175794642677,-3.00000000000001,23.99495638227));
#2914=CARTESIAN_POINT('Ctrl Pts',(-52.3175794642677,-10.4840146341828,23.99495638227));
#2915=CARTESIAN_POINT('Ctrl Pts',(-52.9519622121961,-3.00000000000001,22.0530947578698));
#2916=CARTESIAN_POINT('Ctrl Pts',(-52.9519622121961,-10.4840146341828,22.0530947578698));
#2917=CARTESIAN_POINT('Ctrl Pts',(-54.9293650325747,-3.00000000000001,18.5218415453968));
#2918=CARTESIAN_POINT('Ctrl Pts',(-54.9293650325747,-10.4840146341828,18.5218415453968));
#2919=CARTESIAN_POINT('Ctrl Pts',(-56.2534800562942,-3.00000000000001,16.966210662717));
#2920=CARTESIAN_POINT('Ctrl Pts',(-56.2534800562942,-10.4840146341828,16.966210662717));
#2921=CARTESIAN_POINT('Ctrl Pts',(-59.4234764023326,-3.00000000000001,14.4500639398995));
#2922=CARTESIAN_POINT('Ctrl Pts',(-59.4234764023326,-10.4840146341828,14.4500639398995));
#2923=CARTESIAN_POINT('Ctrl Pts',(-61.2390508318018,-3.00000000000001,13.513603833838));
#2924=CARTESIAN_POINT('Ctrl Pts',(-61.2390508318018,-10.4840146341828,13.513603833838));
#2925=CARTESIAN_POINT('Ctrl Pts',(-65.1269657226327,-3.00000000000001,12.3893311950632));
#2926=CARTESIAN_POINT('Ctrl Pts',(-65.1269657226327,-10.4840146341828,12.3893311950632));
#2927=CARTESIAN_POINT('Ctrl Pts',(-67.1621355985607,-3.00000000000001,12.2122673215526));
#2928=CARTESIAN_POINT('Ctrl Pts',(-67.1621355985607,-10.4840146341828,12.2122673215526));
#2929=CARTESIAN_POINT('Ctrl Pts',(-71.1857929920174,-3.00000000000001,12.648217255287));
#2930=CARTESIAN_POINT('Ctrl Pts',(-71.1857929920174,-10.4840146341828,12.648217255287));
#2931=CARTESIAN_POINT('Ctrl Pts',(-73.1358121518019,-3.,13.2570631435545));
#2932=CARTESIAN_POINT('Ctrl Pts',(-73.1358121518019,-10.4840146341828,13.2570631435545));
#2933=CARTESIAN_POINT('Ctrl Pts',(-76.6927099350215,-3.,15.1879565441257));
#2934=CARTESIAN_POINT('Ctrl Pts',(-76.6927099350215,-10.4840146341828,15.1879565441257));
#2935=CARTESIAN_POINT('Ctrl Pts',(-78.2655826769899,-3.00000000000001,16.4915436631017));
#2936=CARTESIAN_POINT('Ctrl Pts',(-78.2655826769899,-10.4840146341828,16.4915436631017));
#2937=CARTESIAN_POINT('Ctrl Pts',(-80.823111281098,-3.00000000000001,19.6282487183804));
#2938=CARTESIAN_POINT('Ctrl Pts',(-80.823111281098,-10.4840146341828,19.6282487183804));
#2939=CARTESIAN_POINT('Ctrl Pts',(-81.7833157758216,-3.,21.4313780447183));
#2940=CARTESIAN_POINT('Ctrl Pts',(-81.7833157758216,-10.4840146341828,21.4313780447183));
#2941=CARTESIAN_POINT('Ctrl Pts',(-82.9585110870771,-3.,25.3042048088591));
#2942=CARTESIAN_POINT('Ctrl Pts',(-82.9585110870771,-10.4840146341828,25.3042048088591));
#2943=CARTESIAN_POINT('Ctrl Pts',(-83.1622663959025,-3.,27.3368759119431));
#2944=CARTESIAN_POINT('Ctrl Pts',(-83.1622663959025,-10.4840146341828,27.3368759119431));
#2945=CARTESIAN_POINT('Ctrl Pts',(-82.7832364958418,-3.,31.3229817515773));
#2946=CARTESIAN_POINT('Ctrl Pts',(-82.7832364958418,-10.4840146341828,31.3229817515773));
#2947=CARTESIAN_POINT('Ctrl Pts',(-82.220627088234,-3.,33.2402863908111));
#2948=CARTESIAN_POINT('Ctrl Pts',(-82.220627088234,-10.4840146341828,33.2402863908111));
#2949=CARTESIAN_POINT('Ctrl Pts',(-81.3136546521509,-3.,34.9999999999999));
#2950=CARTESIAN_POINT('Ctrl Pts',(-81.3136546521509,-10.4840146341828,34.9999999999999));
#2951=CARTESIAN_POINT('Ctrl Pts',(-81.3136546521509,-3.,34.9999999999999));
#2952=CARTESIAN_POINT('Ctrl Pts',(-82.220627088234,-3.,33.2402863908111));
#2953=CARTESIAN_POINT('Ctrl Pts',(-82.7832364958418,-3.,31.3229817515773));
#2954=CARTESIAN_POINT('Ctrl Pts',(-82.9707105825667,-3.,29.3513917747592));
#2955=CARTESIAN_POINT('Ctrl Pts',(-83.1622663959025,-3.,27.3368759119431));
#2956=CARTESIAN_POINT('Ctrl Pts',(-82.9585110870771,-3.,25.3042048088591));
#2957=CARTESIAN_POINT('Ctrl Pts',(-82.3709134314494,-3.,23.3677914267887));
#2958=CARTESIAN_POINT('Ctrl Pts',(-81.7833157758216,-3.,21.4313780447183));
#2959=CARTESIAN_POINT('Ctrl Pts',(-80.823111281098,-3.00000000000001,19.6282487183804));
#2960=CARTESIAN_POINT('Ctrl Pts',(-79.5443469790439,-3.00000000000001,18.0598961907411));
#2961=CARTESIAN_POINT('Ctrl Pts',(-78.2655826769899,-3.00000000000001,16.4915436631017));
#2962=CARTESIAN_POINT('Ctrl Pts',(-76.6927099350215,-3.,15.1879565441257));
#2963=CARTESIAN_POINT('Ctrl Pts',(-74.9142610434117,-3.,14.2225098438401));
#2964=CARTESIAN_POINT('Ctrl Pts',(-73.1358121518019,-3.,13.2570631435545));
#2965=CARTESIAN_POINT('Ctrl Pts',(-71.1857929920174,-3.00000000000001,12.648217255287));
#2966=CARTESIAN_POINT('Ctrl Pts',(-69.173964295289,-3.00000000000001,12.4302422884198));
#2967=CARTESIAN_POINT('Ctrl Pts',(-67.1621355985607,-3.00000000000001,12.2122673215526));
#2968=CARTESIAN_POINT('Ctrl Pts',(-65.1269657226327,-3.00000000000001,12.3893311950632));
#2969=CARTESIAN_POINT('Ctrl Pts',(-63.1830082772173,-3.00000000000001,12.9514675144506));
#2970=CARTESIAN_POINT('Ctrl Pts',(-61.2390508318018,-3.00000000000001,13.513603833838));
#2971=CARTESIAN_POINT('Ctrl Pts',(-59.4234764023326,-3.00000000000001,14.4500639398995));
#2972=CARTESIAN_POINT('Ctrl Pts',(-57.8384782293134,-3.00000000000001,15.7081373013083));
#2973=CARTESIAN_POINT('Ctrl Pts',(-56.2534800562942,-3.00000000000001,16.966210662717));
#2974=CARTESIAN_POINT('Ctrl Pts',(-54.9293650325747,-3.00000000000001,18.5218415453968));
#2975=CARTESIAN_POINT('Ctrl Pts',(-53.9406636223854,-3.00000000000001,20.2874681516333));
#2976=CARTESIAN_POINT('Ctrl Pts',(-52.9519622121961,-3.00000000000001,22.0530947578698));
#2977=CARTESIAN_POINT('Ctrl Pts',(-52.3175794642677,-3.00000000000001,23.99495638227));
#2978=CARTESIAN_POINT('Ctrl Pts',(-52.0732228812387,-3.00000000000001,26.0037514568087));
#2979=CARTESIAN_POINT('Ctrl Pts',(-51.883557745137,-3.00000000000001,27.5629416635546));
#2980=CARTESIAN_POINT('Ctrl Pts',(-51.9313659239277,-3.00000000000001,29.1419140501619));
#2981=CARTESIAN_POINT('Ctrl Pts',(-52.2150155708679,-3.00000000000001,30.6867732160588));
#2982=CARTESIAN_POINT('Ctrl Pts',(-52.4908786239341,-3.00000000000001,32.1892237590401));
#2983=CARTESIAN_POINT('Ctrl Pts',(-52.9867247685278,-3.,33.6425917638499));
#2984=CARTESIAN_POINT('Ctrl Pts',(-53.6863453478491,-3.,35.));
#2985=CARTESIAN_POINT('Ctrl Pts',(-16.1863453478491,-3.,35.));
#2986=CARTESIAN_POINT('Ctrl Pts',(-16.1863453478491,-10.4840146341828,35.));
#2987=CARTESIAN_POINT('Ctrl Pts',(-15.4867247685278,-3.,33.6425917638499));
#2988=CARTESIAN_POINT('Ctrl Pts',(-15.4867247685278,-10.4840146341828,33.6425917638499));
#2989=CARTESIAN_POINT('Ctrl Pts',(-14.9908786239341,-3.,32.1892237590401));
#2990=CARTESIAN_POINT('Ctrl Pts',(-14.9908786239341,-10.4840146341828,32.1892237590401));
#2991=CARTESIAN_POINT('Ctrl Pts',(-14.4313659239277,-3.,29.1419140501619));
#2992=CARTESIAN_POINT('Ctrl Pts',(-14.4313659239277,-10.4840146341828,29.1419140501619));
#2993=CARTESIAN_POINT('Ctrl Pts',(-14.383557745137,-3.,27.5629416635546));
#2994=CARTESIAN_POINT('Ctrl Pts',(-14.383557745137,-10.4840146341828,27.5629416635546));
#2995=CARTESIAN_POINT('Ctrl Pts',(-14.8175794642677,-3.,23.99495638227));
#2996=CARTESIAN_POINT('Ctrl Pts',(-14.8175794642677,-10.4840146341828,23.99495638227));
#2997=CARTESIAN_POINT('Ctrl Pts',(-15.4519622121961,-3.,22.0530947578698));
#2998=CARTESIAN_POINT('Ctrl Pts',(-15.4519622121961,-10.4840146341828,22.0530947578698));
#2999=CARTESIAN_POINT('Ctrl Pts',(-17.4293650325747,-3.,18.5218415453968));
#3000=CARTESIAN_POINT('Ctrl Pts',(-17.4293650325747,-10.4840146341828,18.5218415453968));
#3001=CARTESIAN_POINT('Ctrl Pts',(-18.7534800562942,-3.,16.966210662717));
#3002=CARTESIAN_POINT('Ctrl Pts',(-18.7534800562942,-10.4840146341828,16.966210662717));
#3003=CARTESIAN_POINT('Ctrl Pts',(-21.9234764023326,-3.,14.4500639398995));
#3004=CARTESIAN_POINT('Ctrl Pts',(-21.9234764023326,-10.4840146341828,14.4500639398995));
#3005=CARTESIAN_POINT('Ctrl Pts',(-23.7390508318018,-3.,13.513603833838));
#3006=CARTESIAN_POINT('Ctrl Pts',(-23.7390508318018,-10.4840146341828,13.513603833838));
#3007=CARTESIAN_POINT('Ctrl Pts',(-27.6269657226327,-3.,12.3893311950632));
#3008=CARTESIAN_POINT('Ctrl Pts',(-27.6269657226327,-10.4840146341828,12.3893311950632));
#3009=CARTESIAN_POINT('Ctrl Pts',(-29.6621355985607,-3.,12.2122673215526));
#3010=CARTESIAN_POINT('Ctrl Pts',(-29.6621355985607,-10.4840146341828,12.2122673215526));
#3011=CARTESIAN_POINT('Ctrl Pts',(-33.6857929920174,-3.,12.648217255287));
#3012=CARTESIAN_POINT('Ctrl Pts',(-33.6857929920174,-10.4840146341828,12.648217255287));
#3013=CARTESIAN_POINT('Ctrl Pts',(-35.6358121518019,-3.,13.2570631435545));
#3014=CARTESIAN_POINT('Ctrl Pts',(-35.6358121518019,-10.4840146341828,13.2570631435545));
#3015=CARTESIAN_POINT('Ctrl Pts',(-39.1927099350215,-3.,15.1879565441257));
#3016=CARTESIAN_POINT('Ctrl Pts',(-39.1927099350215,-10.4840146341828,15.1879565441257));
#3017=CARTESIAN_POINT('Ctrl Pts',(-40.7655826769899,-3.,16.4915436631017));
#3018=CARTESIAN_POINT('Ctrl Pts',(-40.7655826769899,-10.4840146341828,16.4915436631017));
#3019=CARTESIAN_POINT('Ctrl Pts',(-43.323111281098,-3.,19.6282487183804));
#3020=CARTESIAN_POINT('Ctrl Pts',(-43.323111281098,-10.4840146341828,19.6282487183804));
#3021=CARTESIAN_POINT('Ctrl Pts',(-44.2833157758216,-3.,21.4313780447183));
#3022=CARTESIAN_POINT('Ctrl Pts',(-44.2833157758216,-10.4840146341828,21.4313780447183));
#3023=CARTESIAN_POINT('Ctrl Pts',(-45.4585110870771,-3.,25.3042048088591));
#3024=CARTESIAN_POINT('Ctrl Pts',(-45.4585110870771,-10.4840146341828,25.3042048088591));
#3025=CARTESIAN_POINT('Ctrl Pts',(-45.6622663959025,-3.,27.3368759119431));
#3026=CARTESIAN_POINT('Ctrl Pts',(-45.6622663959025,-10.4840146341828,27.3368759119431));
#3027=CARTESIAN_POINT('Ctrl Pts',(-45.2832364958418,-3.,31.3229817515773));
#3028=CARTESIAN_POINT('Ctrl Pts',(-45.2832364958418,-10.4840146341828,31.3229817515773));
#3029=CARTESIAN_POINT('Ctrl Pts',(-44.720627088234,-3.,33.2402863908111));
#3030=CARTESIAN_POINT('Ctrl Pts',(-44.720627088234,-10.4840146341828,33.2402863908111));
#3031=CARTESIAN_POINT('Ctrl Pts',(-43.8136546521509,-3.,34.9999999999999));
#3032=CARTESIAN_POINT('Ctrl Pts',(-43.8136546521509,-10.4840146341828,34.9999999999999));
#3033=CARTESIAN_POINT('Ctrl Pts',(-43.8136546521509,-3.,34.9999999999999));
#3034=CARTESIAN_POINT('Ctrl Pts',(-44.720627088234,-3.,33.2402863908111));
#3035=CARTESIAN_POINT('Ctrl Pts',(-45.2832364958418,-3.,31.3229817515773));
#3036=CARTESIAN_POINT('Ctrl Pts',(-45.4707105825667,-3.,29.3513917747592));
#3037=CARTESIAN_POINT('Ctrl Pts',(-45.6622663959025,-3.,27.3368759119431));
#3038=CARTESIAN_POINT('Ctrl Pts',(-45.4585110870771,-3.,25.3042048088591));
#3039=CARTESIAN_POINT('Ctrl Pts',(-44.8709134314494,-3.,23.3677914267887));
#3040=CARTESIAN_POINT('Ctrl Pts',(-44.2833157758216,-3.,21.4313780447183));
#3041=CARTESIAN_POINT('Ctrl Pts',(-43.323111281098,-3.,19.6282487183804));
#3042=CARTESIAN_POINT('Ctrl Pts',(-42.0443469790439,-3.,18.0598961907411));
#3043=CARTESIAN_POINT('Ctrl Pts',(-40.7655826769899,-3.,16.4915436631017));
#3044=CARTESIAN_POINT('Ctrl Pts',(-39.1927099350215,-3.,15.1879565441257));
#3045=CARTESIAN_POINT('Ctrl Pts',(-37.4142610434117,-3.,14.2225098438401));
#3046=CARTESIAN_POINT('Ctrl Pts',(-35.6358121518019,-3.,13.2570631435545));
#3047=CARTESIAN_POINT('Ctrl Pts',(-33.6857929920174,-3.,12.648217255287));
#3048=CARTESIAN_POINT('Ctrl Pts',(-31.673964295289,-3.,12.4302422884198));
#3049=CARTESIAN_POINT('Ctrl Pts',(-29.6621355985607,-3.,12.2122673215526));
#3050=CARTESIAN_POINT('Ctrl Pts',(-27.6269657226327,-3.,12.3893311950632));
#3051=CARTESIAN_POINT('Ctrl Pts',(-25.6830082772173,-3.,12.9514675144506));
#3052=CARTESIAN_POINT('Ctrl Pts',(-23.7390508318019,-3.,13.513603833838));
#3053=CARTESIAN_POINT('Ctrl Pts',(-21.9234764023326,-3.,14.4500639398995));
#3054=CARTESIAN_POINT('Ctrl Pts',(-20.3384782293134,-3.,15.7081373013082));
#3055=CARTESIAN_POINT('Ctrl Pts',(-18.7534800562942,-3.,16.966210662717));
#3056=CARTESIAN_POINT('Ctrl Pts',(-17.4293650325747,-3.,18.5218415453968));
#3057=CARTESIAN_POINT('Ctrl Pts',(-16.4406636223854,-3.,20.2874681516333));
#3058=CARTESIAN_POINT('Ctrl Pts',(-15.4519622121961,-3.,22.0530947578698));
#3059=CARTESIAN_POINT('Ctrl Pts',(-14.8175794642677,-3.,23.99495638227));
#3060=CARTESIAN_POINT('Ctrl Pts',(-14.5732228812387,-3.,26.0037514568087));
#3061=CARTESIAN_POINT('Ctrl Pts',(-14.383557745137,-3.,27.5629416635546));
#3062=CARTESIAN_POINT('Ctrl Pts',(-14.4313659239277,-3.,29.1419140501619));
#3063=CARTESIAN_POINT('Ctrl Pts',(-14.7150155708679,-3.,30.6867732160588));
#3064=CARTESIAN_POINT('Ctrl Pts',(-14.9908786239341,-3.,32.1892237590401));
#3065=CARTESIAN_POINT('Ctrl Pts',(-15.4867247685278,-3.,33.6425917638499));
#3066=CARTESIAN_POINT('Ctrl Pts',(-16.1863453478491,-3.,35.));
#3067=CARTESIAN_POINT('Ctrl Pts',(-82.4571392416205,1.01605474750596,35.7475895436546));
#3068=CARTESIAN_POINT('Ctrl Pts',(-88.8844995671875,1.01605474750598,23.5279904049671));
#3069=CARTESIAN_POINT('Ctrl Pts',(-78.1922497835938,1.01605474750599,14.7926965673148));
#3070=CARTESIAN_POINT('Ctrl Pts',(-67.5,1.016054747506,6.05740272966255));
#3071=CARTESIAN_POINT('Ctrl Pts',(-56.8077502164062,1.01605474750599,14.7926965673148));
#3072=CARTESIAN_POINT('Ctrl Pts',(-46.1155004328125,1.01605474750598,23.5279904049671));
#3073=CARTESIAN_POINT('Ctrl Pts',(-52.5428607583795,1.01605474750596,35.7475895436546));
#3074=CARTESIAN_POINT('Ctrl Pts',(-82.4571392416205,-0.40752000642056,35.7475895436546));
#3075=CARTESIAN_POINT('Ctrl Pts',(-88.8844995671875,-0.407520006420543,
23.5279904049671));
#3076=CARTESIAN_POINT('Ctrl Pts',(-78.1922497835938,-0.407520006420532,
14.7926965673148));
#3077=CARTESIAN_POINT('Ctrl Pts',(-67.5,-0.40752000642052,6.05740272966255));
#3078=CARTESIAN_POINT('Ctrl Pts',(-56.8077502164062,-0.407520006420532,
14.7926965673148));
#3079=CARTESIAN_POINT('Ctrl Pts',(-46.1155004328125,-0.407520006420543,
23.5279904049671));
#3080=CARTESIAN_POINT('Ctrl Pts',(-52.5428607583795,-0.40752000642056,35.7475895436546));
#3081=CARTESIAN_POINT('Ctrl Pts',(-82.0150054580314,-1.82776827502521,35.5150325581938));
#3082=CARTESIAN_POINT('Ctrl Pts',(-88.2523726911141,-1.8277682750252,23.6566453808214));
#3083=CARTESIAN_POINT('Ctrl Pts',(-77.8761863455571,-1.82776827502519,15.1795672656287));
#3084=CARTESIAN_POINT('Ctrl Pts',(-67.5,-1.82776827502518,6.70248915043604));
#3085=CARTESIAN_POINT('Ctrl Pts',(-57.1238136544429,-1.82776827502519,15.1795672656287));
#3086=CARTESIAN_POINT('Ctrl Pts',(-46.7476273088858,-1.8277682750252,23.6566453808214));
#3087=CARTESIAN_POINT('Ctrl Pts',(-52.9849945419686,-1.82776827502522,35.5150325581938));
#3088=CARTESIAN_POINT('Ctrl Pts',(-81.1786412237245,-3.11816788498451,35.075115156952));
#3089=CARTESIAN_POINT('Ctrl Pts',(-87.0566072230239,-3.1181678849845,23.9000161078821));
#3090=CARTESIAN_POINT('Ctrl Pts',(-77.278303611512,-3.11816788498448,15.9113928518676));
#3091=CARTESIAN_POINT('Ctrl Pts',(-67.5,-3.11816788498447,7.92276959585305));
#3092=CARTESIAN_POINT('Ctrl Pts',(-57.721696388488,-3.11816788498448,15.9113928518676));
#3093=CARTESIAN_POINT('Ctrl Pts',(-47.9433927769761,-3.1181678849845,23.9000161078821));
#3094=CARTESIAN_POINT('Ctrl Pts',(-53.8213587762755,-3.11816788498451,35.075115156952));
#3095=CARTESIAN_POINT('Origin',(-67.5,1.01605474750597,27.880316464196));
#3096=CARTESIAN_POINT('Origin',(-67.5,-10.2424061148147,38.7803164641959));
#3097=CARTESIAN_POINT('',(-80.4151074327704,14.516,38.780316464196));
#3098=CARTESIAN_POINT('',(-54.5848925672296,14.516,38.780316464196));
#3099=CARTESIAN_POINT('',(-138.75,14.516,38.780316464196));
#3100=CARTESIAN_POINT('',(-80.4151074327704,21.0160539093156,38.780316464196));
#3101=CARTESIAN_POINT('',(-54.5848925672296,21.0160539093156,38.780316464196));
#3102=CARTESIAN_POINT('Origin',(-67.5,21.0160539093157,27.880316464196));
#3103=CARTESIAN_POINT('Origin',(-67.5,14.516,27.880316464196));
#3104=CARTESIAN_POINT('Origin',(-67.5,14.516,27.880316464196));
#3105=CARTESIAN_POINT('Ctrl Pts',(-157.45713924162,1.01605474750596,35.7475895436547));
#3106=CARTESIAN_POINT('Ctrl Pts',(-163.884499567188,1.01605474750598,23.5279904049671));
#3107=CARTESIAN_POINT('Ctrl Pts',(-153.192249783594,1.01605474750599,14.7926965673148));
#3108=CARTESIAN_POINT('Ctrl Pts',(-142.5,1.016054747506,6.05740272966255));
#3109=CARTESIAN_POINT('Ctrl Pts',(-131.807750216406,1.01605474750599,14.7926965673148));
#3110=CARTESIAN_POINT('Ctrl Pts',(-121.115500432812,1.01605474750598,23.5279904049671));
#3111=CARTESIAN_POINT('Ctrl Pts',(-127.54286075838,1.01605474750596,35.7475895436547));
#3112=CARTESIAN_POINT('Ctrl Pts',(-157.45713924162,-0.407520006420557,35.7475895436547));
#3113=CARTESIAN_POINT('Ctrl Pts',(-163.884499567188,-0.407520006420541,
23.5279904049671));
#3114=CARTESIAN_POINT('Ctrl Pts',(-153.192249783594,-0.407520006420529,
14.7926965673148));
#3115=CARTESIAN_POINT('Ctrl Pts',(-142.5,-0.407520006420517,6.05740272966255));
#3116=CARTESIAN_POINT('Ctrl Pts',(-131.807750216406,-0.407520006420529,
14.7926965673148));
#3117=CARTESIAN_POINT('Ctrl Pts',(-121.115500432812,-0.40752000642054,23.5279904049671));
#3118=CARTESIAN_POINT('Ctrl Pts',(-127.54286075838,-0.407520006420557,35.7475895436547));
#3119=CARTESIAN_POINT('Ctrl Pts',(-157.015005458031,-1.82776827502521,35.5150325581938));
#3120=CARTESIAN_POINT('Ctrl Pts',(-163.252372691114,-1.82776827502519,23.6566453808214));
#3121=CARTESIAN_POINT('Ctrl Pts',(-152.876186345557,-1.82776827502518,15.1795672656287));
#3122=CARTESIAN_POINT('Ctrl Pts',(-142.5,-1.82776827502517,6.70248915043604));
#3123=CARTESIAN_POINT('Ctrl Pts',(-132.123813654443,-1.82776827502518,15.1795672656287));
#3124=CARTESIAN_POINT('Ctrl Pts',(-121.747627308886,-1.82776827502519,23.6566453808214));
#3125=CARTESIAN_POINT('Ctrl Pts',(-127.984994541969,-1.82776827502521,35.5150325581938));
#3126=CARTESIAN_POINT('Ctrl Pts',(-156.178641223724,-3.1181678849845,35.075115156952));
#3127=CARTESIAN_POINT('Ctrl Pts',(-162.056607223024,-3.11816788498449,23.9000161078821));
#3128=CARTESIAN_POINT('Ctrl Pts',(-152.278303611512,-3.11816788498448,15.9113928518676));
#3129=CARTESIAN_POINT('Ctrl Pts',(-142.5,-3.11816788498447,7.92276959585305));
#3130=CARTESIAN_POINT('Ctrl Pts',(-132.721696388488,-3.11816788498448,15.9113928518676));
#3131=CARTESIAN_POINT('Ctrl Pts',(-122.943392776976,-3.11816788498449,23.9000161078821));
#3132=CARTESIAN_POINT('Ctrl Pts',(-128.821358776276,-3.1181678849845,35.075115156952));
#3133=CARTESIAN_POINT('Origin',(-142.5,1.01605474750597,27.880316464196));
#3134=CARTESIAN_POINT('Origin',(-142.5,-10.2424061148147,38.7803164641959));
#3135=CARTESIAN_POINT('',(-155.41510743277,14.516,38.780316464196));
#3136=CARTESIAN_POINT('',(-129.58489256723,14.516,38.780316464196));
#3137=CARTESIAN_POINT('',(-176.25,14.516,38.780316464196));
#3138=CARTESIAN_POINT('',(-155.41510743277,21.0160539093156,38.780316464196));
#3139=CARTESIAN_POINT('',(-129.58489256723,21.0160539093156,38.780316464196));
#3140=CARTESIAN_POINT('Origin',(-142.5,21.0160539093157,27.880316464196));
#3141=CARTESIAN_POINT('Origin',(-142.5,14.516,27.880316464196));
#3142=CARTESIAN_POINT('Origin',(-142.5,14.516,27.880316464196));
#3143=CARTESIAN_POINT('Origin',(-210.,14.516,35.));
#3144=CARTESIAN_POINT('',(-192.91510743277,14.516,38.780316464196));
#3145=CARTESIAN_POINT('Origin',(-180.,14.516,27.880316464196));
#3146=CARTESIAN_POINT('',(-167.08489256723,14.516,38.780316464196));
#3147=CARTESIAN_POINT('',(-195.,14.516,38.780316464196));
#3148=CARTESIAN_POINT('Origin',(-180.,14.516,27.880316464196));
#3149=CARTESIAN_POINT('',(-117.91510743277,14.516,38.780316464196));
#3150=CARTESIAN_POINT('Origin',(-105.,14.516,27.880316464196));
#3151=CARTESIAN_POINT('',(-92.0848925672296,14.516,38.780316464196));
#3152=CARTESIAN_POINT('',(-157.5,14.516,38.780316464196));
#3153=CARTESIAN_POINT('Origin',(-105.,14.516,27.880316464196));
#3154=CARTESIAN_POINT('',(-42.9151074327704,14.516,38.780316464196));
#3155=CARTESIAN_POINT('Origin',(-30.,14.516,27.880316464196));
#3156=CARTESIAN_POINT('',(-17.0848925672296,14.516,38.780316464196));
#3157=CARTESIAN_POINT('',(-120.,14.516,38.780316464196));
#3158=CARTESIAN_POINT('Origin',(-30.,14.516,27.880316464196));
#3159=CARTESIAN_POINT('Origin',(-105.,10.,5.));
#3160=CARTESIAN_POINT('Origin',(-180.,-10.2424061148147,38.7803164641959));
#3161=CARTESIAN_POINT('',(-167.08489256723,21.0160539093156,38.780316464196));
#3162=CARTESIAN_POINT('',(-192.91510743277,21.0160539093156,38.780316464196));
#3163=CARTESIAN_POINT('Ctrl Pts',(-194.957139241621,1.01605474750597,35.7475895436547));
#3164=CARTESIAN_POINT('Ctrl Pts',(-201.384499567188,1.01605474750598,23.5279904049671));
#3165=CARTESIAN_POINT('Ctrl Pts',(-190.692249783594,1.01605474750599,14.7926965673148));
#3166=CARTESIAN_POINT('Ctrl Pts',(-180.,1.016054747506,6.05740272966253));
#3167=CARTESIAN_POINT('Ctrl Pts',(-169.307750216406,1.01605474750599,14.7926965673148));
#3168=CARTESIAN_POINT('Ctrl Pts',(-158.615500432812,1.01605474750598,23.5279904049671));
#3169=CARTESIAN_POINT('Ctrl Pts',(-165.042860758379,1.01605474750596,35.7475895436547));
#3170=CARTESIAN_POINT('Ctrl Pts',(-194.957139241621,-0.407520006420233,
35.7475895436547));
#3171=CARTESIAN_POINT('Ctrl Pts',(-201.384499567188,-0.407520006420217,
23.5279904049671));
#3172=CARTESIAN_POINT('Ctrl Pts',(-190.692249783594,-0.407520006420205,
14.7926965673148));
#3173=CARTESIAN_POINT('Ctrl Pts',(-180.,-0.407520006420193,6.05740272966253));
#3174=CARTESIAN_POINT('Ctrl Pts',(-169.307750216406,-0.407520006420205,
14.7926965673148));
#3175=CARTESIAN_POINT('Ctrl Pts',(-158.615500432812,-0.407520006420216,
23.5279904049671));
#3176=CARTESIAN_POINT('Ctrl Pts',(-165.042860758379,-0.407520006420232,
35.7475895436547));
#3177=CARTESIAN_POINT('Ctrl Pts',(-194.515005458032,-1.82776827502457,35.5150325581939));
#3178=CARTESIAN_POINT('Ctrl Pts',(-200.752372691114,-1.82776827502455,23.6566453808213));
#3179=CARTESIAN_POINT('Ctrl Pts',(-190.376186345557,-1.82776827502454,15.1795672656285));
#3180=CARTESIAN_POINT('Ctrl Pts',(-180.,-1.82776827502453,6.70248915043572));
#3181=CARTESIAN_POINT('Ctrl Pts',(-169.623813654443,-1.82776827502454,15.1795672656285));
#3182=CARTESIAN_POINT('Ctrl Pts',(-159.247627308886,-1.82776827502455,23.6566453808214));
#3183=CARTESIAN_POINT('Ctrl Pts',(-165.484994541968,-1.82776827502457,35.5150325581939));
#3184=CARTESIAN_POINT('Ctrl Pts',(-193.678641223725,-3.11816788498363,35.0751151569523));
#3185=CARTESIAN_POINT('Ctrl Pts',(-199.556607223025,-3.11816788498361,23.9000161078819));
#3186=CARTESIAN_POINT('Ctrl Pts',(-189.778303611512,-3.1181678849836,15.9113928518671));
#3187=CARTESIAN_POINT('Ctrl Pts',(-180.,-3.11816788498359,7.9227695958522));
#3188=CARTESIAN_POINT('Ctrl Pts',(-170.221696388488,-3.1181678849836,15.9113928518671));
#3189=CARTESIAN_POINT('Ctrl Pts',(-160.443392776975,-3.11816788498361,23.9000161078819));
#3190=CARTESIAN_POINT('Ctrl Pts',(-166.321358776275,-3.11816788498363,35.0751151569523));
#3191=CARTESIAN_POINT('Origin',(-180.,1.01605474750598,27.880316464196));
#3192=CARTESIAN_POINT('Origin',(-180.,21.0160539093157,27.880316464196));
#3193=CARTESIAN_POINT('Origin',(-105.,21.0160539093157,27.880316464196));
#3194=CARTESIAN_POINT('',(-92.0848925672296,21.0160539093156,38.780316464196));
#3195=CARTESIAN_POINT('',(-117.91510743277,21.0160539093156,38.780316464196));
#3196=CARTESIAN_POINT('Origin',(-105.,1.01605474750597,27.880316464196));
#3197=CARTESIAN_POINT('Origin',(-105.,-10.2424061148147,38.7803164641959));
#3198=CARTESIAN_POINT('Ctrl Pts',(-119.957139241621,1.01605474750596,35.7475895436546));
#3199=CARTESIAN_POINT('Ctrl Pts',(-126.384499567188,1.01605474750598,23.5279904049671));
#3200=CARTESIAN_POINT('Ctrl Pts',(-115.692249783594,1.01605474750599,14.7926965673148));
#3201=CARTESIAN_POINT('Ctrl Pts',(-105.,1.016054747506,6.05740272966255));
#3202=CARTESIAN_POINT('Ctrl Pts',(-94.3077502164062,1.01605474750599,14.7926965673148));
#3203=CARTESIAN_POINT('Ctrl Pts',(-83.6155004328125,1.01605474750598,23.5279904049671));
#3204=CARTESIAN_POINT('Ctrl Pts',(-90.0428607583795,1.01605474750596,35.7475895436546));
#3205=CARTESIAN_POINT('Ctrl Pts',(-119.957139241621,-0.407520006420567,
35.7475895436546));
#3206=CARTESIAN_POINT('Ctrl Pts',(-126.384499567188,-0.40752000642055,23.5279904049671));
#3207=CARTESIAN_POINT('Ctrl Pts',(-115.692249783594,-0.407520006420539,
14.7926965673148));
#3208=CARTESIAN_POINT('Ctrl Pts',(-105.,-0.407520006420527,6.05740272966255));
#3209=CARTESIAN_POINT('Ctrl Pts',(-94.3077502164062,-0.407520006420539,
14.7926965673148));
#3210=CARTESIAN_POINT('Ctrl Pts',(-83.6155004328125,-0.407520006420551,
23.5279904049671));
#3211=CARTESIAN_POINT('Ctrl Pts',(-90.0428607583795,-0.407520006420567,
35.7475895436546));
#3212=CARTESIAN_POINT('Ctrl Pts',(-119.515005458031,-1.82776827502523,35.5150325581938));
#3213=CARTESIAN_POINT('Ctrl Pts',(-125.752372691114,-1.82776827502522,23.6566453808214));
#3214=CARTESIAN_POINT('Ctrl Pts',(-115.376186345557,-1.82776827502521,15.1795672656287));
#3215=CARTESIAN_POINT('Ctrl Pts',(-105.,-1.8277682750252,6.70248915043607));
#3216=CARTESIAN_POINT('Ctrl Pts',(-94.6238136544429,-1.82776827502521,15.1795672656287));
#3217=CARTESIAN_POINT('Ctrl Pts',(-84.2476273088859,-1.82776827502522,23.6566453808214));
#3218=CARTESIAN_POINT('Ctrl Pts',(-90.4849945419686,-1.82776827502523,35.5150325581938));
#3219=CARTESIAN_POINT('Ctrl Pts',(-118.678641223724,-3.11816788498453,35.075115156952));
#3220=CARTESIAN_POINT('Ctrl Pts',(-124.556607223024,-3.11816788498452,23.9000161078821));
#3221=CARTESIAN_POINT('Ctrl Pts',(-114.778303611512,-3.1181678849845,15.9113928518676));
#3222=CARTESIAN_POINT('Ctrl Pts',(-105.,-3.11816788498449,7.92276959585308));
#3223=CARTESIAN_POINT('Ctrl Pts',(-95.2216963884881,-3.1181678849845,15.9113928518676));
#3224=CARTESIAN_POINT('Ctrl Pts',(-85.4433927769761,-3.11816788498452,23.9000161078821));
#3225=CARTESIAN_POINT('Ctrl Pts',(-91.3213587762755,-3.11816788498453,35.075115156952));
#3226=CARTESIAN_POINT('Origin',(-30.,21.0160539093157,27.880316464196));
#3227=CARTESIAN_POINT('',(-17.0848925672296,21.0160539093156,38.780316464196));
#3228=CARTESIAN_POINT('',(-42.9151074327704,21.0160539093156,38.780316464196));
#3229=CARTESIAN_POINT('Origin',(-30.,1.01605474750597,27.880316464196));
#3230=CARTESIAN_POINT('Origin',(-30.,-10.2424061148147,38.7803164641959));
#3231=CARTESIAN_POINT('Ctrl Pts',(-44.9571392416205,1.01605474750596,35.7475895436547));
#3232=CARTESIAN_POINT('Ctrl Pts',(-51.3844995671875,1.01605474750598,23.5279904049671));
#3233=CARTESIAN_POINT('Ctrl Pts',(-40.6922497835938,1.01605474750599,14.7926965673148));
#3234=CARTESIAN_POINT('Ctrl Pts',(-30.,1.016054747506,6.05740272966255));
#3235=CARTESIAN_POINT('Ctrl Pts',(-19.3077502164062,1.01605474750599,14.7926965673148));
#3236=CARTESIAN_POINT('Ctrl Pts',(-8.61550043281246,1.01605474750598,23.5279904049671));
#3237=CARTESIAN_POINT('Ctrl Pts',(-15.0428607583795,1.01605474750596,35.7475895436546));
#3238=CARTESIAN_POINT('Ctrl Pts',(-44.9571392416205,-0.40752000642056,35.7475895436547));
#3239=CARTESIAN_POINT('Ctrl Pts',(-51.3844995671875,-0.407520006420543,
23.5279904049671));
#3240=CARTESIAN_POINT('Ctrl Pts',(-40.6922497835938,-0.407520006420532,
14.7926965673148));
#3241=CARTESIAN_POINT('Ctrl Pts',(-30.,-0.40752000642052,6.05740272966255));
#3242=CARTESIAN_POINT('Ctrl Pts',(-19.3077502164062,-0.407520006420532,
14.7926965673148));
#3243=CARTESIAN_POINT('Ctrl Pts',(-8.61550043281246,-0.407520006420543,
23.5279904049671));
#3244=CARTESIAN_POINT('Ctrl Pts',(-15.0428607583795,-0.40752000642056,35.7475895436546));
#3245=CARTESIAN_POINT('Ctrl Pts',(-44.5150054580314,-1.82776827502522,35.5150325581938));
#3246=CARTESIAN_POINT('Ctrl Pts',(-50.7523726911142,-1.8277682750252,23.6566453808214));
#3247=CARTESIAN_POINT('Ctrl Pts',(-40.3761863455571,-1.82776827502519,15.1795672656287));
#3248=CARTESIAN_POINT('Ctrl Pts',(-30.,-1.82776827502518,6.70248915043605));
#3249=CARTESIAN_POINT('Ctrl Pts',(-19.6238136544429,-1.82776827502519,15.1795672656287));
#3250=CARTESIAN_POINT('Ctrl Pts',(-9.24762730888585,-1.8277682750252,23.6566453808214));
#3251=CARTESIAN_POINT('Ctrl Pts',(-15.4849945419686,-1.82776827502522,35.5150325581938));
#3252=CARTESIAN_POINT('Ctrl Pts',(-43.6786412237245,-3.11816788498451,35.075115156952));
#3253=CARTESIAN_POINT('Ctrl Pts',(-49.5566072230239,-3.1181678849845,23.9000161078821));
#3254=CARTESIAN_POINT('Ctrl Pts',(-39.778303611512,-3.11816788498448,15.9113928518676));
#3255=CARTESIAN_POINT('Ctrl Pts',(-30.,-3.11816788498447,7.92276959585306));
#3256=CARTESIAN_POINT('Ctrl Pts',(-20.221696388488,-3.11816788498448,15.9113928518676));
#3257=CARTESIAN_POINT('Ctrl Pts',(-10.4433927769761,-3.1181678849845,23.9000161078821));
#3258=CARTESIAN_POINT('Ctrl Pts',(-16.3213587762755,-3.11816788498451,35.075115156952));
#3259=CARTESIAN_POINT('',(0.,0.,0.));
#3260=CARTESIAN_POINT('Origin',(-210.,65.5922272738226,3.05574096758485));
#3261=CARTESIAN_POINT('',(-200.,65.1223809634297,3.72675103924768));
#3262=CARTESIAN_POINT('',(-200.,66.0620735842156,2.38473089592202));
#3263=CARTESIAN_POINT('',(-200.,53.5377928359114,20.2712574824912));
#3264=CARTESIAN_POINT('',(-210.,66.0620735842156,2.38473089592202));
#3265=CARTESIAN_POINT('',(-210.,66.0620735842156,2.38473089592202));
#3266=CARTESIAN_POINT('',(-210.,65.1223809634297,3.72675103924768));
#3267=CARTESIAN_POINT('',(-210.,53.5377928359114,20.2712574824912));
#3268=CARTESIAN_POINT('',(-210.,65.1223809634297,3.72675103924768));
#3269=CARTESIAN_POINT('Origin',(-210.,66.0620735842156,-2.61526910407799));
#3270=CARTESIAN_POINT('',(-200.,66.0620735842156,-2.61526910407799));
#3271=CARTESIAN_POINT('',(-200.,66.0620735842156,-2.61526910407799));
#3272=CARTESIAN_POINT('',(-210.,66.0620735842156,-2.61526910407799));
#3273=CARTESIAN_POINT('',(-210.,66.0620735842156,-2.61526910407799));
#3274=CARTESIAN_POINT('',(-210.,66.0620735842156,-2.61526910407799));
#3275=CARTESIAN_POINT('Origin',(-200.,7.06207358421556,13.384730895922));
#3276=CARTESIAN_POINT('',(-200.,29.0017662050015,16.873579654712));
#3277=CARTESIAN_POINT('',(-200.,66.0620735842156,3.38473089592202));
#3278=CARTESIAN_POINT('',(-200.,28.0620735842156,18.2155997980377));
#3279=CARTESIAN_POINT('',(-200.,25.9774854566974,21.1927001772311));
#3280=CARTESIAN_POINT('',(-200.,28.0620735842156,26.134730895922));
#3281=CARTESIAN_POINT('',(-200.,28.0620735842156,17.9435402665701));
#3282=CARTESIAN_POINT('',(-200.,27.0620735842156,27.134730895922));
#3283=CARTESIAN_POINT('',(-200.,27.0620735842156,27.134730895922));
#3284=CARTESIAN_POINT('',(-200.,23.1620735842156,27.134730895922));
#3285=CARTESIAN_POINT('',(-200.,23.1620735842156,27.134730895922));
#3286=CARTESIAN_POINT('',(-200.,22.1620735842156,26.134730895922));
#3287=CARTESIAN_POINT('',(-200.,22.1620735842156,26.134730895922));
#3288=CARTESIAN_POINT('',(-200.,22.1620735842156,7.78473089592199));
#3289=CARTESIAN_POINT('',(-200.,22.1620735842156,26.134730895922));
#3290=CARTESIAN_POINT('',(-200.,-8.03792641578443,7.78473089592199));
#3291=CARTESIAN_POINT('',(-200.,7.06207358421557,7.78473089592199));
#3292=CARTESIAN_POINT('',(-200.,-8.03792641578443,26.134730895922));
#3293=CARTESIAN_POINT('',(-200.,-8.03792641578443,26.134730895922));
#3294=CARTESIAN_POINT('',(-200.,-9.03792641578443,27.134730895922));
#3295=CARTESIAN_POINT('',(-200.,-8.03792641578443,26.134730895922));
#3296=CARTESIAN_POINT('',(-200.,-12.9379264157844,27.134730895922));
#3297=CARTESIAN_POINT('',(-200.,-10.9379264157844,27.134730895922));
#3298=CARTESIAN_POINT('',(-200.,-13.9379264157844,26.134730895922));
#3299=CARTESIAN_POINT('',(-200.,-12.9379264157844,27.134730895922));
#3300=CARTESIAN_POINT('',(-200.,-13.9379264157844,18.2155997980377));
#3301=CARTESIAN_POINT('',(-200.,-13.9379264157844,17.9435402665701));
#3302=CARTESIAN_POINT('',(-200.,-14.8776190365703,16.873579654712));
#3303=CARTESIAN_POINT('',(-200.,-11.8533382882662,21.1927001772311));
#3304=CARTESIAN_POINT('',(-200.,-50.9982337949985,3.72675103924766));
#3305=CARTESIAN_POINT('',(-200.,-51.9379264157844,3.38473089592199));
#3306=CARTESIAN_POINT('',(-200.,-51.9379264157844,2.38473089592199));
#3307=CARTESIAN_POINT('',(-200.,-39.4136456674802,20.2712574824912));
#3308=CARTESIAN_POINT('',(-200.,-51.9379264157844,-2.61526910407801));
#3309=CARTESIAN_POINT('',(-200.,-51.9379264157844,-2.61526910407801));
#3310=CARTESIAN_POINT('',(-200.,-22.9379264157844,-2.615269104078));
#3311=CARTESIAN_POINT('',(-200.,-22.9379264157844,-2.615269104078));
#3312=CARTESIAN_POINT('',(-200.,-17.9379264157844,2.38473089592199));
#3313=CARTESIAN_POINT('',(-200.,-17.9379264157844,2.38473089592199));
#3314=CARTESIAN_POINT('',(-200.,32.0620735842156,2.38473089592199));
#3315=CARTESIAN_POINT('',(-200.,32.0620735842156,2.38473089592199));
#3316=CARTESIAN_POINT('',(-200.,37.0620735842156,-2.615269104078));
#3317=CARTESIAN_POINT('',(-200.,32.0620735842156,2.38473089592199));
#3318=CARTESIAN_POINT('',(-200.,37.0620735842156,-2.615269104078));
#3319=CARTESIAN_POINT('Origin',(-210.,28.5319198946085,17.5445897263749));
#3320=CARTESIAN_POINT('',(-210.,29.0017662050015,16.873579654712));
#3321=CARTESIAN_POINT('',(-210.,28.0620735842156,18.2155997980377));
#3322=CARTESIAN_POINT('',(-210.,25.9774854566974,21.1927001772311));
#3323=CARTESIAN_POINT('',(-210.,28.0620735842156,18.2155997980377));
#3324=CARTESIAN_POINT('',(-210.,29.0017662050015,16.873579654712));
#3325=CARTESIAN_POINT('Origin',(-210.,28.0620735842156,17.2155997980377));
#3326=CARTESIAN_POINT('',(-210.,28.0620735842156,26.134730895922));
#3327=CARTESIAN_POINT('',(-210.,28.0620735842156,17.9435402665701));
#3328=CARTESIAN_POINT('',(-210.,28.0620735842156,26.134730895922));
#3329=CARTESIAN_POINT('Origin',(-210.,-51.4680801053915,3.05574096758483));
#3330=CARTESIAN_POINT('',(-210.,-50.9982337949985,3.72675103924766));
#3331=CARTESIAN_POINT('',(-210.,-50.9982337949985,3.72675103924766));
#3332=CARTESIAN_POINT('',(-210.,-51.9379264157844,2.38473089592199));
#3333=CARTESIAN_POINT('',(-210.,-39.4136456674802,20.2712574824912));
#3334=CARTESIAN_POINT('',(-210.,-51.9379264157844,2.38473089592199));
#3335=CARTESIAN_POINT('Origin',(-210.,-51.9379264157844,3.38473089592199));
#3336=CARTESIAN_POINT('',(-210.,-51.9379264157844,-2.61526910407801));
#3337=CARTESIAN_POINT('',(-210.,-51.9379264157844,-2.61526910407801));
#3338=CARTESIAN_POINT('',(-210.,-51.9379264157844,-2.61526910407801));
#3339=CARTESIAN_POINT('Origin',(-210.,-14.4077727261774,17.5445897263749));
#3340=CARTESIAN_POINT('',(-210.,-13.9379264157844,18.2155997980377));
#3341=CARTESIAN_POINT('',(-210.,-14.8776190365703,16.873579654712));
#3342=CARTESIAN_POINT('',(-210.,-11.8533382882662,21.1927001772311));
#3343=CARTESIAN_POINT('',(-210.,-14.8776190365703,16.873579654712));
#3344=CARTESIAN_POINT('',(-210.,-13.9379264157844,18.2155997980377));
#3345=CARTESIAN_POINT('Origin',(-210.,-13.9379264157844,17.2155997980377));
#3346=CARTESIAN_POINT('',(-210.,-51.9379264157844,3.38473089592199));
#3347=CARTESIAN_POINT('Origin',(-205.,7.06207358421558,2.384730895922));
#3348=CARTESIAN_POINT('',(-207.875,7.06207358421558,2.384730895922));
#3349=CARTESIAN_POINT('Origin',(-205.,7.06207358421558,2.384730895922));
#3350=CARTESIAN_POINT('',(-207.875,7.06207358421557,5.384730895922));
#3351=CARTESIAN_POINT('',(-207.875,7.06207358421558,2.384730895922));
#3352=CARTESIAN_POINT('Origin',(-205.,7.06207358421557,5.384730895922));
#3353=CARTESIAN_POINT('Origin',(-205.,7.06207358421557,5.384730895922));
#3354=CARTESIAN_POINT('',(-206.6,7.06207358421557,5.384730895922));
#3355=CARTESIAN_POINT('Origin',(-205.,7.06207358421557,5.384730895922));
#3356=CARTESIAN_POINT('Origin',(-205.,7.06207358421557,7.86873089592199));
#3357=CARTESIAN_POINT('',(-206.6,7.06207358421557,7.78473089592198));
#3358=CARTESIAN_POINT('Origin',(-205.,7.06207358421557,7.78473089592198));
#3359=CARTESIAN_POINT('',(-206.6,7.06207358421557,7.86873089592199));
#3360=CARTESIAN_POINT('Origin',(-210.,27.0620735842156,27.134730895922));
#3361=CARTESIAN_POINT('',(-210.,23.1620735842156,27.134730895922));
#3362=CARTESIAN_POINT('',(-210.,27.0620735842156,27.134730895922));
#3363=CARTESIAN_POINT('',(-210.,23.1620735842156,27.134730895922));
#3364=CARTESIAN_POINT('',(-210.,23.1620735842156,27.134730895922));
#3365=CARTESIAN_POINT('',(-210.,27.0620735842156,27.134730895922));
#3366=CARTESIAN_POINT('Origin',(-210.,28.0620735842156,26.134730895922));
#3367=CARTESIAN_POINT('',(-210.,27.0620735842156,27.134730895922));
#3368=CARTESIAN_POINT('Origin',(-210.,66.0620735842156,3.38473089592202));
#3369=CARTESIAN_POINT('',(-210.,66.0620735842156,3.38473089592202));
#3370=CARTESIAN_POINT('Origin',(-210.,37.0620735842156,-2.615269104078));
#3371=CARTESIAN_POINT('',(-210.,37.0620735842156,-2.615269104078));
#3372=CARTESIAN_POINT('',(-210.,37.0620735842156,-2.615269104078));
#3373=CARTESIAN_POINT('',(-210.,37.0620735842156,-2.615269104078));
#3374=CARTESIAN_POINT('Origin',(-210.,32.0620735842156,2.38473089592199));
#3375=CARTESIAN_POINT('',(-210.,32.0620735842156,2.38473089592199));
#3376=CARTESIAN_POINT('',(-210.,32.0620735842156,2.38473089592199));
#3377=CARTESIAN_POINT('',(-210.,32.0620735842156,2.38473089592199));
#3378=CARTESIAN_POINT('Origin',(-210.,-17.9379264157844,2.38473089592199));
#3379=CARTESIAN_POINT('',(-210.,-17.9379264157844,2.38473089592199));
#3380=CARTESIAN_POINT('',(-210.,32.0620735842156,2.38473089592199));
#3381=CARTESIAN_POINT('',(-210.,-17.9379264157844,2.38473089592199));
#3382=CARTESIAN_POINT('Origin',(-210.,-22.9379264157844,-2.615269104078));
#3383=CARTESIAN_POINT('',(-210.,-22.9379264157844,-2.615269104078));
#3384=CARTESIAN_POINT('',(-210.,-17.9379264157844,2.38473089592199));
#3385=CARTESIAN_POINT('',(-210.,-22.9379264157844,-2.615269104078));
#3386=CARTESIAN_POINT('Origin',(-210.,-51.9379264157844,-2.61526910407801));
#3387=CARTESIAN_POINT('',(-210.,-22.9379264157844,-2.615269104078));
#3388=CARTESIAN_POINT('Origin',(-210.,-13.9379264157844,26.134730895922));
#3389=CARTESIAN_POINT('',(-210.,-13.9379264157844,26.134730895922));
#3390=CARTESIAN_POINT('',(-210.,-13.9379264157844,26.134730895922));
#3391=CARTESIAN_POINT('',(-210.,-13.9379264157844,17.9435402665701));
#3392=CARTESIAN_POINT('Origin',(-210.,-12.9379264157844,27.134730895922));
#3393=CARTESIAN_POINT('',(-210.,-12.9379264157844,27.134730895922));
#3394=CARTESIAN_POINT('',(-210.,-12.9379264157844,27.134730895922));
#3395=CARTESIAN_POINT('',(-210.,-12.9379264157844,27.134730895922));
#3396=CARTESIAN_POINT('Origin',(-210.,-9.03792641578444,27.134730895922));
#3397=CARTESIAN_POINT('',(-210.,-9.03792641578444,27.134730895922));
#3398=CARTESIAN_POINT('',(-210.,-10.9379264157844,27.134730895922));
#3399=CARTESIAN_POINT('',(-210.,-9.03792641578444,27.134730895922));
#3400=CARTESIAN_POINT('Origin',(-210.,-8.03792641578443,26.134730895922));
#3401=CARTESIAN_POINT('',(-210.,-8.03792641578443,26.134730895922));
#3402=CARTESIAN_POINT('',(-210.,-8.03792641578443,26.134730895922));
#3403=CARTESIAN_POINT('',(-210.,-8.03792641578443,26.134730895922));
#3404=CARTESIAN_POINT('Origin',(-210.,-8.03792641578443,7.78473089592199));
#3405=CARTESIAN_POINT('',(-210.,-8.03792641578443,7.78473089592199));
#3406=CARTESIAN_POINT('',(-210.,-8.03792641578443,26.134730895922));
#3407=CARTESIAN_POINT('',(-210.,-8.03792641578443,7.78473089592199));
#3408=CARTESIAN_POINT('Origin',(-210.,22.1620735842156,7.78473089592199));
#3409=CARTESIAN_POINT('',(-210.,22.1620735842156,7.78473089592199));
#3410=CARTESIAN_POINT('',(-210.,7.06207358421557,7.78473089592199));
#3411=CARTESIAN_POINT('',(-210.,22.1620735842156,7.78473089592199));
#3412=CARTESIAN_POINT('Origin',(-210.,22.1620735842156,26.134730895922));
#3413=CARTESIAN_POINT('',(-210.,22.1620735842156,26.134730895922));
#3414=CARTESIAN_POINT('',(-210.,22.1620735842156,26.134730895922));
#3415=CARTESIAN_POINT('',(-210.,22.1620735842156,26.134730895922));
#3416=CARTESIAN_POINT('Origin',(-210.,23.1620735842156,27.134730895922));
#3417=CARTESIAN_POINT('',(-210.,22.1620735842156,26.134730895922));
#3418=CARTESIAN_POINT('Origin',(-210.,7.06207358421556,13.384730895922));
#3419=CARTESIAN_POINT('',(0.,27.0620735842156,12.868730895922));
#3420=CARTESIAN_POINT('',(0.,0.,0.));
#3421=UNCERTAINTY_MEASURE_WITH_UNIT(LENGTH_MEASURE(0.01),#3429,
'DISTANCE_ACCURACY_VALUE',
'Maximum model space distance between geometric entities at asserted c
onnectivities');
#3422=UNCERTAINTY_MEASURE_WITH_UNIT(LENGTH_MEASURE(0.01),#3429,
'DISTANCE_ACCURACY_VALUE',
'Maximum model space distance between geometric entities at asserted c
onnectivities');
#3423=UNCERTAINTY_MEASURE_WITH_UNIT(LENGTH_MEASURE(0.01),#3429,
'DISTANCE_ACCURACY_VALUE',
'Maximum model space distance between geometric entities at asserted c
onnectivities');
#3424=UNCERTAINTY_MEASURE_WITH_UNIT(LENGTH_MEASURE(0.01),#3429,
'DISTANCE_ACCURACY_VALUE',
'Maximum model space distance between geometric entities at asserted c
onnectivities');
#3425=(
GEOMETRIC_REPRESENTATION_CONTEXT(3)
GLOBAL_UNCERTAINTY_ASSIGNED_CONTEXT((#3421))
GLOBAL_UNIT_ASSIGNED_CONTEXT((#3429,#3431,#3432))
REPRESENTATION_CONTEXT('','3D')
);
#3426=(
GEOMETRIC_REPRESENTATION_CONTEXT(3)
GLOBAL_UNCERTAINTY_ASSIGNED_CONTEXT((#3422))
GLOBAL_UNIT_ASSIGNED_CONTEXT((#3429,#3431,#3432))
REPRESENTATION_CONTEXT('','3D')
);
#3427=(
GEOMETRIC_REPRESENTATION_CONTEXT(3)
GLOBAL_UNCERTAINTY_ASSIGNED_CONTEXT((#3423))
GLOBAL_UNIT_ASSIGNED_CONTEXT((#3429,#3431,#3432))
REPRESENTATION_CONTEXT('','3D')
);
#3428=(
GEOMETRIC_REPRESENTATION_CONTEXT(3)
GLOBAL_UNCERTAINTY_ASSIGNED_CONTEXT((#3424))
GLOBAL_UNIT_ASSIGNED_CONTEXT((#3429,#3431,#3432))
REPRESENTATION_CONTEXT('','3D')
);
#3429=(
LENGTH_UNIT()
NAMED_UNIT(*)
SI_UNIT(.MILLI.,.METRE.)
);
#3430=(
LENGTH_UNIT()
NAMED_UNIT(*)
SI_UNIT($,.METRE.)
);
#3431=(
NAMED_UNIT(*)
PLANE_ANGLE_UNIT()
SI_UNIT($,.RADIAN.)
);
#3432=(
NAMED_UNIT(*)
SI_UNIT($,.STERADIAN.)
SOLID_ANGLE_UNIT()
);
#3433=SHAPE_DEFINITION_REPRESENTATION(#3436,#3441);
#3434=SHAPE_DEFINITION_REPRESENTATION(#3437,#3442);
#3435=SHAPE_DEFINITION_REPRESENTATION(#3438,#3443);
#3436=PRODUCT_DEFINITION_SHAPE('',$,#3445);
#3437=PRODUCT_DEFINITION_SHAPE('',$,#3446);
#3438=PRODUCT_DEFINITION_SHAPE('',$,#3447);
#3439=PRODUCT_DEFINITION_SHAPE($,$,#17);
#3440=PRODUCT_DEFINITION_SHAPE($,$,#18);
#3441=SHAPE_REPRESENTATION('',(#1751,#1878,#1879),#3425);
#3442=SHAPE_REPRESENTATION('',(#1752),#3426);
#3443=SHAPE_REPRESENTATION('',(#1844),#3427);
#3444=PRODUCT_DEFINITION_CONTEXT('part definition',#3455,'design');
#3445=PRODUCT_DEFINITION('OpenOBS_clampingCaul',
'OpenOBS_clampingCaul v10',#3448,#3444);
#3446=PRODUCT_DEFINITION('caul','caul',#3449,#3444);
#3447=PRODUCT_DEFINITION('Component2','Component2',#3450,#3444);
#3448=PRODUCT_DEFINITION_FORMATION('',$,#3457);
#3449=PRODUCT_DEFINITION_FORMATION('',$,#3458);
#3450=PRODUCT_DEFINITION_FORMATION('',$,#3459);
#3451=PRODUCT_RELATED_PRODUCT_CATEGORY('OpenOBS_clampingCaul v10',
'OpenOBS_clampingCaul v10',(#3457));
#3452=PRODUCT_RELATED_PRODUCT_CATEGORY('caul','caul',(#3458));
#3453=PRODUCT_RELATED_PRODUCT_CATEGORY('Component2','Component2',(#3459));
#3454=APPLICATION_PROTOCOL_DEFINITION('international standard',
'automotive_design',2009,#3455);
#3455=APPLICATION_CONTEXT(
'Core Data for Automotive Mechanical Design Process');
#3456=PRODUCT_CONTEXT('part definition',#3455,'mechanical');
#3457=PRODUCT('OpenOBS_clampingCaul','OpenOBS_clampingCaul v10',$,(#3456));
#3458=PRODUCT('caul','caul',$,(#3456));
#3459=PRODUCT('Component2','Component2',$,(#3456));
#3460=PRESENTATION_STYLE_ASSIGNMENT((#3461));
#3461=SURFACE_STYLE_USAGE(.BOTH.,#3462);
#3462=SURFACE_SIDE_STYLE('',(#3463));
#3463=SURFACE_STYLE_FILL_AREA(#3464);
#3464=FILL_AREA_STYLE('Steel - Satin',(#3465));
#3465=FILL_AREA_STYLE_COLOUR('Steel - Satin',#3466);
#3466=COLOUR_RGB('Steel - Satin',0.627450980392157,0.627450980392157,0.627450980392157);
ENDSEC;
END-ISO-10303-21;
