ISO-10303-21;
HEADER;
/* Generated by software containing ST-Developer
 * from STEP Tools, Inc. (www.steptools.com) 
 */

FILE_DESCRIPTION(
/* description */ (''),
/* implementation_level */ '2;1');

FILE_NAME(
/* name */ 'sensorhead_v2_filterBolt v3.step',
/* time_stamp */ '2026-02-25T12:32:47-05:00',
/* author */ (''),
/* organization */ (''),
/* preprocessor_version */ 'ST-DEVELOPER v20.1',
/* originating_system */ 'Autodesk Translation Framework v14.4.0.0',
/* authorisation */ '');

FILE_SCHEMA (('AUTOMOTIVE_DESIGN { 1 0 10303 214 3 1 1 }'));
ENDSEC;

DATA;
#10=MECHANICAL_DESIGN_GEOMETRIC_PRESENTATION_REPRESENTATION('',(#19,#20),
#4648);
#11=ITEM_DEFINED_TRANSFORMATION($,$,#2588,#2734);
#12=(
REPRESENTATION_RELATIONSHIP($,$,#4659,#4658)
REPRESENTATION_RELATIONSHIP_WITH_TRANSFORMATION(#11)
SHAPE_REPRESENTATION_RELATIONSHIP()
);
#13=CONTEXT_DEPENDENT_SHAPE_REPRESENTATION(#12,#4657);
#14=NEXT_ASSEMBLY_USAGE_OCCURRENCE('sensorHead:1','sensorHead:1',
'sensorHead:1',#4661,#4662,'sensorHead:1');
#15=SHAPE_REPRESENTATION_RELATIONSHIP('SRR','None',#4659,#17);
#16=SHAPE_REPRESENTATION_RELATIONSHIP('SRR','None',#4658,#18);
#17=ADVANCED_BREP_SHAPE_REPRESENTATION('',(#21),#4647);
#18=ADVANCED_BREP_SHAPE_REPRESENTATION('',(#22),#4646);
#19=STYLED_ITEM('',(#4672),#21);
#20=STYLED_ITEM('',(#4672),#22);
#21=MANIFOLD_SOLID_BREP('Body1',#2573);
#22=MANIFOLD_SOLID_BREP('Body2',#2574);
#23=ELLIPSE('',#2617,16.7,10.);
#24=ELLIPSE('',#2621,23.6173664916307,16.7);
#25=ELLIPSE('',#2723,16.7,10.);
#26=(
BOUNDED_SURFACE()
B_SPLINE_SURFACE(2,2,((#3516,#3517,#3518,#3519,#3520,#3521,#3522,#3523,
#3524),(#3525,#3526,#3527,#3528,#3529,#3530,#3531,#3532,#3533),(#3534,#3535,
#3536,#3537,#3538,#3539,#3540,#3541,#3542)),.UNSPECIFIED.,.F.,.T.,.F.)
B_SPLINE_SURFACE_WITH_KNOTS((3,3),(3,2,2,2,3),(-3.14159265358979,-1.5707963267949),
(0.,1.5707963267949,3.14159265358979,4.71238898038469,6.28318530717959),
 .UNSPECIFIED.)
GEOMETRIC_REPRESENTATION_ITEM()
RATIONAL_B_SPLINE_SURFACE(((1.,0.707106781186548,1.,0.707106781186548,1.,
0.707106781186548,1.,0.707106781186548,1.),(0.707106781186547,0.5,0.707106781186547,
0.5,0.707106781186547,0.5,0.707106781186547,0.5,0.707106781186547),(1.,
0.707106781186548,1.,0.707106781186548,1.,0.707106781186548,1.,0.707106781186548,
1.)))
REPRESENTATION_ITEM('')
SURFACE()
);
#27=(
BOUNDED_SURFACE()
B_SPLINE_SURFACE(2,2,((#4479,#4480,#4481,#4482,#4483,#4484,#4485,#4486,
#4487),(#4488,#4489,#4490,#4491,#4492,#4493,#4494,#4495,#4496),(#4497,#4498,
#4499,#4500,#4501,#4502,#4503,#4504,#4505)),.UNSPECIFIED.,.F.,.T.,.F.)
B_SPLINE_SURFACE_WITH_KNOTS((3,3),(3,2,2,2,3),(1.5707963267949,3.14159265358979),
(0.,1.5707963267949,3.14159265358979,4.71238898038469,6.28318530717959),
 .UNSPECIFIED.)
GEOMETRIC_REPRESENTATION_ITEM()
RATIONAL_B_SPLINE_SURFACE(((1.,0.707106781186548,1.,0.707106781186548,1.,
0.707106781186548,1.,0.707106781186548,1.),(0.707106781186547,0.5,0.707106781186547,
0.5,0.707106781186547,0.5,0.707106781186547,0.5,0.707106781186547),(1.,
0.707106781186548,1.,0.707106781186548,1.,0.707106781186548,1.,0.707106781186548,
1.)))
REPRESENTATION_ITEM('')
SURFACE()
);
#28=B_SPLINE_CURVE_WITH_KNOTS('',3,(#3402,#3403,#3404,#3405,#3406,#3407),
 .UNSPECIFIED.,.F.,.F.,(4,2,4),(-0.17105949704445,-0.119584632108858,-0.050447640262412),
 .UNSPECIFIED.);
#29=B_SPLINE_CURVE_WITH_KNOTS('',3,(#3412,#3413,#3414,#3415,#3416,#3417,
#3418,#3419,#3420,#3421,#3422,#3423,#3424,#3425,#3426,#3427,#3428,#3429,
#3430,#3431),.UNSPECIFIED.,.F.,.F.,(4,2,2,2,2,2,2,2,2,4),(-1.89491483906662,
-1.80085248505305,-1.65325623049526,-1.50674477718913,-1.3580261385598,
-1.20187789876152,-1.04396106224127,-0.885250988808356,-0.725207630029435,
-0.629361704884101),.UNSPECIFIED.);
#30=B_SPLINE_CURVE_WITH_KNOTS('',3,(#3435,#3436,#3437,#3438,#3439,#3440),
 .UNSPECIFIED.,.F.,.F.,(4,2,4),(-0.170730057833478,-0.107103797028704,-0.0501149196994018),
 .UNSPECIFIED.);
#31=B_SPLINE_CURVE_WITH_KNOTS('',3,(#3444,#3445,#3446,#3447,#3448,#3449),
 .UNSPECIFIED.,.F.,.F.,(4,2,4),(-0.371530821490803,-0.276224042659036,-0.0521364463086398),
 .UNSPECIFIED.);
#32=B_SPLINE_CURVE_WITH_KNOTS('',3,(#3453,#3454,#3455,#3456,#3457,#3458),
 .UNSPECIFIED.,.F.,.F.,(4,2,4),(-0.36986348892027,-0.33173567748196,-0.0504483818388344),
 .UNSPECIFIED.);
#33=B_SPLINE_CURVE_WITH_KNOTS('',3,(#3462,#3463,#3464,#3465,#3466,#3467,
#3468,#3469,#3470,#3471,#3472,#3473,#3474,#3475),.UNSPECIFIED.,.F.,.F.,
(4,2,2,2,2,2,4),(-1.58390486943271,-1.13305189686737,-0.700770761864868,
-0.48425536211432,-0.321619782004316,-0.169465373419171,-0.0502123169863285),
 .UNSPECIFIED.);
#34=B_SPLINE_CURVE_WITH_KNOTS('',3,(#3479,#3480,#3481,#3482,#3483,#3484,
#3485,#3486,#3487,#3488,#3489,#3490,#3491,#3492,#3493,#3494),
 .UNSPECIFIED.,.F.,.F.,(4,2,2,2,2,2,2,4),(-1.51068363649535,-1.21703905856785,
-0.991952099467768,-0.854468543009333,-0.738817153913252,-0.610113990528184,
-0.415995055123335,-0.0558038532531784),.UNSPECIFIED.);
#35=B_SPLINE_CURVE_WITH_KNOTS('',3,(#3498,#3499,#3500,#3501,#3502,#3503,
#3504,#3505,#3506,#3507,#3508,#3509),.UNSPECIFIED.,.F.,.F.,(4,2,2,2,2,4),
(-1.1671409292507,-1.11486197674958,-0.979907671265471,-0.797697514102197,
-0.419799391388911,-0.0649432484563212),.UNSPECIFIED.);
#36=B_SPLINE_CURVE_WITH_KNOTS('',3,(#3510,#3511,#3512,#3513,#3514,#3515),
 .UNSPECIFIED.,.F.,.F.,(4,2,4),(-1.34499144277328,-1.24205468876997,-1.1671409292507),
 .UNSPECIFIED.);
#37=B_SPLINE_CURVE_WITH_KNOTS('',3,(#3548,#3549,#3550,#3551,#3552,#3553,
#3554,#3555,#3556,#3557,#3558,#3559,#3560,#3561,#3562,#3563,#3564,#3565),
 .UNSPECIFIED.,.F.,.F.,(4,2,2,2,2,2,2,2,4),(-1.83365115008926,-1.7083215686249,
-1.57852342604968,-1.2882506055912,-0.803835057065054,-0.524093128835128,
-0.282153741500287,-0.129740720810037,-0.0499902056708232),
 .UNSPECIFIED.);
#38=B_SPLINE_CURVE_WITH_KNOTS('',3,(#3567,#3568,#3569,#3570,#3571,#3572,
#3573,#3574,#3575,#3576,#3577,#3578,#3579,#3580,#3581,#3582),
 .UNSPECIFIED.,.F.,.F.,(4,2,2,2,2,2,2,4),(-1.4537921975922,-1.39790442161443,
-1.28321398369471,-1.10773806271484,-0.719665372762985,-0.405775112591528,
-0.183952521156484,0.),.UNSPECIFIED.);
#39=B_SPLINE_CURVE_WITH_KNOTS('',3,(#3670,#3671,#3672,#3673),
 .UNSPECIFIED.,.F.,.F.,(4,4),(-1.81813045862929,-1.72136495826984),
 .UNSPECIFIED.);
#40=B_SPLINE_CURVE_WITH_KNOTS('',3,(#3674,#3675,#3676,#3677,#3678,#3679,
#3680,#3681,#3682,#3683,#3684,#3685,#3686,#3687,#3688,#3689,#3690,#3691,
#3692,#3693,#3694,#3695,#3696,#3697,#3698,#3699,#3700,#3701,#3702,#3703,
#3704,#3705,#3706,#3707,#3708,#3709,#3710,#3711,#3712,#3713,#3714,#3715,
#3716,#3717,#3718,#3719),.UNSPECIFIED.,.F.,.F.,(4,2,2,2,2,2,2,2,2,2,2,2,
2,2,2,2,2,2,2,2,2,2,4),(-1.72136495826984,-1.70240064197103,-1.59751406823954,
-1.49526561128198,-1.3803769552766,-1.28628828069853,-1.19990376453831,
-1.08751728217716,-0.974336486400503,-0.859667205711486,-0.744146166617751,
-0.628777545860408,-0.51430408784024,-0.464563477489043,-0.436807909904878,
-0.40995307127563,-0.359317417048868,-0.316285089186507,-0.28643439569333,
-0.260398505465353,-0.222106228062207,-0.110021832298558,0.),
 .UNSPECIFIED.);
#41=B_SPLINE_CURVE_WITH_KNOTS('',3,(#3727,#3728,#3729,#3730),
 .UNSPECIFIED.,.F.,.F.,(4,4),(-0.0761178980839178,-0.0509465117282779),
 .UNSPECIFIED.);
#42=B_SPLINE_CURVE_WITH_KNOTS('',3,(#3738,#3739,#3740,#3741),
 .UNSPECIFIED.,.F.,.F.,(4,4),(-0.204779107147937,-0.0508787481746913),
 .UNSPECIFIED.);
#43=B_SPLINE_CURVE_WITH_KNOTS('',3,(#3747,#3748,#3749,#3750,#3751,#3752,
#3753,#3754),.UNSPECIFIED.,.F.,.F.,(4,2,2,4),(-0.200032839717213,-0.177234850299007,
-0.103187658098326,-0.0500265912835701),.UNSPECIFIED.);
#44=B_SPLINE_CURVE_WITH_KNOTS('',3,(#3760,#3761,#3762,#3763),
 .UNSPECIFIED.,.F.,.F.,(4,4),(-0.0770916906118679,-0.0512016476091589),
 .UNSPECIFIED.);
#45=B_SPLINE_CURVE_WITH_KNOTS('',3,(#3768,#3769,#3770,#3771,#3772,#3773),
 .UNSPECIFIED.,.F.,.F.,(4,2,4),(-0.313138600922605,-0.219688097557203,-0.050992236007265),
 .UNSPECIFIED.);
#46=B_SPLINE_CURVE_WITH_KNOTS('',3,(#3778,#3779,#3780,#3781),
 .UNSPECIFIED.,.F.,.F.,(4,4),(-0.205587258207344,-0.0510263969478502),
 .UNSPECIFIED.);
#47=B_SPLINE_CURVE_WITH_KNOTS('',3,(#3789,#3790,#3791,#3792,#3793,#3794),
 .UNSPECIFIED.,.F.,.F.,(4,2,4),(-0.20175081335843,-0.143564261106026,-0.0506664167724886),
 .UNSPECIFIED.);
#48=B_SPLINE_CURVE_WITH_KNOTS('',3,(#3800,#3801,#3802,#3803),
 .UNSPECIFIED.,.F.,.F.,(4,4),(-0.215553283235396,-0.0548953391901962),
 .UNSPECIFIED.);
#49=B_SPLINE_CURVE_WITH_KNOTS('',3,(#3809,#3810,#3811,#3812),
 .UNSPECIFIED.,.F.,.F.,(4,4),(-0.208149970248383,-0.0527345949329769),
 .UNSPECIFIED.);
#50=B_SPLINE_CURVE_WITH_KNOTS('',3,(#3818,#3819,#3820,#3821,#3822,#3823),
 .UNSPECIFIED.,.F.,.F.,(4,2,4),(-0.201495792250685,-0.200533813935835,-0.0501770815555825),
 .UNSPECIFIED.);
#51=B_SPLINE_CURVE_WITH_KNOTS('',3,(#3828,#3829,#3830,#3831),
 .UNSPECIFIED.,.F.,.F.,(4,4),(-0.214039105175192,-0.0527672101683465),
 .UNSPECIFIED.);
#52=B_SPLINE_CURVE_WITH_KNOTS('',3,(#3836,#3837,#3838,#3839),
 .UNSPECIFIED.,.F.,.F.,(4,4),(-0.204694231713228,-0.0508628922139895),
 .UNSPECIFIED.);
#53=B_SPLINE_CURVE_WITH_KNOTS('',3,(#3847,#3848,#3849,#3850,#3851,#3852),
 .UNSPECIFIED.,.F.,.F.,(4,2,4),(-0.201067574893771,-0.157447075425029,-0.0501285342584188),
 .UNSPECIFIED.);
#54=B_SPLINE_CURVE_WITH_KNOTS('',3,(#3858,#3859,#3860,#3861,#3862,#3863),
 .UNSPECIFIED.,.F.,.F.,(4,2,4),(-0.201500913874615,-0.146549642610799,-0.0505677276347005),
 .UNSPECIFIED.);
#55=B_SPLINE_CURVE_WITH_KNOTS('',3,(#3869,#3870,#3871,#3872),
 .UNSPECIFIED.,.F.,.F.,(4,4),(-0.20566622186602,-0.0518764567922121),
 .UNSPECIFIED.);
#56=B_SPLINE_CURVE_WITH_KNOTS('',3,(#3878,#3879,#3880,#3881,#3882,#3883),
 .UNSPECIFIED.,.F.,.F.,(4,2,4),(-0.201687598428129,-0.143518466716882,-0.0506389597467637),
 .UNSPECIFIED.);
#57=B_SPLINE_CURVE_WITH_KNOTS('',3,(#3888,#3889,#3890,#3891,#3892,#3893),
 .UNSPECIFIED.,.F.,.F.,(4,2,4),(-0.201162874739917,-0.1836700395131,-0.0501396716044671),
 .UNSPECIFIED.);
#58=B_SPLINE_CURVE_WITH_KNOTS('',3,(#3898,#3899,#3900,#3901,#3902,#3903),
 .UNSPECIFIED.,.F.,.F.,(4,2,4),(-0.200991060881986,-0.138039448571834,-0.0501168251218501),
 .UNSPECIFIED.);
#59=B_SPLINE_CURVE_WITH_KNOTS('',3,(#3911,#3912,#3913,#3914,#3915,#3916),
 .UNSPECIFIED.,.F.,.F.,(4,2,4),(-0.201010138805721,-0.130580945065087,-0.0501226569534682),
 .UNSPECIFIED.);
#60=B_SPLINE_CURVE_WITH_KNOTS('',3,(#3922,#3923,#3924,#3925,#3926,#3927,
#3928,#3929),.UNSPECIFIED.,.F.,.F.,(4,2,2,4),(-0.200029604543338,-0.176996400317871,
-0.0970471224643504,-0.0500233055846714),.UNSPECIFIED.);
#61=B_SPLINE_CURVE_WITH_KNOTS('',3,(#3935,#3936,#3937,#3938),
 .UNSPECIFIED.,.F.,.F.,(4,4),(-0.20121259694611,-0.0505041151426679),
 .UNSPECIFIED.);
#62=B_SPLINE_CURVE_WITH_KNOTS('',3,(#3944,#3945,#3946,#3947,#3948,#3949),
 .UNSPECIFIED.,.F.,.F.,(4,2,4),(-0.201455113369046,-0.150538130164853,-0.0505510049847714),
 .UNSPECIFIED.);
#63=B_SPLINE_CURVE_WITH_KNOTS('',3,(#3954,#3955,#3956,#3957,#3958,#3959,
#3960,#3961),.UNSPECIFIED.,.F.,.F.,(4,2,2,4),(-0.200039463899048,-0.179271060184894,
-0.106411430055763,-0.0500338787319548),.UNSPECIFIED.);
#64=B_SPLINE_CURVE_WITH_KNOTS('',3,(#3966,#3967,#3968,#3969,#3970,#3971,
#3972,#3973,#3974,#3975),.UNSPECIFIED.,.F.,.F.,(4,2,2,2,4),(-0.349835914735875,
-0.287265723913283,-0.201606660788599,-0.116465426262795,-0.0501536478008251),
 .UNSPECIFIED.);
#65=B_SPLINE_CURVE_WITH_KNOTS('',3,(#3983,#3984,#3985,#3986),
 .UNSPECIFIED.,.F.,.F.,(4,4),(-0.213929515978862,-0.0528468493618863),
 .UNSPECIFIED.);
#66=B_SPLINE_CURVE_WITH_KNOTS('',3,(#3992,#3993,#3994,#3995,#3996,#3997,
#3998,#3999),.UNSPECIFIED.,.F.,.F.,(4,2,2,4),(-0.200045170727063,-0.174083181980638,
-0.0967205550102074,-0.0500365193521891),.UNSPECIFIED.);
#67=B_SPLINE_CURVE_WITH_KNOTS('',3,(#4005,#4006,#4007,#4008),
 .UNSPECIFIED.,.F.,.F.,(4,4),(-0.216739245697111,-0.055300149285221),
 .UNSPECIFIED.);
#68=B_SPLINE_CURVE_WITH_KNOTS('',3,(#4013,#4014,#4015,#4016),
 .UNSPECIFIED.,.F.,.F.,(4,4),(-0.0544612564515088,-0.0539307368441795),
 .UNSPECIFIED.);
#69=B_SPLINE_CURVE_WITH_KNOTS('',3,(#4021,#4022,#4023,#4024),
 .UNSPECIFIED.,.F.,.F.,(4,4),(-0.0764770265740476,-0.0511730600155564),
 .UNSPECIFIED.);
#70=B_SPLINE_CURVE_WITH_KNOTS('',3,(#4032,#4033,#4034,#4035),
 .UNSPECIFIED.,.F.,.F.,(4,4),(-0.213228797323269,-0.0526147831869199),
 .UNSPECIFIED.);
#71=B_SPLINE_CURVE_WITH_KNOTS('',3,(#4041,#4042,#4043,#4044,#4045,#4046),
 .UNSPECIFIED.,.F.,.F.,(4,2,4),(-0.201279435514321,-0.197637215789525,-0.0501584970730324),
 .UNSPECIFIED.);
#72=B_SPLINE_CURVE_WITH_KNOTS('',3,(#4052,#4053,#4054,#4055),
 .UNSPECIFIED.,.F.,.F.,(4,4),(-0.077303124615148,-0.0513504141140714),
 .UNSPECIFIED.);
#73=B_SPLINE_CURVE_WITH_KNOTS('',3,(#4060,#4061,#4062,#4063),
 .UNSPECIFIED.,.F.,.F.,(4,4),(-0.323657478765118,-0.0535446173077172),
 .UNSPECIFIED.);
#74=B_SPLINE_CURVE_WITH_KNOTS('',3,(#4068,#4069,#4070,#4071,#4072,#4073),
 .UNSPECIFIED.,.F.,.F.,(4,2,4),(-0.312333727400175,-0.17029432339784,-0.050125355460918),
 .UNSPECIFIED.);
#75=B_SPLINE_CURVE_WITH_KNOTS('',3,(#4081,#4082,#4083,#4084),
 .UNSPECIFIED.,.F.,.F.,(4,4),(-0.0760204247296846,-0.0508850725333132),
 .UNSPECIFIED.);
#76=B_SPLINE_CURVE_WITH_KNOTS('',3,(#4090,#4091,#4092,#4093,#4094,#4095,
#4096,#4097),.UNSPECIFIED.,.F.,.F.,(4,2,2,4),(-0.200036433831159,-0.178320154091754,
-0.10512136783918,-0.0500308471770621),.UNSPECIFIED.);
#77=B_SPLINE_CURVE_WITH_KNOTS('',3,(#4103,#4104,#4105,#4106),
 .UNSPECIFIED.,.F.,.F.,(4,4),(-0.205729111759552,-0.0518985151031253),
 .UNSPECIFIED.);
#78=B_SPLINE_CURVE_WITH_KNOTS('',3,(#4111,#4112,#4113,#4114),
 .UNSPECIFIED.,.F.,.F.,(4,4),(-0.077242329797241,-0.0513072731170035),
 .UNSPECIFIED.);
#79=B_SPLINE_CURVE_WITH_KNOTS('',3,(#4119,#4120,#4121,#4122,#4123,#4124,
#4125,#4126),.UNSPECIFIED.,.F.,.F.,(4,2,2,4),(-0.200034736681843,-0.177494660271044,
-0.103558845000133,-0.0500288029655441),.UNSPECIFIED.);
#80=B_SPLINE_CURVE_WITH_KNOTS('',3,(#4134,#4135,#4136,#4137),
 .UNSPECIFIED.,.F.,.F.,(4,4),(-0.205801644269252,-0.0519207741996957),
 .UNSPECIFIED.);
#81=B_SPLINE_CURVE_WITH_KNOTS('',3,(#4143,#4144,#4145,#4146),
 .UNSPECIFIED.,.F.,.F.,(4,4),(-0.206320364062322,-0.0520985436306702),
 .UNSPECIFIED.);
#82=B_SPLINE_CURVE_WITH_KNOTS('',3,(#4152,#4153,#4154,#4155,#4156,#4157,
#4158,#4159),.UNSPECIFIED.,.F.,.F.,(4,2,2,4),(-0.20004505994608,-0.175949872450001,
-0.100327763548541,-0.0500376273805934),.UNSPECIFIED.);
#83=B_SPLINE_CURVE_WITH_KNOTS('',3,(#4165,#4166,#4167,#4168),
 .UNSPECIFIED.,.F.,.F.,(4,4),(-0.205198224796459,-0.0509533748053047),
 .UNSPECIFIED.);
#84=B_SPLINE_CURVE_WITH_KNOTS('',3,(#4173,#4174,#4175,#4176),
 .UNSPECIFIED.,.F.,.F.,(4,4),(-0.204843446696063,-0.0508917738804673),
 .UNSPECIFIED.);
#85=B_SPLINE_CURVE_WITH_KNOTS('',3,(#4181,#4182,#4183,#4184,#4185,#4186,
#4187,#4188),.UNSPECIFIED.,.F.,.F.,(4,2,2,4),(-0.200032905331563,-0.176983432632996,
-0.0972404441761302,-0.0500271022345043),.UNSPECIFIED.);
#86=B_SPLINE_CURVE_WITH_KNOTS('',3,(#4196,#4197,#4198,#4199),
 .UNSPECIFIED.,.F.,.F.,(4,4),(-0.201293020363744,-0.0505299679930752),
 .UNSPECIFIED.);
#87=B_SPLINE_CURVE_WITH_KNOTS('',3,(#4205,#4206,#4207,#4208,#4209,#4210),
 .UNSPECIFIED.,.F.,.F.,(4,2,4),(-0.201487703074482,-0.150137251377471,-0.0505615178660157),
 .UNSPECIFIED.);
#88=B_SPLINE_CURVE_WITH_KNOTS('',3,(#4216,#4217,#4218,#4219,#4220,#4221,
#4222,#4223),.UNSPECIFIED.,.F.,.F.,(4,2,2,4),(-0.200034934479923,-0.178736188918287,
-0.105634516194542,-0.0500296416652521),.UNSPECIFIED.);
#89=B_SPLINE_CURVE_WITH_KNOTS('',3,(#4229,#4230,#4231,#4232,#4233,#4234),
 .UNSPECIFIED.,.F.,.F.,(4,2,4),(-0.201058275598519,-0.145334691357659,-0.0501283768447328),
 .UNSPECIFIED.);
#90=B_SPLINE_CURVE_WITH_KNOTS('',3,(#4239,#4240,#4241,#4242),
 .UNSPECIFIED.,.F.,.F.,(4,4),(-0.200945519130172,-0.0501179999598759),
 .UNSPECIFIED.);
#91=B_SPLINE_CURVE_WITH_KNOTS('',3,(#4247,#4248,#4249,#4250,#4251,#4252,
#4253,#4254),.UNSPECIFIED.,.F.,.F.,(4,2,2,4),(-0.200033548490236,-0.193641095148972,
-0.095853045534871,-0.0500312471437825),.UNSPECIFIED.);
#92=B_SPLINE_CURVE_WITH_KNOTS('',3,(#4262,#4263,#4264,#4265),
 .UNSPECIFIED.,.F.,.F.,(4,4),(-0.201265222652296,-0.0505210080895652),
 .UNSPECIFIED.);
#93=B_SPLINE_CURVE_WITH_KNOTS('',3,(#4271,#4272,#4273,#4274,#4275,#4276),
 .UNSPECIFIED.,.F.,.F.,(4,2,4),(-0.201358575273976,-0.192152747128455,-0.0505306294215891),
 .UNSPECIFIED.);
#94=B_SPLINE_CURVE_WITH_KNOTS('',3,(#4282,#4283,#4284,#4285,#4286,#4287,
#4288,#4289),.UNSPECIFIED.,.F.,.F.,(4,2,2,4),(-0.200031183631371,-0.178268671778687,
-0.104929011937802,-0.0500254713929203),.UNSPECIFIED.);
#95=B_SPLINE_CURVE_WITH_KNOTS('',3,(#4295,#4296,#4297,#4298,#4299,#4300),
 .UNSPECIFIED.,.F.,.F.,(4,2,4),(-0.20103407047809,-0.140369799946784,-0.0501243972369286),
 .UNSPECIFIED.);
#96=B_SPLINE_CURVE_WITH_KNOTS('',3,(#4305,#4306,#4307,#4308,#4309,#4310),
 .UNSPECIFIED.,.F.,.F.,(4,2,4),(-0.200920801759631,-0.193103086143668,-0.0501089455249802),
 .UNSPECIFIED.);
#97=B_SPLINE_CURVE_WITH_KNOTS('',3,(#4315,#4316,#4317,#4318,#4319,#4320),
 .UNSPECIFIED.,.F.,.F.,(4,2,4),(-0.201085954974477,-0.159074307823175,-0.0501318342534957),
 .UNSPECIFIED.);
#98=B_SPLINE_CURVE_WITH_KNOTS('',3,(#4328,#4329,#4330,#4331,#4332,#4333),
 .UNSPECIFIED.,.F.,.F.,(4,2,4),(-0.20147775848218,-0.146460458148164,-0.050560389855333),
 .UNSPECIFIED.);
#99=B_SPLINE_CURVE_WITH_KNOTS('',3,(#4339,#4340,#4341,#4342),
 .UNSPECIFIED.,.F.,.F.,(4,4),(-0.205664319730055,-0.0518758076145002),
 .UNSPECIFIED.);
#100=B_SPLINE_CURVE_WITH_KNOTS('',3,(#4348,#4349,#4350,#4351,#4352,#4353),
 .UNSPECIFIED.,.F.,.F.,(4,2,4),(-0.20171322041164,-0.143512068983129,-0.0506470464727543),
 .UNSPECIFIED.);
#101=B_SPLINE_CURVE_WITH_KNOTS('',3,(#4359,#4360,#4361,#4362,#4363,#4364),
 .UNSPECIFIED.,.F.,.F.,(4,2,4),(-0.20114452445018,-0.18146943950579,-0.0501361512758806),
 .UNSPECIFIED.);
#102=B_SPLINE_CURVE_WITH_KNOTS('',3,(#4369,#4370,#4371,#4372),
 .UNSPECIFIED.,.F.,.F.,(4,4),(-0.204695520404729,-0.0508631163280479),
 .UNSPECIFIED.);
#103=B_SPLINE_CURVE_WITH_KNOTS('',3,(#4377,#4378,#4379,#4380),
 .UNSPECIFIED.,.F.,.F.,(4,4),(-0.213432769878187,-0.0526561529653099),
 .UNSPECIFIED.);
#104=B_SPLINE_CURVE_WITH_KNOTS('',3,(#4388,#4389,#4390,#4391,#4392,#4393),
 .UNSPECIFIED.,.F.,.F.,(4,2,4),(-0.201237942145795,-0.191703111364263,-0.0501496988344672),
 .UNSPECIFIED.);
#105=B_SPLINE_CURVE_WITH_KNOTS('',3,(#4399,#4400,#4401,#4402),
 .UNSPECIFIED.,.F.,.F.,(4,4),(-0.206657617636792,-0.0522140962823138),
 .UNSPECIFIED.);
#106=B_SPLINE_CURVE_WITH_KNOTS('',3,(#4408,#4409,#4410,#4411),
 .UNSPECIFIED.,.F.,.F.,(4,4),(-0.216358824603685,-0.0551659225821682),
 .UNSPECIFIED.);
#107=B_SPLINE_CURVE_WITH_KNOTS('',3,(#4417,#4418,#4419,#4420,#4421,#4422),
 .UNSPECIFIED.,.F.,.F.,(4,2,4),(-0.202297969602182,-0.1446391464253,-0.05087536503308),
 .UNSPECIFIED.);
#108=B_SPLINE_CURVE_WITH_KNOTS('',3,(#4427,#4428,#4429,#4430),
 .UNSPECIFIED.,.F.,.F.,(4,4),(-0.206630850085045,-0.0512055210644714),
 .UNSPECIFIED.);
#109=B_SPLINE_CURVE_WITH_KNOTS('',3,(#4435,#4436,#4437,#4438),
 .UNSPECIFIED.,.F.,.F.,(4,4),(-0.321596898472718,-0.0511455916860949),
 .UNSPECIFIED.);
#110=B_SPLINE_CURVE_WITH_KNOTS('',3,(#4446,#4447,#4448,#4449),
 .UNSPECIFIED.,.F.,.F.,(4,4),(-0.0761991299305463,-0.0509981528419778),
 .UNSPECIFIED.);
#111=B_SPLINE_CURVE_WITH_KNOTS('',3,(#4455,#4456,#4457,#4458,#4459,#4460),
 .UNSPECIFIED.,.F.,.F.,(4,2,4),(-0.201811018707003,-0.143493759533957,-0.050684940154189),
 .UNSPECIFIED.);
#112=B_SPLINE_CURVE_WITH_KNOTS('',3,(#4466,#4467,#4468,#4469),
 .UNSPECIFIED.,.F.,.F.,(4,4),(-0.21532161403565,-0.0548233934809306),
 .UNSPECIFIED.);
#113=B_SPLINE_CURVE_WITH_KNOTS('',3,(#4474,#4475,#4476,#4477),
 .UNSPECIFIED.,.F.,.F.,(4,4),(-0.0777227645300888,-0.0516453948746408),
 .UNSPECIFIED.);
#114=B_SPLINE_CURVE_WITH_KNOTS('',3,(#4508,#4509,#4510,#4511,#4512,#4513,
#4514,#4515,#4516,#4517,#4518,#4519),.UNSPECIFIED.,.F.,.F.,(4,2,2,2,2,4),
(0.0638720709070246,0.43664119537851,0.794503341941589,0.972807451280391,
1.1085240351517,1.15408258723157),.UNSPECIFIED.);
#115=B_SPLINE_CURVE_WITH_KNOTS('',3,(#4523,#4524,#4525,#4526,#4527,#4528),
 .UNSPECIFIED.,.F.,.F.,(4,2,4),(1.15408258723157,1.23640091970952,1.32157950388546),
 .UNSPECIFIED.);
#116=B_SPLINE_CURVE_WITH_KNOTS('',3,(#4530,#4531,#4532,#4533,#4534,#4535),
 .UNSPECIFIED.,.F.,.F.,(4,2,4),(0.0520439981993204,0.275778705494739,0.368556189622598),
 .UNSPECIFIED.);
#117=B_SPLINE_CURVE_WITH_KNOTS('',3,(#4537,#4538,#4539,#4540,#4541,#4542),
 .UNSPECIFIED.,.F.,.F.,(4,2,4),(0.0500982286479386,0.113422897331101,0.183243225384702),
 .UNSPECIFIED.);
#118=B_SPLINE_CURVE_WITH_KNOTS('',3,(#4544,#4545,#4546,#4547,#4548,#4549,
#4550,#4551,#4552,#4553,#4554,#4555,#4556,#4557,#4558,#4559,#4560,#4561,
#4562,#4563),.UNSPECIFIED.,.F.,.F.,(4,2,2,2,2,2,2,2,2,4),(3.08064778742964,
3.23224674388299,3.38781492419255,3.54218635990541,3.69602754155456,3.84510013792537,
3.98883801705333,4.13193299187583,4.2765806478482,4.31446374681506),
 .UNSPECIFIED.);
#119=B_SPLINE_CURVE_WITH_KNOTS('',3,(#4565,#4566,#4567,#4568,#4569,#4570),
 .UNSPECIFIED.,.F.,.F.,(4,2,4),(0.0504454861766864,0.126922795250982,0.183586234942703),
 .UNSPECIFIED.);
#120=B_SPLINE_CURVE_WITH_KNOTS('',3,(#4572,#4573,#4574,#4575,#4576,#4577),
 .UNSPECIFIED.,.F.,.F.,(4,2,4),(0.0504227345427175,0.321004361281544,0.366986512201983),
 .UNSPECIFIED.);
#121=B_SPLINE_CURVE_WITH_KNOTS('',3,(#4579,#4580,#4581,#4582,#4583,#4584,
#4585,#4586,#4587,#4588,#4589,#4590,#4591,#4592),.UNSPECIFIED.,.F.,.F.,
(4,2,2,2,2,2,4),(0.0501874447189597,0.167287649883202,0.319856894565278,
0.484565552112316,0.707276695751226,1.15785717218382,1.51984496800251),
 .UNSPECIFIED.);
#122=B_SPLINE_CURVE_WITH_KNOTS('',3,(#4593,#4594,#4595,#4596,#4597,#4598,
#4599,#4600,#4601,#4602,#4603,#4604,#4605,#4606,#4607,#4608),
 .UNSPECIFIED.,.F.,.F.,(4,2,2,2,2,2,2,4),(0.0553023545561475,0.406431090237155,
0.598803496306073,0.727986890734118,0.845169390260204,0.985641095191447,
1.21779236747919,1.48318855750648),.UNSPECIFIED.);
#123=CYLINDRICAL_SURFACE('',#2598,1.35);
#124=CYLINDRICAL_SURFACE('',#2610,4.);
#125=CYLINDRICAL_SURFACE('',#2622,16.7);
#126=CYLINDRICAL_SURFACE('',#2643,13.);
#127=CYLINDRICAL_SURFACE('',#2644,1.75);
#128=CYLINDRICAL_SURFACE('',#2647,2.875);
#129=CYLINDRICAL_SURFACE('',#2731,3.9);
#130=CONICAL_SURFACE('',#2595,1.6,0.78539816339745);
#131=FACE_BOUND('',#313,.T.);
#132=FACE_BOUND('',#318,.T.);
#133=FACE_BOUND('',#319,.T.);
#134=FACE_BOUND('',#339,.T.);
#135=FACE_BOUND('',#341,.T.);
#136=FACE_BOUND('',#360,.T.);
#137=FACE_BOUND('',#435,.T.);
#138=FACE_BOUND('',#436,.T.);
#139=FACE_BOUND('',#437,.T.);
#140=FACE_BOUND('',#438,.T.);
#141=FACE_BOUND('',#439,.T.);
#142=FACE_BOUND('',#440,.T.);
#143=FACE_BOUND('',#441,.T.);
#144=FACE_BOUND('',#442,.T.);
#145=FACE_BOUND('',#443,.T.);
#146=FACE_BOUND('',#444,.T.);
#147=FACE_BOUND('',#445,.T.);
#148=FACE_BOUND('',#446,.T.);
#149=FACE_BOUND('',#447,.T.);
#150=FACE_BOUND('',#448,.T.);
#151=FACE_BOUND('',#458,.T.);
#152=FACE_BOUND('',#459,.T.);
#153=FACE_BOUND('',#460,.T.);
#154=FACE_BOUND('',#461,.T.);
#155=FACE_BOUND('',#462,.T.);
#156=FACE_BOUND('',#463,.T.);
#157=FACE_BOUND('',#464,.T.);
#158=FACE_BOUND('',#465,.T.);
#159=FACE_BOUND('',#466,.T.);
#160=FACE_BOUND('',#467,.T.);
#161=FACE_BOUND('',#468,.T.);
#162=FACE_BOUND('',#469,.T.);
#163=FACE_BOUND('',#470,.T.);
#164=FACE_BOUND('',#471,.T.);
#165=CIRCLE('',#2593,13.);
#166=CIRCLE('',#2596,1.85);
#167=CIRCLE('',#2597,1.35);
#168=CIRCLE('',#2599,1.35);
#169=CIRCLE('',#2601,4.);
#170=CIRCLE('',#2618,16.7);
#171=CIRCLE('',#2619,16.7);
#172=CIRCLE('',#2623,16.7);
#173=CIRCLE('',#2624,16.7);
#174=CIRCLE('',#2625,16.7);
#175=CIRCLE('',#2627,13.);
#176=CIRCLE('',#2645,1.75);
#177=CIRCLE('',#2646,1.75);
#178=CIRCLE('',#2648,2.875);
#179=CIRCLE('',#2732,3.9);
#180=FACE_OUTER_BOUND('',#309,.T.);
#181=FACE_OUTER_BOUND('',#310,.T.);
#182=FACE_OUTER_BOUND('',#311,.T.);
#183=FACE_OUTER_BOUND('',#312,.T.);
#184=FACE_OUTER_BOUND('',#314,.T.);
#185=FACE_OUTER_BOUND('',#315,.T.);
#186=FACE_OUTER_BOUND('',#316,.T.);
#187=FACE_OUTER_BOUND('',#317,.T.);
#188=FACE_OUTER_BOUND('',#320,.T.);
#189=FACE_OUTER_BOUND('',#321,.T.);
#190=FACE_OUTER_BOUND('',#322,.T.);
#191=FACE_OUTER_BOUND('',#323,.T.);
#192=FACE_OUTER_BOUND('',#324,.T.);
#193=FACE_OUTER_BOUND('',#325,.T.);
#194=FACE_OUTER_BOUND('',#326,.T.);
#195=FACE_OUTER_BOUND('',#327,.T.);
#196=FACE_OUTER_BOUND('',#328,.T.);
#197=FACE_OUTER_BOUND('',#329,.T.);
#198=FACE_OUTER_BOUND('',#330,.T.);
#199=FACE_OUTER_BOUND('',#331,.T.);
#200=FACE_OUTER_BOUND('',#332,.T.);
#201=FACE_OUTER_BOUND('',#333,.T.);
#202=FACE_OUTER_BOUND('',#334,.T.);
#203=FACE_OUTER_BOUND('',#335,.T.);
#204=FACE_OUTER_BOUND('',#336,.T.);
#205=FACE_OUTER_BOUND('',#337,.T.);
#206=FACE_OUTER_BOUND('',#338,.T.);
#207=FACE_OUTER_BOUND('',#340,.T.);
#208=FACE_OUTER_BOUND('',#342,.T.);
#209=FACE_OUTER_BOUND('',#343,.T.);
#210=FACE_OUTER_BOUND('',#344,.T.);
#211=FACE_OUTER_BOUND('',#345,.T.);
#212=FACE_OUTER_BOUND('',#346,.T.);
#213=FACE_OUTER_BOUND('',#347,.T.);
#214=FACE_OUTER_BOUND('',#348,.T.);
#215=FACE_OUTER_BOUND('',#349,.T.);
#216=FACE_OUTER_BOUND('',#350,.T.);
#217=FACE_OUTER_BOUND('',#351,.T.);
#218=FACE_OUTER_BOUND('',#352,.T.);
#219=FACE_OUTER_BOUND('',#353,.T.);
#220=FACE_OUTER_BOUND('',#354,.T.);
#221=FACE_OUTER_BOUND('',#355,.T.);
#222=FACE_OUTER_BOUND('',#356,.T.);
#223=FACE_OUTER_BOUND('',#357,.T.);
#224=FACE_OUTER_BOUND('',#358,.T.);
#225=FACE_OUTER_BOUND('',#359,.T.);
#226=FACE_OUTER_BOUND('',#361,.T.);
#227=FACE_OUTER_BOUND('',#362,.T.);
#228=FACE_OUTER_BOUND('',#363,.T.);
#229=FACE_OUTER_BOUND('',#364,.T.);
#230=FACE_OUTER_BOUND('',#365,.T.);
#231=FACE_OUTER_BOUND('',#366,.T.);
#232=FACE_OUTER_BOUND('',#367,.T.);
#233=FACE_OUTER_BOUND('',#368,.T.);
#234=FACE_OUTER_BOUND('',#369,.T.);
#235=FACE_OUTER_BOUND('',#370,.T.);
#236=FACE_OUTER_BOUND('',#371,.T.);
#237=FACE_OUTER_BOUND('',#372,.T.);
#238=FACE_OUTER_BOUND('',#373,.T.);
#239=FACE_OUTER_BOUND('',#374,.T.);
#240=FACE_OUTER_BOUND('',#375,.T.);
#241=FACE_OUTER_BOUND('',#376,.T.);
#242=FACE_OUTER_BOUND('',#377,.T.);
#243=FACE_OUTER_BOUND('',#378,.T.);
#244=FACE_OUTER_BOUND('',#379,.T.);
#245=FACE_OUTER_BOUND('',#380,.T.);
#246=FACE_OUTER_BOUND('',#381,.T.);
#247=FACE_OUTER_BOUND('',#382,.T.);
#248=FACE_OUTER_BOUND('',#383,.T.);
#249=FACE_OUTER_BOUND('',#384,.T.);
#250=FACE_OUTER_BOUND('',#385,.T.);
#251=FACE_OUTER_BOUND('',#386,.T.);
#252=FACE_OUTER_BOUND('',#387,.T.);
#253=FACE_OUTER_BOUND('',#388,.T.);
#254=FACE_OUTER_BOUND('',#389,.T.);
#255=FACE_OUTER_BOUND('',#390,.T.);
#256=FACE_OUTER_BOUND('',#391,.T.);
#257=FACE_OUTER_BOUND('',#392,.T.);
#258=FACE_OUTER_BOUND('',#393,.T.);
#259=FACE_OUTER_BOUND('',#394,.T.);
#260=FACE_OUTER_BOUND('',#395,.T.);
#261=FACE_OUTER_BOUND('',#396,.T.);
#262=FACE_OUTER_BOUND('',#397,.T.);
#263=FACE_OUTER_BOUND('',#398,.T.);
#264=FACE_OUTER_BOUND('',#399,.T.);
#265=FACE_OUTER_BOUND('',#400,.T.);
#266=FACE_OUTER_BOUND('',#401,.T.);
#267=FACE_OUTER_BOUND('',#402,.T.);
#268=FACE_OUTER_BOUND('',#403,.T.);
#269=FACE_OUTER_BOUND('',#404,.T.);
#270=FACE_OUTER_BOUND('',#405,.T.);
#271=FACE_OUTER_BOUND('',#406,.T.);
#272=FACE_OUTER_BOUND('',#407,.T.);
#273=FACE_OUTER_BOUND('',#408,.T.);
#274=FACE_OUTER_BOUND('',#409,.T.);
#275=FACE_OUTER_BOUND('',#410,.T.);
#276=FACE_OUTER_BOUND('',#411,.T.);
#277=FACE_OUTER_BOUND('',#412,.T.);
#278=FACE_OUTER_BOUND('',#413,.T.);
#279=FACE_OUTER_BOUND('',#414,.T.);
#280=FACE_OUTER_BOUND('',#415,.T.);
#281=FACE_OUTER_BOUND('',#416,.T.);
#282=FACE_OUTER_BOUND('',#417,.T.);
#283=FACE_OUTER_BOUND('',#418,.T.);
#284=FACE_OUTER_BOUND('',#419,.T.);
#285=FACE_OUTER_BOUND('',#420,.T.);
#286=FACE_OUTER_BOUND('',#421,.T.);
#287=FACE_OUTER_BOUND('',#422,.T.);
#288=FACE_OUTER_BOUND('',#423,.T.);
#289=FACE_OUTER_BOUND('',#424,.T.);
#290=FACE_OUTER_BOUND('',#425,.T.);
#291=FACE_OUTER_BOUND('',#426,.T.);
#292=FACE_OUTER_BOUND('',#427,.T.);
#293=FACE_OUTER_BOUND('',#428,.T.);
#294=FACE_OUTER_BOUND('',#429,.T.);
#295=FACE_OUTER_BOUND('',#430,.T.);
#296=FACE_OUTER_BOUND('',#431,.T.);
#297=FACE_OUTER_BOUND('',#432,.T.);
#298=FACE_OUTER_BOUND('',#433,.T.);
#299=FACE_OUTER_BOUND('',#434,.T.);
#300=FACE_OUTER_BOUND('',#449,.T.);
#301=FACE_OUTER_BOUND('',#450,.T.);
#302=FACE_OUTER_BOUND('',#451,.T.);
#303=FACE_OUTER_BOUND('',#452,.T.);
#304=FACE_OUTER_BOUND('',#453,.T.);
#305=FACE_OUTER_BOUND('',#454,.T.);
#306=FACE_OUTER_BOUND('',#455,.T.);
#307=FACE_OUTER_BOUND('',#456,.T.);
#308=FACE_OUTER_BOUND('',#457,.T.);
#309=EDGE_LOOP('',(#1591,#1592,#1593,#1594));
#310=EDGE_LOOP('',(#1595,#1596,#1597,#1598));
#311=EDGE_LOOP('',(#1599,#1600,#1601,#1602));
#312=EDGE_LOOP('',(#1603));
#313=EDGE_LOOP('',(#1604,#1605,#1606,#1607,#1608,#1609,#1610,#1611,#1612,
#1613,#1614,#1615,#1616,#1617,#1618,#1619));
#314=EDGE_LOOP('',(#1620,#1621,#1622,#1623));
#315=EDGE_LOOP('',(#1624,#1625,#1626,#1627));
#316=EDGE_LOOP('',(#1628,#1629,#1630,#1631));
#317=EDGE_LOOP('',(#1632,#1633,#1634,#1635,#1636,#1637,#1638,#1639));
#318=EDGE_LOOP('',(#1640,#1641,#1642,#1643));
#319=EDGE_LOOP('',(#1644));
#320=EDGE_LOOP('',(#1645));
#321=EDGE_LOOP('',(#1646,#1647,#1648,#1649));
#322=EDGE_LOOP('',(#1650,#1651,#1652,#1653));
#323=EDGE_LOOP('',(#1654,#1655,#1656,#1657));
#324=EDGE_LOOP('',(#1658,#1659,#1660,#1661,#1662,#1663,#1664));
#325=EDGE_LOOP('',(#1665,#1666,#1667,#1668));
#326=EDGE_LOOP('',(#1669,#1670,#1671,#1672,#1673,#1674,#1675));
#327=EDGE_LOOP('',(#1676,#1677,#1678,#1679));
#328=EDGE_LOOP('',(#1680,#1681,#1682,#1683));
#329=EDGE_LOOP('',(#1684,#1685,#1686,#1687));
#330=EDGE_LOOP('',(#1688,#1689,#1690,#1691));
#331=EDGE_LOOP('',(#1692,#1693,#1694,#1695));
#332=EDGE_LOOP('',(#1696,#1697,#1698,#1699));
#333=EDGE_LOOP('',(#1700,#1701,#1702,#1703));
#334=EDGE_LOOP('',(#1704,#1705,#1706,#1707,#1708));
#335=EDGE_LOOP('',(#1709,#1710,#1711,#1712,#1713,#1714,#1715,#1716,#1717,
#1718,#1719,#1720,#1721,#1722,#1723));
#336=EDGE_LOOP('',(#1724,#1725));
#337=EDGE_LOOP('',(#1726,#1727,#1728,#1729,#1730,#1731,#1732,#1733,#1734,
#1735));
#338=EDGE_LOOP('',(#1736));
#339=EDGE_LOOP('',(#1737));
#340=EDGE_LOOP('',(#1738,#1739,#1740,#1741,#1742));
#341=EDGE_LOOP('',(#1743,#1744,#1745,#1746));
#342=EDGE_LOOP('',(#1747,#1748,#1749,#1750));
#343=EDGE_LOOP('',(#1751,#1752,#1753,#1754,#1755));
#344=EDGE_LOOP('',(#1756,#1757,#1758,#1759,#1760));
#345=EDGE_LOOP('',(#1761,#1762,#1763,#1764));
#346=EDGE_LOOP('',(#1765,#1766,#1767,#1768));
#347=EDGE_LOOP('',(#1769,#1770,#1771,#1772));
#348=EDGE_LOOP('',(#1773,#1774,#1775,#1776,#1777,#1778,#1779,#1780));
#349=EDGE_LOOP('',(#1781,#1782,#1783,#1784));
#350=EDGE_LOOP('',(#1785,#1786,#1787,#1788));
#351=EDGE_LOOP('',(#1789,#1790,#1791,#1792,#1793,#1794));
#352=EDGE_LOOP('',(#1795,#1796,#1797,#1798));
#353=EDGE_LOOP('',(#1799,#1800,#1801,#1802,#1803,#1804));
#354=EDGE_LOOP('',(#1805,#1806,#1807,#1808,#1809,#1810,#1811,#1812));
#355=EDGE_LOOP('',(#1813,#1814,#1815,#1816));
#356=EDGE_LOOP('',(#1817,#1818,#1819,#1820));
#357=EDGE_LOOP('',(#1821,#1822,#1823,#1824));
#358=EDGE_LOOP('',(#1825,#1826,#1827,#1828,#1829));
#359=EDGE_LOOP('',(#1830));
#360=EDGE_LOOP('',(#1831));
#361=EDGE_LOOP('',(#1832,#1833,#1834,#1835));
#362=EDGE_LOOP('',(#1836,#1837,#1838,#1839));
#363=EDGE_LOOP('',(#1840,#1841,#1842,#1843));
#364=EDGE_LOOP('',(#1844,#1845,#1846,#1847));
#365=EDGE_LOOP('',(#1848,#1849,#1850,#1851));
#366=EDGE_LOOP('',(#1852,#1853,#1854,#1855));
#367=EDGE_LOOP('',(#1856,#1857,#1858,#1859));
#368=EDGE_LOOP('',(#1860,#1861,#1862,#1863));
#369=EDGE_LOOP('',(#1864,#1865,#1866,#1867));
#370=EDGE_LOOP('',(#1868,#1869,#1870,#1871));
#371=EDGE_LOOP('',(#1872,#1873,#1874,#1875));
#372=EDGE_LOOP('',(#1876,#1877,#1878,#1879));
#373=EDGE_LOOP('',(#1880,#1881,#1882,#1883));
#374=EDGE_LOOP('',(#1884,#1885,#1886,#1887));
#375=EDGE_LOOP('',(#1888,#1889,#1890,#1891));
#376=EDGE_LOOP('',(#1892,#1893,#1894,#1895));
#377=EDGE_LOOP('',(#1896,#1897,#1898,#1899));
#378=EDGE_LOOP('',(#1900,#1901,#1902,#1903));
#379=EDGE_LOOP('',(#1904,#1905,#1906,#1907));
#380=EDGE_LOOP('',(#1908,#1909,#1910,#1911));
#381=EDGE_LOOP('',(#1912,#1913,#1914,#1915));
#382=EDGE_LOOP('',(#1916,#1917,#1918,#1919));
#383=EDGE_LOOP('',(#1920,#1921,#1922,#1923));
#384=EDGE_LOOP('',(#1924,#1925,#1926,#1927));
#385=EDGE_LOOP('',(#1928,#1929,#1930,#1931));
#386=EDGE_LOOP('',(#1932,#1933,#1934,#1935));
#387=EDGE_LOOP('',(#1936,#1937,#1938,#1939));
#388=EDGE_LOOP('',(#1940,#1941,#1942,#1943));
#389=EDGE_LOOP('',(#1944,#1945,#1946,#1947));
#390=EDGE_LOOP('',(#1948,#1949,#1950,#1951));
#391=EDGE_LOOP('',(#1952,#1953,#1954,#1955));
#392=EDGE_LOOP('',(#1956,#1957,#1958,#1959));
#393=EDGE_LOOP('',(#1960,#1961,#1962,#1963));
#394=EDGE_LOOP('',(#1964,#1965,#1966,#1967));
#395=EDGE_LOOP('',(#1968,#1969,#1970,#1971));
#396=EDGE_LOOP('',(#1972,#1973,#1974,#1975));
#397=EDGE_LOOP('',(#1976,#1977,#1978,#1979));
#398=EDGE_LOOP('',(#1980,#1981,#1982,#1983));
#399=EDGE_LOOP('',(#1984,#1985,#1986,#1987));
#400=EDGE_LOOP('',(#1988,#1989,#1990,#1991));
#401=EDGE_LOOP('',(#1992,#1993,#1994,#1995));
#402=EDGE_LOOP('',(#1996,#1997,#1998,#1999));
#403=EDGE_LOOP('',(#2000,#2001,#2002,#2003));
#404=EDGE_LOOP('',(#2004,#2005,#2006,#2007));
#405=EDGE_LOOP('',(#2008,#2009,#2010,#2011));
#406=EDGE_LOOP('',(#2012,#2013,#2014,#2015));
#407=EDGE_LOOP('',(#2016,#2017,#2018,#2019));
#408=EDGE_LOOP('',(#2020,#2021,#2022,#2023));
#409=EDGE_LOOP('',(#2024,#2025,#2026,#2027));
#410=EDGE_LOOP('',(#2028,#2029,#2030,#2031));
#411=EDGE_LOOP('',(#2032,#2033,#2034,#2035));
#412=EDGE_LOOP('',(#2036,#2037,#2038,#2039));
#413=EDGE_LOOP('',(#2040,#2041,#2042,#2043));
#414=EDGE_LOOP('',(#2044,#2045,#2046,#2047));
#415=EDGE_LOOP('',(#2048,#2049,#2050,#2051));
#416=EDGE_LOOP('',(#2052,#2053,#2054,#2055));
#417=EDGE_LOOP('',(#2056,#2057,#2058,#2059));
#418=EDGE_LOOP('',(#2060,#2061,#2062,#2063));
#419=EDGE_LOOP('',(#2064,#2065,#2066,#2067));
#420=EDGE_LOOP('',(#2068,#2069,#2070,#2071));
#421=EDGE_LOOP('',(#2072,#2073,#2074,#2075));
#422=EDGE_LOOP('',(#2076,#2077,#2078,#2079));
#423=EDGE_LOOP('',(#2080,#2081,#2082,#2083));
#424=EDGE_LOOP('',(#2084,#2085,#2086,#2087));
#425=EDGE_LOOP('',(#2088,#2089,#2090,#2091));
#426=EDGE_LOOP('',(#2092,#2093,#2094,#2095));
#427=EDGE_LOOP('',(#2096,#2097,#2098,#2099));
#428=EDGE_LOOP('',(#2100,#2101,#2102,#2103));
#429=EDGE_LOOP('',(#2104,#2105,#2106,#2107));
#430=EDGE_LOOP('',(#2108,#2109,#2110,#2111));
#431=EDGE_LOOP('',(#2112,#2113,#2114,#2115));
#432=EDGE_LOOP('',(#2116,#2117,#2118,#2119));
#433=EDGE_LOOP('',(#2120,#2121,#2122,#2123));
#434=EDGE_LOOP('',(#2124,#2125,#2126,#2127,#2128,#2129,#2130,#2131,#2132,
#2133,#2134));
#435=EDGE_LOOP('',(#2135,#2136));
#436=EDGE_LOOP('',(#2137,#2138,#2139,#2140,#2141));
#437=EDGE_LOOP('',(#2142,#2143,#2144,#2145,#2146,#2147));
#438=EDGE_LOOP('',(#2148,#2149,#2150,#2151,#2152,#2153));
#439=EDGE_LOOP('',(#2154,#2155,#2156,#2157,#2158,#2159));
#440=EDGE_LOOP('',(#2160,#2161,#2162,#2163,#2164));
#441=EDGE_LOOP('',(#2165,#2166,#2167,#2168,#2169));
#442=EDGE_LOOP('',(#2170,#2171,#2172,#2173,#2174));
#443=EDGE_LOOP('',(#2175,#2176,#2177,#2178,#2179,#2180));
#444=EDGE_LOOP('',(#2181,#2182,#2183,#2184,#2185,#2186));
#445=EDGE_LOOP('',(#2187,#2188,#2189,#2190,#2191,#2192));
#446=EDGE_LOOP('',(#2193,#2194,#2195,#2196,#2197,#2198));
#447=EDGE_LOOP('',(#2199,#2200,#2201,#2202,#2203,#2204));
#448=EDGE_LOOP('',(#2205,#2206,#2207,#2208,#2209));
#449=EDGE_LOOP('',(#2210,#2211,#2212,#2213));
#450=EDGE_LOOP('',(#2214,#2215,#2216,#2217));
#451=EDGE_LOOP('',(#2218,#2219,#2220,#2221));
#452=EDGE_LOOP('',(#2222,#2223,#2224,#2225));
#453=EDGE_LOOP('',(#2226,#2227,#2228,#2229,#2230));
#454=EDGE_LOOP('',(#2231,#2232,#2233,#2234));
#455=EDGE_LOOP('',(#2235,#2236,#2237,#2238));
#456=EDGE_LOOP('',(#2239,#2240,#2241,#2242));
#457=EDGE_LOOP('',(#2243,#2244,#2245,#2246,#2247,#2248,#2249,#2250));
#458=EDGE_LOOP('',(#2251));
#459=EDGE_LOOP('',(#2252,#2253,#2254,#2255,#2256));
#460=EDGE_LOOP('',(#2257,#2258,#2259,#2260,#2261,#2262));
#461=EDGE_LOOP('',(#2263,#2264,#2265,#2266,#2267,#2268));
#462=EDGE_LOOP('',(#2269,#2270,#2271,#2272,#2273,#2274));
#463=EDGE_LOOP('',(#2275,#2276,#2277,#2278,#2279));
#464=EDGE_LOOP('',(#2280,#2281,#2282,#2283,#2284));
#465=EDGE_LOOP('',(#2285,#2286,#2287,#2288,#2289));
#466=EDGE_LOOP('',(#2290,#2291,#2292,#2293,#2294,#2295));
#467=EDGE_LOOP('',(#2296,#2297,#2298,#2299,#2300,#2301));
#468=EDGE_LOOP('',(#2302,#2303,#2304,#2305,#2306,#2307));
#469=EDGE_LOOP('',(#2308,#2309,#2310,#2311,#2312,#2313));
#470=EDGE_LOOP('',(#2314,#2315,#2316,#2317,#2318,#2319));
#471=EDGE_LOOP('',(#2320,#2321,#2322,#2323,#2324));
#472=LINE('',#3290,#726);
#473=LINE('',#3292,#727);
#474=LINE('',#3294,#728);
#475=LINE('',#3295,#729);
#476=LINE('',#3299,#730);
#477=LINE('',#3301,#731);
#478=LINE('',#3303,#732);
#479=LINE('',#3304,#733);
#480=LINE('',#3306,#734);
#481=LINE('',#3307,#735);
#482=LINE('',#3312,#736);
#483=LINE('',#3314,#737);
#484=LINE('',#3316,#738);
#485=LINE('',#3318,#739);
#486=LINE('',#3320,#740);
#487=LINE('',#3322,#741);
#488=LINE('',#3324,#742);
#489=LINE('',#3326,#743);
#490=LINE('',#3328,#744);
#491=LINE('',#3330,#745);
#492=LINE('',#3331,#746);
#493=LINE('',#3333,#747);
#494=LINE('',#3335,#748);
#495=LINE('',#3336,#749);
#496=LINE('',#3339,#750);
#497=LINE('',#3341,#751);
#498=LINE('',#3342,#752);
#499=LINE('',#3347,#753);
#500=LINE('',#3351,#754);
#501=LINE('',#3356,#755);
#502=LINE('',#3360,#756);
#503=LINE('',#3362,#757);
#504=LINE('',#3364,#758);
#505=LINE('',#3366,#759);
#506=LINE('',#3368,#760);
#507=LINE('',#3369,#761);
#508=LINE('',#3372,#762);
#509=LINE('',#3374,#763);
#510=LINE('',#3376,#764);
#511=LINE('',#3377,#765);
#512=LINE('',#3382,#766);
#513=LINE('',#3384,#767);
#514=LINE('',#3386,#768);
#515=LINE('',#3387,#769);
#516=LINE('',#3389,#770);
#517=LINE('',#3390,#771);
#518=LINE('',#3392,#772);
#519=LINE('',#3393,#773);
#520=LINE('',#3395,#774);
#521=LINE('',#3397,#775);
#522=LINE('',#3408,#776);
#523=LINE('',#3409,#777);
#524=LINE('',#3432,#778);
#525=LINE('',#3441,#779);
#526=LINE('',#3450,#780);
#527=LINE('',#3459,#781);
#528=LINE('',#3476,#782);
#529=LINE('',#3495,#783);
#530=LINE('',#3588,#784);
#531=LINE('',#3592,#785);
#532=LINE('',#3594,#786);
#533=LINE('',#3597,#787);
#534=LINE('',#3603,#788);
#535=LINE('',#3606,#789);
#536=LINE('',#3608,#790);
#537=LINE('',#3610,#791);
#538=LINE('',#3611,#792);
#539=LINE('',#3614,#793);
#540=LINE('',#3616,#794);
#541=LINE('',#3617,#795);
#542=LINE('',#3620,#796);
#543=LINE('',#3621,#797);
#544=LINE('',#3624,#798);
#545=LINE('',#3625,#799);
#546=LINE('',#3627,#800);
#547=LINE('',#3630,#801);
#548=LINE('',#3632,#802);
#549=LINE('',#3633,#803);
#550=LINE('',#3636,#804);
#551=LINE('',#3637,#805);
#552=LINE('',#3640,#806);
#553=LINE('',#3641,#807);
#554=LINE('',#3644,#808);
#555=LINE('',#3645,#809);
#556=LINE('',#3648,#810);
#557=LINE('',#3649,#811);
#558=LINE('',#3651,#812);
#559=LINE('',#3652,#813);
#560=LINE('',#3654,#814);
#561=LINE('',#3656,#815);
#562=LINE('',#3660,#816);
#563=LINE('',#3665,#817);
#564=LINE('',#3721,#818);
#565=LINE('',#3732,#819);
#566=LINE('',#3734,#820);
#567=LINE('',#3735,#821);
#568=LINE('',#3743,#822);
#569=LINE('',#3744,#823);
#570=LINE('',#3756,#824);
#571=LINE('',#3757,#825);
#572=LINE('',#3765,#826);
#573=LINE('',#3766,#827);
#574=LINE('',#3774,#828);
#575=LINE('',#3783,#829);
#576=LINE('',#3785,#830);
#577=LINE('',#3786,#831);
#578=LINE('',#3796,#832);
#579=LINE('',#3797,#833);
#580=LINE('',#3805,#834);
#581=LINE('',#3806,#835);
#582=LINE('',#3814,#836);
#583=LINE('',#3815,#837);
#584=LINE('',#3825,#838);
#585=LINE('',#3826,#839);
#586=LINE('',#3832,#840);
#587=LINE('',#3841,#841);
#588=LINE('',#3843,#842);
#589=LINE('',#3844,#843);
#590=LINE('',#3854,#844);
#591=LINE('',#3855,#845);
#592=LINE('',#3865,#846);
#593=LINE('',#3866,#847);
#594=LINE('',#3874,#848);
#595=LINE('',#3875,#849);
#596=LINE('',#3885,#850);
#597=LINE('',#3886,#851);
#598=LINE('',#3894,#852);
#599=LINE('',#3905,#853);
#600=LINE('',#3907,#854);
#601=LINE('',#3908,#855);
#602=LINE('',#3918,#856);
#603=LINE('',#3919,#857);
#604=LINE('',#3931,#858);
#605=LINE('',#3932,#859);
#606=LINE('',#3940,#860);
#607=LINE('',#3941,#861);
#608=LINE('',#3951,#862);
#609=LINE('',#3952,#863);
#610=LINE('',#3962,#864);
#611=LINE('',#3977,#865);
#612=LINE('',#3979,#866);
#613=LINE('',#3980,#867);
#614=LINE('',#3988,#868);
#615=LINE('',#3989,#869);
#616=LINE('',#4001,#870);
#617=LINE('',#4002,#871);
#618=LINE('',#4010,#872);
#619=LINE('',#4011,#873);
#620=LINE('',#4017,#874);
#621=LINE('',#4026,#875);
#622=LINE('',#4028,#876);
#623=LINE('',#4029,#877);
#624=LINE('',#4037,#878);
#625=LINE('',#4038,#879);
#626=LINE('',#4048,#880);
#627=LINE('',#4049,#881);
#628=LINE('',#4057,#882);
#629=LINE('',#4058,#883);
#630=LINE('',#4064,#884);
#631=LINE('',#4075,#885);
#632=LINE('',#4077,#886);
#633=LINE('',#4078,#887);
#634=LINE('',#4086,#888);
#635=LINE('',#4087,#889);
#636=LINE('',#4099,#890);
#637=LINE('',#4100,#891);
#638=LINE('',#4108,#892);
#639=LINE('',#4109,#893);
#640=LINE('',#4115,#894);
#641=LINE('',#4128,#895);
#642=LINE('',#4130,#896);
#643=LINE('',#4131,#897);
#644=LINE('',#4139,#898);
#645=LINE('',#4140,#899);
#646=LINE('',#4148,#900);
#647=LINE('',#4149,#901);
#648=LINE('',#4161,#902);
#649=LINE('',#4162,#903);
#650=LINE('',#4170,#904);
#651=LINE('',#4171,#905);
#652=LINE('',#4177,#906);
#653=LINE('',#4190,#907);
#654=LINE('',#4192,#908);
#655=LINE('',#4193,#909);
#656=LINE('',#4201,#910);
#657=LINE('',#4202,#911);
#658=LINE('',#4212,#912);
#659=LINE('',#4213,#913);
#660=LINE('',#4225,#914);
#661=LINE('',#4226,#915);
#662=LINE('',#4236,#916);
#663=LINE('',#4237,#917);
#664=LINE('',#4243,#918);
#665=LINE('',#4256,#919);
#666=LINE('',#4258,#920);
#667=LINE('',#4259,#921);
#668=LINE('',#4267,#922);
#669=LINE('',#4268,#923);
#670=LINE('',#4278,#924);
#671=LINE('',#4279,#925);
#672=LINE('',#4291,#926);
#673=LINE('',#4292,#927);
#674=LINE('',#4302,#928);
#675=LINE('',#4303,#929);
#676=LINE('',#4311,#930);
#677=LINE('',#4322,#931);
#678=LINE('',#4324,#932);
#679=LINE('',#4325,#933);
#680=LINE('',#4335,#934);
#681=LINE('',#4336,#935);
#682=LINE('',#4344,#936);
#683=LINE('',#4345,#937);
#684=LINE('',#4355,#938);
#685=LINE('',#4356,#939);
#686=LINE('',#4366,#940);
#687=LINE('',#4367,#941);
#688=LINE('',#4373,#942);
#689=LINE('',#4382,#943);
#690=LINE('',#4384,#944);
#691=LINE('',#4385,#945);
#692=LINE('',#4395,#946);
#693=LINE('',#4396,#947);
#694=LINE('',#4404,#948);
#695=LINE('',#4405,#949);
#696=LINE('',#4413,#950);
#697=LINE('',#4414,#951);
#698=LINE('',#4424,#952);
#699=LINE('',#4425,#953);
#700=LINE('',#4431,#954);
#701=LINE('',#4440,#955);
#702=LINE('',#4442,#956);
#703=LINE('',#4443,#957);
#704=LINE('',#4451,#958);
#705=LINE('',#4452,#959);
#706=LINE('',#4462,#960);
#707=LINE('',#4463,#961);
#708=LINE('',#4471,#962);
#709=LINE('',#4472,#963);
#710=LINE('',#4478,#964);
#711=LINE('',#4611,#965);
#712=LINE('',#4613,#966);
#713=LINE('',#4614,#967);
#714=LINE('',#4617,#968);
#715=LINE('',#4618,#969);
#716=LINE('',#4621,#970);
#717=LINE('',#4622,#971);
#718=LINE('',#4625,#972);
#719=LINE('',#4626,#973);
#720=LINE('',#4629,#974);
#721=LINE('',#4630,#975);
#722=LINE('',#4633,#976);
#723=LINE('',#4634,#977);
#724=LINE('',#4637,#978);
#725=LINE('',#4638,#979);
#726=VECTOR('',#2741,10.);
#727=VECTOR('',#2742,10.);
#728=VECTOR('',#2743,10.);
#729=VECTOR('',#2744,10.);
#730=VECTOR('',#2747,10.);
#731=VECTOR('',#2748,10.);
#732=VECTOR('',#2749,10.);
#733=VECTOR('',#2750,10.);
#734=VECTOR('',#2753,10.);
#735=VECTOR('',#2754,10.);
#736=VECTOR('',#2759,10.);
#737=VECTOR('',#2760,10.);
#738=VECTOR('',#2761,10.);
#739=VECTOR('',#2762,10.);
#740=VECTOR('',#2763,10.);
#741=VECTOR('',#2764,10.);
#742=VECTOR('',#2765,10.);
#743=VECTOR('',#2766,10.);
#744=VECTOR('',#2767,10.);
#745=VECTOR('',#2768,10.);
#746=VECTOR('',#2769,10.);
#747=VECTOR('',#2770,10.);
#748=VECTOR('',#2771,10.);
#749=VECTOR('',#2772,10.);
#750=VECTOR('',#2775,10.);
#751=VECTOR('',#2776,10.);
#752=VECTOR('',#2777,10.);
#753=VECTOR('',#2782,1.6);
#754=VECTOR('',#2787,1.35);
#755=VECTOR('',#2792,10.);
#756=VECTOR('',#2795,10.);
#757=VECTOR('',#2796,10.);
#758=VECTOR('',#2797,10.);
#759=VECTOR('',#2798,10.);
#760=VECTOR('',#2799,10.);
#761=VECTOR('',#2800,10.);
#762=VECTOR('',#2801,10.);
#763=VECTOR('',#2802,10.);
#764=VECTOR('',#2803,10.);
#765=VECTOR('',#2804,10.);
#766=VECTOR('',#2809,10.);
#767=VECTOR('',#2810,10.);
#768=VECTOR('',#2811,10.);
#769=VECTOR('',#2812,10.);
#770=VECTOR('',#2815,10.);
#771=VECTOR('',#2816,10.);
#772=VECTOR('',#2819,10.);
#773=VECTOR('',#2820,10.);
#774=VECTOR('',#2823,10.);
#775=VECTOR('',#2826,10.);
#776=VECTOR('',#2831,10.);
#777=VECTOR('',#2832,10.);
#778=VECTOR('',#2835,10.);
#779=VECTOR('',#2838,10.);
#780=VECTOR('',#2841,10.);
#781=VECTOR('',#2844,10.);
#782=VECTOR('',#2847,10.);
#783=VECTOR('',#2850,10.);
#784=VECTOR('',#2863,10.);
#785=VECTOR('',#2868,10.);
#786=VECTOR('',#2869,16.7);
#787=VECTOR('',#2872,10.);
#788=VECTOR('',#2881,10.);
#789=VECTOR('',#2882,10.);
#790=VECTOR('',#2883,10.);
#791=VECTOR('',#2884,10.);
#792=VECTOR('',#2885,10.);
#793=VECTOR('',#2888,10.);
#794=VECTOR('',#2889,10.);
#795=VECTOR('',#2890,10.);
#796=VECTOR('',#2893,10.);
#797=VECTOR('',#2894,10.);
#798=VECTOR('',#2897,10.);
#799=VECTOR('',#2898,10.);
#800=VECTOR('',#2901,10.);
#801=VECTOR('',#2904,10.);
#802=VECTOR('',#2905,10.);
#803=VECTOR('',#2906,10.);
#804=VECTOR('',#2909,10.);
#805=VECTOR('',#2910,10.);
#806=VECTOR('',#2913,10.);
#807=VECTOR('',#2914,10.);
#808=VECTOR('',#2917,10.);
#809=VECTOR('',#2918,10.);
#810=VECTOR('',#2921,10.);
#811=VECTOR('',#2922,10.);
#812=VECTOR('',#2925,10.);
#813=VECTOR('',#2926,10.);
#814=VECTOR('',#2929,10.);
#815=VECTOR('',#2932,10.);
#816=VECTOR('',#2939,13.);
#817=VECTOR('',#2944,1.75);
#818=VECTOR('',#2949,2.875);
#819=VECTOR('',#2956,10.);
#820=VECTOR('',#2957,10.);
#821=VECTOR('',#2958,10.);
#822=VECTOR('',#2961,10.);
#823=VECTOR('',#2962,10.);
#824=VECTOR('',#2965,10.);
#825=VECTOR('',#2966,10.);
#826=VECTOR('',#2969,10.);
#827=VECTOR('',#2970,10.);
#828=VECTOR('',#2973,10.);
#829=VECTOR('',#2976,10.);
#830=VECTOR('',#2977,10.);
#831=VECTOR('',#2978,10.);
#832=VECTOR('',#2981,10.);
#833=VECTOR('',#2982,10.);
#834=VECTOR('',#2985,10.);
#835=VECTOR('',#2986,10.);
#836=VECTOR('',#2989,10.);
#837=VECTOR('',#2990,10.);
#838=VECTOR('',#2993,10.);
#839=VECTOR('',#2994,10.);
#840=VECTOR('',#2997,10.);
#841=VECTOR('',#3000,10.);
#842=VECTOR('',#3001,10.);
#843=VECTOR('',#3002,10.);
#844=VECTOR('',#3005,10.);
#845=VECTOR('',#3006,10.);
#846=VECTOR('',#3009,10.);
#847=VECTOR('',#3010,10.);
#848=VECTOR('',#3013,10.);
#849=VECTOR('',#3014,10.);
#850=VECTOR('',#3017,10.);
#851=VECTOR('',#3018,10.);
#852=VECTOR('',#3021,10.);
#853=VECTOR('',#3024,10.);
#854=VECTOR('',#3025,10.);
#855=VECTOR('',#3026,10.);
#856=VECTOR('',#3029,10.);
#857=VECTOR('',#3030,10.);
#858=VECTOR('',#3033,10.);
#859=VECTOR('',#3034,10.);
#860=VECTOR('',#3037,10.);
#861=VECTOR('',#3038,10.);
#862=VECTOR('',#3041,10.);
#863=VECTOR('',#3042,10.);
#864=VECTOR('',#3045,10.);
#865=VECTOR('',#3048,10.);
#866=VECTOR('',#3049,10.);
#867=VECTOR('',#3050,10.);
#868=VECTOR('',#3053,10.);
#869=VECTOR('',#3054,10.);
#870=VECTOR('',#3057,10.);
#871=VECTOR('',#3058,10.);
#872=VECTOR('',#3061,10.);
#873=VECTOR('',#3062,10.);
#874=VECTOR('',#3065,10.);
#875=VECTOR('',#3068,10.);
#876=VECTOR('',#3069,10.);
#877=VECTOR('',#3070,10.);
#878=VECTOR('',#3073,10.);
#879=VECTOR('',#3074,10.);
#880=VECTOR('',#3077,10.);
#881=VECTOR('',#3078,10.);
#882=VECTOR('',#3081,10.);
#883=VECTOR('',#3082,10.);
#884=VECTOR('',#3085,10.);
#885=VECTOR('',#3088,10.);
#886=VECTOR('',#3089,10.);
#887=VECTOR('',#3090,10.);
#888=VECTOR('',#3093,10.);
#889=VECTOR('',#3094,10.);
#890=VECTOR('',#3097,10.);
#891=VECTOR('',#3098,10.);
#892=VECTOR('',#3101,10.);
#893=VECTOR('',#3102,10.);
#894=VECTOR('',#3105,10.);
#895=VECTOR('',#3108,10.);
#896=VECTOR('',#3109,10.);
#897=VECTOR('',#3110,10.);
#898=VECTOR('',#3113,10.);
#899=VECTOR('',#3114,10.);
#900=VECTOR('',#3117,10.);
#901=VECTOR('',#3118,10.);
#902=VECTOR('',#3121,10.);
#903=VECTOR('',#3122,10.);
#904=VECTOR('',#3125,10.);
#905=VECTOR('',#3126,10.);
#906=VECTOR('',#3129,10.);
#907=VECTOR('',#3132,10.);
#908=VECTOR('',#3133,10.);
#909=VECTOR('',#3134,10.);
#910=VECTOR('',#3137,10.);
#911=VECTOR('',#3138,10.);
#912=VECTOR('',#3141,10.);
#913=VECTOR('',#3142,10.);
#914=VECTOR('',#3145,10.);
#915=VECTOR('',#3146,10.);
#916=VECTOR('',#3149,10.);
#917=VECTOR('',#3150,10.);
#918=VECTOR('',#3153,10.);
#919=VECTOR('',#3156,10.);
#920=VECTOR('',#3157,10.);
#921=VECTOR('',#3158,10.);
#922=VECTOR('',#3161,10.);
#923=VECTOR('',#3162,10.);
#924=VECTOR('',#3165,10.);
#925=VECTOR('',#3166,10.);
#926=VECTOR('',#3169,10.);
#927=VECTOR('',#3170,10.);
#928=VECTOR('',#3173,10.);
#929=VECTOR('',#3174,10.);
#930=VECTOR('',#3177,10.);
#931=VECTOR('',#3180,10.);
#932=VECTOR('',#3181,10.);
#933=VECTOR('',#3182,10.);
#934=VECTOR('',#3185,10.);
#935=VECTOR('',#3186,10.);
#936=VECTOR('',#3189,10.);
#937=VECTOR('',#3190,10.);
#938=VECTOR('',#3193,10.);
#939=VECTOR('',#3194,10.);
#940=VECTOR('',#3197,10.);
#941=VECTOR('',#3198,10.);
#942=VECTOR('',#3201,10.);
#943=VECTOR('',#3204,10.);
#944=VECTOR('',#3205,10.);
#945=VECTOR('',#3206,10.);
#946=VECTOR('',#3209,10.);
#947=VECTOR('',#3210,10.);
#948=VECTOR('',#3213,10.);
#949=VECTOR('',#3214,10.);
#950=VECTOR('',#3217,10.);
#951=VECTOR('',#3218,10.);
#952=VECTOR('',#3221,10.);
#953=VECTOR('',#3222,10.);
#954=VECTOR('',#3225,10.);
#955=VECTOR('',#3228,10.);
#956=VECTOR('',#3229,10.);
#957=VECTOR('',#3230,10.);
#958=VECTOR('',#3233,10.);
#959=VECTOR('',#3234,10.);
#960=VECTOR('',#3237,10.);
#961=VECTOR('',#3238,10.);
#962=VECTOR('',#3241,10.);
#963=VECTOR('',#3242,10.);
#964=VECTOR('',#3245,10.);
#965=VECTOR('',#3250,10.);
#966=VECTOR('',#3251,10.);
#967=VECTOR('',#3252,10.);
#968=VECTOR('',#3255,10.);
#969=VECTOR('',#3256,10.);
#970=VECTOR('',#3259,10.);
#971=VECTOR('',#3260,10.);
#972=VECTOR('',#3263,10.);
#973=VECTOR('',#3264,10.);
#974=VECTOR('',#3267,10.);
#975=VECTOR('',#3268,10.);
#976=VECTOR('',#3271,10.);
#977=VECTOR('',#3272,10.);
#978=VECTOR('',#3275,10.);
#979=VECTOR('',#3276,10.);
#980=VERTEX_POINT('',#3288);
#981=VERTEX_POINT('',#3289);
#982=VERTEX_POINT('',#3291);
#983=VERTEX_POINT('',#3293);
#984=VERTEX_POINT('',#3297);
#985=VERTEX_POINT('',#3298);
#986=VERTEX_POINT('',#3300);
#987=VERTEX_POINT('',#3302);
#988=VERTEX_POINT('',#3309);
#989=VERTEX_POINT('',#3311);
#990=VERTEX_POINT('',#3313);
#991=VERTEX_POINT('',#3315);
#992=VERTEX_POINT('',#3317);
#993=VERTEX_POINT('',#3319);
#994=VERTEX_POINT('',#3321);
#995=VERTEX_POINT('',#3323);
#996=VERTEX_POINT('',#3325);
#997=VERTEX_POINT('',#3327);
#998=VERTEX_POINT('',#3329);
#999=VERTEX_POINT('',#3332);
#1000=VERTEX_POINT('',#3334);
#1001=VERTEX_POINT('',#3338);
#1002=VERTEX_POINT('',#3340);
#1003=VERTEX_POINT('',#3344);
#1004=VERTEX_POINT('',#3346);
#1005=VERTEX_POINT('',#3350);
#1006=VERTEX_POINT('',#3354);
#1007=VERTEX_POINT('',#3355);
#1008=VERTEX_POINT('',#3357);
#1009=VERTEX_POINT('',#3359);
#1010=VERTEX_POINT('',#3361);
#1011=VERTEX_POINT('',#3363);
#1012=VERTEX_POINT('',#3365);
#1013=VERTEX_POINT('',#3367);
#1014=VERTEX_POINT('',#3370);
#1015=VERTEX_POINT('',#3371);
#1016=VERTEX_POINT('',#3373);
#1017=VERTEX_POINT('',#3375);
#1018=VERTEX_POINT('',#3380);
#1019=VERTEX_POINT('',#3381);
#1020=VERTEX_POINT('',#3383);
#1021=VERTEX_POINT('',#3385);
#1022=VERTEX_POINT('',#3400);
#1023=VERTEX_POINT('',#3401);
#1024=VERTEX_POINT('',#3411);
#1025=VERTEX_POINT('',#3434);
#1026=VERTEX_POINT('',#3443);
#1027=VERTEX_POINT('',#3452);
#1028=VERTEX_POINT('',#3461);
#1029=VERTEX_POINT('',#3478);
#1030=VERTEX_POINT('',#3497);
#1031=VERTEX_POINT('',#3543);
#1032=VERTEX_POINT('',#3545);
#1033=VERTEX_POINT('',#3547);
#1034=VERTEX_POINT('',#3566);
#1035=VERTEX_POINT('',#3585);
#1036=VERTEX_POINT('',#3586);
#1037=VERTEX_POINT('',#3590);
#1038=VERTEX_POINT('',#3593);
#1039=VERTEX_POINT('',#3596);
#1040=VERTEX_POINT('',#3600);
#1041=VERTEX_POINT('',#3604);
#1042=VERTEX_POINT('',#3605);
#1043=VERTEX_POINT('',#3607);
#1044=VERTEX_POINT('',#3609);
#1045=VERTEX_POINT('',#3613);
#1046=VERTEX_POINT('',#3615);
#1047=VERTEX_POINT('',#3619);
#1048=VERTEX_POINT('',#3623);
#1049=VERTEX_POINT('',#3629);
#1050=VERTEX_POINT('',#3631);
#1051=VERTEX_POINT('',#3635);
#1052=VERTEX_POINT('',#3639);
#1053=VERTEX_POINT('',#3643);
#1054=VERTEX_POINT('',#3647);
#1055=VERTEX_POINT('',#3662);
#1056=VERTEX_POINT('',#3664);
#1057=VERTEX_POINT('',#3668);
#1058=VERTEX_POINT('',#3669);
#1059=VERTEX_POINT('',#3720);
#1060=VERTEX_POINT('',#3725);
#1061=VERTEX_POINT('',#3726);
#1062=VERTEX_POINT('',#3731);
#1063=VERTEX_POINT('',#3733);
#1064=VERTEX_POINT('',#3737);
#1065=VERTEX_POINT('',#3742);
#1066=VERTEX_POINT('',#3746);
#1067=VERTEX_POINT('',#3755);
#1068=VERTEX_POINT('',#3759);
#1069=VERTEX_POINT('',#3764);
#1070=VERTEX_POINT('',#3776);
#1071=VERTEX_POINT('',#3777);
#1072=VERTEX_POINT('',#3782);
#1073=VERTEX_POINT('',#3784);
#1074=VERTEX_POINT('',#3788);
#1075=VERTEX_POINT('',#3795);
#1076=VERTEX_POINT('',#3799);
#1077=VERTEX_POINT('',#3804);
#1078=VERTEX_POINT('',#3808);
#1079=VERTEX_POINT('',#3813);
#1080=VERTEX_POINT('',#3817);
#1081=VERTEX_POINT('',#3824);
#1082=VERTEX_POINT('',#3834);
#1083=VERTEX_POINT('',#3835);
#1084=VERTEX_POINT('',#3840);
#1085=VERTEX_POINT('',#3842);
#1086=VERTEX_POINT('',#3846);
#1087=VERTEX_POINT('',#3853);
#1088=VERTEX_POINT('',#3857);
#1089=VERTEX_POINT('',#3864);
#1090=VERTEX_POINT('',#3868);
#1091=VERTEX_POINT('',#3873);
#1092=VERTEX_POINT('',#3877);
#1093=VERTEX_POINT('',#3884);
#1094=VERTEX_POINT('',#3896);
#1095=VERTEX_POINT('',#3897);
#1096=VERTEX_POINT('',#3904);
#1097=VERTEX_POINT('',#3906);
#1098=VERTEX_POINT('',#3910);
#1099=VERTEX_POINT('',#3917);
#1100=VERTEX_POINT('',#3921);
#1101=VERTEX_POINT('',#3930);
#1102=VERTEX_POINT('',#3934);
#1103=VERTEX_POINT('',#3939);
#1104=VERTEX_POINT('',#3943);
#1105=VERTEX_POINT('',#3950);
#1106=VERTEX_POINT('',#3964);
#1107=VERTEX_POINT('',#3965);
#1108=VERTEX_POINT('',#3976);
#1109=VERTEX_POINT('',#3978);
#1110=VERTEX_POINT('',#3982);
#1111=VERTEX_POINT('',#3987);
#1112=VERTEX_POINT('',#3991);
#1113=VERTEX_POINT('',#4000);
#1114=VERTEX_POINT('',#4004);
#1115=VERTEX_POINT('',#4009);
#1116=VERTEX_POINT('',#4019);
#1117=VERTEX_POINT('',#4020);
#1118=VERTEX_POINT('',#4025);
#1119=VERTEX_POINT('',#4027);
#1120=VERTEX_POINT('',#4031);
#1121=VERTEX_POINT('',#4036);
#1122=VERTEX_POINT('',#4040);
#1123=VERTEX_POINT('',#4047);
#1124=VERTEX_POINT('',#4051);
#1125=VERTEX_POINT('',#4056);
#1126=VERTEX_POINT('',#4066);
#1127=VERTEX_POINT('',#4067);
#1128=VERTEX_POINT('',#4074);
#1129=VERTEX_POINT('',#4076);
#1130=VERTEX_POINT('',#4080);
#1131=VERTEX_POINT('',#4085);
#1132=VERTEX_POINT('',#4089);
#1133=VERTEX_POINT('',#4098);
#1134=VERTEX_POINT('',#4102);
#1135=VERTEX_POINT('',#4107);
#1136=VERTEX_POINT('',#4117);
#1137=VERTEX_POINT('',#4118);
#1138=VERTEX_POINT('',#4127);
#1139=VERTEX_POINT('',#4129);
#1140=VERTEX_POINT('',#4133);
#1141=VERTEX_POINT('',#4138);
#1142=VERTEX_POINT('',#4142);
#1143=VERTEX_POINT('',#4147);
#1144=VERTEX_POINT('',#4151);
#1145=VERTEX_POINT('',#4160);
#1146=VERTEX_POINT('',#4164);
#1147=VERTEX_POINT('',#4169);
#1148=VERTEX_POINT('',#4179);
#1149=VERTEX_POINT('',#4180);
#1150=VERTEX_POINT('',#4189);
#1151=VERTEX_POINT('',#4191);
#1152=VERTEX_POINT('',#4195);
#1153=VERTEX_POINT('',#4200);
#1154=VERTEX_POINT('',#4204);
#1155=VERTEX_POINT('',#4211);
#1156=VERTEX_POINT('',#4215);
#1157=VERTEX_POINT('',#4224);
#1158=VERTEX_POINT('',#4228);
#1159=VERTEX_POINT('',#4235);
#1160=VERTEX_POINT('',#4245);
#1161=VERTEX_POINT('',#4246);
#1162=VERTEX_POINT('',#4255);
#1163=VERTEX_POINT('',#4257);
#1164=VERTEX_POINT('',#4261);
#1165=VERTEX_POINT('',#4266);
#1166=VERTEX_POINT('',#4270);
#1167=VERTEX_POINT('',#4277);
#1168=VERTEX_POINT('',#4281);
#1169=VERTEX_POINT('',#4290);
#1170=VERTEX_POINT('',#4294);
#1171=VERTEX_POINT('',#4301);
#1172=VERTEX_POINT('',#4313);
#1173=VERTEX_POINT('',#4314);
#1174=VERTEX_POINT('',#4321);
#1175=VERTEX_POINT('',#4323);
#1176=VERTEX_POINT('',#4327);
#1177=VERTEX_POINT('',#4334);
#1178=VERTEX_POINT('',#4338);
#1179=VERTEX_POINT('',#4343);
#1180=VERTEX_POINT('',#4347);
#1181=VERTEX_POINT('',#4354);
#1182=VERTEX_POINT('',#4358);
#1183=VERTEX_POINT('',#4365);
#1184=VERTEX_POINT('',#4375);
#1185=VERTEX_POINT('',#4376);
#1186=VERTEX_POINT('',#4381);
#1187=VERTEX_POINT('',#4383);
#1188=VERTEX_POINT('',#4387);
#1189=VERTEX_POINT('',#4394);
#1190=VERTEX_POINT('',#4398);
#1191=VERTEX_POINT('',#4403);
#1192=VERTEX_POINT('',#4407);
#1193=VERTEX_POINT('',#4412);
#1194=VERTEX_POINT('',#4416);
#1195=VERTEX_POINT('',#4423);
#1196=VERTEX_POINT('',#4433);
#1197=VERTEX_POINT('',#4434);
#1198=VERTEX_POINT('',#4439);
#1199=VERTEX_POINT('',#4441);
#1200=VERTEX_POINT('',#4445);
#1201=VERTEX_POINT('',#4450);
#1202=VERTEX_POINT('',#4454);
#1203=VERTEX_POINT('',#4461);
#1204=VERTEX_POINT('',#4465);
#1205=VERTEX_POINT('',#4470);
#1206=VERTEX_POINT('',#4506);
#1207=VERTEX_POINT('',#4507);
#1208=VERTEX_POINT('',#4520);
#1209=VERTEX_POINT('',#4522);
#1210=VERTEX_POINT('',#4529);
#1211=VERTEX_POINT('',#4536);
#1212=VERTEX_POINT('',#4543);
#1213=VERTEX_POINT('',#4564);
#1214=VERTEX_POINT('',#4571);
#1215=VERTEX_POINT('',#4578);
#1216=VERTEX_POINT('',#4610);
#1217=VERTEX_POINT('',#4612);
#1218=VERTEX_POINT('',#4616);
#1219=VERTEX_POINT('',#4620);
#1220=VERTEX_POINT('',#4624);
#1221=VERTEX_POINT('',#4628);
#1222=VERTEX_POINT('',#4632);
#1223=VERTEX_POINT('',#4636);
#1224=EDGE_CURVE('',#980,#981,#472,.T.);
#1225=EDGE_CURVE('',#982,#980,#473,.T.);
#1226=EDGE_CURVE('',#982,#983,#474,.T.);
#1227=EDGE_CURVE('',#981,#983,#475,.T.);
#1228=EDGE_CURVE('',#984,#985,#476,.T.);
#1229=EDGE_CURVE('',#986,#984,#477,.T.);
#1230=EDGE_CURVE('',#986,#987,#478,.T.);
#1231=EDGE_CURVE('',#987,#985,#479,.T.);
#1232=EDGE_CURVE('',#983,#986,#480,.T.);
#1233=EDGE_CURVE('',#987,#982,#481,.T.);
#1234=EDGE_CURVE('',#988,#988,#165,.T.);
#1235=EDGE_CURVE('',#981,#989,#482,.T.);
#1236=EDGE_CURVE('',#989,#990,#483,.T.);
#1237=EDGE_CURVE('',#990,#991,#484,.T.);
#1238=EDGE_CURVE('',#991,#992,#485,.T.);
#1239=EDGE_CURVE('',#992,#993,#486,.T.);
#1240=EDGE_CURVE('',#993,#994,#487,.T.);
#1241=EDGE_CURVE('',#994,#995,#488,.T.);
#1242=EDGE_CURVE('',#995,#996,#489,.T.);
#1243=EDGE_CURVE('',#996,#997,#490,.T.);
#1244=EDGE_CURVE('',#997,#998,#491,.T.);
#1245=EDGE_CURVE('',#998,#984,#492,.T.);
#1246=EDGE_CURVE('',#985,#999,#493,.T.);
#1247=EDGE_CURVE('',#999,#1000,#494,.T.);
#1248=EDGE_CURVE('',#1000,#980,#495,.T.);
#1249=EDGE_CURVE('',#1001,#986,#496,.T.);
#1250=EDGE_CURVE('',#1002,#1001,#497,.T.);
#1251=EDGE_CURVE('',#983,#1002,#498,.T.);
#1252=EDGE_CURVE('',#1003,#1003,#166,.T.);
#1253=EDGE_CURVE('',#1003,#1004,#499,.T.);
#1254=EDGE_CURVE('',#1004,#1004,#167,.T.);
#1255=EDGE_CURVE('',#1004,#1005,#500,.T.);
#1256=EDGE_CURVE('',#1005,#1005,#168,.T.);
#1257=EDGE_CURVE('',#1006,#1007,#501,.T.);
#1258=EDGE_CURVE('',#1008,#1006,#169,.T.);
#1259=EDGE_CURVE('',#1009,#1008,#502,.T.);
#1260=EDGE_CURVE('',#1010,#1009,#503,.T.);
#1261=EDGE_CURVE('',#1011,#1010,#504,.T.);
#1262=EDGE_CURVE('',#1012,#1011,#505,.T.);
#1263=EDGE_CURVE('',#1013,#1012,#506,.T.);
#1264=EDGE_CURVE('',#1007,#1013,#507,.T.);
#1265=EDGE_CURVE('',#1014,#1015,#508,.T.);
#1266=EDGE_CURVE('',#1015,#1016,#509,.T.);
#1267=EDGE_CURVE('',#1016,#1017,#510,.T.);
#1268=EDGE_CURVE('',#1017,#1014,#511,.T.);
#1269=EDGE_CURVE('',#1018,#1019,#512,.T.);
#1270=EDGE_CURVE('',#1020,#1018,#513,.T.);
#1271=EDGE_CURVE('',#1021,#1020,#514,.T.);
#1272=EDGE_CURVE('',#1019,#1021,#515,.T.);
#1273=EDGE_CURVE('',#1021,#1000,#516,.T.);
#1274=EDGE_CURVE('',#1019,#999,#517,.T.);
#1275=EDGE_CURVE('',#1015,#1020,#518,.T.);
#1276=EDGE_CURVE('',#1016,#1018,#519,.T.);
#1277=EDGE_CURVE('',#1014,#982,#520,.T.);
#1278=EDGE_CURVE('',#1017,#987,#521,.T.);
#1279=EDGE_CURVE('',#1022,#1023,#28,.T.);
#1280=EDGE_CURVE('',#1022,#1009,#522,.T.);
#1281=EDGE_CURVE('',#1023,#1008,#523,.T.);
#1282=EDGE_CURVE('',#1023,#1024,#29,.T.);
#1283=EDGE_CURVE('',#1024,#1006,#524,.T.);
#1284=EDGE_CURVE('',#1024,#1025,#30,.T.);
#1285=EDGE_CURVE('',#1025,#1007,#525,.T.);
#1286=EDGE_CURVE('',#1025,#1026,#31,.T.);
#1287=EDGE_CURVE('',#1026,#1013,#526,.T.);
#1288=EDGE_CURVE('',#1027,#1022,#32,.T.);
#1289=EDGE_CURVE('',#1027,#1010,#527,.T.);
#1290=EDGE_CURVE('',#1028,#1027,#33,.T.);
#1291=EDGE_CURVE('',#1028,#1011,#528,.T.);
#1292=EDGE_CURVE('',#1029,#1028,#34,.T.);
#1293=EDGE_CURVE('',#1029,#1012,#529,.T.);
#1294=EDGE_CURVE('',#1030,#1029,#35,.T.);
#1295=EDGE_CURVE('',#1026,#1030,#36,.T.);
#1296=EDGE_CURVE('',#1030,#1031,#23,.T.);
#1297=EDGE_CURVE('',#1031,#1032,#170,.T.);
#1298=EDGE_CURVE('',#1032,#1033,#37,.T.);
#1299=EDGE_CURVE('',#1033,#1034,#38,.T.);
#1300=EDGE_CURVE('',#1034,#1031,#171,.T.);
#1301=EDGE_CURVE('',#1035,#1036,#24,.T.);
#1302=EDGE_CURVE('',#1036,#1035,#530,.T.);
#1303=EDGE_CURVE('',#1036,#1037,#172,.T.);
#1304=EDGE_CURVE('',#1037,#1032,#531,.T.);
#1305=EDGE_CURVE('',#1031,#1038,#532,.T.);
#1306=EDGE_CURVE('',#1038,#1038,#173,.T.);
#1307=EDGE_CURVE('',#1034,#1039,#533,.T.);
#1308=EDGE_CURVE('',#1039,#1035,#174,.T.);
#1309=EDGE_CURVE('',#1040,#1040,#175,.T.);
#1310=EDGE_CURVE('',#1037,#1039,#534,.T.);
#1311=EDGE_CURVE('',#1041,#1042,#535,.T.);
#1312=EDGE_CURVE('',#1042,#1043,#536,.T.);
#1313=EDGE_CURVE('',#1043,#1044,#537,.T.);
#1314=EDGE_CURVE('',#1044,#1041,#538,.T.);
#1315=EDGE_CURVE('',#1044,#1045,#539,.T.);
#1316=EDGE_CURVE('',#1046,#1045,#540,.T.);
#1317=EDGE_CURVE('',#1041,#1046,#541,.T.);
#1318=EDGE_CURVE('',#1002,#1047,#542,.T.);
#1319=EDGE_CURVE('',#989,#1047,#543,.T.);
#1320=EDGE_CURVE('',#1048,#998,#544,.T.);
#1321=EDGE_CURVE('',#1048,#1001,#545,.T.);
#1322=EDGE_CURVE('',#1047,#1048,#546,.T.);
#1323=EDGE_CURVE('',#991,#1049,#547,.T.);
#1324=EDGE_CURVE('',#1049,#1050,#548,.T.);
#1325=EDGE_CURVE('',#1050,#992,#549,.T.);
#1326=EDGE_CURVE('',#990,#1051,#550,.T.);
#1327=EDGE_CURVE('',#1051,#1049,#551,.T.);
#1328=EDGE_CURVE('',#997,#1052,#552,.T.);
#1329=EDGE_CURVE('',#1052,#1051,#553,.T.);
#1330=EDGE_CURVE('',#996,#1053,#554,.T.);
#1331=EDGE_CURVE('',#1053,#1052,#555,.T.);
#1332=EDGE_CURVE('',#995,#1054,#556,.T.);
#1333=EDGE_CURVE('',#1054,#1053,#557,.T.);
#1334=EDGE_CURVE('',#994,#1045,#558,.T.);
#1335=EDGE_CURVE('',#1043,#1054,#559,.T.);
#1336=EDGE_CURVE('',#993,#1046,#560,.T.);
#1337=EDGE_CURVE('',#1050,#1042,#561,.T.);
#1338=EDGE_CURVE('',#1040,#988,#562,.T.);
#1339=EDGE_CURVE('',#1055,#1055,#176,.T.);
#1340=EDGE_CURVE('',#1055,#1056,#563,.T.);
#1341=EDGE_CURVE('',#1056,#1056,#177,.T.);
#1342=EDGE_CURVE('',#1057,#1058,#39,.T.);
#1343=EDGE_CURVE('',#1058,#1057,#40,.T.);
#1344=EDGE_CURVE('',#1058,#1059,#564,.T.);
#1345=EDGE_CURVE('',#1059,#1059,#178,.T.);
#1346=EDGE_CURVE('',#1060,#1061,#41,.T.);
#1347=EDGE_CURVE('',#1062,#1060,#565,.T.);
#1348=EDGE_CURVE('',#1063,#1062,#566,.T.);
#1349=EDGE_CURVE('',#1063,#1061,#567,.T.);
#1350=EDGE_CURVE('',#1061,#1064,#42,.T.);
#1351=EDGE_CURVE('',#1065,#1063,#568,.T.);
#1352=EDGE_CURVE('',#1065,#1064,#569,.T.);
#1353=EDGE_CURVE('',#1064,#1066,#43,.T.);
#1354=EDGE_CURVE('',#1067,#1065,#570,.T.);
#1355=EDGE_CURVE('',#1067,#1066,#571,.T.);
#1356=EDGE_CURVE('',#1066,#1068,#44,.T.);
#1357=EDGE_CURVE('',#1069,#1067,#572,.T.);
#1358=EDGE_CURVE('',#1069,#1068,#573,.T.);
#1359=EDGE_CURVE('',#1068,#1060,#45,.T.);
#1360=EDGE_CURVE('',#1062,#1069,#574,.T.);
#1361=EDGE_CURVE('',#1070,#1071,#46,.T.);
#1362=EDGE_CURVE('',#1072,#1070,#575,.T.);
#1363=EDGE_CURVE('',#1073,#1072,#576,.T.);
#1364=EDGE_CURVE('',#1073,#1071,#577,.T.);
#1365=EDGE_CURVE('',#1071,#1074,#47,.T.);
#1366=EDGE_CURVE('',#1075,#1073,#578,.T.);
#1367=EDGE_CURVE('',#1075,#1074,#579,.T.);
#1368=EDGE_CURVE('',#1074,#1076,#48,.T.);
#1369=EDGE_CURVE('',#1077,#1075,#580,.T.);
#1370=EDGE_CURVE('',#1077,#1076,#581,.T.);
#1371=EDGE_CURVE('',#1076,#1078,#49,.T.);
#1372=EDGE_CURVE('',#1079,#1077,#582,.T.);
#1373=EDGE_CURVE('',#1079,#1078,#583,.T.);
#1374=EDGE_CURVE('',#1078,#1080,#50,.T.);
#1375=EDGE_CURVE('',#1081,#1079,#584,.T.);
#1376=EDGE_CURVE('',#1081,#1080,#585,.T.);
#1377=EDGE_CURVE('',#1080,#1070,#51,.T.);
#1378=EDGE_CURVE('',#1072,#1081,#586,.T.);
#1379=EDGE_CURVE('',#1082,#1083,#52,.T.);
#1380=EDGE_CURVE('',#1084,#1082,#587,.T.);
#1381=EDGE_CURVE('',#1085,#1084,#588,.T.);
#1382=EDGE_CURVE('',#1085,#1083,#589,.T.);
#1383=EDGE_CURVE('',#1083,#1086,#53,.T.);
#1384=EDGE_CURVE('',#1087,#1085,#590,.T.);
#1385=EDGE_CURVE('',#1087,#1086,#591,.T.);
#1386=EDGE_CURVE('',#1086,#1088,#54,.T.);
#1387=EDGE_CURVE('',#1089,#1087,#592,.T.);
#1388=EDGE_CURVE('',#1089,#1088,#593,.T.);
#1389=EDGE_CURVE('',#1088,#1090,#55,.T.);
#1390=EDGE_CURVE('',#1091,#1089,#594,.T.);
#1391=EDGE_CURVE('',#1091,#1090,#595,.T.);
#1392=EDGE_CURVE('',#1090,#1092,#56,.T.);
#1393=EDGE_CURVE('',#1093,#1091,#596,.T.);
#1394=EDGE_CURVE('',#1093,#1092,#597,.T.);
#1395=EDGE_CURVE('',#1092,#1082,#57,.T.);
#1396=EDGE_CURVE('',#1084,#1093,#598,.T.);
#1397=EDGE_CURVE('',#1094,#1095,#58,.T.);
#1398=EDGE_CURVE('',#1096,#1094,#599,.T.);
#1399=EDGE_CURVE('',#1097,#1096,#600,.T.);
#1400=EDGE_CURVE('',#1097,#1095,#601,.T.);
#1401=EDGE_CURVE('',#1095,#1098,#59,.T.);
#1402=EDGE_CURVE('',#1099,#1097,#602,.T.);
#1403=EDGE_CURVE('',#1099,#1098,#603,.T.);
#1404=EDGE_CURVE('',#1098,#1100,#60,.T.);
#1405=EDGE_CURVE('',#1101,#1099,#604,.T.);
#1406=EDGE_CURVE('',#1101,#1100,#605,.T.);
#1407=EDGE_CURVE('',#1100,#1102,#61,.T.);
#1408=EDGE_CURVE('',#1103,#1101,#606,.T.);
#1409=EDGE_CURVE('',#1103,#1102,#607,.T.);
#1410=EDGE_CURVE('',#1102,#1104,#62,.T.);
#1411=EDGE_CURVE('',#1105,#1103,#608,.T.);
#1412=EDGE_CURVE('',#1105,#1104,#609,.T.);
#1413=EDGE_CURVE('',#1104,#1094,#63,.T.);
#1414=EDGE_CURVE('',#1096,#1105,#610,.T.);
#1415=EDGE_CURVE('',#1106,#1107,#64,.T.);
#1416=EDGE_CURVE('',#1108,#1106,#611,.T.);
#1417=EDGE_CURVE('',#1109,#1108,#612,.T.);
#1418=EDGE_CURVE('',#1109,#1107,#613,.T.);
#1419=EDGE_CURVE('',#1107,#1110,#65,.T.);
#1420=EDGE_CURVE('',#1111,#1109,#614,.T.);
#1421=EDGE_CURVE('',#1111,#1110,#615,.T.);
#1422=EDGE_CURVE('',#1110,#1112,#66,.T.);
#1423=EDGE_CURVE('',#1113,#1111,#616,.T.);
#1424=EDGE_CURVE('',#1113,#1112,#617,.T.);
#1425=EDGE_CURVE('',#1112,#1114,#67,.T.);
#1426=EDGE_CURVE('',#1115,#1113,#618,.T.);
#1427=EDGE_CURVE('',#1115,#1114,#619,.T.);
#1428=EDGE_CURVE('',#1114,#1106,#68,.T.);
#1429=EDGE_CURVE('',#1108,#1115,#620,.T.);
#1430=EDGE_CURVE('',#1116,#1117,#69,.T.);
#1431=EDGE_CURVE('',#1118,#1116,#621,.T.);
#1432=EDGE_CURVE('',#1119,#1118,#622,.T.);
#1433=EDGE_CURVE('',#1119,#1117,#623,.T.);
#1434=EDGE_CURVE('',#1117,#1120,#70,.T.);
#1435=EDGE_CURVE('',#1121,#1119,#624,.T.);
#1436=EDGE_CURVE('',#1121,#1120,#625,.T.);
#1437=EDGE_CURVE('',#1120,#1122,#71,.T.);
#1438=EDGE_CURVE('',#1123,#1121,#626,.T.);
#1439=EDGE_CURVE('',#1123,#1122,#627,.T.);
#1440=EDGE_CURVE('',#1122,#1124,#72,.T.);
#1441=EDGE_CURVE('',#1125,#1123,#628,.T.);
#1442=EDGE_CURVE('',#1125,#1124,#629,.T.);
#1443=EDGE_CURVE('',#1124,#1116,#73,.T.);
#1444=EDGE_CURVE('',#1118,#1125,#630,.T.);
#1445=EDGE_CURVE('',#1126,#1127,#74,.T.);
#1446=EDGE_CURVE('',#1128,#1126,#631,.T.);
#1447=EDGE_CURVE('',#1129,#1128,#632,.T.);
#1448=EDGE_CURVE('',#1129,#1127,#633,.T.);
#1449=EDGE_CURVE('',#1127,#1130,#75,.T.);
#1450=EDGE_CURVE('',#1131,#1129,#634,.T.);
#1451=EDGE_CURVE('',#1131,#1130,#635,.T.);
#1452=EDGE_CURVE('',#1130,#1132,#76,.T.);
#1453=EDGE_CURVE('',#1133,#1131,#636,.T.);
#1454=EDGE_CURVE('',#1133,#1132,#637,.T.);
#1455=EDGE_CURVE('',#1132,#1134,#77,.T.);
#1456=EDGE_CURVE('',#1135,#1133,#638,.T.);
#1457=EDGE_CURVE('',#1135,#1134,#639,.T.);
#1458=EDGE_CURVE('',#1134,#1126,#78,.T.);
#1459=EDGE_CURVE('',#1128,#1135,#640,.T.);
#1460=EDGE_CURVE('',#1136,#1137,#79,.T.);
#1461=EDGE_CURVE('',#1138,#1136,#641,.T.);
#1462=EDGE_CURVE('',#1139,#1138,#642,.T.);
#1463=EDGE_CURVE('',#1139,#1137,#643,.T.);
#1464=EDGE_CURVE('',#1137,#1140,#80,.T.);
#1465=EDGE_CURVE('',#1141,#1139,#644,.T.);
#1466=EDGE_CURVE('',#1141,#1140,#645,.T.);
#1467=EDGE_CURVE('',#1140,#1142,#81,.T.);
#1468=EDGE_CURVE('',#1143,#1141,#646,.T.);
#1469=EDGE_CURVE('',#1143,#1142,#647,.T.);
#1470=EDGE_CURVE('',#1142,#1144,#82,.T.);
#1471=EDGE_CURVE('',#1145,#1143,#648,.T.);
#1472=EDGE_CURVE('',#1145,#1144,#649,.T.);
#1473=EDGE_CURVE('',#1144,#1146,#83,.T.);
#1474=EDGE_CURVE('',#1147,#1145,#650,.T.);
#1475=EDGE_CURVE('',#1147,#1146,#651,.T.);
#1476=EDGE_CURVE('',#1146,#1136,#84,.T.);
#1477=EDGE_CURVE('',#1138,#1147,#652,.T.);
#1478=EDGE_CURVE('',#1148,#1149,#85,.T.);
#1479=EDGE_CURVE('',#1150,#1148,#653,.T.);
#1480=EDGE_CURVE('',#1151,#1150,#654,.T.);
#1481=EDGE_CURVE('',#1151,#1149,#655,.T.);
#1482=EDGE_CURVE('',#1149,#1152,#86,.T.);
#1483=EDGE_CURVE('',#1153,#1151,#656,.T.);
#1484=EDGE_CURVE('',#1153,#1152,#657,.T.);
#1485=EDGE_CURVE('',#1152,#1154,#87,.T.);
#1486=EDGE_CURVE('',#1155,#1153,#658,.T.);
#1487=EDGE_CURVE('',#1155,#1154,#659,.T.);
#1488=EDGE_CURVE('',#1154,#1156,#88,.T.);
#1489=EDGE_CURVE('',#1157,#1155,#660,.T.);
#1490=EDGE_CURVE('',#1157,#1156,#661,.T.);
#1491=EDGE_CURVE('',#1156,#1158,#89,.T.);
#1492=EDGE_CURVE('',#1159,#1157,#662,.T.);
#1493=EDGE_CURVE('',#1159,#1158,#663,.T.);
#1494=EDGE_CURVE('',#1158,#1148,#90,.T.);
#1495=EDGE_CURVE('',#1150,#1159,#664,.T.);
#1496=EDGE_CURVE('',#1160,#1161,#91,.T.);
#1497=EDGE_CURVE('',#1162,#1160,#665,.T.);
#1498=EDGE_CURVE('',#1163,#1162,#666,.T.);
#1499=EDGE_CURVE('',#1163,#1161,#667,.T.);
#1500=EDGE_CURVE('',#1161,#1164,#92,.T.);
#1501=EDGE_CURVE('',#1165,#1163,#668,.T.);
#1502=EDGE_CURVE('',#1165,#1164,#669,.T.);
#1503=EDGE_CURVE('',#1164,#1166,#93,.T.);
#1504=EDGE_CURVE('',#1167,#1165,#670,.T.);
#1505=EDGE_CURVE('',#1167,#1166,#671,.T.);
#1506=EDGE_CURVE('',#1166,#1168,#94,.T.);
#1507=EDGE_CURVE('',#1169,#1167,#672,.T.);
#1508=EDGE_CURVE('',#1169,#1168,#673,.T.);
#1509=EDGE_CURVE('',#1168,#1170,#95,.T.);
#1510=EDGE_CURVE('',#1171,#1169,#674,.T.);
#1511=EDGE_CURVE('',#1171,#1170,#675,.T.);
#1512=EDGE_CURVE('',#1170,#1160,#96,.T.);
#1513=EDGE_CURVE('',#1162,#1171,#676,.T.);
#1514=EDGE_CURVE('',#1172,#1173,#97,.T.);
#1515=EDGE_CURVE('',#1174,#1172,#677,.T.);
#1516=EDGE_CURVE('',#1175,#1174,#678,.T.);
#1517=EDGE_CURVE('',#1175,#1173,#679,.T.);
#1518=EDGE_CURVE('',#1173,#1176,#98,.T.);
#1519=EDGE_CURVE('',#1177,#1175,#680,.T.);
#1520=EDGE_CURVE('',#1177,#1176,#681,.T.);
#1521=EDGE_CURVE('',#1176,#1178,#99,.T.);
#1522=EDGE_CURVE('',#1179,#1177,#682,.T.);
#1523=EDGE_CURVE('',#1179,#1178,#683,.T.);
#1524=EDGE_CURVE('',#1178,#1180,#100,.T.);
#1525=EDGE_CURVE('',#1181,#1179,#684,.T.);
#1526=EDGE_CURVE('',#1181,#1180,#685,.T.);
#1527=EDGE_CURVE('',#1180,#1182,#101,.T.);
#1528=EDGE_CURVE('',#1183,#1181,#686,.T.);
#1529=EDGE_CURVE('',#1183,#1182,#687,.T.);
#1530=EDGE_CURVE('',#1182,#1172,#102,.T.);
#1531=EDGE_CURVE('',#1174,#1183,#688,.T.);
#1532=EDGE_CURVE('',#1184,#1185,#103,.T.);
#1533=EDGE_CURVE('',#1186,#1184,#689,.T.);
#1534=EDGE_CURVE('',#1187,#1186,#690,.T.);
#1535=EDGE_CURVE('',#1187,#1185,#691,.T.);
#1536=EDGE_CURVE('',#1185,#1188,#104,.T.);
#1537=EDGE_CURVE('',#1189,#1187,#692,.T.);
#1538=EDGE_CURVE('',#1189,#1188,#693,.T.);
#1539=EDGE_CURVE('',#1188,#1190,#105,.T.);
#1540=EDGE_CURVE('',#1191,#1189,#694,.T.);
#1541=EDGE_CURVE('',#1191,#1190,#695,.T.);
#1542=EDGE_CURVE('',#1190,#1192,#106,.T.);
#1543=EDGE_CURVE('',#1193,#1191,#696,.T.);
#1544=EDGE_CURVE('',#1193,#1192,#697,.T.);
#1545=EDGE_CURVE('',#1192,#1194,#107,.T.);
#1546=EDGE_CURVE('',#1195,#1193,#698,.T.);
#1547=EDGE_CURVE('',#1195,#1194,#699,.T.);
#1548=EDGE_CURVE('',#1194,#1184,#108,.T.);
#1549=EDGE_CURVE('',#1186,#1195,#700,.T.);
#1550=EDGE_CURVE('',#1196,#1197,#109,.T.);
#1551=EDGE_CURVE('',#1198,#1196,#701,.T.);
#1552=EDGE_CURVE('',#1199,#1198,#702,.T.);
#1553=EDGE_CURVE('',#1199,#1197,#703,.T.);
#1554=EDGE_CURVE('',#1197,#1200,#110,.T.);
#1555=EDGE_CURVE('',#1201,#1199,#704,.T.);
#1556=EDGE_CURVE('',#1201,#1200,#705,.T.);
#1557=EDGE_CURVE('',#1200,#1202,#111,.T.);
#1558=EDGE_CURVE('',#1203,#1201,#706,.T.);
#1559=EDGE_CURVE('',#1203,#1202,#707,.T.);
#1560=EDGE_CURVE('',#1202,#1204,#112,.T.);
#1561=EDGE_CURVE('',#1205,#1203,#708,.T.);
#1562=EDGE_CURVE('',#1205,#1204,#709,.T.);
#1563=EDGE_CURVE('',#1204,#1196,#113,.T.);
#1564=EDGE_CURVE('',#1198,#1205,#710,.T.);
#1565=EDGE_CURVE('',#1206,#1207,#114,.T.);
#1566=EDGE_CURVE('',#1208,#1207,#25,.T.);
#1567=EDGE_CURVE('',#1207,#1209,#115,.T.);
#1568=EDGE_CURVE('',#1209,#1210,#116,.T.);
#1569=EDGE_CURVE('',#1210,#1211,#117,.T.);
#1570=EDGE_CURVE('',#1211,#1212,#118,.T.);
#1571=EDGE_CURVE('',#1212,#1213,#119,.T.);
#1572=EDGE_CURVE('',#1213,#1214,#120,.T.);
#1573=EDGE_CURVE('',#1214,#1215,#121,.T.);
#1574=EDGE_CURVE('',#1215,#1206,#122,.T.);
#1575=EDGE_CURVE('',#1215,#1216,#711,.T.);
#1576=EDGE_CURVE('',#1217,#1216,#712,.T.);
#1577=EDGE_CURVE('',#1206,#1217,#713,.T.);
#1578=EDGE_CURVE('',#1214,#1218,#714,.T.);
#1579=EDGE_CURVE('',#1216,#1218,#715,.T.);
#1580=EDGE_CURVE('',#1213,#1219,#716,.T.);
#1581=EDGE_CURVE('',#1218,#1219,#717,.T.);
#1582=EDGE_CURVE('',#1212,#1220,#718,.T.);
#1583=EDGE_CURVE('',#1219,#1220,#719,.T.);
#1584=EDGE_CURVE('',#1221,#1217,#720,.T.);
#1585=EDGE_CURVE('',#1209,#1221,#721,.T.);
#1586=EDGE_CURVE('',#1222,#1221,#722,.T.);
#1587=EDGE_CURVE('',#1210,#1222,#723,.T.);
#1588=EDGE_CURVE('',#1223,#1222,#724,.T.);
#1589=EDGE_CURVE('',#1211,#1223,#725,.T.);
#1590=EDGE_CURVE('',#1220,#1223,#179,.T.);
#1591=ORIENTED_EDGE('',*,*,#1224,.F.);
#1592=ORIENTED_EDGE('',*,*,#1225,.F.);
#1593=ORIENTED_EDGE('',*,*,#1226,.T.);
#1594=ORIENTED_EDGE('',*,*,#1227,.F.);
#1595=ORIENTED_EDGE('',*,*,#1228,.F.);
#1596=ORIENTED_EDGE('',*,*,#1229,.F.);
#1597=ORIENTED_EDGE('',*,*,#1230,.T.);
#1598=ORIENTED_EDGE('',*,*,#1231,.T.);
#1599=ORIENTED_EDGE('',*,*,#1232,.F.);
#1600=ORIENTED_EDGE('',*,*,#1226,.F.);
#1601=ORIENTED_EDGE('',*,*,#1233,.F.);
#1602=ORIENTED_EDGE('',*,*,#1230,.F.);
#1603=ORIENTED_EDGE('',*,*,#1234,.T.);
#1604=ORIENTED_EDGE('',*,*,#1224,.T.);
#1605=ORIENTED_EDGE('',*,*,#1235,.T.);
#1606=ORIENTED_EDGE('',*,*,#1236,.T.);
#1607=ORIENTED_EDGE('',*,*,#1237,.T.);
#1608=ORIENTED_EDGE('',*,*,#1238,.T.);
#1609=ORIENTED_EDGE('',*,*,#1239,.T.);
#1610=ORIENTED_EDGE('',*,*,#1240,.T.);
#1611=ORIENTED_EDGE('',*,*,#1241,.T.);
#1612=ORIENTED_EDGE('',*,*,#1242,.T.);
#1613=ORIENTED_EDGE('',*,*,#1243,.T.);
#1614=ORIENTED_EDGE('',*,*,#1244,.T.);
#1615=ORIENTED_EDGE('',*,*,#1245,.T.);
#1616=ORIENTED_EDGE('',*,*,#1228,.T.);
#1617=ORIENTED_EDGE('',*,*,#1246,.T.);
#1618=ORIENTED_EDGE('',*,*,#1247,.T.);
#1619=ORIENTED_EDGE('',*,*,#1248,.T.);
#1620=ORIENTED_EDGE('',*,*,#1232,.T.);
#1621=ORIENTED_EDGE('',*,*,#1249,.F.);
#1622=ORIENTED_EDGE('',*,*,#1250,.F.);
#1623=ORIENTED_EDGE('',*,*,#1251,.F.);
#1624=ORIENTED_EDGE('',*,*,#1252,.T.);
#1625=ORIENTED_EDGE('',*,*,#1253,.T.);
#1626=ORIENTED_EDGE('',*,*,#1254,.T.);
#1627=ORIENTED_EDGE('',*,*,#1253,.F.);
#1628=ORIENTED_EDGE('',*,*,#1254,.F.);
#1629=ORIENTED_EDGE('',*,*,#1255,.T.);
#1630=ORIENTED_EDGE('',*,*,#1256,.T.);
#1631=ORIENTED_EDGE('',*,*,#1255,.F.);
#1632=ORIENTED_EDGE('',*,*,#1257,.F.);
#1633=ORIENTED_EDGE('',*,*,#1258,.F.);
#1634=ORIENTED_EDGE('',*,*,#1259,.F.);
#1635=ORIENTED_EDGE('',*,*,#1260,.F.);
#1636=ORIENTED_EDGE('',*,*,#1261,.F.);
#1637=ORIENTED_EDGE('',*,*,#1262,.F.);
#1638=ORIENTED_EDGE('',*,*,#1263,.F.);
#1639=ORIENTED_EDGE('',*,*,#1264,.F.);
#1640=ORIENTED_EDGE('',*,*,#1265,.T.);
#1641=ORIENTED_EDGE('',*,*,#1266,.T.);
#1642=ORIENTED_EDGE('',*,*,#1267,.T.);
#1643=ORIENTED_EDGE('',*,*,#1268,.T.);
#1644=ORIENTED_EDGE('',*,*,#1252,.F.);
#1645=ORIENTED_EDGE('',*,*,#1256,.F.);
#1646=ORIENTED_EDGE('',*,*,#1269,.F.);
#1647=ORIENTED_EDGE('',*,*,#1270,.F.);
#1648=ORIENTED_EDGE('',*,*,#1271,.F.);
#1649=ORIENTED_EDGE('',*,*,#1272,.F.);
#1650=ORIENTED_EDGE('',*,*,#1272,.T.);
#1651=ORIENTED_EDGE('',*,*,#1273,.T.);
#1652=ORIENTED_EDGE('',*,*,#1247,.F.);
#1653=ORIENTED_EDGE('',*,*,#1274,.F.);
#1654=ORIENTED_EDGE('',*,*,#1266,.F.);
#1655=ORIENTED_EDGE('',*,*,#1275,.T.);
#1656=ORIENTED_EDGE('',*,*,#1270,.T.);
#1657=ORIENTED_EDGE('',*,*,#1276,.F.);
#1658=ORIENTED_EDGE('',*,*,#1248,.F.);
#1659=ORIENTED_EDGE('',*,*,#1273,.F.);
#1660=ORIENTED_EDGE('',*,*,#1271,.T.);
#1661=ORIENTED_EDGE('',*,*,#1275,.F.);
#1662=ORIENTED_EDGE('',*,*,#1265,.F.);
#1663=ORIENTED_EDGE('',*,*,#1277,.T.);
#1664=ORIENTED_EDGE('',*,*,#1225,.T.);
#1665=ORIENTED_EDGE('',*,*,#1233,.T.);
#1666=ORIENTED_EDGE('',*,*,#1277,.F.);
#1667=ORIENTED_EDGE('',*,*,#1268,.F.);
#1668=ORIENTED_EDGE('',*,*,#1278,.T.);
#1669=ORIENTED_EDGE('',*,*,#1246,.F.);
#1670=ORIENTED_EDGE('',*,*,#1231,.F.);
#1671=ORIENTED_EDGE('',*,*,#1278,.F.);
#1672=ORIENTED_EDGE('',*,*,#1267,.F.);
#1673=ORIENTED_EDGE('',*,*,#1276,.T.);
#1674=ORIENTED_EDGE('',*,*,#1269,.T.);
#1675=ORIENTED_EDGE('',*,*,#1274,.T.);
#1676=ORIENTED_EDGE('',*,*,#1279,.F.);
#1677=ORIENTED_EDGE('',*,*,#1280,.T.);
#1678=ORIENTED_EDGE('',*,*,#1259,.T.);
#1679=ORIENTED_EDGE('',*,*,#1281,.F.);
#1680=ORIENTED_EDGE('',*,*,#1282,.F.);
#1681=ORIENTED_EDGE('',*,*,#1281,.T.);
#1682=ORIENTED_EDGE('',*,*,#1258,.T.);
#1683=ORIENTED_EDGE('',*,*,#1283,.F.);
#1684=ORIENTED_EDGE('',*,*,#1284,.F.);
#1685=ORIENTED_EDGE('',*,*,#1283,.T.);
#1686=ORIENTED_EDGE('',*,*,#1257,.T.);
#1687=ORIENTED_EDGE('',*,*,#1285,.F.);
#1688=ORIENTED_EDGE('',*,*,#1286,.F.);
#1689=ORIENTED_EDGE('',*,*,#1285,.T.);
#1690=ORIENTED_EDGE('',*,*,#1264,.T.);
#1691=ORIENTED_EDGE('',*,*,#1287,.F.);
#1692=ORIENTED_EDGE('',*,*,#1288,.F.);
#1693=ORIENTED_EDGE('',*,*,#1289,.T.);
#1694=ORIENTED_EDGE('',*,*,#1260,.T.);
#1695=ORIENTED_EDGE('',*,*,#1280,.F.);
#1696=ORIENTED_EDGE('',*,*,#1290,.F.);
#1697=ORIENTED_EDGE('',*,*,#1291,.T.);
#1698=ORIENTED_EDGE('',*,*,#1261,.T.);
#1699=ORIENTED_EDGE('',*,*,#1289,.F.);
#1700=ORIENTED_EDGE('',*,*,#1292,.F.);
#1701=ORIENTED_EDGE('',*,*,#1293,.T.);
#1702=ORIENTED_EDGE('',*,*,#1262,.T.);
#1703=ORIENTED_EDGE('',*,*,#1291,.F.);
#1704=ORIENTED_EDGE('',*,*,#1294,.F.);
#1705=ORIENTED_EDGE('',*,*,#1295,.F.);
#1706=ORIENTED_EDGE('',*,*,#1287,.T.);
#1707=ORIENTED_EDGE('',*,*,#1263,.T.);
#1708=ORIENTED_EDGE('',*,*,#1293,.F.);
#1709=ORIENTED_EDGE('',*,*,#1294,.T.);
#1710=ORIENTED_EDGE('',*,*,#1292,.T.);
#1711=ORIENTED_EDGE('',*,*,#1290,.T.);
#1712=ORIENTED_EDGE('',*,*,#1288,.T.);
#1713=ORIENTED_EDGE('',*,*,#1279,.T.);
#1714=ORIENTED_EDGE('',*,*,#1282,.T.);
#1715=ORIENTED_EDGE('',*,*,#1284,.T.);
#1716=ORIENTED_EDGE('',*,*,#1286,.T.);
#1717=ORIENTED_EDGE('',*,*,#1295,.T.);
#1718=ORIENTED_EDGE('',*,*,#1296,.T.);
#1719=ORIENTED_EDGE('',*,*,#1297,.T.);
#1720=ORIENTED_EDGE('',*,*,#1298,.T.);
#1721=ORIENTED_EDGE('',*,*,#1299,.T.);
#1722=ORIENTED_EDGE('',*,*,#1300,.T.);
#1723=ORIENTED_EDGE('',*,*,#1296,.F.);
#1724=ORIENTED_EDGE('',*,*,#1301,.F.);
#1725=ORIENTED_EDGE('',*,*,#1302,.F.);
#1726=ORIENTED_EDGE('',*,*,#1301,.T.);
#1727=ORIENTED_EDGE('',*,*,#1303,.T.);
#1728=ORIENTED_EDGE('',*,*,#1304,.T.);
#1729=ORIENTED_EDGE('',*,*,#1297,.F.);
#1730=ORIENTED_EDGE('',*,*,#1305,.T.);
#1731=ORIENTED_EDGE('',*,*,#1306,.F.);
#1732=ORIENTED_EDGE('',*,*,#1305,.F.);
#1733=ORIENTED_EDGE('',*,*,#1300,.F.);
#1734=ORIENTED_EDGE('',*,*,#1307,.T.);
#1735=ORIENTED_EDGE('',*,*,#1308,.T.);
#1736=ORIENTED_EDGE('',*,*,#1306,.T.);
#1737=ORIENTED_EDGE('',*,*,#1309,.F.);
#1738=ORIENTED_EDGE('',*,*,#1304,.F.);
#1739=ORIENTED_EDGE('',*,*,#1310,.T.);
#1740=ORIENTED_EDGE('',*,*,#1307,.F.);
#1741=ORIENTED_EDGE('',*,*,#1299,.F.);
#1742=ORIENTED_EDGE('',*,*,#1298,.F.);
#1743=ORIENTED_EDGE('',*,*,#1311,.T.);
#1744=ORIENTED_EDGE('',*,*,#1312,.T.);
#1745=ORIENTED_EDGE('',*,*,#1313,.T.);
#1746=ORIENTED_EDGE('',*,*,#1314,.T.);
#1747=ORIENTED_EDGE('',*,*,#1314,.F.);
#1748=ORIENTED_EDGE('',*,*,#1315,.T.);
#1749=ORIENTED_EDGE('',*,*,#1316,.F.);
#1750=ORIENTED_EDGE('',*,*,#1317,.F.);
#1751=ORIENTED_EDGE('',*,*,#1227,.T.);
#1752=ORIENTED_EDGE('',*,*,#1251,.T.);
#1753=ORIENTED_EDGE('',*,*,#1318,.T.);
#1754=ORIENTED_EDGE('',*,*,#1319,.F.);
#1755=ORIENTED_EDGE('',*,*,#1235,.F.);
#1756=ORIENTED_EDGE('',*,*,#1249,.T.);
#1757=ORIENTED_EDGE('',*,*,#1229,.T.);
#1758=ORIENTED_EDGE('',*,*,#1245,.F.);
#1759=ORIENTED_EDGE('',*,*,#1320,.F.);
#1760=ORIENTED_EDGE('',*,*,#1321,.T.);
#1761=ORIENTED_EDGE('',*,*,#1250,.T.);
#1762=ORIENTED_EDGE('',*,*,#1321,.F.);
#1763=ORIENTED_EDGE('',*,*,#1322,.F.);
#1764=ORIENTED_EDGE('',*,*,#1318,.F.);
#1765=ORIENTED_EDGE('',*,*,#1323,.T.);
#1766=ORIENTED_EDGE('',*,*,#1324,.T.);
#1767=ORIENTED_EDGE('',*,*,#1325,.T.);
#1768=ORIENTED_EDGE('',*,*,#1238,.F.);
#1769=ORIENTED_EDGE('',*,*,#1326,.T.);
#1770=ORIENTED_EDGE('',*,*,#1327,.T.);
#1771=ORIENTED_EDGE('',*,*,#1323,.F.);
#1772=ORIENTED_EDGE('',*,*,#1237,.F.);
#1773=ORIENTED_EDGE('',*,*,#1320,.T.);
#1774=ORIENTED_EDGE('',*,*,#1244,.F.);
#1775=ORIENTED_EDGE('',*,*,#1328,.T.);
#1776=ORIENTED_EDGE('',*,*,#1329,.T.);
#1777=ORIENTED_EDGE('',*,*,#1326,.F.);
#1778=ORIENTED_EDGE('',*,*,#1236,.F.);
#1779=ORIENTED_EDGE('',*,*,#1319,.T.);
#1780=ORIENTED_EDGE('',*,*,#1322,.T.);
#1781=ORIENTED_EDGE('',*,*,#1330,.T.);
#1782=ORIENTED_EDGE('',*,*,#1331,.T.);
#1783=ORIENTED_EDGE('',*,*,#1328,.F.);
#1784=ORIENTED_EDGE('',*,*,#1243,.F.);
#1785=ORIENTED_EDGE('',*,*,#1332,.T.);
#1786=ORIENTED_EDGE('',*,*,#1333,.T.);
#1787=ORIENTED_EDGE('',*,*,#1330,.F.);
#1788=ORIENTED_EDGE('',*,*,#1242,.F.);
#1789=ORIENTED_EDGE('',*,*,#1334,.T.);
#1790=ORIENTED_EDGE('',*,*,#1315,.F.);
#1791=ORIENTED_EDGE('',*,*,#1313,.F.);
#1792=ORIENTED_EDGE('',*,*,#1335,.T.);
#1793=ORIENTED_EDGE('',*,*,#1332,.F.);
#1794=ORIENTED_EDGE('',*,*,#1241,.F.);
#1795=ORIENTED_EDGE('',*,*,#1316,.T.);
#1796=ORIENTED_EDGE('',*,*,#1334,.F.);
#1797=ORIENTED_EDGE('',*,*,#1240,.F.);
#1798=ORIENTED_EDGE('',*,*,#1336,.T.);
#1799=ORIENTED_EDGE('',*,*,#1325,.F.);
#1800=ORIENTED_EDGE('',*,*,#1337,.T.);
#1801=ORIENTED_EDGE('',*,*,#1311,.F.);
#1802=ORIENTED_EDGE('',*,*,#1317,.T.);
#1803=ORIENTED_EDGE('',*,*,#1336,.F.);
#1804=ORIENTED_EDGE('',*,*,#1239,.F.);
#1805=ORIENTED_EDGE('',*,*,#1337,.F.);
#1806=ORIENTED_EDGE('',*,*,#1324,.F.);
#1807=ORIENTED_EDGE('',*,*,#1327,.F.);
#1808=ORIENTED_EDGE('',*,*,#1329,.F.);
#1809=ORIENTED_EDGE('',*,*,#1331,.F.);
#1810=ORIENTED_EDGE('',*,*,#1333,.F.);
#1811=ORIENTED_EDGE('',*,*,#1335,.F.);
#1812=ORIENTED_EDGE('',*,*,#1312,.F.);
#1813=ORIENTED_EDGE('',*,*,#1302,.T.);
#1814=ORIENTED_EDGE('',*,*,#1308,.F.);
#1815=ORIENTED_EDGE('',*,*,#1310,.F.);
#1816=ORIENTED_EDGE('',*,*,#1303,.F.);
#1817=ORIENTED_EDGE('',*,*,#1309,.T.);
#1818=ORIENTED_EDGE('',*,*,#1338,.T.);
#1819=ORIENTED_EDGE('',*,*,#1234,.F.);
#1820=ORIENTED_EDGE('',*,*,#1338,.F.);
#1821=ORIENTED_EDGE('',*,*,#1339,.F.);
#1822=ORIENTED_EDGE('',*,*,#1340,.T.);
#1823=ORIENTED_EDGE('',*,*,#1341,.F.);
#1824=ORIENTED_EDGE('',*,*,#1340,.F.);
#1825=ORIENTED_EDGE('',*,*,#1342,.F.);
#1826=ORIENTED_EDGE('',*,*,#1343,.F.);
#1827=ORIENTED_EDGE('',*,*,#1344,.T.);
#1828=ORIENTED_EDGE('',*,*,#1345,.T.);
#1829=ORIENTED_EDGE('',*,*,#1344,.F.);
#1830=ORIENTED_EDGE('',*,*,#1345,.F.);
#1831=ORIENTED_EDGE('',*,*,#1339,.T.);
#1832=ORIENTED_EDGE('',*,*,#1346,.F.);
#1833=ORIENTED_EDGE('',*,*,#1347,.F.);
#1834=ORIENTED_EDGE('',*,*,#1348,.F.);
#1835=ORIENTED_EDGE('',*,*,#1349,.T.);
#1836=ORIENTED_EDGE('',*,*,#1350,.F.);
#1837=ORIENTED_EDGE('',*,*,#1349,.F.);
#1838=ORIENTED_EDGE('',*,*,#1351,.F.);
#1839=ORIENTED_EDGE('',*,*,#1352,.T.);
#1840=ORIENTED_EDGE('',*,*,#1353,.F.);
#1841=ORIENTED_EDGE('',*,*,#1352,.F.);
#1842=ORIENTED_EDGE('',*,*,#1354,.F.);
#1843=ORIENTED_EDGE('',*,*,#1355,.T.);
#1844=ORIENTED_EDGE('',*,*,#1356,.F.);
#1845=ORIENTED_EDGE('',*,*,#1355,.F.);
#1846=ORIENTED_EDGE('',*,*,#1357,.F.);
#1847=ORIENTED_EDGE('',*,*,#1358,.T.);
#1848=ORIENTED_EDGE('',*,*,#1359,.F.);
#1849=ORIENTED_EDGE('',*,*,#1358,.F.);
#1850=ORIENTED_EDGE('',*,*,#1360,.F.);
#1851=ORIENTED_EDGE('',*,*,#1347,.T.);
#1852=ORIENTED_EDGE('',*,*,#1361,.F.);
#1853=ORIENTED_EDGE('',*,*,#1362,.F.);
#1854=ORIENTED_EDGE('',*,*,#1363,.F.);
#1855=ORIENTED_EDGE('',*,*,#1364,.T.);
#1856=ORIENTED_EDGE('',*,*,#1365,.F.);
#1857=ORIENTED_EDGE('',*,*,#1364,.F.);
#1858=ORIENTED_EDGE('',*,*,#1366,.F.);
#1859=ORIENTED_EDGE('',*,*,#1367,.T.);
#1860=ORIENTED_EDGE('',*,*,#1368,.F.);
#1861=ORIENTED_EDGE('',*,*,#1367,.F.);
#1862=ORIENTED_EDGE('',*,*,#1369,.F.);
#1863=ORIENTED_EDGE('',*,*,#1370,.T.);
#1864=ORIENTED_EDGE('',*,*,#1371,.F.);
#1865=ORIENTED_EDGE('',*,*,#1370,.F.);
#1866=ORIENTED_EDGE('',*,*,#1372,.F.);
#1867=ORIENTED_EDGE('',*,*,#1373,.T.);
#1868=ORIENTED_EDGE('',*,*,#1374,.F.);
#1869=ORIENTED_EDGE('',*,*,#1373,.F.);
#1870=ORIENTED_EDGE('',*,*,#1375,.F.);
#1871=ORIENTED_EDGE('',*,*,#1376,.T.);
#1872=ORIENTED_EDGE('',*,*,#1377,.F.);
#1873=ORIENTED_EDGE('',*,*,#1376,.F.);
#1874=ORIENTED_EDGE('',*,*,#1378,.F.);
#1875=ORIENTED_EDGE('',*,*,#1362,.T.);
#1876=ORIENTED_EDGE('',*,*,#1379,.F.);
#1877=ORIENTED_EDGE('',*,*,#1380,.F.);
#1878=ORIENTED_EDGE('',*,*,#1381,.F.);
#1879=ORIENTED_EDGE('',*,*,#1382,.T.);
#1880=ORIENTED_EDGE('',*,*,#1383,.F.);
#1881=ORIENTED_EDGE('',*,*,#1382,.F.);
#1882=ORIENTED_EDGE('',*,*,#1384,.F.);
#1883=ORIENTED_EDGE('',*,*,#1385,.T.);
#1884=ORIENTED_EDGE('',*,*,#1386,.F.);
#1885=ORIENTED_EDGE('',*,*,#1385,.F.);
#1886=ORIENTED_EDGE('',*,*,#1387,.F.);
#1887=ORIENTED_EDGE('',*,*,#1388,.T.);
#1888=ORIENTED_EDGE('',*,*,#1389,.F.);
#1889=ORIENTED_EDGE('',*,*,#1388,.F.);
#1890=ORIENTED_EDGE('',*,*,#1390,.F.);
#1891=ORIENTED_EDGE('',*,*,#1391,.T.);
#1892=ORIENTED_EDGE('',*,*,#1392,.F.);
#1893=ORIENTED_EDGE('',*,*,#1391,.F.);
#1894=ORIENTED_EDGE('',*,*,#1393,.F.);
#1895=ORIENTED_EDGE('',*,*,#1394,.T.);
#1896=ORIENTED_EDGE('',*,*,#1395,.F.);
#1897=ORIENTED_EDGE('',*,*,#1394,.F.);
#1898=ORIENTED_EDGE('',*,*,#1396,.F.);
#1899=ORIENTED_EDGE('',*,*,#1380,.T.);
#1900=ORIENTED_EDGE('',*,*,#1397,.F.);
#1901=ORIENTED_EDGE('',*,*,#1398,.F.);
#1902=ORIENTED_EDGE('',*,*,#1399,.F.);
#1903=ORIENTED_EDGE('',*,*,#1400,.T.);
#1904=ORIENTED_EDGE('',*,*,#1401,.F.);
#1905=ORIENTED_EDGE('',*,*,#1400,.F.);
#1906=ORIENTED_EDGE('',*,*,#1402,.F.);
#1907=ORIENTED_EDGE('',*,*,#1403,.T.);
#1908=ORIENTED_EDGE('',*,*,#1404,.F.);
#1909=ORIENTED_EDGE('',*,*,#1403,.F.);
#1910=ORIENTED_EDGE('',*,*,#1405,.F.);
#1911=ORIENTED_EDGE('',*,*,#1406,.T.);
#1912=ORIENTED_EDGE('',*,*,#1407,.F.);
#1913=ORIENTED_EDGE('',*,*,#1406,.F.);
#1914=ORIENTED_EDGE('',*,*,#1408,.F.);
#1915=ORIENTED_EDGE('',*,*,#1409,.T.);
#1916=ORIENTED_EDGE('',*,*,#1410,.F.);
#1917=ORIENTED_EDGE('',*,*,#1409,.F.);
#1918=ORIENTED_EDGE('',*,*,#1411,.F.);
#1919=ORIENTED_EDGE('',*,*,#1412,.T.);
#1920=ORIENTED_EDGE('',*,*,#1413,.F.);
#1921=ORIENTED_EDGE('',*,*,#1412,.F.);
#1922=ORIENTED_EDGE('',*,*,#1414,.F.);
#1923=ORIENTED_EDGE('',*,*,#1398,.T.);
#1924=ORIENTED_EDGE('',*,*,#1415,.F.);
#1925=ORIENTED_EDGE('',*,*,#1416,.F.);
#1926=ORIENTED_EDGE('',*,*,#1417,.F.);
#1927=ORIENTED_EDGE('',*,*,#1418,.T.);
#1928=ORIENTED_EDGE('',*,*,#1419,.F.);
#1929=ORIENTED_EDGE('',*,*,#1418,.F.);
#1930=ORIENTED_EDGE('',*,*,#1420,.F.);
#1931=ORIENTED_EDGE('',*,*,#1421,.T.);
#1932=ORIENTED_EDGE('',*,*,#1422,.F.);
#1933=ORIENTED_EDGE('',*,*,#1421,.F.);
#1934=ORIENTED_EDGE('',*,*,#1423,.F.);
#1935=ORIENTED_EDGE('',*,*,#1424,.T.);
#1936=ORIENTED_EDGE('',*,*,#1425,.F.);
#1937=ORIENTED_EDGE('',*,*,#1424,.F.);
#1938=ORIENTED_EDGE('',*,*,#1426,.F.);
#1939=ORIENTED_EDGE('',*,*,#1427,.T.);
#1940=ORIENTED_EDGE('',*,*,#1428,.F.);
#1941=ORIENTED_EDGE('',*,*,#1427,.F.);
#1942=ORIENTED_EDGE('',*,*,#1429,.F.);
#1943=ORIENTED_EDGE('',*,*,#1416,.T.);
#1944=ORIENTED_EDGE('',*,*,#1430,.F.);
#1945=ORIENTED_EDGE('',*,*,#1431,.F.);
#1946=ORIENTED_EDGE('',*,*,#1432,.F.);
#1947=ORIENTED_EDGE('',*,*,#1433,.T.);
#1948=ORIENTED_EDGE('',*,*,#1434,.F.);
#1949=ORIENTED_EDGE('',*,*,#1433,.F.);
#1950=ORIENTED_EDGE('',*,*,#1435,.F.);
#1951=ORIENTED_EDGE('',*,*,#1436,.T.);
#1952=ORIENTED_EDGE('',*,*,#1437,.F.);
#1953=ORIENTED_EDGE('',*,*,#1436,.F.);
#1954=ORIENTED_EDGE('',*,*,#1438,.F.);
#1955=ORIENTED_EDGE('',*,*,#1439,.T.);
#1956=ORIENTED_EDGE('',*,*,#1440,.F.);
#1957=ORIENTED_EDGE('',*,*,#1439,.F.);
#1958=ORIENTED_EDGE('',*,*,#1441,.F.);
#1959=ORIENTED_EDGE('',*,*,#1442,.T.);
#1960=ORIENTED_EDGE('',*,*,#1443,.F.);
#1961=ORIENTED_EDGE('',*,*,#1442,.F.);
#1962=ORIENTED_EDGE('',*,*,#1444,.F.);
#1963=ORIENTED_EDGE('',*,*,#1431,.T.);
#1964=ORIENTED_EDGE('',*,*,#1445,.F.);
#1965=ORIENTED_EDGE('',*,*,#1446,.F.);
#1966=ORIENTED_EDGE('',*,*,#1447,.F.);
#1967=ORIENTED_EDGE('',*,*,#1448,.T.);
#1968=ORIENTED_EDGE('',*,*,#1449,.F.);
#1969=ORIENTED_EDGE('',*,*,#1448,.F.);
#1970=ORIENTED_EDGE('',*,*,#1450,.F.);
#1971=ORIENTED_EDGE('',*,*,#1451,.T.);
#1972=ORIENTED_EDGE('',*,*,#1452,.F.);
#1973=ORIENTED_EDGE('',*,*,#1451,.F.);
#1974=ORIENTED_EDGE('',*,*,#1453,.F.);
#1975=ORIENTED_EDGE('',*,*,#1454,.T.);
#1976=ORIENTED_EDGE('',*,*,#1455,.F.);
#1977=ORIENTED_EDGE('',*,*,#1454,.F.);
#1978=ORIENTED_EDGE('',*,*,#1456,.F.);
#1979=ORIENTED_EDGE('',*,*,#1457,.T.);
#1980=ORIENTED_EDGE('',*,*,#1458,.F.);
#1981=ORIENTED_EDGE('',*,*,#1457,.F.);
#1982=ORIENTED_EDGE('',*,*,#1459,.F.);
#1983=ORIENTED_EDGE('',*,*,#1446,.T.);
#1984=ORIENTED_EDGE('',*,*,#1460,.F.);
#1985=ORIENTED_EDGE('',*,*,#1461,.F.);
#1986=ORIENTED_EDGE('',*,*,#1462,.F.);
#1987=ORIENTED_EDGE('',*,*,#1463,.T.);
#1988=ORIENTED_EDGE('',*,*,#1464,.F.);
#1989=ORIENTED_EDGE('',*,*,#1463,.F.);
#1990=ORIENTED_EDGE('',*,*,#1465,.F.);
#1991=ORIENTED_EDGE('',*,*,#1466,.T.);
#1992=ORIENTED_EDGE('',*,*,#1467,.F.);
#1993=ORIENTED_EDGE('',*,*,#1466,.F.);
#1994=ORIENTED_EDGE('',*,*,#1468,.F.);
#1995=ORIENTED_EDGE('',*,*,#1469,.T.);
#1996=ORIENTED_EDGE('',*,*,#1470,.F.);
#1997=ORIENTED_EDGE('',*,*,#1469,.F.);
#1998=ORIENTED_EDGE('',*,*,#1471,.F.);
#1999=ORIENTED_EDGE('',*,*,#1472,.T.);
#2000=ORIENTED_EDGE('',*,*,#1473,.F.);
#2001=ORIENTED_EDGE('',*,*,#1472,.F.);
#2002=ORIENTED_EDGE('',*,*,#1474,.F.);
#2003=ORIENTED_EDGE('',*,*,#1475,.T.);
#2004=ORIENTED_EDGE('',*,*,#1476,.F.);
#2005=ORIENTED_EDGE('',*,*,#1475,.F.);
#2006=ORIENTED_EDGE('',*,*,#1477,.F.);
#2007=ORIENTED_EDGE('',*,*,#1461,.T.);
#2008=ORIENTED_EDGE('',*,*,#1478,.F.);
#2009=ORIENTED_EDGE('',*,*,#1479,.F.);
#2010=ORIENTED_EDGE('',*,*,#1480,.F.);
#2011=ORIENTED_EDGE('',*,*,#1481,.T.);
#2012=ORIENTED_EDGE('',*,*,#1482,.F.);
#2013=ORIENTED_EDGE('',*,*,#1481,.F.);
#2014=ORIENTED_EDGE('',*,*,#1483,.F.);
#2015=ORIENTED_EDGE('',*,*,#1484,.T.);
#2016=ORIENTED_EDGE('',*,*,#1485,.F.);
#2017=ORIENTED_EDGE('',*,*,#1484,.F.);
#2018=ORIENTED_EDGE('',*,*,#1486,.F.);
#2019=ORIENTED_EDGE('',*,*,#1487,.T.);
#2020=ORIENTED_EDGE('',*,*,#1488,.F.);
#2021=ORIENTED_EDGE('',*,*,#1487,.F.);
#2022=ORIENTED_EDGE('',*,*,#1489,.F.);
#2023=ORIENTED_EDGE('',*,*,#1490,.T.);
#2024=ORIENTED_EDGE('',*,*,#1491,.F.);
#2025=ORIENTED_EDGE('',*,*,#1490,.F.);
#2026=ORIENTED_EDGE('',*,*,#1492,.F.);
#2027=ORIENTED_EDGE('',*,*,#1493,.T.);
#2028=ORIENTED_EDGE('',*,*,#1494,.F.);
#2029=ORIENTED_EDGE('',*,*,#1493,.F.);
#2030=ORIENTED_EDGE('',*,*,#1495,.F.);
#2031=ORIENTED_EDGE('',*,*,#1479,.T.);
#2032=ORIENTED_EDGE('',*,*,#1496,.F.);
#2033=ORIENTED_EDGE('',*,*,#1497,.F.);
#2034=ORIENTED_EDGE('',*,*,#1498,.F.);
#2035=ORIENTED_EDGE('',*,*,#1499,.T.);
#2036=ORIENTED_EDGE('',*,*,#1500,.F.);
#2037=ORIENTED_EDGE('',*,*,#1499,.F.);
#2038=ORIENTED_EDGE('',*,*,#1501,.F.);
#2039=ORIENTED_EDGE('',*,*,#1502,.T.);
#2040=ORIENTED_EDGE('',*,*,#1503,.F.);
#2041=ORIENTED_EDGE('',*,*,#1502,.F.);
#2042=ORIENTED_EDGE('',*,*,#1504,.F.);
#2043=ORIENTED_EDGE('',*,*,#1505,.T.);
#2044=ORIENTED_EDGE('',*,*,#1506,.F.);
#2045=ORIENTED_EDGE('',*,*,#1505,.F.);
#2046=ORIENTED_EDGE('',*,*,#1507,.F.);
#2047=ORIENTED_EDGE('',*,*,#1508,.T.);
#2048=ORIENTED_EDGE('',*,*,#1509,.F.);
#2049=ORIENTED_EDGE('',*,*,#1508,.F.);
#2050=ORIENTED_EDGE('',*,*,#1510,.F.);
#2051=ORIENTED_EDGE('',*,*,#1511,.T.);
#2052=ORIENTED_EDGE('',*,*,#1512,.F.);
#2053=ORIENTED_EDGE('',*,*,#1511,.F.);
#2054=ORIENTED_EDGE('',*,*,#1513,.F.);
#2055=ORIENTED_EDGE('',*,*,#1497,.T.);
#2056=ORIENTED_EDGE('',*,*,#1514,.F.);
#2057=ORIENTED_EDGE('',*,*,#1515,.F.);
#2058=ORIENTED_EDGE('',*,*,#1516,.F.);
#2059=ORIENTED_EDGE('',*,*,#1517,.T.);
#2060=ORIENTED_EDGE('',*,*,#1518,.F.);
#2061=ORIENTED_EDGE('',*,*,#1517,.F.);
#2062=ORIENTED_EDGE('',*,*,#1519,.F.);
#2063=ORIENTED_EDGE('',*,*,#1520,.T.);
#2064=ORIENTED_EDGE('',*,*,#1521,.F.);
#2065=ORIENTED_EDGE('',*,*,#1520,.F.);
#2066=ORIENTED_EDGE('',*,*,#1522,.F.);
#2067=ORIENTED_EDGE('',*,*,#1523,.T.);
#2068=ORIENTED_EDGE('',*,*,#1524,.F.);
#2069=ORIENTED_EDGE('',*,*,#1523,.F.);
#2070=ORIENTED_EDGE('',*,*,#1525,.F.);
#2071=ORIENTED_EDGE('',*,*,#1526,.T.);
#2072=ORIENTED_EDGE('',*,*,#1527,.F.);
#2073=ORIENTED_EDGE('',*,*,#1526,.F.);
#2074=ORIENTED_EDGE('',*,*,#1528,.F.);
#2075=ORIENTED_EDGE('',*,*,#1529,.T.);
#2076=ORIENTED_EDGE('',*,*,#1530,.F.);
#2077=ORIENTED_EDGE('',*,*,#1529,.F.);
#2078=ORIENTED_EDGE('',*,*,#1531,.F.);
#2079=ORIENTED_EDGE('',*,*,#1515,.T.);
#2080=ORIENTED_EDGE('',*,*,#1532,.F.);
#2081=ORIENTED_EDGE('',*,*,#1533,.F.);
#2082=ORIENTED_EDGE('',*,*,#1534,.F.);
#2083=ORIENTED_EDGE('',*,*,#1535,.T.);
#2084=ORIENTED_EDGE('',*,*,#1536,.F.);
#2085=ORIENTED_EDGE('',*,*,#1535,.F.);
#2086=ORIENTED_EDGE('',*,*,#1537,.F.);
#2087=ORIENTED_EDGE('',*,*,#1538,.T.);
#2088=ORIENTED_EDGE('',*,*,#1539,.F.);
#2089=ORIENTED_EDGE('',*,*,#1538,.F.);
#2090=ORIENTED_EDGE('',*,*,#1540,.F.);
#2091=ORIENTED_EDGE('',*,*,#1541,.T.);
#2092=ORIENTED_EDGE('',*,*,#1542,.F.);
#2093=ORIENTED_EDGE('',*,*,#1541,.F.);
#2094=ORIENTED_EDGE('',*,*,#1543,.F.);
#2095=ORIENTED_EDGE('',*,*,#1544,.T.);
#2096=ORIENTED_EDGE('',*,*,#1545,.F.);
#2097=ORIENTED_EDGE('',*,*,#1544,.F.);
#2098=ORIENTED_EDGE('',*,*,#1546,.F.);
#2099=ORIENTED_EDGE('',*,*,#1547,.T.);
#2100=ORIENTED_EDGE('',*,*,#1548,.F.);
#2101=ORIENTED_EDGE('',*,*,#1547,.F.);
#2102=ORIENTED_EDGE('',*,*,#1549,.F.);
#2103=ORIENTED_EDGE('',*,*,#1533,.T.);
#2104=ORIENTED_EDGE('',*,*,#1550,.F.);
#2105=ORIENTED_EDGE('',*,*,#1551,.F.);
#2106=ORIENTED_EDGE('',*,*,#1552,.F.);
#2107=ORIENTED_EDGE('',*,*,#1553,.T.);
#2108=ORIENTED_EDGE('',*,*,#1554,.F.);
#2109=ORIENTED_EDGE('',*,*,#1553,.F.);
#2110=ORIENTED_EDGE('',*,*,#1555,.F.);
#2111=ORIENTED_EDGE('',*,*,#1556,.T.);
#2112=ORIENTED_EDGE('',*,*,#1557,.F.);
#2113=ORIENTED_EDGE('',*,*,#1556,.F.);
#2114=ORIENTED_EDGE('',*,*,#1558,.F.);
#2115=ORIENTED_EDGE('',*,*,#1559,.T.);
#2116=ORIENTED_EDGE('',*,*,#1560,.F.);
#2117=ORIENTED_EDGE('',*,*,#1559,.F.);
#2118=ORIENTED_EDGE('',*,*,#1561,.F.);
#2119=ORIENTED_EDGE('',*,*,#1562,.T.);
#2120=ORIENTED_EDGE('',*,*,#1563,.F.);
#2121=ORIENTED_EDGE('',*,*,#1562,.F.);
#2122=ORIENTED_EDGE('',*,*,#1564,.F.);
#2123=ORIENTED_EDGE('',*,*,#1551,.T.);
#2124=ORIENTED_EDGE('',*,*,#1565,.T.);
#2125=ORIENTED_EDGE('',*,*,#1566,.F.);
#2126=ORIENTED_EDGE('',*,*,#1566,.T.);
#2127=ORIENTED_EDGE('',*,*,#1567,.T.);
#2128=ORIENTED_EDGE('',*,*,#1568,.T.);
#2129=ORIENTED_EDGE('',*,*,#1569,.T.);
#2130=ORIENTED_EDGE('',*,*,#1570,.T.);
#2131=ORIENTED_EDGE('',*,*,#1571,.T.);
#2132=ORIENTED_EDGE('',*,*,#1572,.T.);
#2133=ORIENTED_EDGE('',*,*,#1573,.T.);
#2134=ORIENTED_EDGE('',*,*,#1574,.T.);
#2135=ORIENTED_EDGE('',*,*,#1342,.T.);
#2136=ORIENTED_EDGE('',*,*,#1343,.T.);
#2137=ORIENTED_EDGE('',*,*,#1353,.T.);
#2138=ORIENTED_EDGE('',*,*,#1356,.T.);
#2139=ORIENTED_EDGE('',*,*,#1359,.T.);
#2140=ORIENTED_EDGE('',*,*,#1346,.T.);
#2141=ORIENTED_EDGE('',*,*,#1350,.T.);
#2142=ORIENTED_EDGE('',*,*,#1371,.T.);
#2143=ORIENTED_EDGE('',*,*,#1374,.T.);
#2144=ORIENTED_EDGE('',*,*,#1377,.T.);
#2145=ORIENTED_EDGE('',*,*,#1361,.T.);
#2146=ORIENTED_EDGE('',*,*,#1365,.T.);
#2147=ORIENTED_EDGE('',*,*,#1368,.T.);
#2148=ORIENTED_EDGE('',*,*,#1389,.T.);
#2149=ORIENTED_EDGE('',*,*,#1392,.T.);
#2150=ORIENTED_EDGE('',*,*,#1395,.T.);
#2151=ORIENTED_EDGE('',*,*,#1379,.T.);
#2152=ORIENTED_EDGE('',*,*,#1383,.T.);
#2153=ORIENTED_EDGE('',*,*,#1386,.T.);
#2154=ORIENTED_EDGE('',*,*,#1407,.T.);
#2155=ORIENTED_EDGE('',*,*,#1410,.T.);
#2156=ORIENTED_EDGE('',*,*,#1413,.T.);
#2157=ORIENTED_EDGE('',*,*,#1397,.T.);
#2158=ORIENTED_EDGE('',*,*,#1401,.T.);
#2159=ORIENTED_EDGE('',*,*,#1404,.T.);
#2160=ORIENTED_EDGE('',*,*,#1422,.T.);
#2161=ORIENTED_EDGE('',*,*,#1425,.T.);
#2162=ORIENTED_EDGE('',*,*,#1428,.T.);
#2163=ORIENTED_EDGE('',*,*,#1415,.T.);
#2164=ORIENTED_EDGE('',*,*,#1419,.T.);
#2165=ORIENTED_EDGE('',*,*,#1437,.T.);
#2166=ORIENTED_EDGE('',*,*,#1440,.T.);
#2167=ORIENTED_EDGE('',*,*,#1443,.T.);
#2168=ORIENTED_EDGE('',*,*,#1430,.T.);
#2169=ORIENTED_EDGE('',*,*,#1434,.T.);
#2170=ORIENTED_EDGE('',*,*,#1452,.T.);
#2171=ORIENTED_EDGE('',*,*,#1455,.T.);
#2172=ORIENTED_EDGE('',*,*,#1458,.T.);
#2173=ORIENTED_EDGE('',*,*,#1445,.T.);
#2174=ORIENTED_EDGE('',*,*,#1449,.T.);
#2175=ORIENTED_EDGE('',*,*,#1470,.T.);
#2176=ORIENTED_EDGE('',*,*,#1473,.T.);
#2177=ORIENTED_EDGE('',*,*,#1476,.T.);
#2178=ORIENTED_EDGE('',*,*,#1460,.T.);
#2179=ORIENTED_EDGE('',*,*,#1464,.T.);
#2180=ORIENTED_EDGE('',*,*,#1467,.T.);
#2181=ORIENTED_EDGE('',*,*,#1488,.T.);
#2182=ORIENTED_EDGE('',*,*,#1491,.T.);
#2183=ORIENTED_EDGE('',*,*,#1494,.T.);
#2184=ORIENTED_EDGE('',*,*,#1478,.T.);
#2185=ORIENTED_EDGE('',*,*,#1482,.T.);
#2186=ORIENTED_EDGE('',*,*,#1485,.T.);
#2187=ORIENTED_EDGE('',*,*,#1506,.T.);
#2188=ORIENTED_EDGE('',*,*,#1509,.T.);
#2189=ORIENTED_EDGE('',*,*,#1512,.T.);
#2190=ORIENTED_EDGE('',*,*,#1496,.T.);
#2191=ORIENTED_EDGE('',*,*,#1500,.T.);
#2192=ORIENTED_EDGE('',*,*,#1503,.T.);
#2193=ORIENTED_EDGE('',*,*,#1524,.T.);
#2194=ORIENTED_EDGE('',*,*,#1527,.T.);
#2195=ORIENTED_EDGE('',*,*,#1530,.T.);
#2196=ORIENTED_EDGE('',*,*,#1514,.T.);
#2197=ORIENTED_EDGE('',*,*,#1518,.T.);
#2198=ORIENTED_EDGE('',*,*,#1521,.T.);
#2199=ORIENTED_EDGE('',*,*,#1542,.T.);
#2200=ORIENTED_EDGE('',*,*,#1545,.T.);
#2201=ORIENTED_EDGE('',*,*,#1548,.T.);
#2202=ORIENTED_EDGE('',*,*,#1532,.T.);
#2203=ORIENTED_EDGE('',*,*,#1536,.T.);
#2204=ORIENTED_EDGE('',*,*,#1539,.T.);
#2205=ORIENTED_EDGE('',*,*,#1557,.T.);
#2206=ORIENTED_EDGE('',*,*,#1560,.T.);
#2207=ORIENTED_EDGE('',*,*,#1563,.T.);
#2208=ORIENTED_EDGE('',*,*,#1550,.T.);
#2209=ORIENTED_EDGE('',*,*,#1554,.T.);
#2210=ORIENTED_EDGE('',*,*,#1574,.F.);
#2211=ORIENTED_EDGE('',*,*,#1575,.T.);
#2212=ORIENTED_EDGE('',*,*,#1576,.F.);
#2213=ORIENTED_EDGE('',*,*,#1577,.F.);
#2214=ORIENTED_EDGE('',*,*,#1573,.F.);
#2215=ORIENTED_EDGE('',*,*,#1578,.T.);
#2216=ORIENTED_EDGE('',*,*,#1579,.F.);
#2217=ORIENTED_EDGE('',*,*,#1575,.F.);
#2218=ORIENTED_EDGE('',*,*,#1572,.F.);
#2219=ORIENTED_EDGE('',*,*,#1580,.T.);
#2220=ORIENTED_EDGE('',*,*,#1581,.F.);
#2221=ORIENTED_EDGE('',*,*,#1578,.F.);
#2222=ORIENTED_EDGE('',*,*,#1571,.F.);
#2223=ORIENTED_EDGE('',*,*,#1582,.T.);
#2224=ORIENTED_EDGE('',*,*,#1583,.F.);
#2225=ORIENTED_EDGE('',*,*,#1580,.F.);
#2226=ORIENTED_EDGE('',*,*,#1565,.F.);
#2227=ORIENTED_EDGE('',*,*,#1577,.T.);
#2228=ORIENTED_EDGE('',*,*,#1584,.F.);
#2229=ORIENTED_EDGE('',*,*,#1585,.F.);
#2230=ORIENTED_EDGE('',*,*,#1567,.F.);
#2231=ORIENTED_EDGE('',*,*,#1568,.F.);
#2232=ORIENTED_EDGE('',*,*,#1585,.T.);
#2233=ORIENTED_EDGE('',*,*,#1586,.F.);
#2234=ORIENTED_EDGE('',*,*,#1587,.F.);
#2235=ORIENTED_EDGE('',*,*,#1569,.F.);
#2236=ORIENTED_EDGE('',*,*,#1587,.T.);
#2237=ORIENTED_EDGE('',*,*,#1588,.F.);
#2238=ORIENTED_EDGE('',*,*,#1589,.F.);
#2239=ORIENTED_EDGE('',*,*,#1570,.F.);
#2240=ORIENTED_EDGE('',*,*,#1589,.T.);
#2241=ORIENTED_EDGE('',*,*,#1590,.F.);
#2242=ORIENTED_EDGE('',*,*,#1582,.F.);
#2243=ORIENTED_EDGE('',*,*,#1590,.T.);
#2244=ORIENTED_EDGE('',*,*,#1588,.T.);
#2245=ORIENTED_EDGE('',*,*,#1586,.T.);
#2246=ORIENTED_EDGE('',*,*,#1584,.T.);
#2247=ORIENTED_EDGE('',*,*,#1576,.T.);
#2248=ORIENTED_EDGE('',*,*,#1579,.T.);
#2249=ORIENTED_EDGE('',*,*,#1581,.T.);
#2250=ORIENTED_EDGE('',*,*,#1583,.T.);
#2251=ORIENTED_EDGE('',*,*,#1341,.T.);
#2252=ORIENTED_EDGE('',*,*,#1354,.T.);
#2253=ORIENTED_EDGE('',*,*,#1351,.T.);
#2254=ORIENTED_EDGE('',*,*,#1348,.T.);
#2255=ORIENTED_EDGE('',*,*,#1360,.T.);
#2256=ORIENTED_EDGE('',*,*,#1357,.T.);
#2257=ORIENTED_EDGE('',*,*,#1372,.T.);
#2258=ORIENTED_EDGE('',*,*,#1369,.T.);
#2259=ORIENTED_EDGE('',*,*,#1366,.T.);
#2260=ORIENTED_EDGE('',*,*,#1363,.T.);
#2261=ORIENTED_EDGE('',*,*,#1378,.T.);
#2262=ORIENTED_EDGE('',*,*,#1375,.T.);
#2263=ORIENTED_EDGE('',*,*,#1390,.T.);
#2264=ORIENTED_EDGE('',*,*,#1387,.T.);
#2265=ORIENTED_EDGE('',*,*,#1384,.T.);
#2266=ORIENTED_EDGE('',*,*,#1381,.T.);
#2267=ORIENTED_EDGE('',*,*,#1396,.T.);
#2268=ORIENTED_EDGE('',*,*,#1393,.T.);
#2269=ORIENTED_EDGE('',*,*,#1408,.T.);
#2270=ORIENTED_EDGE('',*,*,#1405,.T.);
#2271=ORIENTED_EDGE('',*,*,#1402,.T.);
#2272=ORIENTED_EDGE('',*,*,#1399,.T.);
#2273=ORIENTED_EDGE('',*,*,#1414,.T.);
#2274=ORIENTED_EDGE('',*,*,#1411,.T.);
#2275=ORIENTED_EDGE('',*,*,#1423,.T.);
#2276=ORIENTED_EDGE('',*,*,#1420,.T.);
#2277=ORIENTED_EDGE('',*,*,#1417,.T.);
#2278=ORIENTED_EDGE('',*,*,#1429,.T.);
#2279=ORIENTED_EDGE('',*,*,#1426,.T.);
#2280=ORIENTED_EDGE('',*,*,#1438,.T.);
#2281=ORIENTED_EDGE('',*,*,#1435,.T.);
#2282=ORIENTED_EDGE('',*,*,#1432,.T.);
#2283=ORIENTED_EDGE('',*,*,#1444,.T.);
#2284=ORIENTED_EDGE('',*,*,#1441,.T.);
#2285=ORIENTED_EDGE('',*,*,#1453,.T.);
#2286=ORIENTED_EDGE('',*,*,#1450,.T.);
#2287=ORIENTED_EDGE('',*,*,#1447,.T.);
#2288=ORIENTED_EDGE('',*,*,#1459,.T.);
#2289=ORIENTED_EDGE('',*,*,#1456,.T.);
#2290=ORIENTED_EDGE('',*,*,#1471,.T.);
#2291=ORIENTED_EDGE('',*,*,#1468,.T.);
#2292=ORIENTED_EDGE('',*,*,#1465,.T.);
#2293=ORIENTED_EDGE('',*,*,#1462,.T.);
#2294=ORIENTED_EDGE('',*,*,#1477,.T.);
#2295=ORIENTED_EDGE('',*,*,#1474,.T.);
#2296=ORIENTED_EDGE('',*,*,#1489,.T.);
#2297=ORIENTED_EDGE('',*,*,#1486,.T.);
#2298=ORIENTED_EDGE('',*,*,#1483,.T.);
#2299=ORIENTED_EDGE('',*,*,#1480,.T.);
#2300=ORIENTED_EDGE('',*,*,#1495,.T.);
#2301=ORIENTED_EDGE('',*,*,#1492,.T.);
#2302=ORIENTED_EDGE('',*,*,#1507,.T.);
#2303=ORIENTED_EDGE('',*,*,#1504,.T.);
#2304=ORIENTED_EDGE('',*,*,#1501,.T.);
#2305=ORIENTED_EDGE('',*,*,#1498,.T.);
#2306=ORIENTED_EDGE('',*,*,#1513,.T.);
#2307=ORIENTED_EDGE('',*,*,#1510,.T.);
#2308=ORIENTED_EDGE('',*,*,#1525,.T.);
#2309=ORIENTED_EDGE('',*,*,#1522,.T.);
#2310=ORIENTED_EDGE('',*,*,#1519,.T.);
#2311=ORIENTED_EDGE('',*,*,#1516,.T.);
#2312=ORIENTED_EDGE('',*,*,#1531,.T.);
#2313=ORIENTED_EDGE('',*,*,#1528,.T.);
#2314=ORIENTED_EDGE('',*,*,#1543,.T.);
#2315=ORIENTED_EDGE('',*,*,#1540,.T.);
#2316=ORIENTED_EDGE('',*,*,#1537,.T.);
#2317=ORIENTED_EDGE('',*,*,#1534,.T.);
#2318=ORIENTED_EDGE('',*,*,#1549,.T.);
#2319=ORIENTED_EDGE('',*,*,#1546,.T.);
#2320=ORIENTED_EDGE('',*,*,#1558,.T.);
#2321=ORIENTED_EDGE('',*,*,#1555,.T.);
#2322=ORIENTED_EDGE('',*,*,#1552,.T.);
#2323=ORIENTED_EDGE('',*,*,#1564,.T.);
#2324=ORIENTED_EDGE('',*,*,#1561,.T.);
#2325=PLANE('',#2589);
#2326=PLANE('',#2590);
#2327=PLANE('',#2591);
#2328=PLANE('',#2592);
#2329=PLANE('',#2594);
#2330=PLANE('',#2600);
#2331=PLANE('',#2602);
#2332=PLANE('',#2603);
#2333=PLANE('',#2604);
#2334=PLANE('',#2605);
#2335=PLANE('',#2606);
#2336=PLANE('',#2607);
#2337=PLANE('',#2608);
#2338=PLANE('',#2609);
#2339=PLANE('',#2611);
#2340=PLANE('',#2612);
#2341=PLANE('',#2613);
#2342=PLANE('',#2614);
#2343=PLANE('',#2615);
#2344=PLANE('',#2616);
#2345=PLANE('',#2620);
#2346=PLANE('',#2626);
#2347=PLANE('',#2628);
#2348=PLANE('',#2629);
#2349=PLANE('',#2630);
#2350=PLANE('',#2631);
#2351=PLANE('',#2632);
#2352=PLANE('',#2633);
#2353=PLANE('',#2634);
#2354=PLANE('',#2635);
#2355=PLANE('',#2636);
#2356=PLANE('',#2637);
#2357=PLANE('',#2638);
#2358=PLANE('',#2639);
#2359=PLANE('',#2640);
#2360=PLANE('',#2641);
#2361=PLANE('',#2642);
#2362=PLANE('',#2649);
#2363=PLANE('',#2650);
#2364=PLANE('',#2651);
#2365=PLANE('',#2652);
#2366=PLANE('',#2653);
#2367=PLANE('',#2654);
#2368=PLANE('',#2655);
#2369=PLANE('',#2656);
#2370=PLANE('',#2657);
#2371=PLANE('',#2658);
#2372=PLANE('',#2659);
#2373=PLANE('',#2660);
#2374=PLANE('',#2661);
#2375=PLANE('',#2662);
#2376=PLANE('',#2663);
#2377=PLANE('',#2664);
#2378=PLANE('',#2665);
#2379=PLANE('',#2666);
#2380=PLANE('',#2667);
#2381=PLANE('',#2668);
#2382=PLANE('',#2669);
#2383=PLANE('',#2670);
#2384=PLANE('',#2671);
#2385=PLANE('',#2672);
#2386=PLANE('',#2673);
#2387=PLANE('',#2674);
#2388=PLANE('',#2675);
#2389=PLANE('',#2676);
#2390=PLANE('',#2677);
#2391=PLANE('',#2678);
#2392=PLANE('',#2679);
#2393=PLANE('',#2680);
#2394=PLANE('',#2681);
#2395=PLANE('',#2682);
#2396=PLANE('',#2683);
#2397=PLANE('',#2684);
#2398=PLANE('',#2685);
#2399=PLANE('',#2686);
#2400=PLANE('',#2687);
#2401=PLANE('',#2688);
#2402=PLANE('',#2689);
#2403=PLANE('',#2690);
#2404=PLANE('',#2691);
#2405=PLANE('',#2692);
#2406=PLANE('',#2693);
#2407=PLANE('',#2694);
#2408=PLANE('',#2695);
#2409=PLANE('',#2696);
#2410=PLANE('',#2697);
#2411=PLANE('',#2698);
#2412=PLANE('',#2699);
#2413=PLANE('',#2700);
#2414=PLANE('',#2701);
#2415=PLANE('',#2702);
#2416=PLANE('',#2703);
#2417=PLANE('',#2704);
#2418=PLANE('',#2705);
#2419=PLANE('',#2706);
#2420=PLANE('',#2707);
#2421=PLANE('',#2708);
#2422=PLANE('',#2709);
#2423=PLANE('',#2710);
#2424=PLANE('',#2711);
#2425=PLANE('',#2712);
#2426=PLANE('',#2713);
#2427=PLANE('',#2714);
#2428=PLANE('',#2715);
#2429=PLANE('',#2716);
#2430=PLANE('',#2717);
#2431=PLANE('',#2718);
#2432=PLANE('',#2719);
#2433=PLANE('',#2720);
#2434=PLANE('',#2721);
#2435=PLANE('',#2722);
#2436=PLANE('',#2724);
#2437=PLANE('',#2725);
#2438=PLANE('',#2726);
#2439=PLANE('',#2727);
#2440=PLANE('',#2728);
#2441=PLANE('',#2729);
#2442=PLANE('',#2730);
#2443=PLANE('',#2733);
#2444=ADVANCED_FACE('',(#180),#2325,.F.);
#2445=ADVANCED_FACE('',(#181),#2326,.F.);
#2446=ADVANCED_FACE('',(#182),#2327,.F.);
#2447=ADVANCED_FACE('',(#183,#131),#2328,.F.);
#2448=ADVANCED_FACE('',(#184),#2329,.T.);
#2449=ADVANCED_FACE('',(#185),#130,.F.);
#2450=ADVANCED_FACE('',(#186),#123,.F.);
#2451=ADVANCED_FACE('',(#187,#132,#133),#2330,.T.);
#2452=ADVANCED_FACE('',(#188),#2331,.T.);
#2453=ADVANCED_FACE('',(#189),#2332,.F.);
#2454=ADVANCED_FACE('',(#190),#2333,.F.);
#2455=ADVANCED_FACE('',(#191),#2334,.F.);
#2456=ADVANCED_FACE('',(#192),#2335,.F.);
#2457=ADVANCED_FACE('',(#193),#2336,.F.);
#2458=ADVANCED_FACE('',(#194),#2337,.F.);
#2459=ADVANCED_FACE('',(#195),#2338,.F.);
#2460=ADVANCED_FACE('',(#196),#124,.F.);
#2461=ADVANCED_FACE('',(#197),#2339,.F.);
#2462=ADVANCED_FACE('',(#198),#2340,.F.);
#2463=ADVANCED_FACE('',(#199),#2341,.F.);
#2464=ADVANCED_FACE('',(#200),#2342,.F.);
#2465=ADVANCED_FACE('',(#201),#2343,.F.);
#2466=ADVANCED_FACE('',(#202),#2344,.F.);
#2467=ADVANCED_FACE('',(#203),#26,.F.);
#2468=ADVANCED_FACE('',(#204),#2345,.F.);
#2469=ADVANCED_FACE('',(#205),#125,.T.);
#2470=ADVANCED_FACE('',(#206,#134),#2346,.F.);
#2471=ADVANCED_FACE('',(#207,#135),#2347,.F.);
#2472=ADVANCED_FACE('',(#208),#2348,.F.);
#2473=ADVANCED_FACE('',(#209),#2349,.F.);
#2474=ADVANCED_FACE('',(#210),#2350,.F.);
#2475=ADVANCED_FACE('',(#211),#2351,.F.);
#2476=ADVANCED_FACE('',(#212),#2352,.F.);
#2477=ADVANCED_FACE('',(#213),#2353,.F.);
#2478=ADVANCED_FACE('',(#214),#2354,.F.);
#2479=ADVANCED_FACE('',(#215),#2355,.F.);
#2480=ADVANCED_FACE('',(#216),#2356,.F.);
#2481=ADVANCED_FACE('',(#217),#2357,.F.);
#2482=ADVANCED_FACE('',(#218),#2358,.F.);
#2483=ADVANCED_FACE('',(#219),#2359,.F.);
#2484=ADVANCED_FACE('',(#220),#2360,.F.);
#2485=ADVANCED_FACE('',(#221),#2361,.F.);
#2486=ADVANCED_FACE('',(#222),#126,.T.);
#2487=ADVANCED_FACE('',(#223),#127,.F.);
#2488=ADVANCED_FACE('',(#224),#128,.F.);
#2489=ADVANCED_FACE('',(#225,#136),#2362,.T.);
#2490=ADVANCED_FACE('',(#226),#2363,.F.);
#2491=ADVANCED_FACE('',(#227),#2364,.F.);
#2492=ADVANCED_FACE('',(#228),#2365,.F.);
#2493=ADVANCED_FACE('',(#229),#2366,.F.);
#2494=ADVANCED_FACE('',(#230),#2367,.F.);
#2495=ADVANCED_FACE('',(#231),#2368,.F.);
#2496=ADVANCED_FACE('',(#232),#2369,.F.);
#2497=ADVANCED_FACE('',(#233),#2370,.F.);
#2498=ADVANCED_FACE('',(#234),#2371,.F.);
#2499=ADVANCED_FACE('',(#235),#2372,.F.);
#2500=ADVANCED_FACE('',(#236),#2373,.F.);
#2501=ADVANCED_FACE('',(#237),#2374,.F.);
#2502=ADVANCED_FACE('',(#238),#2375,.F.);
#2503=ADVANCED_FACE('',(#239),#2376,.F.);
#2504=ADVANCED_FACE('',(#240),#2377,.F.);
#2505=ADVANCED_FACE('',(#241),#2378,.F.);
#2506=ADVANCED_FACE('',(#242),#2379,.F.);
#2507=ADVANCED_FACE('',(#243),#2380,.F.);
#2508=ADVANCED_FACE('',(#244),#2381,.F.);
#2509=ADVANCED_FACE('',(#245),#2382,.F.);
#2510=ADVANCED_FACE('',(#246),#2383,.F.);
#2511=ADVANCED_FACE('',(#247),#2384,.F.);
#2512=ADVANCED_FACE('',(#248),#2385,.F.);
#2513=ADVANCED_FACE('',(#249),#2386,.F.);
#2514=ADVANCED_FACE('',(#250),#2387,.F.);
#2515=ADVANCED_FACE('',(#251),#2388,.F.);
#2516=ADVANCED_FACE('',(#252),#2389,.F.);
#2517=ADVANCED_FACE('',(#253),#2390,.F.);
#2518=ADVANCED_FACE('',(#254),#2391,.F.);
#2519=ADVANCED_FACE('',(#255),#2392,.F.);
#2520=ADVANCED_FACE('',(#256),#2393,.F.);
#2521=ADVANCED_FACE('',(#257),#2394,.F.);
#2522=ADVANCED_FACE('',(#258),#2395,.F.);
#2523=ADVANCED_FACE('',(#259),#2396,.F.);
#2524=ADVANCED_FACE('',(#260),#2397,.F.);
#2525=ADVANCED_FACE('',(#261),#2398,.F.);
#2526=ADVANCED_FACE('',(#262),#2399,.F.);
#2527=ADVANCED_FACE('',(#263),#2400,.F.);
#2528=ADVANCED_FACE('',(#264),#2401,.F.);
#2529=ADVANCED_FACE('',(#265),#2402,.F.);
#2530=ADVANCED_FACE('',(#266),#2403,.F.);
#2531=ADVANCED_FACE('',(#267),#2404,.F.);
#2532=ADVANCED_FACE('',(#268),#2405,.F.);
#2533=ADVANCED_FACE('',(#269),#2406,.F.);
#2534=ADVANCED_FACE('',(#270),#2407,.F.);
#2535=ADVANCED_FACE('',(#271),#2408,.F.);
#2536=ADVANCED_FACE('',(#272),#2409,.F.);
#2537=ADVANCED_FACE('',(#273),#2410,.F.);
#2538=ADVANCED_FACE('',(#274),#2411,.F.);
#2539=ADVANCED_FACE('',(#275),#2412,.F.);
#2540=ADVANCED_FACE('',(#276),#2413,.F.);
#2541=ADVANCED_FACE('',(#277),#2414,.F.);
#2542=ADVANCED_FACE('',(#278),#2415,.F.);
#2543=ADVANCED_FACE('',(#279),#2416,.F.);
#2544=ADVANCED_FACE('',(#280),#2417,.F.);
#2545=ADVANCED_FACE('',(#281),#2418,.F.);
#2546=ADVANCED_FACE('',(#282),#2419,.F.);
#2547=ADVANCED_FACE('',(#283),#2420,.F.);
#2548=ADVANCED_FACE('',(#284),#2421,.F.);
#2549=ADVANCED_FACE('',(#285),#2422,.F.);
#2550=ADVANCED_FACE('',(#286),#2423,.F.);
#2551=ADVANCED_FACE('',(#287),#2424,.F.);
#2552=ADVANCED_FACE('',(#288),#2425,.F.);
#2553=ADVANCED_FACE('',(#289),#2426,.F.);
#2554=ADVANCED_FACE('',(#290),#2427,.F.);
#2555=ADVANCED_FACE('',(#291),#2428,.F.);
#2556=ADVANCED_FACE('',(#292),#2429,.F.);
#2557=ADVANCED_FACE('',(#293),#2430,.F.);
#2558=ADVANCED_FACE('',(#294),#2431,.F.);
#2559=ADVANCED_FACE('',(#295),#2432,.F.);
#2560=ADVANCED_FACE('',(#296),#2433,.F.);
#2561=ADVANCED_FACE('',(#297),#2434,.F.);
#2562=ADVANCED_FACE('',(#298),#2435,.F.);
#2563=ADVANCED_FACE('',(#299,#137,#138,#139,#140,#141,#142,#143,#144,#145,
#146,#147,#148,#149,#150),#27,.T.);
#2564=ADVANCED_FACE('',(#300),#2436,.T.);
#2565=ADVANCED_FACE('',(#301),#2437,.T.);
#2566=ADVANCED_FACE('',(#302),#2438,.T.);
#2567=ADVANCED_FACE('',(#303),#2439,.T.);
#2568=ADVANCED_FACE('',(#304),#2440,.T.);
#2569=ADVANCED_FACE('',(#305),#2441,.T.);
#2570=ADVANCED_FACE('',(#306),#2442,.T.);
#2571=ADVANCED_FACE('',(#307),#129,.T.);
#2572=ADVANCED_FACE('',(#308,#151,#152,#153,#154,#155,#156,#157,#158,#159,
#160,#161,#162,#163,#164),#2443,.F.);
#2573=CLOSED_SHELL('',(#2444,#2445,#2446,#2447,#2448,#2449,#2450,#2451,
#2452,#2453,#2454,#2455,#2456,#2457,#2458,#2459,#2460,#2461,#2462,#2463,
#2464,#2465,#2466,#2467,#2468,#2469,#2470,#2471,#2472,#2473,#2474,#2475,
#2476,#2477,#2478,#2479,#2480,#2481,#2482,#2483,#2484,#2485,#2486));
#2574=CLOSED_SHELL('',(#2487,#2488,#2489,#2490,#2491,#2492,#2493,#2494,
#2495,#2496,#2497,#2498,#2499,#2500,#2501,#2502,#2503,#2504,#2505,#2506,
#2507,#2508,#2509,#2510,#2511,#2512,#2513,#2514,#2515,#2516,#2517,#2518,
#2519,#2520,#2521,#2522,#2523,#2524,#2525,#2526,#2527,#2528,#2529,#2530,
#2531,#2532,#2533,#2534,#2535,#2536,#2537,#2538,#2539,#2540,#2541,#2542,
#2543,#2544,#2545,#2546,#2547,#2548,#2549,#2550,#2551,#2552,#2553,#2554,
#2555,#2556,#2557,#2558,#2559,#2560,#2561,#2562,#2563,#2564,#2565,#2566,
#2567,#2568,#2569,#2570,#2571,#2572));
#2575=DERIVED_UNIT_ELEMENT(#2577,1.);
#2576=DERIVED_UNIT_ELEMENT(#4650,-3.);
#2577=(
MASS_UNIT()
NAMED_UNIT(*)
SI_UNIT(.KILO.,.GRAM.)
);
#2578=DERIVED_UNIT((#2575,#2576));
#2579=MEASURE_REPRESENTATION_ITEM('density measure',
POSITIVE_RATIO_MEASURE(7850.),#2578);
#2580=PROPERTY_DEFINITION_REPRESENTATION(#2585,#2582);
#2581=PROPERTY_DEFINITION_REPRESENTATION(#2586,#2583);
#2582=REPRESENTATION('material name',(#2584),#4647);
#2583=REPRESENTATION('density',(#2579),#4647);
#2584=DESCRIPTIVE_REPRESENTATION_ITEM('Steel','Steel');
#2585=PROPERTY_DEFINITION('material property','material name',#4662);
#2586=PROPERTY_DEFINITION('material property','density of part',#4662);
#2587=AXIS2_PLACEMENT_3D('',#3285,#2735,#2736);
#2588=AXIS2_PLACEMENT_3D('',#3286,#2737,#2738);
#2589=AXIS2_PLACEMENT_3D('',#3287,#2739,#2740);
#2590=AXIS2_PLACEMENT_3D('',#3296,#2745,#2746);
#2591=AXIS2_PLACEMENT_3D('',#3305,#2751,#2752);
#2592=AXIS2_PLACEMENT_3D('',#3308,#2755,#2756);
#2593=AXIS2_PLACEMENT_3D('',#3310,#2757,#2758);
#2594=AXIS2_PLACEMENT_3D('',#3337,#2773,#2774);
#2595=AXIS2_PLACEMENT_3D('',#3343,#2778,#2779);
#2596=AXIS2_PLACEMENT_3D('',#3345,#2780,#2781);
#2597=AXIS2_PLACEMENT_3D('',#3348,#2783,#2784);
#2598=AXIS2_PLACEMENT_3D('',#3349,#2785,#2786);
#2599=AXIS2_PLACEMENT_3D('',#3352,#2788,#2789);
#2600=AXIS2_PLACEMENT_3D('',#3353,#2790,#2791);
#2601=AXIS2_PLACEMENT_3D('',#3358,#2793,#2794);
#2602=AXIS2_PLACEMENT_3D('',#3378,#2805,#2806);
#2603=AXIS2_PLACEMENT_3D('',#3379,#2807,#2808);
#2604=AXIS2_PLACEMENT_3D('',#3388,#2813,#2814);
#2605=AXIS2_PLACEMENT_3D('',#3391,#2817,#2818);
#2606=AXIS2_PLACEMENT_3D('',#3394,#2821,#2822);
#2607=AXIS2_PLACEMENT_3D('',#3396,#2824,#2825);
#2608=AXIS2_PLACEMENT_3D('',#3398,#2827,#2828);
#2609=AXIS2_PLACEMENT_3D('',#3399,#2829,#2830);
#2610=AXIS2_PLACEMENT_3D('',#3410,#2833,#2834);
#2611=AXIS2_PLACEMENT_3D('',#3433,#2836,#2837);
#2612=AXIS2_PLACEMENT_3D('',#3442,#2839,#2840);
#2613=AXIS2_PLACEMENT_3D('',#3451,#2842,#2843);
#2614=AXIS2_PLACEMENT_3D('',#3460,#2845,#2846);
#2615=AXIS2_PLACEMENT_3D('',#3477,#2848,#2849);
#2616=AXIS2_PLACEMENT_3D('',#3496,#2851,#2852);
#2617=AXIS2_PLACEMENT_3D('',#3544,#2853,#2854);
#2618=AXIS2_PLACEMENT_3D('',#3546,#2855,#2856);
#2619=AXIS2_PLACEMENT_3D('',#3583,#2857,#2858);
#2620=AXIS2_PLACEMENT_3D('',#3584,#2859,#2860);
#2621=AXIS2_PLACEMENT_3D('',#3587,#2861,#2862);
#2622=AXIS2_PLACEMENT_3D('',#3589,#2864,#2865);
#2623=AXIS2_PLACEMENT_3D('',#3591,#2866,#2867);
#2624=AXIS2_PLACEMENT_3D('',#3595,#2870,#2871);
#2625=AXIS2_PLACEMENT_3D('',#3598,#2873,#2874);
#2626=AXIS2_PLACEMENT_3D('',#3599,#2875,#2876);
#2627=AXIS2_PLACEMENT_3D('',#3601,#2877,#2878);
#2628=AXIS2_PLACEMENT_3D('',#3602,#2879,#2880);
#2629=AXIS2_PLACEMENT_3D('',#3612,#2886,#2887);
#2630=AXIS2_PLACEMENT_3D('',#3618,#2891,#2892);
#2631=AXIS2_PLACEMENT_3D('',#3622,#2895,#2896);
#2632=AXIS2_PLACEMENT_3D('',#3626,#2899,#2900);
#2633=AXIS2_PLACEMENT_3D('',#3628,#2902,#2903);
#2634=AXIS2_PLACEMENT_3D('',#3634,#2907,#2908);
#2635=AXIS2_PLACEMENT_3D('',#3638,#2911,#2912);
#2636=AXIS2_PLACEMENT_3D('',#3642,#2915,#2916);
#2637=AXIS2_PLACEMENT_3D('',#3646,#2919,#2920);
#2638=AXIS2_PLACEMENT_3D('',#3650,#2923,#2924);
#2639=AXIS2_PLACEMENT_3D('',#3653,#2927,#2928);
#2640=AXIS2_PLACEMENT_3D('',#3655,#2930,#2931);
#2641=AXIS2_PLACEMENT_3D('',#3657,#2933,#2934);
#2642=AXIS2_PLACEMENT_3D('',#3658,#2935,#2936);
#2643=AXIS2_PLACEMENT_3D('',#3659,#2937,#2938);
#2644=AXIS2_PLACEMENT_3D('',#3661,#2940,#2941);
#2645=AXIS2_PLACEMENT_3D('',#3663,#2942,#2943);
#2646=AXIS2_PLACEMENT_3D('',#3666,#2945,#2946);
#2647=AXIS2_PLACEMENT_3D('',#3667,#2947,#2948);
#2648=AXIS2_PLACEMENT_3D('',#3722,#2950,#2951);
#2649=AXIS2_PLACEMENT_3D('',#3723,#2952,#2953);
#2650=AXIS2_PLACEMENT_3D('',#3724,#2954,#2955);
#2651=AXIS2_PLACEMENT_3D('',#3736,#2959,#2960);
#2652=AXIS2_PLACEMENT_3D('',#3745,#2963,#2964);
#2653=AXIS2_PLACEMENT_3D('',#3758,#2967,#2968);
#2654=AXIS2_PLACEMENT_3D('',#3767,#2971,#2972);
#2655=AXIS2_PLACEMENT_3D('',#3775,#2974,#2975);
#2656=AXIS2_PLACEMENT_3D('',#3787,#2979,#2980);
#2657=AXIS2_PLACEMENT_3D('',#3798,#2983,#2984);
#2658=AXIS2_PLACEMENT_3D('',#3807,#2987,#2988);
#2659=AXIS2_PLACEMENT_3D('',#3816,#2991,#2992);
#2660=AXIS2_PLACEMENT_3D('',#3827,#2995,#2996);
#2661=AXIS2_PLACEMENT_3D('',#3833,#2998,#2999);
#2662=AXIS2_PLACEMENT_3D('',#3845,#3003,#3004);
#2663=AXIS2_PLACEMENT_3D('',#3856,#3007,#3008);
#2664=AXIS2_PLACEMENT_3D('',#3867,#3011,#3012);
#2665=AXIS2_PLACEMENT_3D('',#3876,#3015,#3016);
#2666=AXIS2_PLACEMENT_3D('',#3887,#3019,#3020);
#2667=AXIS2_PLACEMENT_3D('',#3895,#3022,#3023);
#2668=AXIS2_PLACEMENT_3D('',#3909,#3027,#3028);
#2669=AXIS2_PLACEMENT_3D('',#3920,#3031,#3032);
#2670=AXIS2_PLACEMENT_3D('',#3933,#3035,#3036);
#2671=AXIS2_PLACEMENT_3D('',#3942,#3039,#3040);
#2672=AXIS2_PLACEMENT_3D('',#3953,#3043,#3044);
#2673=AXIS2_PLACEMENT_3D('',#3963,#3046,#3047);
#2674=AXIS2_PLACEMENT_3D('',#3981,#3051,#3052);
#2675=AXIS2_PLACEMENT_3D('',#3990,#3055,#3056);
#2676=AXIS2_PLACEMENT_3D('',#4003,#3059,#3060);
#2677=AXIS2_PLACEMENT_3D('',#4012,#3063,#3064);
#2678=AXIS2_PLACEMENT_3D('',#4018,#3066,#3067);
#2679=AXIS2_PLACEMENT_3D('',#4030,#3071,#3072);
#2680=AXIS2_PLACEMENT_3D('',#4039,#3075,#3076);
#2681=AXIS2_PLACEMENT_3D('',#4050,#3079,#3080);
#2682=AXIS2_PLACEMENT_3D('',#4059,#3083,#3084);
#2683=AXIS2_PLACEMENT_3D('',#4065,#3086,#3087);
#2684=AXIS2_PLACEMENT_3D('',#4079,#3091,#3092);
#2685=AXIS2_PLACEMENT_3D('',#4088,#3095,#3096);
#2686=AXIS2_PLACEMENT_3D('',#4101,#3099,#3100);
#2687=AXIS2_PLACEMENT_3D('',#4110,#3103,#3104);
#2688=AXIS2_PLACEMENT_3D('',#4116,#3106,#3107);
#2689=AXIS2_PLACEMENT_3D('',#4132,#3111,#3112);
#2690=AXIS2_PLACEMENT_3D('',#4141,#3115,#3116);
#2691=AXIS2_PLACEMENT_3D('',#4150,#3119,#3120);
#2692=AXIS2_PLACEMENT_3D('',#4163,#3123,#3124);
#2693=AXIS2_PLACEMENT_3D('',#4172,#3127,#3128);
#2694=AXIS2_PLACEMENT_3D('',#4178,#3130,#3131);
#2695=AXIS2_PLACEMENT_3D('',#4194,#3135,#3136);
#2696=AXIS2_PLACEMENT_3D('',#4203,#3139,#3140);
#2697=AXIS2_PLACEMENT_3D('',#4214,#3143,#3144);
#2698=AXIS2_PLACEMENT_3D('',#4227,#3147,#3148);
#2699=AXIS2_PLACEMENT_3D('',#4238,#3151,#3152);
#2700=AXIS2_PLACEMENT_3D('',#4244,#3154,#3155);
#2701=AXIS2_PLACEMENT_3D('',#4260,#3159,#3160);
#2702=AXIS2_PLACEMENT_3D('',#4269,#3163,#3164);
#2703=AXIS2_PLACEMENT_3D('',#4280,#3167,#3168);
#2704=AXIS2_PLACEMENT_3D('',#4293,#3171,#3172);
#2705=AXIS2_PLACEMENT_3D('',#4304,#3175,#3176);
#2706=AXIS2_PLACEMENT_3D('',#4312,#3178,#3179);
#2707=AXIS2_PLACEMENT_3D('',#4326,#3183,#3184);
#2708=AXIS2_PLACEMENT_3D('',#4337,#3187,#3188);
#2709=AXIS2_PLACEMENT_3D('',#4346,#3191,#3192);
#2710=AXIS2_PLACEMENT_3D('',#4357,#3195,#3196);
#2711=AXIS2_PLACEMENT_3D('',#4368,#3199,#3200);
#2712=AXIS2_PLACEMENT_3D('',#4374,#3202,#3203);
#2713=AXIS2_PLACEMENT_3D('',#4386,#3207,#3208);
#2714=AXIS2_PLACEMENT_3D('',#4397,#3211,#3212);
#2715=AXIS2_PLACEMENT_3D('',#4406,#3215,#3216);
#2716=AXIS2_PLACEMENT_3D('',#4415,#3219,#3220);
#2717=AXIS2_PLACEMENT_3D('',#4426,#3223,#3224);
#2718=AXIS2_PLACEMENT_3D('',#4432,#3226,#3227);
#2719=AXIS2_PLACEMENT_3D('',#4444,#3231,#3232);
#2720=AXIS2_PLACEMENT_3D('',#4453,#3235,#3236);
#2721=AXIS2_PLACEMENT_3D('',#4464,#3239,#3240);
#2722=AXIS2_PLACEMENT_3D('',#4473,#3243,#3244);
#2723=AXIS2_PLACEMENT_3D('',#4521,#3246,#3247);
#2724=AXIS2_PLACEMENT_3D('',#4609,#3248,#3249);
#2725=AXIS2_PLACEMENT_3D('',#4615,#3253,#3254);
#2726=AXIS2_PLACEMENT_3D('',#4619,#3257,#3258);
#2727=AXIS2_PLACEMENT_3D('',#4623,#3261,#3262);
#2728=AXIS2_PLACEMENT_3D('',#4627,#3265,#3266);
#2729=AXIS2_PLACEMENT_3D('',#4631,#3269,#3270);
#2730=AXIS2_PLACEMENT_3D('',#4635,#3273,#3274);
#2731=AXIS2_PLACEMENT_3D('',#4639,#3277,#3278);
#2732=AXIS2_PLACEMENT_3D('',#4640,#3279,#3280);
#2733=AXIS2_PLACEMENT_3D('',#4641,#3281,#3282);
#2734=AXIS2_PLACEMENT_3D('',#4642,#3283,#3284);
#2735=DIRECTION('axis',(0.,0.,1.));
#2736=DIRECTION('refdir',(1.,0.,0.));
#2737=DIRECTION('axis',(0.,0.,1.));
#2738=DIRECTION('refdir',(1.,0.,0.));
#2739=DIRECTION('center_axis',(0.982872185491835,-0.184288542743449,0.));
#2740=DIRECTION('ref_axis',(0.184288542743449,0.982872185491835,0.));
#2741=DIRECTION('',(0.184288542743449,0.982872185491835,0.));
#2742=DIRECTION('',(0.,0.,-1.));
#2743=DIRECTION('',(0.184288542743449,0.982872185491835,0.));
#2744=DIRECTION('',(0.,0.,1.));
#2745=DIRECTION('center_axis',(-0.982872185491835,-0.184288542743446,0.));
#2746=DIRECTION('ref_axis',(0.184288542743446,-0.982872185491835,0.));
#2747=DIRECTION('',(0.184288542743446,-0.982872185491835,0.));
#2748=DIRECTION('',(0.,0.,-1.));
#2749=DIRECTION('',(0.184288542743446,-0.982872185491835,0.));
#2750=DIRECTION('',(0.,0.,-1.));
#2751=DIRECTION('center_axis',(0.,0.,1.));
#2752=DIRECTION('ref_axis',(1.,0.,0.));
#2753=DIRECTION('',(-1.,0.,0.));
#2754=DIRECTION('',(1.,0.,0.));
#2755=DIRECTION('center_axis',(0.,0.,1.));
#2756=DIRECTION('ref_axis',(1.,0.,0.));
#2757=DIRECTION('center_axis',(0.,0.,-1.));
#2758=DIRECTION('ref_axis',(1.,0.,0.));
#2759=DIRECTION('',(0.,1.,0.));
#2760=DIRECTION('',(1.,0.,0.));
#2761=DIRECTION('',(1.66533453693773E-15,1.,0.));
#2762=DIRECTION('',(-1.,0.,0.));
#2763=DIRECTION('',(0.,1.,0.));
#2764=DIRECTION('',(-1.,0.,0.));
#2765=DIRECTION('',(0.,-1.,0.));
#2766=DIRECTION('',(-1.,0.,0.));
#2767=DIRECTION('',(-1.66533453693773E-15,-1.,0.));
#2768=DIRECTION('',(1.,0.,0.));
#2769=DIRECTION('',(0.,-1.,0.));
#2770=DIRECTION('',(0.,-1.,0.));
#2771=DIRECTION('',(1.,0.,0.));
#2772=DIRECTION('',(0.,1.,0.));
#2773=DIRECTION('center_axis',(0.,1.,0.));
#2774=DIRECTION('ref_axis',(0.,0.,1.));
#2775=DIRECTION('',(0.,0.,-1.));
#2776=DIRECTION('',(-1.,0.,0.));
#2777=DIRECTION('',(0.,0.,1.));
#2778=DIRECTION('center_axis',(0.,0.,1.));
#2779=DIRECTION('ref_axis',(1.,0.,0.));
#2780=DIRECTION('center_axis',(0.,0.,1.));
#2781=DIRECTION('ref_axis',(1.,0.,0.));
#2782=DIRECTION('',(0.707106781186549,8.65956056235495E-17,-0.707106781186546));
#2783=DIRECTION('center_axis',(0.,0.,-1.));
#2784=DIRECTION('ref_axis',(1.,0.,0.));
#2785=DIRECTION('center_axis',(0.,0.,-1.));
#2786=DIRECTION('ref_axis',(1.,0.,0.));
#2787=DIRECTION('',(0.,0.,-1.));
#2788=DIRECTION('center_axis',(0.,0.,-1.));
#2789=DIRECTION('ref_axis',(1.,0.,0.));
#2790=DIRECTION('center_axis',(0.,0.,1.));
#2791=DIRECTION('ref_axis',(1.,0.,0.));
#2792=DIRECTION('',(0.,-1.,0.));
#2793=DIRECTION('center_axis',(0.,0.,-1.));
#2794=DIRECTION('ref_axis',(1.,0.,0.));
#2795=DIRECTION('',(0.,1.,0.));
#2796=DIRECTION('',(1.,0.,0.));
#2797=DIRECTION('',(0.,1.,0.));
#2798=DIRECTION('',(-1.,0.,0.));
#2799=DIRECTION('',(0.,-1.,0.));
#2800=DIRECTION('',(1.,0.,0.));
#2801=DIRECTION('',(0.,-1.,0.));
#2802=DIRECTION('',(-1.,0.,0.));
#2803=DIRECTION('',(0.,1.,0.));
#2804=DIRECTION('',(1.,0.,0.));
#2805=DIRECTION('center_axis',(0.,0.,1.));
#2806=DIRECTION('ref_axis',(1.,0.,0.));
#2807=DIRECTION('center_axis',(0.,0.,-1.));
#2808=DIRECTION('ref_axis',(-1.,0.,0.));
#2809=DIRECTION('',(0.,1.,0.));
#2810=DIRECTION('',(-1.,0.,0.));
#2811=DIRECTION('',(0.,-1.,0.));
#2812=DIRECTION('',(1.,0.,0.));
#2813=DIRECTION('center_axis',(0.,-1.,0.));
#2814=DIRECTION('ref_axis',(-1.,0.,0.));
#2815=DIRECTION('',(0.,0.,-1.));
#2816=DIRECTION('',(0.,0.,-1.));
#2817=DIRECTION('center_axis',(0.,-1.,0.));
#2818=DIRECTION('ref_axis',(-1.,0.,0.));
#2819=DIRECTION('',(0.,0.,-1.));
#2820=DIRECTION('',(0.,0.,-1.));
#2821=DIRECTION('center_axis',(1.,0.,0.));
#2822=DIRECTION('ref_axis',(0.,-1.,0.));
#2823=DIRECTION('',(0.,0.,-1.));
#2824=DIRECTION('center_axis',(0.,1.,0.));
#2825=DIRECTION('ref_axis',(1.,0.,0.));
#2826=DIRECTION('',(0.,0.,-1.));
#2827=DIRECTION('center_axis',(-1.,0.,0.));
#2828=DIRECTION('ref_axis',(0.,1.,0.));
#2829=DIRECTION('center_axis',(-1.,0.,0.));
#2830=DIRECTION('ref_axis',(0.,1.,0.));
#2831=DIRECTION('',(0.,0.,-1.));
#2832=DIRECTION('',(0.,0.,-1.));
#2833=DIRECTION('center_axis',(0.,0.,-1.));
#2834=DIRECTION('ref_axis',(1.,0.,0.));
#2835=DIRECTION('',(0.,0.,-1.));
#2836=DIRECTION('center_axis',(1.,0.,0.));
#2837=DIRECTION('ref_axis',(0.,-1.,0.));
#2838=DIRECTION('',(0.,0.,-1.));
#2839=DIRECTION('center_axis',(0.,1.,0.));
#2840=DIRECTION('ref_axis',(1.,0.,0.));
#2841=DIRECTION('',(0.,0.,-1.));
#2842=DIRECTION('center_axis',(0.,1.,0.));
#2843=DIRECTION('ref_axis',(1.,0.,0.));
#2844=DIRECTION('',(0.,0.,-1.));
#2845=DIRECTION('center_axis',(-1.,0.,0.));
#2846=DIRECTION('ref_axis',(0.,1.,0.));
#2847=DIRECTION('',(0.,0.,-1.));
#2848=DIRECTION('center_axis',(0.,-1.,0.));
#2849=DIRECTION('ref_axis',(-1.,0.,0.));
#2850=DIRECTION('',(0.,0.,-1.));
#2851=DIRECTION('center_axis',(1.,0.,0.));
#2852=DIRECTION('ref_axis',(0.,-1.,0.));
#2853=DIRECTION('center_axis',(0.,1.,0.));
#2854=DIRECTION('ref_axis',(-1.,0.,0.));
#2855=DIRECTION('center_axis',(0.,0.,1.));
#2856=DIRECTION('ref_axis',(1.,0.,0.));
#2857=DIRECTION('center_axis',(0.,0.,1.));
#2858=DIRECTION('ref_axis',(1.,0.,0.));
#2859=DIRECTION('center_axis',(0.,-0.707106781186548,-0.707106781186548));
#2860=DIRECTION('ref_axis',(0.,-0.707106781186548,0.707106781186548));
#2861=DIRECTION('center_axis',(0.,-0.707106781186548,-0.707106781186548));
#2862=DIRECTION('ref_axis',(0.,-0.707106781186548,0.707106781186548));
#2863=DIRECTION('',(-1.,0.,0.));
#2864=DIRECTION('center_axis',(0.,0.,1.));
#2865=DIRECTION('ref_axis',(-1.,0.,0.));
#2866=DIRECTION('center_axis',(0.,0.,-1.));
#2867=DIRECTION('ref_axis',(-1.,0.,0.));
#2868=DIRECTION('',(0.,0.,1.));
#2869=DIRECTION('',(0.,0.,-1.));
#2870=DIRECTION('center_axis',(0.,0.,-1.));
#2871=DIRECTION('ref_axis',(-1.,0.,0.));
#2872=DIRECTION('',(0.,0.,-1.));
#2873=DIRECTION('center_axis',(0.,0.,-1.));
#2874=DIRECTION('ref_axis',(-1.,0.,0.));
#2875=DIRECTION('center_axis',(0.,0.,1.));
#2876=DIRECTION('ref_axis',(-1.,0.,0.));
#2877=DIRECTION('center_axis',(0.,0.,-1.));
#2878=DIRECTION('ref_axis',(1.,0.,0.));
#2879=DIRECTION('center_axis',(0.,-1.,0.));
#2880=DIRECTION('ref_axis',(0.,0.,-1.));
#2881=DIRECTION('',(-1.,0.,0.));
#2882=DIRECTION('',(0.,0.,1.));
#2883=DIRECTION('',(-1.,0.,0.));
#2884=DIRECTION('',(0.,0.,-1.));
#2885=DIRECTION('',(1.,0.,0.));
#2886=DIRECTION('center_axis',(0.,0.,-1.));
#2887=DIRECTION('ref_axis',(1.,0.,0.));
#2888=DIRECTION('',(0.,-1.,0.));
#2889=DIRECTION('',(-1.,0.,0.));
#2890=DIRECTION('',(0.,-1.,0.));
#2891=DIRECTION('center_axis',(1.,0.,0.));
#2892=DIRECTION('ref_axis',(0.,1.,0.));
#2893=DIRECTION('',(0.,1.,0.));
#2894=DIRECTION('',(0.,0.,1.));
#2895=DIRECTION('center_axis',(-1.,0.,0.));
#2896=DIRECTION('ref_axis',(0.,-1.,0.));
#2897=DIRECTION('',(0.,0.,-1.));
#2898=DIRECTION('',(0.,-1.,0.));
#2899=DIRECTION('center_axis',(0.,0.,1.));
#2900=DIRECTION('ref_axis',(1.,0.,0.));
#2901=DIRECTION('',(-1.,0.,0.));
#2902=DIRECTION('center_axis',(0.,1.,0.));
#2903=DIRECTION('ref_axis',(-1.,0.,0.));
#2904=DIRECTION('',(0.,0.,1.));
#2905=DIRECTION('',(-1.,0.,0.));
#2906=DIRECTION('',(0.,0.,-1.));
#2907=DIRECTION('center_axis',(1.,-1.66533453693773E-15,0.));
#2908=DIRECTION('ref_axis',(1.66533453693773E-15,1.,0.));
#2909=DIRECTION('',(0.,0.,1.));
#2910=DIRECTION('',(1.66533453693773E-15,1.,0.));
#2911=DIRECTION('center_axis',(0.,-1.,0.));
#2912=DIRECTION('ref_axis',(1.,0.,0.));
#2913=DIRECTION('',(0.,0.,1.));
#2914=DIRECTION('',(1.,0.,0.));
#2915=DIRECTION('center_axis',(-1.,1.66533453693773E-15,0.));
#2916=DIRECTION('ref_axis',(-1.66533453693773E-15,-1.,0.));
#2917=DIRECTION('',(0.,0.,1.));
#2918=DIRECTION('',(-1.66533453693773E-15,-1.,0.));
#2919=DIRECTION('center_axis',(0.,1.,0.));
#2920=DIRECTION('ref_axis',(-1.,0.,0.));
#2921=DIRECTION('',(0.,0.,1.));
#2922=DIRECTION('',(-1.,0.,0.));
#2923=DIRECTION('center_axis',(-1.,0.,0.));
#2924=DIRECTION('ref_axis',(0.,-1.,0.));
#2925=DIRECTION('',(0.,0.,1.));
#2926=DIRECTION('',(0.,-1.,0.));
#2927=DIRECTION('center_axis',(0.,1.,0.));
#2928=DIRECTION('ref_axis',(-1.,0.,0.));
#2929=DIRECTION('',(0.,0.,1.));
#2930=DIRECTION('center_axis',(1.,0.,0.));
#2931=DIRECTION('ref_axis',(0.,1.,0.));
#2932=DIRECTION('',(0.,1.,0.));
#2933=DIRECTION('center_axis',(0.,0.,1.));
#2934=DIRECTION('ref_axis',(1.,0.,0.));
#2935=DIRECTION('center_axis',(0.,0.,-1.));
#2936=DIRECTION('ref_axis',(0.,1.,0.));
#2937=DIRECTION('center_axis',(0.,0.,1.));
#2938=DIRECTION('ref_axis',(1.,0.,0.));
#2939=DIRECTION('',(0.,0.,-1.));
#2940=DIRECTION('center_axis',(0.,0.,-1.));
#2941=DIRECTION('ref_axis',(1.,0.,0.));
#2942=DIRECTION('center_axis',(0.,0.,-1.));
#2943=DIRECTION('ref_axis',(1.,0.,0.));
#2944=DIRECTION('',(0.,0.,-1.));
#2945=DIRECTION('center_axis',(0.,0.,1.));
#2946=DIRECTION('ref_axis',(1.,0.,0.));
#2947=DIRECTION('center_axis',(0.,0.,-1.));
#2948=DIRECTION('ref_axis',(1.,0.,0.));
#2949=DIRECTION('',(0.,0.,-1.));
#2950=DIRECTION('center_axis',(0.,0.,-1.));
#2951=DIRECTION('ref_axis',(1.,0.,0.));
#2952=DIRECTION('center_axis',(0.,0.,1.));
#2953=DIRECTION('ref_axis',(1.,0.,0.));
#2954=DIRECTION('center_axis',(0.00286161076715456,-0.999995905583527,0.));
#2955=DIRECTION('ref_axis',(0.999995905583527,0.00286161076715456,0.));
#2956=DIRECTION('',(0.,0.,1.));
#2957=DIRECTION('',(0.999995905583527,0.00286161076715456,0.));
#2958=DIRECTION('',(0.,0.,1.));
#2959=DIRECTION('center_axis',(-0.864591052532181,-0.502476180411863,0.));
#2960=DIRECTION('ref_axis',(0.502476180411863,-0.864591052532181,0.));
#2961=DIRECTION('',(0.502476180411863,-0.864591052532181,0.));
#2962=DIRECTION('',(0.,0.,1.));
#2963=DIRECTION('center_axis',(-0.867452663299336,0.497519725171664,0.));
#2964=DIRECTION('ref_axis',(-0.497519725171664,-0.867452663299336,0.));
#2965=DIRECTION('',(-0.497519725171664,-0.867452663299336,0.));
#2966=DIRECTION('',(0.,0.,1.));
#2967=DIRECTION('center_axis',(-0.00286161076715567,0.999995905583527,0.));
#2968=DIRECTION('ref_axis',(-0.999995905583527,-0.00286161076715567,0.));
#2969=DIRECTION('',(-0.999995905583527,-0.00286161076715567,0.));
#2970=DIRECTION('',(0.,0.,1.));
#2971=DIRECTION('center_axis',(1.,2.01858727921755E-16,0.));
#2972=DIRECTION('ref_axis',(-2.01858727921755E-16,1.,0.));
#2973=DIRECTION('',(-2.01858727921755E-16,1.,0.));
#2974=DIRECTION('center_axis',(-0.867452663299337,0.497519725171664,0.));
#2975=DIRECTION('ref_axis',(-0.497519725171664,-0.867452663299336,0.));
#2976=DIRECTION('',(0.,0.,1.));
#2977=DIRECTION('',(-0.497519725171664,-0.867452663299336,0.));
#2978=DIRECTION('',(0.,0.,1.));
#2979=DIRECTION('center_axis',(-0.0028616107671553,0.999995905583527,0.));
#2980=DIRECTION('ref_axis',(-0.999995905583527,-0.0028616107671553,0.));
#2981=DIRECTION('',(-0.999995905583527,-0.0028616107671553,0.));
#2982=DIRECTION('',(0.,0.,1.));
#2983=DIRECTION('center_axis',(0.864591052532181,0.502476180411863,0.));
#2984=DIRECTION('ref_axis',(-0.502476180411863,0.864591052532181,0.));
#2985=DIRECTION('',(-0.502476180411863,0.864591052532181,0.));
#2986=DIRECTION('',(0.,0.,1.));
#2987=DIRECTION('center_axis',(0.867452663299336,-0.497519725171665,0.));
#2988=DIRECTION('ref_axis',(0.497519725171665,0.867452663299336,0.));
#2989=DIRECTION('',(0.497519725171665,0.867452663299336,0.));
#2990=DIRECTION('',(0.,0.,1.));
#2991=DIRECTION('center_axis',(0.00286161076715382,-0.999995905583527,0.));
#2992=DIRECTION('ref_axis',(0.999995905583527,0.00286161076715382,0.));
#2993=DIRECTION('',(0.999995905583527,0.00286161076715382,0.));
#2994=DIRECTION('',(0.,0.,1.));
#2995=DIRECTION('center_axis',(-0.864591052532181,-0.502476180411863,0.));
#2996=DIRECTION('ref_axis',(0.502476180411863,-0.864591052532181,0.));
#2997=DIRECTION('',(0.502476180411863,-0.864591052532181,0.));
#2998=DIRECTION('center_axis',(-0.867452663299337,0.497519725171664,0.));
#2999=DIRECTION('ref_axis',(-0.497519725171664,-0.867452663299337,0.));
#3000=DIRECTION('',(0.,0.,1.));
#3001=DIRECTION('',(-0.497519725171664,-0.867452663299337,0.));
#3002=DIRECTION('',(0.,0.,1.));
#3003=DIRECTION('center_axis',(-0.00286161076715567,0.999995905583527,0.));
#3004=DIRECTION('ref_axis',(-0.999995905583527,-0.00286161076715567,0.));
#3005=DIRECTION('',(-0.999995905583527,-0.00286161076715567,0.));
#3006=DIRECTION('',(0.,0.,1.));
#3007=DIRECTION('center_axis',(0.864591052532181,0.502476180411863,0.));
#3008=DIRECTION('ref_axis',(-0.502476180411863,0.864591052532181,0.));
#3009=DIRECTION('',(-0.502476180411863,0.864591052532181,0.));
#3010=DIRECTION('',(0.,0.,1.));
#3011=DIRECTION('center_axis',(0.867452663299336,-0.497519725171665,0.));
#3012=DIRECTION('ref_axis',(0.497519725171665,0.867452663299336,0.));
#3013=DIRECTION('',(0.497519725171665,0.867452663299336,0.));
#3014=DIRECTION('',(0.,0.,1.));
#3015=DIRECTION('center_axis',(0.00286161076715456,-0.999995905583527,0.));
#3016=DIRECTION('ref_axis',(0.999995905583527,0.00286161076715456,0.));
#3017=DIRECTION('',(0.999995905583527,0.00286161076715456,0.));
#3018=DIRECTION('',(0.,0.,1.));
#3019=DIRECTION('center_axis',(-0.864591052532181,-0.502476180411863,0.));
#3020=DIRECTION('ref_axis',(0.502476180411863,-0.864591052532181,0.));
#3021=DIRECTION('',(0.502476180411863,-0.864591052532181,0.));
#3022=DIRECTION('center_axis',(-0.867452663299337,0.497519725171664,0.));
#3023=DIRECTION('ref_axis',(-0.497519725171664,-0.867452663299337,0.));
#3024=DIRECTION('',(0.,0.,1.));
#3025=DIRECTION('',(-0.497519725171664,-0.867452663299337,0.));
#3026=DIRECTION('',(0.,0.,1.));
#3027=DIRECTION('center_axis',(-0.00286161076715567,0.999995905583527,0.));
#3028=DIRECTION('ref_axis',(-0.999995905583527,-0.00286161076715567,0.));
#3029=DIRECTION('',(-0.999995905583527,-0.00286161076715567,0.));
#3030=DIRECTION('',(0.,0.,1.));
#3031=DIRECTION('center_axis',(0.864591052532181,0.502476180411863,0.));
#3032=DIRECTION('ref_axis',(-0.502476180411863,0.864591052532181,0.));
#3033=DIRECTION('',(-0.502476180411863,0.864591052532181,0.));
#3034=DIRECTION('',(0.,0.,1.));
#3035=DIRECTION('center_axis',(0.867452663299336,-0.497519725171665,0.));
#3036=DIRECTION('ref_axis',(0.497519725171665,0.867452663299336,0.));
#3037=DIRECTION('',(0.497519725171665,0.867452663299336,0.));
#3038=DIRECTION('',(0.,0.,1.));
#3039=DIRECTION('center_axis',(0.00286161076715419,-0.999995905583527,0.));
#3040=DIRECTION('ref_axis',(0.999995905583527,0.00286161076715419,0.));
#3041=DIRECTION('',(0.999995905583527,0.00286161076715419,0.));
#3042=DIRECTION('',(0.,0.,1.));
#3043=DIRECTION('center_axis',(-0.864591052532181,-0.502476180411863,0.));
#3044=DIRECTION('ref_axis',(0.502476180411863,-0.864591052532181,0.));
#3045=DIRECTION('',(0.502476180411863,-0.864591052532181,0.));
#3046=DIRECTION('center_axis',(0.,-1.,0.));
#3047=DIRECTION('ref_axis',(1.,0.,0.));
#3048=DIRECTION('',(0.,0.,1.));
#3049=DIRECTION('',(1.,0.,0.));
#3050=DIRECTION('',(0.,0.,1.));
#3051=DIRECTION('center_axis',(-0.867452663299336,0.497519725171664,0.));
#3052=DIRECTION('ref_axis',(-0.497519725171664,-0.867452663299336,0.));
#3053=DIRECTION('',(-0.497519725171664,-0.867452663299336,0.));
#3054=DIRECTION('',(0.,0.,1.));
#3055=DIRECTION('center_axis',(-0.00286161076715604,0.999995905583527,0.));
#3056=DIRECTION('ref_axis',(-0.999995905583527,-0.00286161076715604,0.));
#3057=DIRECTION('',(-0.999995905583527,-0.00286161076715604,0.));
#3058=DIRECTION('',(0.,0.,1.));
#3059=DIRECTION('center_axis',(0.864591052532181,0.502476180411863,0.));
#3060=DIRECTION('ref_axis',(-0.502476180411863,0.864591052532181,0.));
#3061=DIRECTION('',(-0.502476180411863,0.864591052532181,0.));
#3062=DIRECTION('',(0.,0.,1.));
#3063=DIRECTION('center_axis',(0.867452663299336,-0.497519725171664,0.));
#3064=DIRECTION('ref_axis',(0.497519725171664,0.867452663299336,0.));
#3065=DIRECTION('',(0.497519725171664,0.867452663299336,0.));
#3066=DIRECTION('center_axis',(0.00286161076715382,-0.999995905583527,0.));
#3067=DIRECTION('ref_axis',(0.999995905583527,0.00286161076715382,0.));
#3068=DIRECTION('',(0.,0.,1.));
#3069=DIRECTION('',(0.999995905583527,0.00286161076715382,0.));
#3070=DIRECTION('',(0.,0.,1.));
#3071=DIRECTION('center_axis',(-0.864591052532181,-0.502476180411863,0.));
#3072=DIRECTION('ref_axis',(0.502476180411863,-0.864591052532181,0.));
#3073=DIRECTION('',(0.502476180411863,-0.864591052532181,0.));
#3074=DIRECTION('',(0.,0.,1.));
#3075=DIRECTION('center_axis',(-0.867452663299336,0.497519725171664,0.));
#3076=DIRECTION('ref_axis',(-0.497519725171664,-0.867452663299336,0.));
#3077=DIRECTION('',(-0.497519725171664,-0.867452663299336,0.));
#3078=DIRECTION('',(0.,0.,1.));
#3079=DIRECTION('center_axis',(-0.00286161076715604,0.999995905583527,0.));
#3080=DIRECTION('ref_axis',(-0.999995905583527,-0.00286161076715604,0.));
#3081=DIRECTION('',(-0.999995905583527,-0.00286161076715604,0.));
#3082=DIRECTION('',(0.,0.,1.));
#3083=DIRECTION('center_axis',(1.,2.01858727921755E-16,0.));
#3084=DIRECTION('ref_axis',(-2.01858727921755E-16,1.,0.));
#3085=DIRECTION('',(-2.01858727921755E-16,1.,0.));
#3086=DIRECTION('center_axis',(-1.,-2.01858727921755E-16,0.));
#3087=DIRECTION('ref_axis',(2.01858727921755E-16,-1.,0.));
#3088=DIRECTION('',(0.,0.,1.));
#3089=DIRECTION('',(2.01858727921755E-16,-1.,0.));
#3090=DIRECTION('',(0.,0.,1.));
#3091=DIRECTION('center_axis',(-0.00286161076715567,0.999995905583527,0.));
#3092=DIRECTION('ref_axis',(-0.999995905583527,-0.00286161076715567,0.));
#3093=DIRECTION('',(-0.999995905583527,-0.00286161076715567,0.));
#3094=DIRECTION('',(0.,0.,1.));
#3095=DIRECTION('center_axis',(0.864591052532181,0.502476180411863,0.));
#3096=DIRECTION('ref_axis',(-0.502476180411863,0.864591052532181,0.));
#3097=DIRECTION('',(-0.502476180411863,0.864591052532181,0.));
#3098=DIRECTION('',(0.,0.,1.));
#3099=DIRECTION('center_axis',(0.867452663299336,-0.497519725171665,0.));
#3100=DIRECTION('ref_axis',(0.497519725171665,0.867452663299336,0.));
#3101=DIRECTION('',(0.497519725171665,0.867452663299336,0.));
#3102=DIRECTION('',(0.,0.,1.));
#3103=DIRECTION('center_axis',(0.00286161076715456,-0.999995905583527,0.));
#3104=DIRECTION('ref_axis',(0.999995905583527,0.00286161076715456,0.));
#3105=DIRECTION('',(0.999995905583527,0.00286161076715456,0.));
#3106=DIRECTION('center_axis',(-0.00286161076715604,0.999995905583527,0.));
#3107=DIRECTION('ref_axis',(-0.999995905583527,-0.00286161076715604,0.));
#3108=DIRECTION('',(0.,0.,1.));
#3109=DIRECTION('',(-0.999995905583527,-0.00286161076715604,0.));
#3110=DIRECTION('',(0.,0.,1.));
#3111=DIRECTION('center_axis',(0.864591052532181,0.502476180411863,0.));
#3112=DIRECTION('ref_axis',(-0.502476180411863,0.864591052532181,0.));
#3113=DIRECTION('',(-0.502476180411863,0.864591052532181,0.));
#3114=DIRECTION('',(0.,0.,1.));
#3115=DIRECTION('center_axis',(0.867452663299336,-0.497519725171665,0.));
#3116=DIRECTION('ref_axis',(0.497519725171665,0.867452663299336,0.));
#3117=DIRECTION('',(0.497519725171665,0.867452663299336,0.));
#3118=DIRECTION('',(0.,0.,1.));
#3119=DIRECTION('center_axis',(0.00286161076715382,-0.999995905583527,0.));
#3120=DIRECTION('ref_axis',(0.999995905583527,0.00286161076715382,0.));
#3121=DIRECTION('',(0.999995905583527,0.00286161076715382,0.));
#3122=DIRECTION('',(0.,0.,1.));
#3123=DIRECTION('center_axis',(-0.864591052532181,-0.502476180411863,0.));
#3124=DIRECTION('ref_axis',(0.502476180411863,-0.864591052532181,0.));
#3125=DIRECTION('',(0.502476180411863,-0.864591052532181,0.));
#3126=DIRECTION('',(0.,0.,1.));
#3127=DIRECTION('center_axis',(-0.867452663299337,0.497519725171664,0.));
#3128=DIRECTION('ref_axis',(-0.497519725171664,-0.867452663299336,0.));
#3129=DIRECTION('',(-0.497519725171664,-0.867452663299336,0.));
#3130=DIRECTION('center_axis',(-0.00286161076715567,0.999995905583527,0.));
#3131=DIRECTION('ref_axis',(-0.999995905583527,-0.00286161076715567,0.));
#3132=DIRECTION('',(0.,0.,1.));
#3133=DIRECTION('',(-0.999995905583527,-0.00286161076715567,0.));
#3134=DIRECTION('',(0.,0.,1.));
#3135=DIRECTION('center_axis',(0.864591052532181,0.502476180411863,0.));
#3136=DIRECTION('ref_axis',(-0.502476180411863,0.864591052532181,0.));
#3137=DIRECTION('',(-0.502476180411863,0.864591052532181,0.));
#3138=DIRECTION('',(0.,0.,1.));
#3139=DIRECTION('center_axis',(0.867452663299336,-0.497519725171665,0.));
#3140=DIRECTION('ref_axis',(0.497519725171665,0.867452663299336,0.));
#3141=DIRECTION('',(0.497519725171665,0.867452663299336,0.));
#3142=DIRECTION('',(0.,0.,1.));
#3143=DIRECTION('center_axis',(0.00286161076715456,-0.999995905583527,0.));
#3144=DIRECTION('ref_axis',(0.999995905583527,0.00286161076715456,0.));
#3145=DIRECTION('',(0.999995905583527,0.00286161076715456,0.));
#3146=DIRECTION('',(0.,0.,1.));
#3147=DIRECTION('center_axis',(-0.864591052532181,-0.502476180411863,0.));
#3148=DIRECTION('ref_axis',(0.502476180411863,-0.864591052532181,0.));
#3149=DIRECTION('',(0.502476180411863,-0.864591052532181,0.));
#3150=DIRECTION('',(0.,0.,1.));
#3151=DIRECTION('center_axis',(-0.867452663299336,0.497519725171664,0.));
#3152=DIRECTION('ref_axis',(-0.497519725171664,-0.867452663299336,0.));
#3153=DIRECTION('',(-0.497519725171664,-0.867452663299336,0.));
#3154=DIRECTION('center_axis',(-0.867452663299337,0.497519725171664,0.));
#3155=DIRECTION('ref_axis',(-0.497519725171664,-0.867452663299336,0.));
#3156=DIRECTION('',(0.,0.,1.));
#3157=DIRECTION('',(-0.497519725171664,-0.867452663299336,0.));
#3158=DIRECTION('',(0.,0.,1.));
#3159=DIRECTION('center_axis',(-0.00286161076715567,0.999995905583527,0.));
#3160=DIRECTION('ref_axis',(-0.999995905583527,-0.00286161076715567,0.));
#3161=DIRECTION('',(-0.999995905583527,-0.00286161076715567,0.));
#3162=DIRECTION('',(0.,0.,1.));
#3163=DIRECTION('center_axis',(0.864591052532181,0.502476180411863,0.));
#3164=DIRECTION('ref_axis',(-0.502476180411863,0.864591052532181,0.));
#3165=DIRECTION('',(-0.502476180411863,0.864591052532181,0.));
#3166=DIRECTION('',(0.,0.,1.));
#3167=DIRECTION('center_axis',(0.867452663299336,-0.497519725171665,0.));
#3168=DIRECTION('ref_axis',(0.497519725171665,0.867452663299336,0.));
#3169=DIRECTION('',(0.497519725171665,0.867452663299336,0.));
#3170=DIRECTION('',(0.,0.,1.));
#3171=DIRECTION('center_axis',(0.00286161076715419,-0.999995905583527,0.));
#3172=DIRECTION('ref_axis',(0.999995905583527,0.00286161076715419,0.));
#3173=DIRECTION('',(0.999995905583527,0.00286161076715419,0.));
#3174=DIRECTION('',(0.,0.,1.));
#3175=DIRECTION('center_axis',(-0.864591052532181,-0.502476180411863,0.));
#3176=DIRECTION('ref_axis',(0.502476180411863,-0.864591052532181,0.));
#3177=DIRECTION('',(0.502476180411863,-0.864591052532181,0.));
#3178=DIRECTION('center_axis',(-0.867452663299337,0.497519725171664,0.));
#3179=DIRECTION('ref_axis',(-0.497519725171664,-0.867452663299336,0.));
#3180=DIRECTION('',(0.,0.,1.));
#3181=DIRECTION('',(-0.497519725171664,-0.867452663299336,0.));
#3182=DIRECTION('',(0.,0.,1.));
#3183=DIRECTION('center_axis',(-0.00286161076715567,0.999995905583527,0.));
#3184=DIRECTION('ref_axis',(-0.999995905583527,-0.00286161076715567,0.));
#3185=DIRECTION('',(-0.999995905583527,-0.00286161076715567,0.));
#3186=DIRECTION('',(0.,0.,1.));
#3187=DIRECTION('center_axis',(0.864591052532181,0.502476180411863,0.));
#3188=DIRECTION('ref_axis',(-0.502476180411863,0.864591052532181,0.));
#3189=DIRECTION('',(-0.502476180411863,0.864591052532181,0.));
#3190=DIRECTION('',(0.,0.,1.));
#3191=DIRECTION('center_axis',(0.867452663299336,-0.497519725171665,0.));
#3192=DIRECTION('ref_axis',(0.497519725171665,0.867452663299336,0.));
#3193=DIRECTION('',(0.497519725171665,0.867452663299336,0.));
#3194=DIRECTION('',(0.,0.,1.));
#3195=DIRECTION('center_axis',(0.00286161076715456,-0.999995905583527,0.));
#3196=DIRECTION('ref_axis',(0.999995905583527,0.00286161076715456,0.));
#3197=DIRECTION('',(0.999995905583527,0.00286161076715456,0.));
#3198=DIRECTION('',(0.,0.,1.));
#3199=DIRECTION('center_axis',(-0.864591052532181,-0.502476180411863,0.));
#3200=DIRECTION('ref_axis',(0.502476180411863,-0.864591052532181,0.));
#3201=DIRECTION('',(0.502476180411863,-0.864591052532181,0.));
#3202=DIRECTION('center_axis',(-0.867452663299337,0.497519725171664,0.));
#3203=DIRECTION('ref_axis',(-0.497519725171664,-0.867452663299337,0.));
#3204=DIRECTION('',(0.,0.,1.));
#3205=DIRECTION('',(-0.497519725171664,-0.867452663299337,0.));
#3206=DIRECTION('',(0.,0.,1.));
#3207=DIRECTION('center_axis',(-0.0028616107671553,0.999995905583527,0.));
#3208=DIRECTION('ref_axis',(-0.999995905583527,-0.0028616107671553,0.));
#3209=DIRECTION('',(-0.999995905583527,-0.0028616107671553,0.));
#3210=DIRECTION('',(0.,0.,1.));
#3211=DIRECTION('center_axis',(0.864591052532181,0.502476180411863,0.));
#3212=DIRECTION('ref_axis',(-0.502476180411863,0.864591052532181,0.));
#3213=DIRECTION('',(-0.502476180411863,0.864591052532181,0.));
#3214=DIRECTION('',(0.,0.,1.));
#3215=DIRECTION('center_axis',(0.867452663299336,-0.497519725171665,0.));
#3216=DIRECTION('ref_axis',(0.497519725171665,0.867452663299336,0.));
#3217=DIRECTION('',(0.497519725171665,0.867452663299336,0.));
#3218=DIRECTION('',(0.,0.,1.));
#3219=DIRECTION('center_axis',(0.00286161076715382,-0.999995905583527,0.));
#3220=DIRECTION('ref_axis',(0.999995905583527,0.00286161076715382,0.));
#3221=DIRECTION('',(0.999995905583527,0.00286161076715382,0.));
#3222=DIRECTION('',(0.,0.,1.));
#3223=DIRECTION('center_axis',(-0.864591052532181,-0.502476180411863,0.));
#3224=DIRECTION('ref_axis',(0.502476180411863,-0.864591052532181,0.));
#3225=DIRECTION('',(0.502476180411863,-0.864591052532181,0.));
#3226=DIRECTION('center_axis',(-1.,-2.01858727921755E-16,0.));
#3227=DIRECTION('ref_axis',(2.01858727921755E-16,-1.,0.));
#3228=DIRECTION('',(0.,0.,1.));
#3229=DIRECTION('',(2.01858727921755E-16,-1.,0.));
#3230=DIRECTION('',(0.,0.,1.));
#3231=DIRECTION('center_axis',(-0.00286161076715604,0.999995905583527,0.));
#3232=DIRECTION('ref_axis',(-0.999995905583527,-0.00286161076715604,0.));
#3233=DIRECTION('',(-0.999995905583527,-0.00286161076715604,0.));
#3234=DIRECTION('',(0.,0.,1.));
#3235=DIRECTION('center_axis',(0.864591052532181,0.502476180411863,0.));
#3236=DIRECTION('ref_axis',(-0.502476180411863,0.864591052532181,0.));
#3237=DIRECTION('',(-0.502476180411863,0.864591052532181,0.));
#3238=DIRECTION('',(0.,0.,1.));
#3239=DIRECTION('center_axis',(0.867452663299336,-0.497519725171665,0.));
#3240=DIRECTION('ref_axis',(0.497519725171665,0.867452663299336,0.));
#3241=DIRECTION('',(0.497519725171665,0.867452663299336,0.));
#3242=DIRECTION('',(0.,0.,1.));
#3243=DIRECTION('center_axis',(0.00286161076715382,-0.999995905583527,0.));
#3244=DIRECTION('ref_axis',(0.999995905583527,0.00286161076715382,0.));
#3245=DIRECTION('',(0.999995905583527,0.00286161076715382,0.));
#3246=DIRECTION('center_axis',(0.,1.,0.));
#3247=DIRECTION('ref_axis',(-1.,0.,0.));
#3248=DIRECTION('center_axis',(0.,-1.,0.));
#3249=DIRECTION('ref_axis',(-1.,0.,0.));
#3250=DIRECTION('',(0.,0.,-1.));
#3251=DIRECTION('',(-1.,0.,0.));
#3252=DIRECTION('',(0.,0.,-1.));
#3253=DIRECTION('center_axis',(-1.,0.,0.));
#3254=DIRECTION('ref_axis',(0.,1.,0.));
#3255=DIRECTION('',(0.,0.,-1.));
#3256=DIRECTION('',(0.,1.,0.));
#3257=DIRECTION('center_axis',(0.,1.,0.));
#3258=DIRECTION('ref_axis',(1.,0.,0.));
#3259=DIRECTION('',(0.,0.,-1.));
#3260=DIRECTION('',(1.,0.,0.));
#3261=DIRECTION('center_axis',(-1.,0.,0.));
#3262=DIRECTION('ref_axis',(0.,1.,0.));
#3263=DIRECTION('',(0.,0.,-1.));
#3264=DIRECTION('',(0.,1.,0.));
#3265=DIRECTION('center_axis',(1.,0.,0.));
#3266=DIRECTION('ref_axis',(0.,-1.,0.));
#3267=DIRECTION('',(0.,-1.,0.));
#3268=DIRECTION('',(0.,0.,-1.));
#3269=DIRECTION('center_axis',(0.,1.,0.));
#3270=DIRECTION('ref_axis',(1.,0.,0.));
#3271=DIRECTION('',(1.,0.,0.));
#3272=DIRECTION('',(0.,0.,-1.));
#3273=DIRECTION('center_axis',(1.,0.,0.));
#3274=DIRECTION('ref_axis',(0.,-1.,0.));
#3275=DIRECTION('',(0.,-1.,0.));
#3276=DIRECTION('',(0.,0.,-1.));
#3277=DIRECTION('center_axis',(0.,0.,-1.));
#3278=DIRECTION('ref_axis',(1.,0.,0.));
#3279=DIRECTION('center_axis',(0.,0.,-1.));
#3280=DIRECTION('ref_axis',(1.,0.,0.));
#3281=DIRECTION('center_axis',(0.,0.,1.));
#3282=DIRECTION('ref_axis',(1.,0.,0.));
#3283=DIRECTION('',(0.,0.,1.));
#3284=DIRECTION('',(1.,0.,0.));
#3285=CARTESIAN_POINT('',(0.,0.,0.));
#3286=CARTESIAN_POINT('',(0.,0.,0.));
#3287=CARTESIAN_POINT('Origin',(6.125,1.12499992549419,-3.));
#3288=CARTESIAN_POINT('',(6.125,1.12499992549419,-3.));
#3289=CARTESIAN_POINT('',(6.5,3.12499983906746,-3.));
#3290=CARTESIAN_POINT('',(5.91910376754489,0.0268867331867763,-3.));
#3291=CARTESIAN_POINT('',(6.125,1.12499992549419,-1.));
#3292=CARTESIAN_POINT('',(6.125,1.12499992549419,32.));
#3293=CARTESIAN_POINT('',(6.5,3.12499983906746,-1.));
#3294=CARTESIAN_POINT('',(6.5,3.12499983906746,-1.));
#3295=CARTESIAN_POINT('',(6.5,3.12499983906746,0.));
#3296=CARTESIAN_POINT('Origin',(-6.5,3.12499983906746,-3.));
#3297=CARTESIAN_POINT('',(-6.5,3.12499983906746,-3.));
#3298=CARTESIAN_POINT('',(-6.125,1.12499992549419,-3.));
#3299=CARTESIAN_POINT('',(-6.10660376754489,1.02688668997341,-3.));
#3300=CARTESIAN_POINT('',(-6.5,3.12499983906746,-1.));
#3301=CARTESIAN_POINT('',(-6.5,3.12499983906746,0.));
#3302=CARTESIAN_POINT('',(-6.125,1.12499992549419,-1.));
#3303=CARTESIAN_POINT('',(-6.5,3.12499983906746,-1.));
#3304=CARTESIAN_POINT('',(-6.125,1.12499992549419,32.));
#3305=CARTESIAN_POINT('Origin',(3.33066907387547E-15,2.12499988228083,-1.));
#3306=CARTESIAN_POINT('',(-3.25,3.12499983906746,-1.));
#3307=CARTESIAN_POINT('',(-3.0625,1.12499992549419,-1.));
#3308=CARTESIAN_POINT('Origin',(0.,0.,-3.));
#3309=CARTESIAN_POINT('',(-13.,-1.59204083889156E-15,-3.));
#3310=CARTESIAN_POINT('Origin',(0.,0.,-3.));
#3311=CARTESIAN_POINT('',(6.5,6.19999983906746,-3.));
#3312=CARTESIAN_POINT('',(6.5,0.59999991953373,-3.));
#3313=CARTESIAN_POINT('',(7.875,6.19999983906746,-3.));
#3314=CARTESIAN_POINT('',(-3.9375,6.19999983906746,-3.));
#3315=CARTESIAN_POINT('',(7.87500000000001,8.19999983906746,-3.));
#3316=CARTESIAN_POINT('',(7.875,3.09999991953372,-3.));
#3317=CARTESIAN_POINT('',(6.50000000000001,8.19999983906746,-3.));
#3318=CARTESIAN_POINT('',(3.9375,8.19999983906746,-3.));
#3319=CARTESIAN_POINT('',(6.50000000000001,9.69999983906746,-3.));
#3320=CARTESIAN_POINT('',(6.50000000000001,4.09999991953373,-3.));
#3321=CARTESIAN_POINT('',(-6.49999999999999,9.69999983906746,-3.));
#3322=CARTESIAN_POINT('',(3.25,9.69999983906746,-3.));
#3323=CARTESIAN_POINT('',(-6.49999999999999,8.19999983906746,-3.));
#3324=CARTESIAN_POINT('',(-6.49999999999999,4.84999991953373,-3.));
#3325=CARTESIAN_POINT('',(-7.87499999999999,8.19999983906746,-3.));
#3326=CARTESIAN_POINT('',(-3.25,8.19999983906746,-3.));
#3327=CARTESIAN_POINT('',(-7.875,6.19999983906746,-3.));
#3328=CARTESIAN_POINT('',(-7.875,4.09999991953374,-3.));
#3329=CARTESIAN_POINT('',(-6.5,6.19999983906746,-3.));
#3330=CARTESIAN_POINT('',(-3.9375,6.19999983906746,-3.));
#3331=CARTESIAN_POINT('',(-6.5,3.09999991953373,-3.));
#3332=CARTESIAN_POINT('',(-6.125,-0.875000074505806,-3.));
#3333=CARTESIAN_POINT('',(-6.125,-0.437500037252903,-3.));
#3334=CARTESIAN_POINT('',(6.125,-0.875000074505806,-3.));
#3335=CARTESIAN_POINT('',(3.0625,-0.875000074505806,-3.));
#3336=CARTESIAN_POINT('',(6.125,0.562499962747097,-3.));
#3337=CARTESIAN_POINT('Origin',(-6.5,3.12499983906746,0.));
#3338=CARTESIAN_POINT('',(-6.5,3.12499983906746,19.));
#3339=CARTESIAN_POINT('',(-6.5,3.12499983906746,0.));
#3340=CARTESIAN_POINT('',(6.5,3.12499983906746,19.));
#3341=CARTESIAN_POINT('',(-3.25,3.12499983906746,19.));
#3342=CARTESIAN_POINT('',(6.5,3.12499983906746,0.));
#3343=CARTESIAN_POINT('Origin',(1.54074395550979E-32,3.32499992549419,31.75));
#3344=CARTESIAN_POINT('',(-1.85,3.32499992549419,32.));
#3345=CARTESIAN_POINT('Origin',(1.54074395550979E-32,3.32499992549419,32.));
#3346=CARTESIAN_POINT('',(-1.35,3.32499992549419,31.5));
#3347=CARTESIAN_POINT('',(-1.6,3.32499992549419,31.75));
#3348=CARTESIAN_POINT('Origin',(1.54074395550979E-32,3.32499992549419,31.5));
#3349=CARTESIAN_POINT('Origin',(1.54074395550979E-32,3.32499992549419,32.));
#3350=CARTESIAN_POINT('',(-1.35,3.32499992549419,27.));
#3351=CARTESIAN_POINT('',(-1.35,3.32499992549419,32.));
#3352=CARTESIAN_POINT('Origin',(1.54074395550979E-32,3.32499992549419,27.));
#3353=CARTESIAN_POINT('Origin',(0.,-2.40000007450581,32.));
#3354=CARTESIAN_POINT('',(4.,3.32499992549419,32.));
#3355=CARTESIAN_POINT('',(4.,2.12499992549419,32.));
#3356=CARTESIAN_POINT('',(4.,2.12499992549419,32.));
#3357=CARTESIAN_POINT('',(-4.,3.32499992549419,32.));
#3358=CARTESIAN_POINT('Origin',(1.54074395550979E-32,3.32499992549419,32.));
#3359=CARTESIAN_POINT('',(-4.,2.12499992549419,32.));
#3360=CARTESIAN_POINT('',(-4.,2.12499992549419,32.));
#3361=CARTESIAN_POINT('',(-7.125,2.12499992549419,32.));
#3362=CARTESIAN_POINT('',(-7.125,2.12499992549419,32.));
#3363=CARTESIAN_POINT('',(-7.125,-12.1250000745058,32.));
#3364=CARTESIAN_POINT('',(-7.125,-12.1250000745058,32.));
#3365=CARTESIAN_POINT('',(7.125,-12.1250000745058,32.));
#3366=CARTESIAN_POINT('',(7.125,-12.1250000745058,32.));
#3367=CARTESIAN_POINT('',(7.125,2.12499992549419,32.));
#3368=CARTESIAN_POINT('',(7.125,2.12499992549419,32.));
#3369=CARTESIAN_POINT('',(4.,2.12499992549419,32.));
#3370=CARTESIAN_POINT('',(6.125,1.12499992549419,32.));
#3371=CARTESIAN_POINT('',(6.125,-11.1250000745058,32.));
#3372=CARTESIAN_POINT('',(6.125,-1.63750007450581,32.));
#3373=CARTESIAN_POINT('',(-6.125,-11.1250000745058,32.));
#3374=CARTESIAN_POINT('',(3.0625,-11.1250000745058,32.));
#3375=CARTESIAN_POINT('',(-6.125,1.12499992549419,32.));
#3376=CARTESIAN_POINT('',(-6.125,-1.63750007450581,32.));
#3377=CARTESIAN_POINT('',(-3.0625,1.12499992549419,32.));
#3378=CARTESIAN_POINT('Origin',(0.,3.32499992549419,27.));
#3379=CARTESIAN_POINT('Origin',(0.,-6.00000007450581,23.));
#3380=CARTESIAN_POINT('',(-6.125,-11.1250000745058,23.));
#3381=CARTESIAN_POINT('',(-6.125,-0.875000074505805,23.));
#3382=CARTESIAN_POINT('',(-6.125,-11.1250000745058,23.));
#3383=CARTESIAN_POINT('',(6.125,-11.1250000745058,23.));
#3384=CARTESIAN_POINT('',(6.125,-11.1250000745058,23.));
#3385=CARTESIAN_POINT('',(6.125,-0.875000074505805,23.));
#3386=CARTESIAN_POINT('',(6.125,1.12499992549419,23.));
#3387=CARTESIAN_POINT('',(3.0625,-0.875000074505806,23.));
#3388=CARTESIAN_POINT('Origin',(6.125,-0.875000074505806,32.));
#3389=CARTESIAN_POINT('',(6.125,-0.875000074505806,32.));
#3390=CARTESIAN_POINT('',(-6.125,-0.875000074505806,32.));
#3391=CARTESIAN_POINT('Origin',(6.125,-11.1250000745058,32.));
#3392=CARTESIAN_POINT('',(6.125,-11.1250000745058,32.));
#3393=CARTESIAN_POINT('',(-6.125,-11.1250000745058,32.));
#3394=CARTESIAN_POINT('Origin',(6.125,1.12499992549419,32.));
#3395=CARTESIAN_POINT('',(6.125,1.12499992549419,32.));
#3396=CARTESIAN_POINT('Origin',(-6.125,1.12499992549419,32.));
#3397=CARTESIAN_POINT('',(-6.125,1.12499992549419,32.));
#3398=CARTESIAN_POINT('Origin',(-6.125,-0.875000074505806,32.));
#3399=CARTESIAN_POINT('Origin',(-4.,2.12499992549419,40.));
#3400=CARTESIAN_POINT('',(-4.,2.12499992549419,37.1251656134504));
#3401=CARTESIAN_POINT('',(-4.,3.32499992549419,37.0025682201359));
#3402=CARTESIAN_POINT('Ctrl Pts',(-4.,2.12499992549419,37.1251656134504));
#3403=CARTESIAN_POINT('Ctrl Pts',(-4.,2.29608534507571,37.1116221192088));
#3404=CARTESIAN_POINT('Ctrl Pts',(-4.,2.4670399321278,37.0964248054618));
#3405=CARTESIAN_POINT('Ctrl Pts',(-4.,2.86714006208375,37.0569217257577));
#3406=CARTESIAN_POINT('Ctrl Pts',(-4.,3.09626782630138,37.0312657673389));
#3407=CARTESIAN_POINT('Ctrl Pts',(-4.,3.32499992549419,37.0025682201359));
#3408=CARTESIAN_POINT('',(-4.,2.12499992549419,40.));
#3409=CARTESIAN_POINT('',(-4.,3.32499992549419,40.));
#3410=CARTESIAN_POINT('Origin',(1.54074395550979E-32,3.32499992549419,40.));
#3411=CARTESIAN_POINT('',(4.,3.32499992549419,37.0025682201359));
#3412=CARTESIAN_POINT('Ctrl Pts',(-4.,3.32499992549419,37.0025682201359));
#3413=CARTESIAN_POINT('Ctrl Pts',(-4.,3.63502567794301,36.9636712804566));
#3414=CARTESIAN_POINT('Ctrl Pts',(-3.96395532558733,3.9446235881006,36.924585907396));
#3415=CARTESIAN_POINT('Ctrl Pts',(-3.77954268584963,4.72270557477857,36.8257537982138));
#3416=CARTESIAN_POINT('Ctrl Pts',(-3.58071740247631,5.17374475892422,36.7678635239778));
#3417=CARTESIAN_POINT('Ctrl Pts',(-3.0315626277344,5.9793391168216,36.6636429901219));
#3418=CARTESIAN_POINT('Ctrl Pts',(-2.68679838990795,6.32805022760733,36.6180869138315));
#3419=CARTESIAN_POINT('Ctrl Pts',(-1.88167777564606,6.88922298125836,36.5444159478314));
#3420=CARTESIAN_POINT('Ctrl Pts',(-1.42674322814831,7.09460149405952,36.5172394802841));
#3421=CARTESIAN_POINT('Ctrl Pts',(-0.439818225370005,7.33463746038931,36.4854481326764));
#3422=CARTESIAN_POINT('Ctrl Pts',(0.0848897261628186,7.35781260752387,36.4823638226038));
#3423=CARTESIAN_POINT('Ctrl Pts',(1.11970543070215,7.20097888607585,36.5031563807331));
#3424=CARTESIAN_POINT('Ctrl Pts',(1.6188059278945,7.02030766821015,36.527114363965));
#3425=CARTESIAN_POINT('Ctrl Pts',(2.52013208641685,6.47580049870755,36.598744859014));
#3426=CARTESIAN_POINT('Ctrl Pts',(2.91274013717277,6.11657569261293,36.6457883538453));
#3427=CARTESIAN_POINT('Ctrl Pts',(3.53828694736703,5.2646258123898,36.7561833122392));
#3428=CARTESIAN_POINT('Ctrl Pts',(3.76378640850991,4.7790925294054,36.8185763830376));
#3429=CARTESIAN_POINT('Ctrl Pts',(3.96262767849859,3.95601018305381,36.9231482547666));
#3430=CARTESIAN_POINT('Ctrl Pts',(4.,3.6406838588046,36.9629613848497));
#3431=CARTESIAN_POINT('Ctrl Pts',(4.,3.32499992549419,37.0025682201359));
#3432=CARTESIAN_POINT('',(4.,3.32499992549419,40.));
#3433=CARTESIAN_POINT('Origin',(4.,3.32499992549419,40.));
#3434=CARTESIAN_POINT('',(4.,2.12499992549419,37.1251656134504));
#3435=CARTESIAN_POINT('Ctrl Pts',(4.,3.32499992549419,37.0025682201359));
#3436=CARTESIAN_POINT('Ctrl Pts',(4.,3.11450853054592,37.0289772233482));
#3437=CARTESIAN_POINT('Ctrl Pts',(4.,2.90368522247497,37.0528100131638));
#3438=CARTESIAN_POINT('Ctrl Pts',(4.,2.50366646419569,37.0931497370477));
#3439=CARTESIAN_POINT('Ctrl Pts',(4.,2.31441223780422,37.1101713224855));
#3440=CARTESIAN_POINT('Ctrl Pts',(4.,2.12499992549419,37.1251656134504));
#3441=CARTESIAN_POINT('',(4.,2.12499992549419,40.));
#3442=CARTESIAN_POINT('Origin',(4.,2.12499992549419,40.));
#3443=CARTESIAN_POINT('',(7.125,2.12499992549419,36.454222575026));
#3444=CARTESIAN_POINT('Ctrl Pts',(4.,2.12499992549419,37.1251656134504));
#3445=CARTESIAN_POINT('Ctrl Pts',(4.31447167976912,2.12499992549419,37.0783058231419));
#3446=CARTESIAN_POINT('Ctrl Pts',(4.6281412856292,2.12499992549419,37.0256974354601));
#3447=CARTESIAN_POINT('Ctrl Pts',(5.67500496365203,2.12499992549419,36.8298100229028));
#3448=CARTESIAN_POINT('Ctrl Pts',(6.40580599571457,2.12499992549419,36.6594191268234));
#3449=CARTESIAN_POINT('Ctrl Pts',(7.125,2.12499992549419,36.454222575026));
#3450=CARTESIAN_POINT('',(7.125,2.12499992549419,40.));
#3451=CARTESIAN_POINT('Origin',(-7.125,2.12499992549419,40.));
#3452=CARTESIAN_POINT('',(-7.125,2.12499992549419,36.454222575026));
#3453=CARTESIAN_POINT('Ctrl Pts',(-7.125,2.12499992549419,36.454222575026));
#3454=CARTESIAN_POINT('Ctrl Pts',(-7.00281538276447,2.12499992549419,36.4890836305827));
#3455=CARTESIAN_POINT('Ctrl Pts',(-6.88034378531792,2.12499992549419,36.5229262448558));
#3456=CARTESIAN_POINT('Ctrl Pts',(-5.85230995343402,2.12499992549419,36.7979966618021));
#3457=CARTESIAN_POINT('Ctrl Pts',(-4.92856997394978,2.12499992549419,36.9867983229587));
#3458=CARTESIAN_POINT('Ctrl Pts',(-4.,2.12499992549419,37.1251656134504));
#3459=CARTESIAN_POINT('',(-7.125,2.12499992549419,40.));
#3460=CARTESIAN_POINT('Origin',(-7.125,-12.1250000745058,40.));
#3461=CARTESIAN_POINT('',(-7.125,-12.1250000745058,32.8928372096205));
#3462=CARTESIAN_POINT('Ctrl Pts',(-7.125,-12.1250000745058,32.8928372096205));
#3463=CARTESIAN_POINT('Ctrl Pts',(-7.125,-11.1247641455602,33.6992063146613));
#3464=CARTESIAN_POINT('Ctrl Pts',(-7.125,-9.90720290557686,34.4004447637692));
#3465=CARTESIAN_POINT('Ctrl Pts',(-7.125,-7.1886256565396,35.5124376578439));
#3466=CARTESIAN_POINT('Ctrl Pts',(-7.125,-5.77653754200974,35.9035029347768));
#3467=CARTESIAN_POINT('Ctrl Pts',(-7.125,-3.64849898076146,36.2875744028417));
#3468=CARTESIAN_POINT('Ctrl Pts',(-7.12499999999658,-2.93073852120068,36.382951669111));
#3469=CARTESIAN_POINT('Ctrl Pts',(-7.12499999999658,-1.67182405190605,36.494548885006));
#3470=CARTESIAN_POINT('Ctrl Pts',(-7.125,-1.12961517207432,36.5246990716129));
#3471=CARTESIAN_POINT('Ctrl Pts',(-7.125,-0.0805661950210265,36.549157219577));
#3472=CARTESIAN_POINT('Ctrl Pts',(-7.12500000000001,0.427354755233061,36.545674398519));
#3473=CARTESIAN_POINT('Ctrl Pts',(-7.12500000000001,1.33145151306296,36.5121249001397));
#3474=CARTESIAN_POINT('Ctrl Pts',(-7.125,1.72870748951438,36.4879446146085));
#3475=CARTESIAN_POINT('Ctrl Pts',(-7.125,2.12499992549419,36.454222575026));
#3476=CARTESIAN_POINT('',(-7.125,-12.1250000745058,40.));
#3477=CARTESIAN_POINT('Origin',(7.125,-12.1250000745058,40.));
#3478=CARTESIAN_POINT('',(7.125,-12.1250000745058,32.8928372096205));
#3479=CARTESIAN_POINT('Ctrl Pts',(7.125,-12.1250000745058,32.8928372096205));
#3480=CARTESIAN_POINT('Ctrl Pts',(6.23481115611471,-12.1250000745058,33.31454992452));
#3481=CARTESIAN_POINT('Ctrl Pts',(5.28532540613769,-12.1250000745058,33.6360401647612));
#3482=CARTESIAN_POINT('Ctrl Pts',(3.59667997933485,-12.1250000745058,34.047626671713));
#3483=CARTESIAN_POINT('Ctrl Pts',(2.84838957354366,-12.1250000744696,34.1771902983277));
#3484=CARTESIAN_POINT('Ctrl Pts',(1.640503091222,-12.1250000744696,34.3116271770598));
#3485=CARTESIAN_POINT('Ctrl Pts',(1.17990963893704,-12.1250000745058,34.3456258913114));
#3486=CARTESIAN_POINT('Ctrl Pts',(0.3319609106793,-12.1250000745058,34.3774956108086));
#3487=CARTESIAN_POINT('Ctrl Pts',(-0.0562791238737107,-12.1250000745058,
34.3802790064692));
#3488=CARTESIAN_POINT('Ctrl Pts',(-0.875175529392629,-12.1250000745058,
34.3613119315699));
#3489=CARTESIAN_POINT('Ctrl Pts',(-1.30670402098909,-12.1250000745058,34.3367334004523));
#3490=CARTESIAN_POINT('Ctrl Pts',(-2.38431858556633,-12.1250000745058,34.2380325957122));
#3491=CARTESIAN_POINT('Ctrl Pts',(-3.03134582089007,-12.1250000745058,34.1447687378745));
#3492=CARTESIAN_POINT('Ctrl Pts',(-4.85228772454309,-12.1250000745058,33.7771200607353));
#3493=CARTESIAN_POINT('Ctrl Pts',(-6.03430909925676,-12.1250000745058,33.4095345643762));
#3494=CARTESIAN_POINT('Ctrl Pts',(-7.125,-12.1250000745058,32.8928372096205));
#3495=CARTESIAN_POINT('',(7.125,-12.1250000745058,40.));
#3496=CARTESIAN_POINT('Origin',(7.125,2.12499992549419,40.));
#3497=CARTESIAN_POINT('',(7.125,0.,36.5441828605114));
#3498=CARTESIAN_POINT('Ctrl Pts',(7.125,0.,36.5441828605114));
#3499=CARTESIAN_POINT('Ctrl Pts',(7.125,-0.208484504677087,36.5441828605114));
#3500=CARTESIAN_POINT('Ctrl Pts',(7.12500000000996,-0.416953957791145,36.5415980030861));
#3501=CARTESIAN_POINT('Ctrl Pts',(7.12500000000996,-1.16303787532148,36.5230870672874));
#3502=CARTESIAN_POINT('Ctrl Pts',(7.12499999999895,-1.70098810324868,36.4924980312172));
#3503=CARTESIAN_POINT('Ctrl Pts',(7.12499999999895,-2.96013036180186,36.3795947643046));
#3504=CARTESIAN_POINT('Ctrl Pts',(7.12500000000002,-3.6823239470535,36.282667259111));
#3505=CARTESIAN_POINT('Ctrl Pts',(7.12500000000002,-5.87844140548729,35.882526552343));
#3506=CARTESIAN_POINT('Ctrl Pts',(7.12499999999999,-7.35472750872283,35.464437790397));
#3507=CARTESIAN_POINT('Ctrl Pts',(7.12499999999999,-10.0360154521709,34.3257402215039));
#3508=CARTESIAN_POINT('Ctrl Pts',(7.125,-11.1781163824466,33.6561948667968));
#3509=CARTESIAN_POINT('Ctrl Pts',(7.125,-12.1250000745058,32.8928372096205));
#3510=CARTESIAN_POINT('Ctrl Pts',(7.125,2.12499992549419,36.454222575026));
#3511=CARTESIAN_POINT('Ctrl Pts',(7.125,1.71603353347324,36.4890230900183));
#3512=CARTESIAN_POINT('Ctrl Pts',(7.125,1.30599597087137,36.5136656540153));
#3513=CARTESIAN_POINT('Ctrl Pts',(7.125,0.597531709477257,36.5388751701253));
#3514=CARTESIAN_POINT('Ctrl Pts',(7.125,0.298750401445714,36.5441828605114));
#3515=CARTESIAN_POINT('Ctrl Pts',(7.125,4.16333634234434E-16,36.5441828605114));
#3516=CARTESIAN_POINT('Ctrl Pts',(16.7,0.,27.4999991618097));
#3517=CARTESIAN_POINT('Ctrl Pts',(16.7,16.7,27.4999991618097));
#3518=CARTESIAN_POINT('Ctrl Pts',(0.,16.7,27.4999991618097));
#3519=CARTESIAN_POINT('Ctrl Pts',(-16.7,16.7,27.4999991618097));
#3520=CARTESIAN_POINT('Ctrl Pts',(-16.7,0.,27.4999991618097));
#3521=CARTESIAN_POINT('Ctrl Pts',(-16.7,-16.7,27.4999991618097));
#3522=CARTESIAN_POINT('Ctrl Pts',(0.,-16.7,27.4999991618097));
#3523=CARTESIAN_POINT('Ctrl Pts',(16.7,-16.7,27.4999991618097));
#3524=CARTESIAN_POINT('Ctrl Pts',(16.7,0.,27.4999991618097));
#3525=CARTESIAN_POINT('Ctrl Pts',(16.7,0.,37.4999991618097));
#3526=CARTESIAN_POINT('Ctrl Pts',(16.7,16.7,37.4999991618097));
#3527=CARTESIAN_POINT('Ctrl Pts',(0.,16.7,37.4999991618097));
#3528=CARTESIAN_POINT('Ctrl Pts',(-16.7,16.7,37.4999991618097));
#3529=CARTESIAN_POINT('Ctrl Pts',(-16.7,0.,37.4999991618097));
#3530=CARTESIAN_POINT('Ctrl Pts',(-16.7,-16.7,37.4999991618097));
#3531=CARTESIAN_POINT('Ctrl Pts',(0.,-16.7,37.4999991618097));
#3532=CARTESIAN_POINT('Ctrl Pts',(16.7,-16.7,37.4999991618097));
#3533=CARTESIAN_POINT('Ctrl Pts',(16.7,0.,37.4999991618097));
#3534=CARTESIAN_POINT('Ctrl Pts',(-1.02258007728804E-15,0.,37.4999991618097));
#3535=CARTESIAN_POINT('Ctrl Pts',(-1.02258007728804E-15,-1.02258007728804E-15,
37.4999991618097));
#3536=CARTESIAN_POINT('Ctrl Pts',(0.,-1.02258007728804E-15,37.4999991618097));
#3537=CARTESIAN_POINT('Ctrl Pts',(1.02258007728804E-15,-1.02258007728804E-15,
37.4999991618097));
#3538=CARTESIAN_POINT('Ctrl Pts',(1.02258007728804E-15,0.,37.4999991618097));
#3539=CARTESIAN_POINT('Ctrl Pts',(1.02258007728804E-15,1.02258007728804E-15,
37.4999991618097));
#3540=CARTESIAN_POINT('Ctrl Pts',(0.,1.02258007728804E-15,37.4999991618097));
#3541=CARTESIAN_POINT('Ctrl Pts',(-1.02258007728804E-15,1.02258007728804E-15,
37.4999991618097));
#3542=CARTESIAN_POINT('Ctrl Pts',(-1.02258007728804E-15,0.,37.4999991618097));
#3543=CARTESIAN_POINT('',(16.7,0.,27.4999991618097));
#3544=CARTESIAN_POINT('Origin',(0.,0.,27.4999991618097));
#3545=CARTESIAN_POINT('',(12.8218563398597,10.7,27.4999991618097));
#3546=CARTESIAN_POINT('Origin',(0.,0.,27.4999991618097));
#3547=CARTESIAN_POINT('',(0.,10.7,35.1777574491508));
#3548=CARTESIAN_POINT('Ctrl Pts',(12.8218563398597,10.7,27.4999991618097));
#3549=CARTESIAN_POINT('Ctrl Pts',(12.8218563398597,10.7,27.8391554597471));
#3550=CARTESIAN_POINT('Ctrl Pts',(12.7843304203224,10.7000000000155,28.175391420648));
#3551=CARTESIAN_POINT('Ctrl Pts',(12.6354304228493,10.7000000000155,28.8495999367973));
#3552=CARTESIAN_POINT('Ctrl Pts',(12.522603742065,10.7,29.1821242790258));
#3553=CARTESIAN_POINT('Ctrl Pts',(12.0549963565819,10.7,30.2185915863597));
#3554=CARTESIAN_POINT('Ctrl Pts',(11.5804953131744,10.7,30.8592896890219));
#3555=CARTESIAN_POINT('Ctrl Pts',(10.1007266146043,10.7,32.3522204044255));
#3556=CARTESIAN_POINT('Ctrl Pts',(8.85444099546438,10.7,33.1585122207751));
#3557=CARTESIAN_POINT('Ctrl Pts',(6.50982573274575,10.7,34.1443344001665));
#3558=CARTESIAN_POINT('Ctrl Pts',(5.61118594608693,10.7,34.428158746493));
#3559=CARTESIAN_POINT('Ctrl Pts',(3.91946432475013,10.7,34.8276642895924));
#3560=CARTESIAN_POINT('Ctrl Pts',(3.11960436343562,10.6999999999568,34.9630165742887));
#3561=CARTESIAN_POINT('Ctrl Pts',(1.81303895251298,10.6999999999568,35.1068286310454));
#3562=CARTESIAN_POINT('Ctrl Pts',(1.30529806176683,10.7,35.1439397427392));
#3563=CARTESIAN_POINT('Ctrl Pts',(0.531959705947719,10.7,35.1728022642666));
#3564=CARTESIAN_POINT('Ctrl Pts',(0.265961166872519,10.7,35.1777574491508));
#3565=CARTESIAN_POINT('Ctrl Pts',(1.38777878078145E-16,10.7,35.1777574491508));
#3566=CARTESIAN_POINT('',(-12.8218563398597,10.7,27.4999991618097));
#3567=CARTESIAN_POINT('Ctrl Pts',(-6.93889390390723E-17,10.7,35.1777574491508));
#3568=CARTESIAN_POINT('Ctrl Pts',(-0.224540898575073,10.7,35.1777574491508));
#3569=CARTESIAN_POINT('Ctrl Pts',(-0.449097336473572,10.7,35.1742254987549));
#3570=CARTESIAN_POINT('Ctrl Pts',(-1.13381650119143,10.7,35.1526608777985));
#3571=CARTESIAN_POINT('Ctrl Pts',(-1.59426550401636,10.6999999999823,35.1232501991087));
#3572=CARTESIAN_POINT('Ctrl Pts',(-2.75411661931367,10.6999999999823,35.0106084010185));
#3573=CARTESIAN_POINT('Ctrl Pts',(-3.45426602798159,10.7,34.9067786337866));
#3574=CARTESIAN_POINT('Ctrl Pts',(-5.67111591943731,10.7,34.4533501420028));
#3575=CARTESIAN_POINT('Ctrl Pts',(-7.19576026585573,10.7,33.9488619080567));
#3576=CARTESIAN_POINT('Ctrl Pts',(-9.66527675548202,10.7,32.622569760004));
#3577=CARTESIAN_POINT('Ctrl Pts',(-10.5860104511863,10.7,31.9216313491402));
#3578=CARTESIAN_POINT('Ctrl Pts',(-11.7836882161875,10.7,30.5905309418814));
#3579=CARTESIAN_POINT('Ctrl Pts',(-12.1986520327555,10.6999999999649,29.9678882532743));
#3580=CARTESIAN_POINT('Ctrl Pts',(-12.6992936928711,10.6999999999649,28.7103799418957));
#3581=CARTESIAN_POINT('Ctrl Pts',(-12.8218563398597,10.7,28.1131742323313));
#3582=CARTESIAN_POINT('Ctrl Pts',(-12.8218563398597,10.7,27.4999991618097));
#3583=CARTESIAN_POINT('Origin',(0.,0.,27.4999991618097));
#3584=CARTESIAN_POINT('Origin',(0.,16.7,7.00000017881393));
#3585=CARTESIAN_POINT('',(-11.916375287813,11.7,12.0000001788139));
#3586=CARTESIAN_POINT('',(11.916375287813,11.7,12.0000001788139));
#3587=CARTESIAN_POINT('Origin',(0.,0.,23.7000001788139));
#3588=CARTESIAN_POINT('',(0.,11.7,12.0000001788139));
#3589=CARTESIAN_POINT('Origin',(0.,0.,7.5));
#3590=CARTESIAN_POINT('',(12.8218563398597,10.7,12.0000001788139));
#3591=CARTESIAN_POINT('Origin',(0.,0.,12.0000001788139));
#3592=CARTESIAN_POINT('',(12.8218563398597,10.7,7.5));
#3593=CARTESIAN_POINT('',(16.7,2.04516015457608E-15,4.5));
#3594=CARTESIAN_POINT('',(16.7,2.04516015457608E-15,7.5));
#3595=CARTESIAN_POINT('Origin',(0.,0.,4.5));
#3596=CARTESIAN_POINT('',(-12.8218563398597,10.7,12.0000001788139));
#3597=CARTESIAN_POINT('',(-12.8218563398597,10.7,7.5));
#3598=CARTESIAN_POINT('Origin',(0.,0.,12.0000001788139));
#3599=CARTESIAN_POINT('Origin',(0.,0.,4.5));
#3600=CARTESIAN_POINT('',(-13.,-1.59204083889156E-15,4.5));
#3601=CARTESIAN_POINT('Origin',(0.,0.,4.5));
#3602=CARTESIAN_POINT('Origin',(0.,10.7,38.7584600241304));
#3603=CARTESIAN_POINT('',(0.,10.7,12.0000001788139));
#3604=CARTESIAN_POINT('',(6.5,10.7,16.5000003427267));
#3605=CARTESIAN_POINT('',(6.5,10.7,30.0000003427267));
#3606=CARTESIAN_POINT('',(6.5,10.7,27.6292301834285));
#3607=CARTESIAN_POINT('',(-6.5,10.7,30.0000003427267));
#3608=CARTESIAN_POINT('',(3.25,10.7,30.0000003427267));
#3609=CARTESIAN_POINT('',(-6.5,10.7,16.5000003427267));
#3610=CARTESIAN_POINT('',(-6.5,10.7,34.1292301834285));
#3611=CARTESIAN_POINT('',(-3.25,10.7,16.5000003427267));
#3612=CARTESIAN_POINT('Origin',(-6.5,10.7,16.5000003427267));
#3613=CARTESIAN_POINT('',(-6.5,9.7,16.5000003427267));
#3614=CARTESIAN_POINT('',(-6.5,10.7,16.5000003427267));
#3615=CARTESIAN_POINT('',(6.5,9.7,16.5000003427267));
#3616=CARTESIAN_POINT('',(3.33066907387547E-15,9.69999983906746,16.5000003427267));
#3617=CARTESIAN_POINT('',(6.5,10.7,16.5000003427267));
#3618=CARTESIAN_POINT('Origin',(6.5,1.19999983906746,0.));
#3619=CARTESIAN_POINT('',(6.5,6.19999983906746,19.));
#3620=CARTESIAN_POINT('',(6.5,6.19999983906746,19.));
#3621=CARTESIAN_POINT('',(6.5,6.19999983906746,0.));
#3622=CARTESIAN_POINT('Origin',(-6.5,6.19999983906746,0.));
#3623=CARTESIAN_POINT('',(-6.5,6.19999983906746,19.));
#3624=CARTESIAN_POINT('',(-6.5,6.19999983906746,0.));
#3625=CARTESIAN_POINT('',(-6.5,1.19999983906746,19.));
#3626=CARTESIAN_POINT('Origin',(3.33066907387547E-15,3.69999983906746,19.));
#3627=CARTESIAN_POINT('',(-3.9375,6.19999983906746,19.));
#3628=CARTESIAN_POINT('Origin',(7.87500000000001,8.19999983906746,0.));
#3629=CARTESIAN_POINT('',(7.87500000000001,8.19999983906746,30.));
#3630=CARTESIAN_POINT('',(7.87500000000001,8.19999983906746,0.));
#3631=CARTESIAN_POINT('',(6.50000000000001,8.19999983906746,30.));
#3632=CARTESIAN_POINT('',(7.87500000000001,8.19999983906746,30.));
#3633=CARTESIAN_POINT('',(6.50000000000001,8.19999983906746,0.));
#3634=CARTESIAN_POINT('Origin',(7.875,6.19999983906746,0.));
#3635=CARTESIAN_POINT('',(7.875,6.19999983906746,30.));
#3636=CARTESIAN_POINT('',(7.875,6.19999983906746,0.));
#3637=CARTESIAN_POINT('',(7.875,6.19999983906746,30.));
#3638=CARTESIAN_POINT('Origin',(-7.875,6.19999983906746,0.));
#3639=CARTESIAN_POINT('',(-7.875,6.19999983906746,30.));
#3640=CARTESIAN_POINT('',(-7.875,6.19999983906746,0.));
#3641=CARTESIAN_POINT('',(-7.875,6.19999983906746,30.));
#3642=CARTESIAN_POINT('Origin',(-7.87499999999999,8.19999983906746,0.));
#3643=CARTESIAN_POINT('',(-7.87499999999999,8.19999983906746,30.));
#3644=CARTESIAN_POINT('',(-7.87499999999999,8.19999983906746,0.));
#3645=CARTESIAN_POINT('',(-7.87499999999999,8.19999983906746,30.));
#3646=CARTESIAN_POINT('Origin',(-6.49999999999999,8.19999983906746,0.));
#3647=CARTESIAN_POINT('',(-6.49999999999999,8.19999983906746,30.));
#3648=CARTESIAN_POINT('',(-6.49999999999999,8.19999983906746,0.));
#3649=CARTESIAN_POINT('',(-6.49999999999999,8.19999983906746,30.));
#3650=CARTESIAN_POINT('Origin',(-6.49999999999999,9.69999983906746,0.));
#3651=CARTESIAN_POINT('',(-6.49999999999999,9.69999983906746,0.));
#3652=CARTESIAN_POINT('',(-6.49999999999999,9.69999983906746,30.));
#3653=CARTESIAN_POINT('Origin',(6.50000000000001,9.69999983906746,0.));
#3654=CARTESIAN_POINT('',(6.50000000000001,9.69999983906746,0.));
#3655=CARTESIAN_POINT('Origin',(6.50000000000001,8.19999983906746,0.));
#3656=CARTESIAN_POINT('',(6.5,10.7,30.0000003427267));
#3657=CARTESIAN_POINT('Origin',(5.55111512312578E-15,7.94999983906746,30.));
#3658=CARTESIAN_POINT('Origin',(0.,10.7,12.0000001788139));
#3659=CARTESIAN_POINT('Origin',(0.,0.,0.));
#3660=CARTESIAN_POINT('',(-13.,-1.59204083889156E-15,0.));
#3661=CARTESIAN_POINT('Origin',(1.54074395550979E-32,3.32499992549419,40.));
#3662=CARTESIAN_POINT('',(-1.75,3.32499992549419,33.8));
#3663=CARTESIAN_POINT('Origin',(1.54074395550979E-32,3.32499992549419,33.8));
#3664=CARTESIAN_POINT('',(-1.75,3.32499992549419,32.1));
#3665=CARTESIAN_POINT('',(-1.75,3.32499992549419,40.));
#3666=CARTESIAN_POINT('Origin',(1.54074395550979E-32,3.32499992549419,32.1));
#3667=CARTESIAN_POINT('Origin',(1.54074395550979E-32,3.32499992549419,40.));
#3668=CARTESIAN_POINT('',(-2.71705897606215,2.38520445806518,37.2628362123767));
#3669=CARTESIAN_POINT('',(-2.875,3.32499996920431,37.1473868560734));
#3670=CARTESIAN_POINT('Ctrl Pts',(-2.71705897606215,2.38520445806518,37.2628362123767));
#3671=CARTESIAN_POINT('Ctrl Pts',(-2.82180115158601,2.68802637841126,37.2258559518742));
#3672=CARTESIAN_POINT('Ctrl Pts',(-2.87500000492761,3.00569311019788,37.1868468735154));
#3673=CARTESIAN_POINT('Ctrl Pts',(-2.875,3.32499996986178,37.1473868613939));
#3674=CARTESIAN_POINT('Ctrl Pts',(-2.875,3.32499996986178,37.1473868613939));
#3675=CARTESIAN_POINT('Ctrl Pts',(-2.87499999903428,3.38757843285276,37.1396534011395));
#3676=CARTESIAN_POINT('Ctrl Pts',(-2.87295686678221,3.45021991910042,37.1319028438263));
#3677=CARTESIAN_POINT('Ctrl Pts',(-2.84618881929763,3.85907747011452,37.081254130541));
#3678=CARTESIAN_POINT('Ctrl Pts',(-2.76100806756079,4.19856596884834,37.038903073604));
#3679=CARTESIAN_POINT('Ctrl Pts',(-2.47712306400195,4.82304906598967,36.9605255348975));
#3680=CARTESIAN_POINT('Ctrl Pts',(-2.28345658039606,5.10450944038729,36.9249592202));
#3681=CARTESIAN_POINT('Ctrl Pts',(-1.77679138617868,5.61717888596274,36.8598967324952));
#3682=CARTESIAN_POINT('Ctrl Pts',(-1.4570300078196,5.83277412699232,36.832350105721));
#3683=CARTESIAN_POINT('Ctrl Pts',(-0.814752466164846,6.09986690247485,36.7981596102901));
#3684=CARTESIAN_POINT('Ctrl Pts',(-0.507699701924408,6.17213393533378,36.7888764292948));
#3685=CARTESIAN_POINT('Ctrl Pts',(0.0923198827000968,6.21290024100116,36.7836425412992));
#3686=CARTESIAN_POINT('Ctrl Pts',(0.380769749869085,6.18916493816625,36.7866937186698));
#3687=CARTESIAN_POINT('Ctrl Pts',(1.02516273216885,6.03697658199978,36.8062138357935));
#3688=CARTESIAN_POINT('Ctrl Pts',(1.36877779179364,5.88070014814034,36.8262476407378));
#3689=CARTESIAN_POINT('Ctrl Pts',(1.97856185293185,5.44453491326895,36.8818399673842));
#3690=CARTESIAN_POINT('Ctrl Pts',(2.23816056526318,5.16808930549508,36.9169486339741));
#3691=CARTESIAN_POINT('Ctrl Pts',(2.6387579421166,4.52792272710365,36.9976529126736));
#3692=CARTESIAN_POINT('Ctrl Pts',(2.77431381298355,4.16924927754161,37.0425974823937));
#3693=CARTESIAN_POINT('Ctrl Pts',(2.89880959838938,3.41786246496013,37.1360181135853));
#3694=CARTESIAN_POINT('Ctrl Pts',(2.88547893176111,3.0320017984198,37.1836352432542));
#3695=CARTESIAN_POINT('Ctrl Pts',(2.7087038160709,2.28847947868154,37.2747470360477));
#3696=CARTESIAN_POINT('Ctrl Pts',(2.54713578028415,1.93784603524752,37.3173862797594));
#3697=CARTESIAN_POINT('Ctrl Pts',(2.09730457038716,1.32221537274545,37.3918650298974));
#3698=CARTESIAN_POINT('Ctrl Pts',(1.81441446014341,1.06258664896932,37.4230664914822));
#3699=CARTESIAN_POINT('Ctrl Pts',(1.34711530880719,0.779753400134226,37.4569673080981));
#3700=CARTESIAN_POINT('Ctrl Pts',(1.19836933308338,0.706419455149512,37.4657415943498));
#3701=CARTESIAN_POINT('Ctrl Pts',(0.957958422639847,0.612716595957827,37.4769434164342));
#3702=CARTESIAN_POINT('Ctrl Pts',(0.870268392239372,0.583320663776572,37.4804552021297));
#3703=CARTESIAN_POINT('Ctrl Pts',(0.695211620717878,0.533887728054826,37.4863584929167));
#3704=CARTESIAN_POINT('Ctrl Pts',(0.608026690517846,0.513606196167238,37.4887792847436));
#3705=CARTESIAN_POINT('Ctrl Pts',(0.354096275110821,0.466905356811536,37.4943522581016));
#3706=CARTESIAN_POINT('Ctrl Pts',(0.185783035724347,0.451050301133865,37.4962427660277));
#3707=CARTESIAN_POINT('Ctrl Pts',(-0.126373586373518,0.449200634325079,
37.4964633684053));
#3708=CARTESIAN_POINT('Ctrl Pts',(-0.269634987477918,0.459082478934804,
37.4952850421938));
#3709=CARTESIAN_POINT('Ctrl Pts',(-0.509991613230404,0.493846930286738,
37.4911373618785));
#3710=CARTESIAN_POINT('Ctrl Pts',(-0.607615367626469,0.513182592426811,
37.4888300808528));
#3711=CARTESIAN_POINT('Ctrl Pts',(-0.788117567715102,0.558771806523801,
37.4833871532185));
#3712=CARTESIAN_POINT('Ctrl Pts',(-0.871188984867257,0.583800975136985,
37.4803979657194));
#3713=CARTESIAN_POINT('Ctrl Pts',(-1.07329283572446,0.654807535234963,37.4719128310104));
#3714=CARTESIAN_POINT('Ctrl Pts',(-1.19061132777081,0.705017622114665,37.4659091066034));
#3715=CARTESIAN_POINT('Ctrl Pts',(-1.63657731348729,0.932018565420166,37.4387340121251));
#3716=CARTESIAN_POINT('Ctrl Pts',(-1.93244278729412,1.16405189093008,37.410898341552));
#3717=CARTESIAN_POINT('Ctrl Pts',(-2.41436719293775,1.72193549139635,37.3435571282244));
#3718=CARTESIAN_POINT('Ctrl Pts',(-2.59796770874823,2.04089762956864,37.3048825615843));
#3719=CARTESIAN_POINT('Ctrl Pts',(-2.71705897606215,2.38520445806518,37.2628362123767));
#3720=CARTESIAN_POINT('',(-2.875,3.32499992549419,33.8));
#3721=CARTESIAN_POINT('',(-2.875,3.32499992549419,40.));
#3722=CARTESIAN_POINT('Origin',(1.54074395550979E-32,3.32499992549419,33.8));
#3723=CARTESIAN_POINT('Origin',(0.,3.32499992549419,33.8));
#3724=CARTESIAN_POINT('Origin',(5.25372041224251,-4.801178994949,32.1));
#3725=CARTESIAN_POINT('',(5.50000010430813,-4.80047423544488,36.4939123860983));
#3726=CARTESIAN_POINT('',(5.25372041224251,-4.801178994949,36.5464171648859));
#3727=CARTESIAN_POINT('Ctrl Pts',(5.50000010430813,-4.80047423544488,36.4939123860983));
#3728=CARTESIAN_POINT('Ctrl Pts',(5.4180014413372,-4.80070888466248,36.51184740156));
#3729=CARTESIAN_POINT('Ctrl Pts',(5.33590452084881,-4.800943815056,36.5293481684131));
#3730=CARTESIAN_POINT('Ctrl Pts',(5.2537204122425,-4.801178994949,36.5464171648859));
#3731=CARTESIAN_POINT('',(5.50000010430813,-4.80047423544488,32.1));
#3732=CARTESIAN_POINT('',(5.50000010430813,-4.80047423544488,32.1));
#3733=CARTESIAN_POINT('',(5.25372041224251,-4.801178994949,32.1));
#3734=CARTESIAN_POINT('',(2.63033520757551,-4.80868613303442,32.1));
#3735=CARTESIAN_POINT('',(5.25372041224251,-4.801178994949,32.1));
#3736=CARTESIAN_POINT('Origin',(4.50000614162471,-3.50429241615073,32.1));
#3737=CARTESIAN_POINT('',(4.50000614162471,-3.50429241615073,36.8987150207372));
#3738=CARTESIAN_POINT('Ctrl Pts',(5.25372041224251,-4.801178994949,36.5464171648859));
#3739=CARTESIAN_POINT('Ctrl Pts',(5.00460061284872,-4.3725283285872,36.6798651915416));
#3740=CARTESIAN_POINT('Ctrl Pts',(4.75294576191108,-3.93951569847873,36.797106158388));
#3741=CARTESIAN_POINT('Ctrl Pts',(4.50000614162471,-3.50429241615073,36.8987150207372));
#3742=CARTESIAN_POINT('',(4.50000614162471,-3.50429241615073,32.1));
#3743=CARTESIAN_POINT('',(3.68933254825546,-2.10939816509059,32.1));
#3744=CARTESIAN_POINT('',(4.50000614162471,-3.50429241615073,32.1));
#3745=CARTESIAN_POINT('Origin',(5.24628572938221,-2.20311342120173,32.1));
#3746=CARTESIAN_POINT('',(5.24628572938221,-2.20311342120173,36.9016311228462));
#3747=CARTESIAN_POINT('Ctrl Pts',(4.50000614162471,-3.50429241615073,36.8987150207372));
#3748=CARTESIAN_POINT('Ctrl Pts',(4.5378001823517,-3.43839645338432,36.9010362905601));
#3749=CARTESIAN_POINT('Ctrl Pts',(4.57559832086815,-3.37249334589839,36.903026722585));
#3750=CARTESIAN_POINT('Ctrl Pts',(4.73616828009451,-3.0925309007336,36.9100780546645));
#3751=CARTESIAN_POINT('Ctrl Pts',(4.85900358309084,-2.87836087824216,36.9119852217699));
#3752=CARTESIAN_POINT('Ctrl Pts',(5.06996181960613,-2.51054373481739,36.90928019079));
#3753=CARTESIAN_POINT('Ctrl Pts',(5.15813602944798,-2.35680721083108,36.9063547179519));
#3754=CARTESIAN_POINT('Ctrl Pts',(5.24628572938221,-2.20311342120173,36.9016311228462));
#3755=CARTESIAN_POINT('',(5.24628572938221,-2.20311342120173,32.1));
#3756=CARTESIAN_POINT('',(4.55720166272735,-3.40456891857049,32.1));
#3757=CARTESIAN_POINT('',(5.24628572938221,-2.20311342120173,32.1));
#3758=CARTESIAN_POINT('Origin',(5.50000010430813,-2.20238738644197,32.1));
#3759=CARTESIAN_POINT('',(5.50000010430813,-2.20238738644197,36.8495558047974));
#3760=CARTESIAN_POINT('Ctrl Pts',(5.24628572938221,-2.20311342120173,36.9016311228462));
#3761=CARTESIAN_POINT('Ctrl Pts',(5.33094602032327,-2.20287115540969,36.8847121769679));
#3762=CARTESIAN_POINT('Ctrl Pts',(5.41552114574757,-2.2026291333292,36.8673545485323));
#3763=CARTESIAN_POINT('Ctrl Pts',(5.50000010430812,-2.20238738644197,36.8495558047974));
#3764=CARTESIAN_POINT('',(5.50000010430813,-2.20238738644197,32.1));
#3765=CARTESIAN_POINT('',(2.74975771217817,-2.21025754190727,32.1));
#3766=CARTESIAN_POINT('',(5.50000010430813,-2.20238738644197,32.1));
#3767=CARTESIAN_POINT('Origin',(5.50000010430813,-4.80047423544488,32.1));
#3768=CARTESIAN_POINT('Ctrl Pts',(5.50000010430813,-2.20238738644197,36.8495558047974));
#3769=CARTESIAN_POINT('Ctrl Pts',(5.50000010430813,-2.51295414213634,36.8233242086784));
#3770=CARTESIAN_POINT('Ctrl Pts',(5.50000010430813,-2.82309634482398,36.791469626967));
#3771=CARTESIAN_POINT('Ctrl Pts',(5.50000010430813,-3.69067221481208,36.6861713086296));
#3772=CARTESIAN_POINT('Ctrl Pts',(5.50000010430813,-4.24771179649391,36.5997015128419));
#3773=CARTESIAN_POINT('Ctrl Pts',(5.50000010430813,-4.80047423544488,36.4939123860983));
#3774=CARTESIAN_POINT('',(5.50000010430813,-3.59398718105237,32.1));
#3775=CARTESIAN_POINT('Origin',(2.24628572938221,-7.49061342120173,32.1));
#3776=CARTESIAN_POINT('',(1.50000614162471,-8.79179241615073,35.9544521514824));
#3777=CARTESIAN_POINT('',(2.24628572938221,-7.49061342120173,36.3358334630809));
#3778=CARTESIAN_POINT('Ctrl Pts',(1.50000614162471,-8.79179241615073,35.9544521514824));
#3779=CARTESIAN_POINT('Ctrl Pts',(1.7463026452402,-8.36236108466161,36.0989060799053));
#3780=CARTESIAN_POINT('Ctrl Pts',(1.99555357938767,-7.92777854307199,36.2258021969683));
#3781=CARTESIAN_POINT('Ctrl Pts',(2.24628572938221,-7.49061342120173,36.3358334630809));
#3782=CARTESIAN_POINT('',(1.50000614162471,-8.79179241615073,32.1));
#3783=CARTESIAN_POINT('',(1.50000614162471,-8.79179241615073,32.1));
#3784=CARTESIAN_POINT('',(2.24628572938221,-7.49061342120173,32.1));
#3785=CARTESIAN_POINT('',(3.06946638377006,-6.05535323975093,32.1));
#3786=CARTESIAN_POINT('',(2.24628572938221,-7.49061342120173,32.1));
#3787=CARTESIAN_POINT('Origin',(3.7462795877575,-7.486321005051,32.1));
#3788=CARTESIAN_POINT('',(3.7462795877575,-7.486321005051,36.152857189392));
#3789=CARTESIAN_POINT('Ctrl Pts',(2.24628572938221,-7.49061342120173,36.3358334630809));
#3790=CARTESIAN_POINT('Ctrl Pts',(2.43951624349814,-7.49006046841797,36.3183874568804));
#3791=CARTESIAN_POINT('Ctrl Pts',(2.63254201422761,-7.4895081015325,36.2986354562098));
#3792=CARTESIAN_POINT('Ctrl Pts',(3.13290259901051,-7.48807625843306,36.2413195969789));
#3793=CARTESIAN_POINT('Ctrl Pts',(3.44009330429328,-7.487197194604,36.2001181739225));
#3794=CARTESIAN_POINT('Ctrl Pts',(3.7462795877575,-7.48632100505099,36.152857189392));
#3795=CARTESIAN_POINT('',(3.7462795877575,-7.486321005051,32.1));
#3796=CARTESIAN_POINT('',(1.88045052316841,-7.49166030345321,32.1));
#3797=CARTESIAN_POINT('',(3.7462795877575,-7.486321005051,32.1));
#3798=CARTESIAN_POINT('Origin',(4.49999385837529,-8.78320758384927,32.1));
#3799=CARTESIAN_POINT('',(4.49999385837529,-8.78320758384927,35.5670769379647));
#3800=CARTESIAN_POINT('Ctrl Pts',(3.7462795877575,-7.48632100505099,36.152857189392));
#3801=CARTESIAN_POINT('Ctrl Pts',(4.00111410157711,-7.92480475634888,35.9772679624581));
#3802=CARTESIAN_POINT('Ctrl Pts',(4.25308496109424,-8.35836113002372,35.7823202622577));
#3803=CARTESIAN_POINT('Ctrl Pts',(4.49999385837529,-8.78320758384927,35.5670769379647));
#3804=CARTESIAN_POINT('',(4.49999385837529,-8.78320758384927,32.1));
#3805=CARTESIAN_POINT('',(2.54264533938887,-5.41527476996813,32.1));
#3806=CARTESIAN_POINT('',(4.49999385837529,-8.78320758384927,32.1));
#3807=CARTESIAN_POINT('Origin',(3.75371427061779,-10.0843865787983,32.1));
#3808=CARTESIAN_POINT('',(3.75371427061779,-10.0843865787983,35.1474530780878));
#3809=CARTESIAN_POINT('Ctrl Pts',(4.49999385837529,-8.78320758384927,35.5670769379647));
#3810=CARTESIAN_POINT('Ctrl Pts',(4.24880499109894,-9.22116901710668,35.4463406576004));
#3811=CARTESIAN_POINT('Ctrl Pts',(3.99941469625233,-9.65599454164453,35.3067640415504));
#3812=CARTESIAN_POINT('Ctrl Pts',(3.7537142706178,-10.0843865787983,35.1474530780878));
#3813=CARTESIAN_POINT('',(3.75371427061779,-10.0843865787983,32.1));
#3814=CARTESIAN_POINT('',(4.9500347188844,-7.99853689987297,32.1));
#3815=CARTESIAN_POINT('',(3.75371427061779,-10.0843865787983,32.1));
#3816=CARTESIAN_POINT('Origin',(2.2537204122425,-10.088678994949,32.1));
#3817=CARTESIAN_POINT('',(2.2537204122425,-10.088678994949,35.35388782639));
#3818=CARTESIAN_POINT('Ctrl Pts',(3.7537142706178,-10.0843865787983,35.1474530780878));
#3819=CARTESIAN_POINT('Ctrl Pts',(3.75055589148268,-10.084395616887,35.1480046777666));
#3820=CARTESIAN_POINT('Ctrl Pts',(3.74739739430618,-10.0844046553136,35.1485555368078));
#3821=CARTESIAN_POINT('Ctrl Pts',(3.25054892214861,-10.0858264480725,35.2350889161387));
#3822=CARTESIAN_POINT('Ctrl Pts',(2.75279768308806,-10.0872508242096,35.3031944839584));
#3823=CARTESIAN_POINT('Ctrl Pts',(2.2537204122425,-10.088678994949,35.35388782639));
#3824=CARTESIAN_POINT('',(2.2537204122425,-10.088678994949,32.1));
#3825=CARTESIAN_POINT('',(1.13788827684106,-10.0918720852758,32.1));
#3826=CARTESIAN_POINT('',(2.2537204122425,-10.088678994949,32.1));
#3827=CARTESIAN_POINT('Origin',(1.50000614162471,-8.79179241615073,32.1));
#3828=CARTESIAN_POINT('Ctrl Pts',(2.2537204122425,-10.088678994949,35.35388782639));
#3829=CARTESIAN_POINT('Ctrl Pts',(2.00707856020545,-9.66429203539916,35.5747346856501));
#3830=CARTESIAN_POINT('Ctrl Pts',(1.75505359846907,-9.23064257015798,35.7745921130946));
#3831=CARTESIAN_POINT('Ctrl Pts',(1.50000614162471,-8.79179241615073,35.9544521514824));
#3832=CARTESIAN_POINT('',(-0.0804852420528099,-6.07230289166873,32.1));
#3833=CARTESIAN_POINT('Origin',(-3.75371427061779,-3.92811342120173,32.1));
#3834=CARTESIAN_POINT('',(-4.49999385837529,-5.22929241615073,36.6068082940019));
#3835=CARTESIAN_POINT('',(-3.75371427061779,-3.92811342120173,36.9559508187222));
#3836=CARTESIAN_POINT('Ctrl Pts',(-4.49999385837529,-5.22929241615073,36.6068082940019));
#3837=CARTESIAN_POINT('Ctrl Pts',(-4.25329600888835,-4.79916131633589,36.7390794473481));
#3838=CARTESIAN_POINT('Ctrl Pts',(-4.00413067321307,-4.36472802033176,36.8552723288739));
#3839=CARTESIAN_POINT('Ctrl Pts',(-3.75371427061779,-3.92811342120173,36.9559508187222));
#3840=CARTESIAN_POINT('',(-4.49999385837529,-5.22929241615073,32.1));
#3841=CARTESIAN_POINT('',(-4.49999385837529,-5.22929241615073,32.1));
#3842=CARTESIAN_POINT('',(-3.75371427061779,-3.92811342120173,32.1));
#3843=CARTESIAN_POINT('',(-2.95669861688511,-2.53847333952832,32.1));
#3844=CARTESIAN_POINT('',(-3.75371427061779,-3.92811342120173,32.1));
#3845=CARTESIAN_POINT('Origin',(-2.25372041224251,-3.92382100505099,32.1));
#3846=CARTESIAN_POINT('',(-2.25372041224251,-3.92382100505099,37.1259105977197));
#3847=CARTESIAN_POINT('Ctrl Pts',(-3.75371427061779,-3.92811342120173,36.9559508187222));
#3848=CARTESIAN_POINT('Ctrl Pts',(-3.60974920042264,-3.92770144751997,36.9765039853483));
#3849=CARTESIAN_POINT('Ctrl Pts',(-3.46561129223447,-3.92728897901293,36.9958359312038));
#3850=CARTESIAN_POINT('Ctrl Pts',(-2.96641847574828,-3.92586047762551,37.0585341837467));
#3851=CARTESIAN_POINT('Ctrl Pts',(-2.61033147757932,-3.92484149129354,37.0958236299727));
#3852=CARTESIAN_POINT('Ctrl Pts',(-2.25372041224251,-3.92382100505099,37.1259105977197));
#3853=CARTESIAN_POINT('',(-2.25372041224251,-3.92382100505099,32.1));
#3854=CARTESIAN_POINT('',(-1.12467126658889,-3.92059009263044,32.1));
#3855=CARTESIAN_POINT('',(-2.25372041224251,-3.92382100505099,32.1));
#3856=CARTESIAN_POINT('Origin',(-1.50000614162471,-5.22070758384927,32.1));
#3857=CARTESIAN_POINT('',(-1.50000614162471,-5.22070758384927,36.9562283806057));
#3858=CARTESIAN_POINT('Ctrl Pts',(-2.25372041224251,-3.92382100505099,37.1259105977197));
#3859=CARTESIAN_POINT('Ctrl Pts',(-2.16198282705294,-4.08167026921073,37.1105404891978));
#3860=CARTESIAN_POINT('Ctrl Pts',(-2.07032431115745,-4.23938348193788,37.0932843914605));
#3861=CARTESIAN_POINT('Ctrl Pts',(-1.81890128685062,-4.6719972170568,37.0406786517415));
#3862=CARTESIAN_POINT('Ctrl Pts',(-1.65922597864149,-4.94674425615977,37.001406224878));
#3863=CARTESIAN_POINT('Ctrl Pts',(-1.50000614162471,-5.22070758384927,36.9562283806057));
#3864=CARTESIAN_POINT('',(-1.50000614162471,-5.22070758384927,32.1));
#3865=CARTESIAN_POINT('',(-1.92606787019866,-4.4875998810135,32.1));
#3866=CARTESIAN_POINT('',(-1.50000614162471,-5.22070758384927,32.1));
#3867=CARTESIAN_POINT('Origin',(-2.24628572938221,-6.52188657879827,32.1));
#3868=CARTESIAN_POINT('',(-2.24628572938221,-6.52188657879827,36.6070964968954));
#3869=CARTESIAN_POINT('Ctrl Pts',(-1.50000614162471,-5.22070758384927,36.9562283806057));
#3870=CARTESIAN_POINT('Ctrl Pts',(-1.75042245690639,-5.65732203074331,36.8555528810035));
#3871=CARTESIAN_POINT('Ctrl Pts',(-1.99958774816677,-6.09175524930764,36.7393635350193));
#3872=CARTESIAN_POINT('Ctrl Pts',(-2.24628572938221,-6.52188657879827,36.6070964968954));
#3873=CARTESIAN_POINT('',(-2.24628572938221,-6.52188657879827,32.1));
#3874=CARTESIAN_POINT('',(-1.07613028177077,-4.48165699965036,32.1));
#3875=CARTESIAN_POINT('',(-2.24628572938221,-6.52188657879827,32.1));
#3876=CARTESIAN_POINT('Origin',(-3.7462795877575,-6.526178994949,32.1));
#3877=CARTESIAN_POINT('',(-3.7462795877575,-6.526178994949,36.4272648482676));
#3878=CARTESIAN_POINT('Ctrl Pts',(-2.24628572938221,-6.52188657879827,36.6070964968954));
#3879=CARTESIAN_POINT('Ctrl Pts',(-2.43947339063007,-6.5224394089533,36.5898688931528));
#3880=CARTESIAN_POINT('Ctrl Pts',(-2.63246496907451,-6.52299167799336,36.5704057559349));
#3881=CARTESIAN_POINT('Ctrl Pts',(-3.13280940551039,-6.52442347488233,36.514022280413));
#3882=CARTESIAN_POINT('Ctrl Pts',(-3.44002035615066,-6.52530259664596,36.4735772796073));
#3883=CARTESIAN_POINT('Ctrl Pts',(-3.7462795877575,-6.526178994949,36.4272648482676));
#3884=CARTESIAN_POINT('',(-3.7462795877575,-6.526178994949,32.1));
#3885=CARTESIAN_POINT('',(-1.86723351291624,-6.52080187445309,32.1));
#3886=CARTESIAN_POINT('',(-3.7462795877575,-6.526178994949,32.1));
#3887=CARTESIAN_POINT('Origin',(-4.49999385837529,-5.22929241615073,32.1));
#3888=CARTESIAN_POINT('Ctrl Pts',(-3.74627958775749,-6.526178994949,36.4272648482676));
#3889=CARTESIAN_POINT('Ctrl Pts',(-3.77525116469386,-6.47632873900971,36.4359724788219));
#3890=CARTESIAN_POINT('Ctrl Pts',(-3.80423771629443,-6.42645271675315,36.4444715827436));
#3891=CARTESIAN_POINT('Ctrl Pts',(-4.05460527914499,-5.99565507275845,36.5160536129836));
#3892=CARTESIAN_POINT('Ctrl Pts',(-4.27708931737413,-5.61283551576677,36.5673331090847));
#3893=CARTESIAN_POINT('Ctrl Pts',(-4.49999385837529,-5.22929241615073,36.6068082940019));
#3894=CARTESIAN_POINT('',(-4.54919845164034,-5.1446280027141,32.1));
#3895=CARTESIAN_POINT('Origin',(-3.75371427061779,-0.365613421201728,32.1));
#3896=CARTESIAN_POINT('',(-4.49999385837529,-1.66679241615073,37.0782521497429));
#3897=CARTESIAN_POINT('',(-3.75371427061779,-0.365613421201728,37.2416502281961));
#3898=CARTESIAN_POINT('Ctrl Pts',(-4.49999385837529,-1.66679241615073,37.0782521497429));
#3899=CARTESIAN_POINT('Ctrl Pts',(-4.39654900395759,-1.48643069393302,37.1069322976143));
#3900=CARTESIAN_POINT('Ctrl Pts',(-4.29292800153071,-1.30576184809392,37.1331049066499));
#3901=CARTESIAN_POINT('Ctrl Pts',(-4.04432181600661,-0.87230346074825,37.1898800687498));
#3902=CARTESIAN_POINT('Ctrl Pts',(-3.89910462688053,-0.619109404129094,
37.2181511167915));
#3903=CARTESIAN_POINT('Ctrl Pts',(-3.7537142706178,-0.365613421201727,37.2416502281961));
#3904=CARTESIAN_POINT('',(-4.49999385837529,-1.66679241615073,32.1));
#3905=CARTESIAN_POINT('',(-4.49999385837529,-1.66679241615073,32.1));
#3906=CARTESIAN_POINT('',(-3.75371427061779,-0.365613421201728,32.1));
#3907=CARTESIAN_POINT('',(-3.72544124834493,-0.316317871238049,32.1));
#3908=CARTESIAN_POINT('',(-3.75371427061779,-0.365613421201728,32.1));
#3909=CARTESIAN_POINT('Origin',(-2.25372041224251,-0.361321005050994,32.1));
#3910=CARTESIAN_POINT('',(-2.25372041224251,-0.361321005050994,37.4061562670821));
#3911=CARTESIAN_POINT('Ctrl Pts',(-3.75371427061779,-0.365613421201727,
37.2416502281961));
#3912=CARTESIAN_POINT('Ctrl Pts',(-3.52109976980424,-0.364947766316134,
37.273798195287));
#3913=CARTESIAN_POINT('Ctrl Pts',(-3.28804378791239,-0.364280848078362,
37.302860570081));
#3914=CARTESIAN_POINT('Ctrl Pts',(-2.78819017671539,-0.362850455745937,
37.3585825917823));
#3915=CARTESIAN_POINT('Ctrl Pts',(-2.52110413730224,-0.362086156330435,
37.3843341915663));
#3916=CARTESIAN_POINT('Ctrl Pts',(-2.25372041224251,-0.361321005050994,
37.4061562670821));
#3917=CARTESIAN_POINT('',(-2.25372041224251,-0.361321005050994,32.1));
#3918=CARTESIAN_POINT('',(-1.12976848989764,-0.358104678959268,32.1));
#3919=CARTESIAN_POINT('',(-2.25372041224251,-0.361321005050994,32.1));
#3920=CARTESIAN_POINT('Origin',(-1.50000614162471,-1.65820758384927,32.1));
#3921=CARTESIAN_POINT('',(-1.50000614162471,-1.65820758384927,37.4099586214176));
#3922=CARTESIAN_POINT('Ctrl Pts',(-2.25372041224251,-0.361321005050994,
37.4061562670821));
#3923=CARTESIAN_POINT('Ctrl Pts',(-2.21515536621115,-0.427678366930064,
37.4084343964969));
#3924=CARTESIAN_POINT('Ctrl Pts',(-2.17658639909826,-0.494042475636193,
37.4103921485255));
#3925=CARTESIAN_POINT('Ctrl Pts',(-2.0041379387949,-0.790767776483343,37.4177142700497));
#3926=CARTESIAN_POINT('Ctrl Pts',(-1.87018768143701,-1.02125072974055,37.4195448828039));
#3927=CARTESIAN_POINT('Ctrl Pts',(-1.6575236187462,-1.38717344004078,37.4163356401054));
#3928=CARTESIAN_POINT('Ctrl Pts',(-1.57875680879679,-1.52270440007226,37.4138144128049));
#3929=CARTESIAN_POINT('Ctrl Pts',(-1.50000614162471,-1.65820758384927,37.4099586214176));
#3930=CARTESIAN_POINT('',(-1.50000614162471,-1.65820758384927,32.1));
#3931=CARTESIAN_POINT('',(-1.15222801543008,-2.25661576297494,32.1));
#3932=CARTESIAN_POINT('',(-1.50000614162471,-1.65820758384927,32.1));
#3933=CARTESIAN_POINT('Origin',(-2.24628572938221,-2.95938657879827,32.1));
#3934=CARTESIAN_POINT('',(-2.24628572938221,-2.95938657879827,37.2493817726573));
#3935=CARTESIAN_POINT('Ctrl Pts',(-1.50000614162471,-1.65820758384927,37.4099586214176));
#3936=CARTESIAN_POINT('Ctrl Pts',(-1.74938006857818,-2.09300457007641,37.3703374259149));
#3937=CARTESIAN_POINT('Ctrl Pts',(-1.99842040286788,-2.52721991937543,37.316896335664));
#3938=CARTESIAN_POINT('Ctrl Pts',(-2.24628572938221,-2.95938657879827,37.2493817726573));
#3939=CARTESIAN_POINT('',(-2.24628572938221,-2.95938657879827,32.1));
#3940=CARTESIAN_POINT('',(-1.8448729132306,-2.25950153136009,32.1));
#3941=CARTESIAN_POINT('',(-2.24628572938221,-2.95938657879827,32.1));
#3942=CARTESIAN_POINT('Origin',(-3.7462795877575,-2.963678994949,32.1));
#3943=CARTESIAN_POINT('',(-3.7462795877575,-2.963678994949,37.0821846222141));
#3944=CARTESIAN_POINT('Ctrl Pts',(-2.24628572938221,-2.95938657879827,37.2493817726573));
#3945=CARTESIAN_POINT('Ctrl Pts',(-2.41546653912046,-2.95987071040725,37.2353523344324));
#3946=CARTESIAN_POINT('Ctrl Pts',(-2.58451469768925,-2.96035446241866,37.2197246009163));
#3947=CARTESIAN_POINT('Ctrl Pts',(-3.08494198831786,-2.96178649640505,37.1686478824511));
#3948=CARTESIAN_POINT('Ctrl Pts',(-3.41609162507495,-2.9627341216511,37.1285769286721));
#3949=CARTESIAN_POINT('Ctrl Pts',(-3.7462795877575,-2.963678994949,37.0821846222141));
#3950=CARTESIAN_POINT('',(-3.7462795877575,-2.963678994949,32.1));
#3951=CARTESIAN_POINT('',(-1.87233073622499,-2.95831646078191,32.1));
#3952=CARTESIAN_POINT('',(-3.7462795877575,-2.963678994949,32.1));
#3953=CARTESIAN_POINT('Origin',(-4.49999385837529,-1.66679241615073,32.1));
#3954=CARTESIAN_POINT('Ctrl Pts',(-3.7462795877575,-2.963678994949,37.0821846222141));
#3955=CARTESIAN_POINT('Ctrl Pts',(-3.78105661801861,-2.90383952320975,37.0839456211193));
#3956=CARTESIAN_POINT('Ctrl Pts',(-3.81583628281043,-2.84399551833324,37.0854373945931));
#3957=CARTESIAN_POINT('Ctrl Pts',(-3.97263173301392,-2.5742037379297,37.0909498330116));
#3958=CARTESIAN_POINT('Ctrl Pts',(-4.09470118811953,-2.36416361504642,37.0919303560338));
#3959=CARTESIAN_POINT('Ctrl Pts',(-4.31115383055682,-1.99172204419458,37.0878019786311));
#3960=CARTESIAN_POINT('Ctrl Pts',(-4.40558985335692,-1.82922968431175,37.0840197328937));
#3961=CARTESIAN_POINT('Ctrl Pts',(-4.49999385837529,-1.66679241615073,37.0782521497429));
#3962=CARTESIAN_POINT('',(-3.77535859687176,-2.91364388467554,32.1));
#3963=CARTESIAN_POINT('Origin',(-1.49753208399782,-10.5000001788139,32.1));
#3964=CARTESIAN_POINT('',(1.49753187888355,-10.5000001788139,35.224257488828));
#3965=CARTESIAN_POINT('',(-1.49753208399782,-10.5000001788139,35.2242574745692));
#3966=CARTESIAN_POINT('Ctrl Pts',(1.49753187888355,-10.5000001788139,35.224257488828));
#3967=CARTESIAN_POINT('Ctrl Pts',(1.28938697828098,-10.5000001788139,35.2387269420358));
#3968=CARTESIAN_POINT('Ctrl Pts',(1.08101973819425,-10.5000001788137,35.2501544817913));
#3969=CARTESIAN_POINT('Ctrl Pts',(0.587316536738391,-10.5000001788137,35.2700647218336));
#3970=CARTESIAN_POINT('Ctrl Pts',(0.30166419204466,-10.5000001788139,35.275916319327));
#3971=CARTESIAN_POINT('Ctrl Pts',(-0.267679050451076,-10.5000001788139,
35.2763397661766));
#3972=CARTESIAN_POINT('Ctrl Pts',(-0.551611363052702,-10.5000001788139,
35.2709797688372));
#3973=CARTESIAN_POINT('Ctrl Pts',(-1.05608644602234,-10.5000001788139,35.2515110257263));
#3974=CARTESIAN_POINT('Ctrl Pts',(-1.27693579650717,-10.5000001788139,35.2395925036451));
#3975=CARTESIAN_POINT('Ctrl Pts',(-1.49753208399782,-10.5000001788139,35.2242574745692));
#3976=CARTESIAN_POINT('',(1.49753187888355,-10.5000001788139,32.1));
#3977=CARTESIAN_POINT('',(1.49753187888355,-10.5000001788139,32.1));
#3978=CARTESIAN_POINT('',(-1.49753208399782,-10.5000001788139,32.1));
#3979=CARTESIAN_POINT('',(-0.748766041998912,-10.5000001788139,32.1));
#3980=CARTESIAN_POINT('',(-1.49753208399782,-10.5000001788139,32.1));
#3981=CARTESIAN_POINT('Origin',(-0.753714270617794,-9.20311342120173,32.1));
#3982=CARTESIAN_POINT('',(-0.753714270617794,-9.20311342120173,35.8322784009453));
#3983=CARTESIAN_POINT('Ctrl Pts',(-1.49753208399782,-10.5000001788139,35.2242574745692));
#3984=CARTESIAN_POINT('Ctrl Pts',(-1.25428546167648,-10.0758864810135,35.4478867742772));
#3985=CARTESIAN_POINT('Ctrl Pts',(-1.00553949155997,-9.64218437163864,35.6502212791669));
#3986=CARTESIAN_POINT('Ctrl Pts',(-0.753714270617794,-9.20311342120173,
35.8322784009453));
#3987=CARTESIAN_POINT('',(-0.753714270617794,-9.20311342120173,32.1));
#3988=CARTESIAN_POINT('',(0.810291130786415,-6.47618505591026,32.1));
#3989=CARTESIAN_POINT('',(-0.753714270617794,-9.20311342120173,32.1));
#3990=CARTESIAN_POINT('Origin',(0.746279587757495,-9.19882100505099,32.1));
#3991=CARTESIAN_POINT('',(0.746279587757495,-9.19882100505099,35.8342176957058));
#3992=CARTESIAN_POINT('Ctrl Pts',(-0.753714270617792,-9.20311342120173,
35.8322784009453));
#3993=CARTESIAN_POINT('Ctrl Pts',(-0.667211718482314,-9.20286588355363,
35.83518212046));
#3994=CARTESIAN_POINT('Ctrl Pts',(-0.580695639023264,-9.20261830719264,
35.8376017662975));
#3995=CARTESIAN_POINT('Ctrl Pts',(-0.236366882685066,-9.20163296828167,
35.8453077547852));
#3996=CARTESIAN_POINT('Ctrl Pts',(0.021617451080158,-9.20089471451449,35.846788709646));
#3997=CARTESIAN_POINT('Ctrl Pts',(0.435081489923759,-9.19971153652468,35.8422908151502));
#3998=CARTESIAN_POINT('Ctrl Pts',(0.590704242254966,-9.19926620295761,35.8390366069138));
#3999=CARTESIAN_POINT('Ctrl Pts',(0.746279587757496,-9.19882100505099,35.8342176957058));
#4000=CARTESIAN_POINT('',(0.746279587757495,-9.19882100505099,32.1));
#4001=CARTESIAN_POINT('',(0.382888484131159,-9.19986089320356,32.1));
#4002=CARTESIAN_POINT('',(0.746279587757495,-9.19882100505099,32.1));
#4003=CARTESIAN_POINT('Origin',(1.49999385837529,-10.4957075838493,32.1));
#4004=CARTESIAN_POINT('',(1.49999385837529,-10.4957075838493,35.2261778126419));
#4005=CARTESIAN_POINT('Ctrl Pts',(0.746279587757495,-9.19882100505099,35.8342176957058));
#4006=CARTESIAN_POINT('Ctrl Pts',(1.00144865195251,-9.63788040405611,35.6522617811167));
#4007=CARTESIAN_POINT('Ctrl Pts',(1.25350666168151,-10.0715867336818,35.4499239008489));
#4008=CARTESIAN_POINT('Ctrl Pts',(1.49999385837529,-10.4957075838493,35.2261778126419));
#4009=CARTESIAN_POINT('',(1.49999385837529,-10.4957075838493,32.1));
#4010=CARTESIAN_POINT('',(-0.450617368590224,-7.13936736405845,32.1));
#4011=CARTESIAN_POINT('',(1.49999385837529,-10.4957075838493,32.1));
#4012=CARTESIAN_POINT('Origin',(1.49753187888355,-10.5000001788139,32.1));
#4013=CARTESIAN_POINT('Ctrl Pts',(1.49999385837529,-10.4957075838493,35.2261778126419));
#4014=CARTESIAN_POINT('Ctrl Pts',(1.49917315328216,-10.4971385277552,35.2255379383714));
#4015=CARTESIAN_POINT('Ctrl Pts',(1.49835249342586,-10.4985693927883,35.2248978304506));
#4016=CARTESIAN_POINT('Ctrl Pts',(1.49753187888356,-10.5000001788139,35.224257488828));
#4017=CARTESIAN_POINT('',(3.06276827003363,-7.77092551604013,32.1));
#4018=CARTESIAN_POINT('Origin',(5.25372041224251,-8.301178994949,32.1));
#4019=CARTESIAN_POINT('',(5.50000010430813,-8.30047423544488,35.5280195425498));
#4020=CARTESIAN_POINT('',(5.25372041224251,-8.301178994949,35.5866885909083));
#4021=CARTESIAN_POINT('Ctrl Pts',(5.50000010430813,-8.30047423544488,35.5280195425498));
#4022=CARTESIAN_POINT('Ctrl Pts',(5.41802739254368,-8.30070881039992,35.548069384072));
#4023=CARTESIAN_POINT('Ctrl Pts',(5.33592926105133,-8.30094374425889,35.5676246057987));
#4024=CARTESIAN_POINT('Ctrl Pts',(5.2537204122425,-8.30117899494901,35.5866885909083));
#4025=CARTESIAN_POINT('',(5.50000010430813,-8.30047423544488,32.1));
#4026=CARTESIAN_POINT('',(5.50000010430813,-8.30047423544488,32.1));
#4027=CARTESIAN_POINT('',(5.25372041224251,-8.301178994949,32.1));
#4028=CARTESIAN_POINT('',(2.63534300591393,-8.3086718026061,32.1));
#4029=CARTESIAN_POINT('',(5.25372041224251,-8.301178994949,32.1));
#4030=CARTESIAN_POINT('Origin',(4.50000614162471,-7.00429241615073,32.1));
#4031=CARTESIAN_POINT('',(4.50000614162471,-7.00429241615073,36.1687849884729));
#4032=CARTESIAN_POINT('Ctrl Pts',(5.2537204122425,-8.301178994949,35.5866885909083));
#4033=CARTESIAN_POINT('Ctrl Pts',(5.00676640565235,-7.87625492330483,35.8006204357747));
#4034=CARTESIAN_POINT('Ctrl Pts',(4.75480260415583,-7.44271069408918,35.9943421634868));
#4035=CARTESIAN_POINT('Ctrl Pts',(4.50000614162471,-7.00429241615073,36.1687849884729));
#4036=CARTESIAN_POINT('',(4.50000614162471,-7.00429241615073,32.1));
#4037=CARTESIAN_POINT('',(2.92906883128983,-4.30124221088286,32.1));
#4038=CARTESIAN_POINT('',(4.50000614162471,-7.00429241615073,32.1));
#4039=CARTESIAN_POINT('Origin',(5.24628572938221,-5.70311342120173,32.1));
#4040=CARTESIAN_POINT('',(5.24628572938221,-5.70311342120173,36.3582476268548));
#4041=CARTESIAN_POINT('Ctrl Pts',(4.50000614162471,-7.00429241615073,36.1687849884729));
#4042=CARTESIAN_POINT('Ctrl Pts',(4.50597136973732,-6.99389171693887,36.1706879194151));
#4043=CARTESIAN_POINT('Ctrl Pts',(4.51193727732145,-6.98348983303154,36.1725815211706));
#4044=CARTESIAN_POINT('Ctrl Pts',(4.75949885692794,-6.55185277284033,36.2507629890374));
#4045=CARTESIAN_POINT('Ctrl Pts',(5.00262411569102,-6.12795067899549,36.3119174380008));
#4046=CARTESIAN_POINT('Ctrl Pts',(5.24628572938221,-5.70311342120173,36.3582476268548));
#4047=CARTESIAN_POINT('',(5.24628572938221,-5.70311342120173,32.1));
#4048=CARTESIAN_POINT('',(5.31245758135455,-5.58773920320655,32.1));
#4049=CARTESIAN_POINT('',(5.24628572938221,-5.70311342120173,32.1));
#4050=CARTESIAN_POINT('Origin',(5.50000010430813,-5.70238738644197,32.1));
#4051=CARTESIAN_POINT('',(5.50000010430813,-5.70238738644197,36.3030619282102));
#4052=CARTESIAN_POINT('Ctrl Pts',(5.24628572938221,-5.70311342120173,36.3582476268548));
#4053=CARTESIAN_POINT('Ctrl Pts',(5.33095792769201,-5.70287112133529,36.340322639195));
#4054=CARTESIAN_POINT('Ctrl Pts',(5.4155336366987,-5.70262909758481,36.3219283637277));
#4055=CARTESIAN_POINT('Ctrl Pts',(5.50000010430813,-5.70238738644197,36.3030619282102));
#4056=CARTESIAN_POINT('',(5.50000010430813,-5.70238738644197,32.1));
#4057=CARTESIAN_POINT('',(2.7547655105166,-5.71024321147895,32.1));
#4058=CARTESIAN_POINT('',(5.50000010430813,-5.70238738644197,32.1));
#4059=CARTESIAN_POINT('Origin',(5.50000010430813,-8.30047423544488,32.1));
#4060=CARTESIAN_POINT('Ctrl Pts',(5.50000010430813,-5.70238738644197,36.3030619282102));
#4061=CARTESIAN_POINT('Ctrl Pts',(5.50000010430813,-6.5823988486538,36.098663145255));
#4062=CARTESIAN_POINT('Ctrl Pts',(5.50000010430813,-7.45434638476403,35.8417072407956));
#4063=CARTESIAN_POINT('Ctrl Pts',(5.50000010430813,-8.30047423544488,35.5280195425498));
#4064=CARTESIAN_POINT('',(5.50000010430813,-5.34398718105237,32.1));
#4065=CARTESIAN_POINT('Origin',(-5.50000010430813,-2.19952576455512,32.1));
#4066=CARTESIAN_POINT('',(-5.50000010430813,-4.79761261355803,36.4944598709094));
#4067=CARTESIAN_POINT('',(-5.50000010430813,-2.19952576455512,36.8497973476292));
#4068=CARTESIAN_POINT('Ctrl Pts',(-5.50000010430813,-4.79761261355803,36.4944598709094));
#4069=CARTESIAN_POINT('Ctrl Pts',(-5.50000010430813,-4.3323034143499,36.5834534646953));
#4070=CARTESIAN_POINT('Ctrl Pts',(-5.50000010430813,-3.8640483172184,36.6587429567026));
#4071=CARTESIAN_POINT('Ctrl Pts',(-5.50000010430813,-2.99757028946099,36.7731251659328));
#4072=CARTESIAN_POINT('Ctrl Pts',(-5.50000010430813,-2.59887194937064,36.8161118153528));
#4073=CARTESIAN_POINT('Ctrl Pts',(-5.50000010430813,-2.19952576455512,36.8497973476292));
#4074=CARTESIAN_POINT('',(-5.50000010430813,-4.79761261355803,32.1));
#4075=CARTESIAN_POINT('',(-5.50000010430813,-4.79761261355803,32.1));
#4076=CARTESIAN_POINT('',(-5.50000010430813,-2.19952576455512,32.1));
#4077=CARTESIAN_POINT('',(-5.50000010430813,-2.2935129456075,32.1));
#4078=CARTESIAN_POINT('',(-5.50000010430813,-2.19952576455512,32.1));
#4079=CARTESIAN_POINT('Origin',(-5.25372041224251,-2.19882100505099,32.1));
#4080=CARTESIAN_POINT('',(-5.25372041224251,-2.19882100505099,36.9005027407867));
#4081=CARTESIAN_POINT('Ctrl Pts',(-5.50000010430813,-2.19952576455512,36.8497973476292));
#4082=CARTESIAN_POINT('Ctrl Pts',(-5.41799428171235,-2.19929109484938,36.8671141990781));
#4083=CARTESIAN_POINT('Ctrl Pts',(-5.33589769149444,-2.19905616540096,36.8840152531782));
#4084=CARTESIAN_POINT('Ctrl Pts',(-5.25372041224251,-2.198821005051,36.9005027407867));
#4085=CARTESIAN_POINT('',(-5.25372041224251,-2.19882100505099,32.1));
#4086=CARTESIAN_POINT('',(-2.62715167899424,-2.19130475690861,32.1));
#4087=CARTESIAN_POINT('',(-5.25372041224251,-2.19882100505099,32.1));
#4088=CARTESIAN_POINT('Origin',(-4.50000614162471,-3.49570758384927,32.1));
#4089=CARTESIAN_POINT('',(-4.50000614162471,-3.49570758384927,36.8998612511203));
#4090=CARTESIAN_POINT('Ctrl Pts',(-5.25372041224251,-2.198821005051,36.9005027407867));
#4091=CARTESIAN_POINT('Ctrl Pts',(-5.21735856599308,-2.26138740749228,36.9025419719184));
#4092=CARTESIAN_POINT('Ctrl Pts',(-5.18099335817316,-2.32395959405411,36.9042811098546));
#4093=CARTESIAN_POINT('Ctrl Pts',(-5.02204921358255,-2.59744854860074,36.9105719147501));
#4094=CARTESIAN_POINT('Ctrl Pts',(-4.89941095280048,-2.80846739308476,36.9120190280353));
#4095=CARTESIAN_POINT('Ctrl Pts',(-4.68454290603672,-3.17818241232156,36.9085919319114));
#4096=CARTESIAN_POINT('Ctrl Pts',(-4.59225987474691,-3.33697020418927,36.9051923832275));
#4097=CARTESIAN_POINT('Ctrl Pts',(-4.50000614162471,-3.49570758384927,36.8998612511203));
#4098=CARTESIAN_POINT('',(-4.50000614162471,-3.49570758384927,32.1));
#4099=CARTESIAN_POINT('',(-4.17264299901509,-4.05898850155785,32.1));
#4100=CARTESIAN_POINT('',(-4.50000614162471,-3.49570758384927,32.1));
#4101=CARTESIAN_POINT('Origin',(-5.24628572938221,-4.79688657879827,32.1));
#4102=CARTESIAN_POINT('',(-5.24628572938221,-4.79688657879827,36.5487804156586));
#4103=CARTESIAN_POINT('Ctrl Pts',(-4.50000614162471,-3.49570758384927,36.8998612511203));
#4104=CARTESIAN_POINT('Ctrl Pts',(-4.75044331419279,-3.932358396555,36.7986465076715));
#4105=CARTESIAN_POINT('Ctrl Pts',(-4.99961486441863,-4.36680252796556,36.6818106432036));
#4106=CARTESIAN_POINT('Ctrl Pts',(-5.24628572938221,-4.79688657879827,36.5487804156586));
#4107=CARTESIAN_POINT('',(-5.24628572938221,-4.79688657879827,32.1));
#4108=CARTESIAN_POINT('',(-4.07707474054898,-2.75830371482785,32.1));
#4109=CARTESIAN_POINT('',(-5.24628572938221,-4.79688657879827,32.1));
#4110=CARTESIAN_POINT('Origin',(-5.50000010430813,-4.79761261355803,32.1));
#4111=CARTESIAN_POINT('Ctrl Pts',(-5.24628572938221,-4.79688657879827,36.5487804156586));
#4112=CARTESIAN_POINT('Ctrl Pts',(-5.33095403924104,-4.79712886753743,36.5311328566114));
#4113=CARTESIAN_POINT('Ctrl Pts',(-5.41552953870786,-4.79737089068829,36.5130269142996));
#4114=CARTESIAN_POINT('Ctrl Pts',(-5.50000010430813,-4.79761261355803,36.4944598709094));
#4115=CARTESIAN_POINT('',(-2.74657418359691,-4.78973334803577,32.1));
#4116=CARTESIAN_POINT('Origin',(0.746279587757495,-5.69882100505099,32.1));
#4117=CARTESIAN_POINT('',(-0.753714270617794,-5.70311342120173,36.8879606306112));
#4118=CARTESIAN_POINT('',(0.746279587757495,-5.69882100505099,36.8891081738996));
#4119=CARTESIAN_POINT('Ctrl Pts',(-0.753714270617795,-5.70311342120173,
36.8879606306112));
#4120=CARTESIAN_POINT('Ctrl Pts',(-0.678606530249587,-5.70289849120318,
36.8901696045823));
#4121=CARTESIAN_POINT('Ctrl Pts',(-0.603491120541266,-5.70268353925705,
36.8920548328899));
#4122=CARTESIAN_POINT('Ctrl Pts',(-0.281974927182762,-5.70176348128922,
36.8987396297583));
#4123=CARTESIAN_POINT('Ctrl Pts',(-0.0354501028882424,-5.70105802031102,
36.9003848386573));
#4124=CARTESIAN_POINT('Ctrl Pts',(0.389423630137619,-5.69984219208381,36.8972291498918));
#4125=CARTESIAN_POINT('Ctrl Pts',(0.567877804591799,-5.69933152360486,36.8940815110142));
#4126=CARTESIAN_POINT('Ctrl Pts',(0.746279587757495,-5.69882100505099,36.8891081738996));
#4127=CARTESIAN_POINT('',(-0.753714270617794,-5.70311342120173,32.1));
#4128=CARTESIAN_POINT('',(-0.753714270617794,-5.70311342120173,32.1));
#4129=CARTESIAN_POINT('',(0.746279587757495,-5.69882100505099,32.1));
#4130=CARTESIAN_POINT('',(0.377880685792732,-5.69987522363188,32.1));
#4131=CARTESIAN_POINT('',(0.746279587757495,-5.69882100505099,32.1));
#4132=CARTESIAN_POINT('Origin',(1.49999385837529,-6.99570758384927,32.1));
#4133=CARTESIAN_POINT('',(1.49999385837529,-6.99570758384927,36.5357684533605));
#4134=CARTESIAN_POINT('Ctrl Pts',(0.746279587757495,-5.69882100505099,36.8891081738996));
#4135=CARTESIAN_POINT('Ctrl Pts',(0.999227149090445,-6.13405795122632,36.7871766143125));
#4136=CARTESIAN_POINT('Ctrl Pts',(1.25088358085972,-6.56707330140979,36.6695892123331));
#4137=CARTESIAN_POINT('Ctrl Pts',(1.49999385837529,-6.99570758384927,36.5357684533605));
#4138=CARTESIAN_POINT('',(1.49999385837529,-6.99570758384927,32.1));
#4139=CARTESIAN_POINT('',(0.309646348375401,-4.94752331826618,32.1));
#4140=CARTESIAN_POINT('',(1.49999385837529,-6.99570758384927,32.1));
#4141=CARTESIAN_POINT('Origin',(0.753714270617794,-8.29688657879827,32.1));
#4142=CARTESIAN_POINT('',(0.753714270617794,-8.29688657879827,36.1667942925459));
#4143=CARTESIAN_POINT('Ctrl Pts',(1.49999385837529,-6.99570758384927,36.5357684533605));
#4144=CARTESIAN_POINT('Ctrl Pts',(1.24938170970193,-7.43266347689826,36.4293829697686));
#4145=CARTESIAN_POINT('Ctrl Pts',(1.00016231957731,-7.86719101977074,36.3066068108845));
#4146=CARTESIAN_POINT('Ctrl Pts',(0.753714270617794,-8.29688657879827,36.1667942925459));
#4147=CARTESIAN_POINT('',(0.753714270617794,-8.29688657879827,32.1));
#4148=CARTESIAN_POINT('',(1.93560354727355,-6.23619843139625,32.1));
#4149=CARTESIAN_POINT('',(0.753714270617794,-8.29688657879827,32.1));
#4150=CARTESIAN_POINT('Origin',(-0.746279587757496,-8.301178994949,32.1));
#4151=CARTESIAN_POINT('',(-0.746279587757496,-8.301178994949,36.1655510967385));
#4152=CARTESIAN_POINT('Ctrl Pts',(0.753714270617792,-8.29688657879827,36.1667942925459));
#4153=CARTESIAN_POINT('Ctrl Pts',(0.673424592120007,-8.29711633754748,36.1692190833559));
#4154=CARTESIAN_POINT('Ctrl Pts',(0.593125148768686,-8.29734612423757,36.1712430935457));
#4155=CARTESIAN_POINT('Ctrl Pts',(0.260802457369317,-8.29829710632317,36.1779627038769));
#4156=CARTESIAN_POINT('Ctrl Pts',(0.00863368672924792,-8.29901871814939,
36.1791181936692));
#4157=CARTESIAN_POINT('Ctrl Pts',(-0.411047832434034,-8.30021968822067,
36.1744842944263));
#4158=CARTESIAN_POINT('Ctrl Pts',(-0.578691680793649,-8.30069942162642,
36.1708908802278));
#4159=CARTESIAN_POINT('Ctrl Pts',(-0.746279587757495,-8.301178994949,36.1655510967385));
#4160=CARTESIAN_POINT('',(-0.746279587757496,-8.301178994949,32.1));
#4161=CARTESIAN_POINT('',(-0.36468156053462,-8.30008700545452,32.1));
#4162=CARTESIAN_POINT('',(-0.746279587757496,-8.301178994949,32.1));
#4163=CARTESIAN_POINT('Origin',(-1.49999385837529,-7.00429241615073,32.1));
#4164=CARTESIAN_POINT('',(-1.49999385837529,-7.00429241615073,36.5333834494243));
#4165=CARTESIAN_POINT('Ctrl Pts',(-0.746279587757496,-8.301178994949,36.1655510967385));
#4166=CARTESIAN_POINT('Ctrl Pts',(-0.995190341497238,-7.87288802524369,
36.3049773019467));
#4167=CARTESIAN_POINT('Ctrl Pts',(-1.24689189743374,-7.4397950316758,36.427373267966));
#4168=CARTESIAN_POINT('Ctrl Pts',(-1.49999385837529,-7.00429241615073,36.5333834494243));
#4169=CARTESIAN_POINT('',(-1.49999385837529,-7.00429241615073,32.1));
#4170=CARTESIAN_POINT('',(-2.31348423306628,-5.60455143996679,32.1));
#4171=CARTESIAN_POINT('',(-1.49999385837529,-7.00429241615073,32.1));
#4172=CARTESIAN_POINT('Origin',(-0.753714270617794,-5.70311342120173,32.1));
#4173=CARTESIAN_POINT('Ctrl Pts',(-1.49999385837529,-7.00429241615073,36.5333834494243));
#4174=CARTESIAN_POINT('Ctrl Pts',(-1.25334939094346,-6.57425439084839,36.6676290607548));
#4175=CARTESIAN_POINT('Ctrl Pts',(-1.00417432930281,-6.13980413709538,36.7856283706931));
#4176=CARTESIAN_POINT('Ctrl Pts',(-0.753714270617794,-5.70311342120173,
36.8879606306112));
#4177=CARTESIAN_POINT('',(0.0550352121592147,-4.2930147712742,32.1));
#4178=CARTESIAN_POINT('Origin',(0.746279587757495,-2.19882100505099,32.1));
#4179=CARTESIAN_POINT('',(-0.753714270617794,-2.20311342120173,37.4023190012216));
#4180=CARTESIAN_POINT('',(0.746279587757495,-2.19882100505099,37.4028629876236));
#4181=CARTESIAN_POINT('Ctrl Pts',(-0.753714270617794,-2.20311342120173,
37.4023190012216));
#4182=CARTESIAN_POINT('Ctrl Pts',(-0.676905610828976,-2.20289362381392,
37.4044328046682));
#4183=CARTESIAN_POINT('Ctrl Pts',(-0.600089827057723,-2.20267380603995,
37.4062256883485));
#4184=CARTESIAN_POINT('Ctrl Pts',(-0.257512087279585,-2.20169347787734,
37.4127913878201));
#4185=CARTESIAN_POINT('Ctrl Pts',(0.00838226797883167,-2.20093258860927,
37.4140493226105));
#4186=CARTESIAN_POINT('Ctrl Pts',(0.431549138384009,-2.19972164477851,37.409948361223));
#4187=CARTESIAN_POINT('Ctrl Pts',(0.588932072440489,-2.1992712742386,37.4070788891695));
#4188=CARTESIAN_POINT('Ctrl Pts',(0.746279587757495,-2.19882100505099,37.4028629876236));
#4189=CARTESIAN_POINT('',(-0.753714270617794,-2.20311342120173,32.1));
#4190=CARTESIAN_POINT('',(-0.753714270617794,-2.20311342120173,32.1));
#4191=CARTESIAN_POINT('',(0.746279587757495,-2.19882100505099,32.1));
#4192=CARTESIAN_POINT('',(0.372872887454305,-2.1998895540602,32.1));
#4193=CARTESIAN_POINT('',(0.746279587757495,-2.19882100505099,32.1));
#4194=CARTESIAN_POINT('Origin',(1.49999385837529,-3.49570758384927,32.1));
#4195=CARTESIAN_POINT('',(1.49999385837529,-3.49570758384927,37.2371235462071));
#4196=CARTESIAN_POINT('Ctrl Pts',(0.746279587757495,-2.19882100505099,37.4028629876236));
#4197=CARTESIAN_POINT('Ctrl Pts',(0.998163121568658,-2.63222712080919,37.3615510169266));
#4198=CARTESIAN_POINT('Ctrl Pts',(1.2496865070682,-3.06501354349545,37.3063918177215));
#4199=CARTESIAN_POINT('Ctrl Pts',(1.49999385837529,-3.49570758384927,37.2371235462071));
#4200=CARTESIAN_POINT('',(1.49999385837529,-3.49570758384927,32.1));
#4201=CARTESIAN_POINT('',(1.06991006534103,-2.75567927247392,32.1));
#4202=CARTESIAN_POINT('',(1.49999385837529,-3.49570758384927,32.1));
#4203=CARTESIAN_POINT('Origin',(0.753714270617794,-4.79688657879827,32.1));
#4204=CARTESIAN_POINT('',(0.753714270617794,-4.79688657879827,37.0679507111872));
#4205=CARTESIAN_POINT('Ctrl Pts',(1.49999385837529,-3.49570758384927,37.2371235462071));
#4206=CARTESIAN_POINT('Ctrl Pts',(1.41511478594863,-3.64369885677715,37.2227614144686));
#4207=CARTESIAN_POINT('Ctrl Pts',(1.33030388640869,-3.79157126657427,37.206771335213));
#4208=CARTESIAN_POINT('Ctrl Pts',(1.08133086791452,-4.22566924712754,37.1549652025236));
#4209=CARTESIAN_POINT('Ctrl Pts',(0.917282810474884,-4.51169594543784,37.1145981544662));
#4210=CARTESIAN_POINT('Ctrl Pts',(0.753714270617794,-4.79688657879827,37.0679507111872));
#4211=CARTESIAN_POINT('',(0.753714270617794,-4.79688657879827,32.1));
#4212=CARTESIAN_POINT('',(1.18034762864635,-4.05302814676019,32.1));
#4213=CARTESIAN_POINT('',(0.753714270617794,-4.79688657879827,32.1));
#4214=CARTESIAN_POINT('Origin',(-0.746279587757496,-4.801178994949,32.1));
#4215=CARTESIAN_POINT('',(-0.746279587757496,-4.801178994949,37.0673876822281));
#4216=CARTESIAN_POINT('Ctrl Pts',(0.753714270617796,-4.79688657879827,37.0679507111872));
#4217=CARTESIAN_POINT('Ctrl Pts',(0.682740048942087,-4.79708968022679,37.0699189285071));
#4218=CARTESIAN_POINT('Ctrl Pts',(0.611759627514487,-4.79729279939556,37.0716035423962));
#4219=CARTESIAN_POINT('Ctrl Pts',(0.297153456037119,-4.79819308348941,37.0778141930117));
#4220=CARTESIAN_POINT('Ctrl Pts',(0.0534134620909772,-4.79889057533127,
37.0792875635229));
#4221=CARTESIAN_POINT('Ctrl Pts',(-0.375595117386039,-4.80011823592805,
37.0760112591863));
#4222=CARTESIAN_POINT('Ctrl Pts',(-0.560966077077714,-4.80064869764028,
37.0726661155181));
#4223=CARTESIAN_POINT('Ctrl Pts',(-0.746279587757496,-4.801178994949,37.0673876822281));
#4224=CARTESIAN_POINT('',(-0.746279587757496,-4.801178994949,32.1));
#4225=CARTESIAN_POINT('',(-0.369689358873042,-4.80010133588284,32.1));
#4226=CARTESIAN_POINT('',(-0.746279587757496,-4.801178994949,32.1));
#4227=CARTESIAN_POINT('Origin',(-1.49999385837529,-3.50429241615073,32.1));
#4228=CARTESIAN_POINT('',(-1.49999385837529,-3.50429241615073,37.2360170221066));
#4229=CARTESIAN_POINT('Ctrl Pts',(-0.746279587757495,-4.80117899494901,
37.0673876822281));
#4230=CARTESIAN_POINT('Ctrl Pts',(-0.838711109278042,-4.64213570176624,
37.0934203187918));
#4231=CARTESIAN_POINT('Ctrl Pts',(-0.931284211455174,-4.48284879630161,
37.1174842967222));
#4232=CARTESIAN_POINT('Ctrl Pts',(-1.18227710068463,-4.05097517773701,37.1773773776383));
#4233=CARTESIAN_POINT('Ctrl Pts',(-1.34103014161818,-3.77781504775647,37.2094982391622));
#4234=CARTESIAN_POINT('Ctrl Pts',(-1.49999385837529,-3.50429241615073,37.2360170221066));
#4235=CARTESIAN_POINT('',(-1.49999385837529,-3.50429241615073,32.1));
#4236=CARTESIAN_POINT('',(-1.55322051610066,-3.41270739417452,32.1));
#4237=CARTESIAN_POINT('',(-1.49999385837529,-3.50429241615073,32.1));
#4238=CARTESIAN_POINT('Origin',(-0.753714270617794,-2.20311342120173,32.1));
#4239=CARTESIAN_POINT('Ctrl Pts',(-1.49999385837529,-3.50429241615073,37.2360170221066));
#4240=CARTESIAN_POINT('Ctrl Pts',(-1.2521955611665,-3.07224262596273,37.3054657014853));
#4241=CARTESIAN_POINT('Ctrl Pts',(-1.00315533024062,-2.63802745688417,37.3608159532811));
#4242=CARTESIAN_POINT('Ctrl Pts',(-0.753714270617795,-2.20311342120173,
37.4023190012216));
#4243=CARTESIAN_POINT('',(-0.700220706467985,-2.10984448663815,32.1));
#4244=CARTESIAN_POINT('Origin',(2.24628572938221,-0.365613421201728,32.1));
#4245=CARTESIAN_POINT('',(1.50000614162471,-1.66679241615073,37.4094422050892));
#4246=CARTESIAN_POINT('',(2.24628572938221,-0.365613421201728,37.4067052710225));
#4247=CARTESIAN_POINT('Ctrl Pts',(1.50000614162471,-1.66679241615073,37.4094422050892));
#4248=CARTESIAN_POINT('Ctrl Pts',(1.5106042441636,-1.64831404874509,37.4099814344791));
#4249=CARTESIAN_POINT('Ctrl Pts',(1.52120255099824,-1.62983532513869,37.4104960013675));
#4250=CARTESIAN_POINT('Ctrl Pts',(1.69392997367097,-1.3286756821304,37.4184802802405));
#4251=CARTESIAN_POINT('Ctrl Pts',(1.85618025548516,-1.04578350326458,37.4202088450514));
#4252=CARTESIAN_POINT('Ctrl Pts',(2.09432487325453,-0.630565427512577,37.4142850188126));
#4253=CARTESIAN_POINT('Ctrl Pts',(2.17031419846742,-0.498073911696295,37.4111290743216));
#4254=CARTESIAN_POINT('Ctrl Pts',(2.24628572938221,-0.365613421201728,37.4067052710225));
#4255=CARTESIAN_POINT('',(1.50000614162471,-1.66679241615073,32.1));
#4256=CARTESIAN_POINT('',(1.50000614162471,-1.66679241615073,32.1));
#4257=CARTESIAN_POINT('',(2.24628572938221,-0.365613421201728,32.1));
#4258=CARTESIAN_POINT('',(1.5319811208504,-1.61104230317039,32.1));
#4259=CARTESIAN_POINT('',(2.24628572938221,-0.365613421201728,32.1));
#4260=CARTESIAN_POINT('Origin',(3.7462795877575,-0.361321005050994,32.1));
#4261=CARTESIAN_POINT('',(3.7462795877575,-0.361321005050994,37.2427337831712));
#4262=CARTESIAN_POINT('Ctrl Pts',(2.24628572938221,-0.365613421201727,37.4067052710225));
#4263=CARTESIAN_POINT('Ctrl Pts',(2.74755081140393,-0.364178989772655,37.3659702540486));
#4264=CARTESIAN_POINT('Ctrl Pts',(3.2481149834868,-0.362746564083223,37.3113994048597));
#4265=CARTESIAN_POINT('Ctrl Pts',(3.7462795877575,-0.361321005050994,37.2427337831712));
#4266=CARTESIAN_POINT('',(3.7462795877575,-0.361321005050994,32.1));
#4267=CARTESIAN_POINT('',(1.8702560765509,-0.366689476110856,32.1));
#4268=CARTESIAN_POINT('',(3.7462795877575,-0.361321005050994,32.1));
#4269=CARTESIAN_POINT('Origin',(4.49999385837529,-1.65820758384927,32.1));
#4270=CARTESIAN_POINT('',(4.49999385837529,-1.65820758384927,37.0787864213705));
#4271=CARTESIAN_POINT('Ctrl Pts',(3.7462795877575,-0.361321005050995,37.2427337831712));
#4272=CARTESIAN_POINT('Ctrl Pts',(3.76165000806576,-0.387768284325597,37.2402628920431));
#4273=CARTESIAN_POINT('Ctrl Pts',(3.7770180864602,-0.41421153390285,37.237739781753));
#4274=CARTESIAN_POINT('Ctrl Pts',(4.02876661412723,-0.847385349884846,37.1955450029535));
#4275=CARTESIAN_POINT('Ctrl Pts',(4.2648861772133,-1.25366701966245,37.1435007002694));
#4276=CARTESIAN_POINT('Ctrl Pts',(4.49999385837529,-1.65820758384927,37.0787864213705));
#4277=CARTESIAN_POINT('',(4.49999385837529,-1.65820758384927,32.1));
#4278=CARTESIAN_POINT('',(4.09032504892604,-0.953306533891012,32.1));
#4279=CARTESIAN_POINT('',(4.49999385837529,-1.65820758384927,32.1));
#4280=CARTESIAN_POINT('Origin',(3.75371427061779,-2.95938657879827,32.1));
#4281=CARTESIAN_POINT('',(3.75371427061779,-2.95938657879827,37.0816170240295));
#4282=CARTESIAN_POINT('Ctrl Pts',(4.49999385837529,-1.65820758384927,37.0787864213705));
#4283=CARTESIAN_POINT('Ctrl Pts',(4.4639160306709,-1.72111123599578,37.0809591428705));
#4284=CARTESIAN_POINT('Ctrl Pts',(4.42783464294371,-1.78402109523432,37.0828360772229));
#4285=CARTESIAN_POINT('Ctrl Pts',(4.27015446959443,-2.05894504176556,37.0897469009245));
#4286=CARTESIAN_POINT('Ctrl Pts',(4.14849536359697,-2.27106430090456,37.0917223984559));
#4287=CARTESIAN_POINT('Ctrl Pts',(3.93581987097874,-2.64187557361647,37.0893163448363));
#4288=CARTESIAN_POINT('Ctrl Pts',(3.84475431026706,-2.80065332488883,37.0864076059983));
#4289=CARTESIAN_POINT('Ctrl Pts',(3.75371427061779,-2.95938657879827,37.0816170240295));
#4290=CARTESIAN_POINT('',(3.75371427061779,-2.95938657879827,32.1));
#4291=CARTESIAN_POINT('',(3.41254945596474,-3.55422596329243,32.1));
#4292=CARTESIAN_POINT('',(3.75371427061779,-2.95938657879827,32.1));
#4293=CARTESIAN_POINT('Origin',(2.2537204122425,-2.963678994949,32.1));
#4294=CARTESIAN_POINT('',(2.2537204122425,-2.963678994949,37.2482989566277));
#4295=CARTESIAN_POINT('Ctrl Pts',(3.75371427061779,-2.95938657879827,37.0816170240295));
#4296=CARTESIAN_POINT('Ctrl Pts',(3.55341125426343,-2.95995977041345,37.1096904881793));
#4297=CARTESIAN_POINT('Ctrl Pts',(3.35277544954896,-2.96053391434328,37.1354350561676));
#4298=CARTESIAN_POINT('Ctrl Pts',(2.85314415514706,-2.96196367048897,37.1937389325695));
#4299=CARTESIAN_POINT('Ctrl Pts',(2.55361982941485,-2.96282079603394,37.2235317816061));
#4300=CARTESIAN_POINT('Ctrl Pts',(2.2537204122425,-2.963678994949,37.2482989566277));
#4301=CARTESIAN_POINT('',(2.2537204122425,-2.963678994949,32.1));
#4302=CARTESIAN_POINT('',(1.12769383022356,-2.9669012579335,32.1));
#4303=CARTESIAN_POINT('',(2.2537204122425,-2.963678994949,32.1));
#4304=CARTESIAN_POINT('Origin',(1.50000614162471,-1.66679241615073,32.1));
#4305=CARTESIAN_POINT('Ctrl Pts',(2.25372041224251,-2.963678994949,37.2482989566277));
#4306=CARTESIAN_POINT('Ctrl Pts',(2.24074579475028,-2.94135407959757,37.2518081678729));
#4307=CARTESIAN_POINT('Ctrl Pts',(2.22776876285477,-2.91902500987711,37.2552793508271));
#4308=CARTESIAN_POINT('Ctrl Pts',(1.97738424081079,-2.48819818486358,37.3215093845749));
#4309=CARTESIAN_POINT('Ctrl Pts',(1.73888525260252,-2.07782233167622,37.371686927483));
#4310=CARTESIAN_POINT('Ctrl Pts',(1.50000614162471,-1.66679241615073,37.4094422050892));
#4311=CARTESIAN_POINT('',(1.46719446748436,-1.61033465559161,32.1));
#4312=CARTESIAN_POINT('Origin',(2.24628572938221,-3.92811342120173,32.1));
#4313=CARTESIAN_POINT('',(1.50000614162471,-5.22929241615073,36.95452737306));
#4314=CARTESIAN_POINT('',(2.24628572938221,-3.92811342120173,37.1259059852187));
#4315=CARTESIAN_POINT('Ctrl Pts',(1.50000614162471,-5.22929241615073,36.95452737306));
#4316=CARTESIAN_POINT('Ctrl Pts',(1.56898024258244,-5.10903232484718,36.9744537578522));
#4317=CARTESIAN_POINT('Ctrl Pts',(1.63803446554017,-4.98863253603516,36.9932469156555));
#4318=CARTESIAN_POINT('Ctrl Pts',(1.8863693251523,-4.55564722015391,37.0567298470836));
#4319=CARTESIAN_POINT('Ctrl Pts',(2.06619208267196,-4.24211647591114,37.0950296032967));
#4320=CARTESIAN_POINT('Ctrl Pts',(2.24628572938221,-3.92811342120173,37.1259059852187));
#4321=CARTESIAN_POINT('',(1.50000614162471,-5.22929241615073,32.1));
#4322=CARTESIAN_POINT('',(1.50000614162471,-5.22929241615073,32.1));
#4323=CARTESIAN_POINT('',(2.24628572938221,-3.92811342120173,32.1));
#4324=CARTESIAN_POINT('',(2.30072375231023,-3.83319777146066,32.1));
#4325=CARTESIAN_POINT('',(2.24628572938221,-3.92811342120173,32.1));
#4326=CARTESIAN_POINT('Origin',(3.7462795877575,-3.92382100505099,32.1));
#4327=CARTESIAN_POINT('',(3.7462795877575,-3.92382100505099,36.9576468756929));
#4328=CARTESIAN_POINT('Ctrl Pts',(2.24628572938221,-3.92811342120173,37.1259059852187));
#4329=CARTESIAN_POINT('Ctrl Pts',(2.42908949378046,-3.9275903058394,37.1106866108113));
#4330=CARTESIAN_POINT('Ctrl Pts',(2.61173733222669,-3.92706763667828,37.0935769318169));
#4331=CARTESIAN_POINT('Ctrl Pts',(3.11209819220394,-3.92563579279134,37.0414298265196));
#4332=CARTESIAN_POINT('Ctrl Pts',(3.42963823250192,-3.9247271130725,37.0024850692555));
#4333=CARTESIAN_POINT('Ctrl Pts',(3.7462795877575,-3.92382100505099,36.9576468756929));
#4334=CARTESIAN_POINT('',(3.7462795877575,-3.92382100505099,32.1));
#4335=CARTESIAN_POINT('',(1.87535329985966,-3.92917488978203,32.1));
#4336=CARTESIAN_POINT('',(3.7462795877575,-3.92382100505099,32.1));
#4337=CARTESIAN_POINT('Origin',(4.49999385837529,-5.22070758384927,32.1));
#4338=CARTESIAN_POINT('',(4.49999385837529,-5.22070758384927,36.6085742375975));
#4339=CARTESIAN_POINT('Ctrl Pts',(3.7462795877575,-3.92382100505099,36.9576468756929));
#4340=CARTESIAN_POINT('Ctrl Pts',(3.99919004521179,-4.35899410803784,36.8569882849262));
#4341=CARTESIAN_POINT('Ctrl Pts',(4.25083743864892,-4.79199390631773,36.740818605016));
#4342=CARTESIAN_POINT('Ctrl Pts',(4.49999385837529,-5.22070758384927,36.6085742375975));
#4343=CARTESIAN_POINT('',(4.49999385837529,-5.22070758384927,32.1));
#4344=CARTESIAN_POINT('',(3.31648519415745,-3.18429065192957,32.1));
#4345=CARTESIAN_POINT('',(4.49999385837529,-5.22070758384927,32.1));
#4346=CARTESIAN_POINT('Origin',(3.75371427061779,-6.52188657879827,32.1));
#4347=CARTESIAN_POINT('',(3.75371427061779,-6.52188657879827,36.4272698217392));
#4348=CARTESIAN_POINT('Ctrl Pts',(4.49999385837529,-5.22070758384927,36.6085742375975));
#4349=CARTESIAN_POINT('Ctrl Pts',(4.40383410146469,-5.38836734287799,36.5911516530764));
#4350=CARTESIAN_POINT('Ctrl Pts',(4.30777307695667,-5.55585495660022,36.5714911411772));
#4351=CARTESIAN_POINT('Ctrl Pts',(4.05883935464208,-5.98988442213006,36.5146131903223));
#4352=CARTESIAN_POINT('Ctrl Pts',(3.90603861032437,-6.25630081912173,36.4738748663956));
#4353=CARTESIAN_POINT('Ctrl Pts',(3.75371427061779,-6.52188657879827,36.4272698217392));
#4354=CARTESIAN_POINT('',(3.75371427061779,-6.52188657879827,32.1));
#4355=CARTESIAN_POINT('',(4.18129208742457,-5.7763814315827,32.1));
#4356=CARTESIAN_POINT('',(3.75371427061779,-6.52188657879827,32.1));
#4357=CARTESIAN_POINT('Origin',(2.2537204122425,-6.526178994949,32.1));
#4358=CARTESIAN_POINT('',(2.2537204122425,-6.526178994949,36.6053351429073));
#4359=CARTESIAN_POINT('Ctrl Pts',(3.75371427061779,-6.52188657879827,36.4272698217392));
#4360=CARTESIAN_POINT('Ctrl Pts',(3.68885361853664,-6.52207218549858,36.4370001213554));
#4361=CARTESIAN_POINT('Ctrl Pts',(3.62395538540685,-6.52225789974167,36.446466692454));
#4362=CARTESIAN_POINT('Ctrl Pts',(3.12560410143749,-6.52368399298072,36.5171068870633));
#4363=CARTESIAN_POINT('Ctrl Pts',(2.69006431589248,-6.52493034342364,36.5669302766631));
#4364=CARTESIAN_POINT('Ctrl Pts',(2.2537204122425,-6.526178994949,36.6053351429073));
#4365=CARTESIAN_POINT('',(2.2537204122425,-6.526178994949,32.1));
#4366=CARTESIAN_POINT('',(1.13279105353231,-6.52938667160467,32.1));
#4367=CARTESIAN_POINT('',(2.2537204122425,-6.526178994949,32.1));
#4368=CARTESIAN_POINT('Origin',(1.50000614162471,-5.22929241615073,32.1));
#4369=CARTESIAN_POINT('Ctrl Pts',(2.25372041224251,-6.526178994949,36.6053351429073));
#4370=CARTESIAN_POINT('Ctrl Pts',(2.00456556756938,-6.09746802754979,36.7376257181059));
#4371=CARTESIAN_POINT('Ctrl Pts',(1.75291780640072,-5.66446759652868,36.8538350895193));
#4372=CARTESIAN_POINT('Ctrl Pts',(1.50000614162471,-5.22929241615073,36.95452737306));
#4373=CARTESIAN_POINT('',(0.693354612715773,-3.84131877363017,32.1));
#4374=CARTESIAN_POINT('Origin',(-3.75371427061779,-7.49061342120173,32.1));
#4375=CARTESIAN_POINT('',(-4.49999385837529,-8.79179241615073,35.5637231295207));
#4376=CARTESIAN_POINT('',(-3.75371427061779,-7.49061342120173,36.1503695217674));
#4377=CARTESIAN_POINT('Ctrl Pts',(-4.49999385837529,-8.79179241615073,35.5637231295207));
#4378=CARTESIAN_POINT('Ctrl Pts',(-4.25553028851145,-8.36555690421221,35.7792718865597));
#4379=CARTESIAN_POINT('Ctrl Pts',(-4.00604339252644,-7.93056295034273,35.9745079621379));
#4380=CARTESIAN_POINT('Ctrl Pts',(-3.75371427061779,-7.49061342120173,36.1503695217674));
#4381=CARTESIAN_POINT('',(-4.49999385837529,-8.79179241615073,32.1));
#4382=CARTESIAN_POINT('',(-4.49999385837529,-8.79179241615073,32.1));
#4383=CARTESIAN_POINT('',(-3.75371427061779,-7.49061342120173,32.1));
#4384=CARTESIAN_POINT('',(-2.18795598542528,-4.76062880781859,32.1));
#4385=CARTESIAN_POINT('',(-3.75371427061779,-7.49061342120173,32.1));
#4386=CARTESIAN_POINT('Origin',(-2.25372041224251,-7.486321005051,32.1));
#4387=CARTESIAN_POINT('',(-2.25372041224251,-7.486321005051,36.336459015029));
#4388=CARTESIAN_POINT('Ctrl Pts',(-3.7537142706178,-7.49061342120173,36.1503695217674));
#4389=CARTESIAN_POINT('Ctrl Pts',(-3.72231435692413,-7.49052356650271,36.1552830671769));
#4390=CARTESIAN_POINT('Ctrl Pts',(-3.69090510567662,-7.49043368508314,36.1601325839539));
#4391=CARTESIAN_POINT('Ctrl Pts',(-3.19305808113086,-7.48900903484419,36.2359650256122));
#4392=CARTESIAN_POINT('Ctrl Pts',(-2.72388050089179,-7.48766642573167,36.2930536622168));
#4393=CARTESIAN_POINT('Ctrl Pts',(-2.2537204122425,-7.486321005051,36.336459015029));
#4394=CARTESIAN_POINT('',(-2.25372041224251,-7.486321005051,32.1));
#4395=CARTESIAN_POINT('',(-1.11957404328013,-7.48307550630162,32.1));
#4396=CARTESIAN_POINT('',(-2.25372041224251,-7.486321005051,32.1));
#4397=CARTESIAN_POINT('Origin',(-1.50000614162471,-8.78320758384927,32.1));
#4398=CARTESIAN_POINT('',(-1.50000614162471,-8.78320758384927,35.9576510211428));
#4399=CARTESIAN_POINT('Ctrl Pts',(-2.2537204122425,-7.486321005051,36.336459015029));
#4400=CARTESIAN_POINT('Ctrl Pts',(-2.0005075322869,-7.92201447457243,36.2272612459393));
#4401=CARTESIAN_POINT('Ctrl Pts',(-1.74877575815085,-8.35515946341088,36.1012216855004));
#4402=CARTESIAN_POINT('Ctrl Pts',(-1.50000614162471,-8.78320758384927,35.9576510211428));
#4403=CARTESIAN_POINT('',(-1.50000614162471,-8.78320758384927,32.1));
#4404=CARTESIAN_POINT('',(-2.69990772496724,-6.71858399905206,32.1));
#4405=CARTESIAN_POINT('',(-1.50000614162471,-8.78320758384927,32.1));
#4406=CARTESIAN_POINT('Origin',(-2.24628572938221,-10.0843865787983,32.1));
#4407=CARTESIAN_POINT('',(-2.24628572938221,-10.0843865787983,35.356627690427));
#4408=CARTESIAN_POINT('Ctrl Pts',(-1.50000614162471,-8.78320758384927,35.9576510211428));
#4409=CARTESIAN_POINT('Ctrl Pts',(-1.75254056743104,-9.22351507148683,35.7776358815583));
#4410=CARTESIAN_POINT('Ctrl Pts',(-2.00207946260611,-9.6585996887685,35.5776253178332));
#4411=CARTESIAN_POINT('Ctrl Pts',(-2.24628572938221,-10.0843865787983,35.356627690427));
#4412=CARTESIAN_POINT('',(-2.24628572938221,-10.0843865787983,32.1));
#4413=CARTESIAN_POINT('',(-0.307387650310939,-6.70381246794063,32.1));
#4414=CARTESIAN_POINT('',(-2.24628572938221,-10.0843865787983,32.1));
#4415=CARTESIAN_POINT('Origin',(-3.7462795877575,-10.088678994949,32.1));
#4416=CARTESIAN_POINT('',(-3.7462795877575,-10.088678994949,35.1467302584));
#4417=CARTESIAN_POINT('Ctrl Pts',(-2.24628572938221,-10.0843865787983,35.356627690427));
#4418=CARTESIAN_POINT('Ctrl Pts',(-2.43753438006781,-10.0849338602371,35.3367695764126));
#4419=CARTESIAN_POINT('Ctrl Pts',(-2.62852173838303,-10.0854803939558,35.3143593968271));
#4420=CARTESIAN_POINT('Ctrl Pts',(-3.12901236205074,-10.0869126091774,35.2487457102403));
#4421=CARTESIAN_POINT('Ctrl Pts',(-3.43831508033054,-10.0877977167903,35.2012465204992));
#4422=CARTESIAN_POINT('Ctrl Pts',(-3.7462795877575,-10.088678994949,35.1467302584));
#4423=CARTESIAN_POINT('',(-3.7462795877575,-10.088678994949,32.1));
#4424=CARTESIAN_POINT('',(-1.86213628960749,-10.0832872881243,32.1));
#4425=CARTESIAN_POINT('',(-3.7462795877575,-10.088678994949,32.1));
#4426=CARTESIAN_POINT('Origin',(-4.49999385837529,-8.79179241615073,32.1));
#4427=CARTESIAN_POINT('Ctrl Pts',(-3.7462795877575,-10.088678994949,35.1467302584));
#4428=CARTESIAN_POINT('Ctrl Pts',(-3.99444917478161,-9.66166332173683,35.3051432944881));
#4429=CARTESIAN_POINT('Ctrl Pts',(-4.24632163947747,-9.22827625217112,35.4438440121881));
#4430=CARTESIAN_POINT('Ctrl Pts',(-4.49999385837529,-8.79179241615073,35.5637231295207));
#4431=CARTESIAN_POINT('',(-5.32303830640893,-7.37561212075266,32.1));
#4432=CARTESIAN_POINT('Origin',(-5.50000010430813,-5.69952576455512,32.1));
#4433=CARTESIAN_POINT('',(-5.50000010430813,-8.29761261355803,35.5290801878919));
#4434=CARTESIAN_POINT('',(-5.50000010430813,-5.69952576455512,36.3037264004637));
#4435=CARTESIAN_POINT('Ctrl Pts',(-5.50000010430813,-8.29761261355803,35.5290801878919));
#4436=CARTESIAN_POINT('Ctrl Pts',(-5.50000010430813,-7.45147048436332,35.8426236080321));
#4437=CARTESIAN_POINT('Ctrl Pts',(-5.50000010430813,-6.57952567811361,36.0994482910407));
#4438=CARTESIAN_POINT('Ctrl Pts',(-5.50000010430813,-5.69952576455512,36.3037264004637));
#4439=CARTESIAN_POINT('',(-5.50000010430813,-8.29761261355803,32.1));
#4440=CARTESIAN_POINT('',(-5.50000010430813,-8.29761261355803,32.1));
#4441=CARTESIAN_POINT('',(-5.50000010430813,-5.69952576455512,32.1));
#4442=CARTESIAN_POINT('',(-5.50000010430813,-4.0435129456075,32.1));
#4443=CARTESIAN_POINT('',(-5.50000010430813,-5.69952576455512,32.1));
#4444=CARTESIAN_POINT('Origin',(-5.25372041224251,-5.69882100505099,32.1));
#4445=CARTESIAN_POINT('',(-5.25372041224251,-5.69882100505099,36.3576581994253));
#4446=CARTESIAN_POINT('Ctrl Pts',(-5.50000010430813,-5.69952576455512,36.3037264004637));
#4447=CARTESIAN_POINT('Ctrl Pts',(-5.41800649535698,-5.69929112980021,36.3221480767033));
#4448=CARTESIAN_POINT('Ctrl Pts',(-5.33590936305927,-5.69905619880057,36.340124462679));
#4449=CARTESIAN_POINT('Ctrl Pts',(-5.25372041224251,-5.69882100505099,36.3576581994253));
#4450=CARTESIAN_POINT('',(-5.25372041224251,-5.69882100505099,32.1));
#4451=CARTESIAN_POINT('',(-2.62214388065582,-5.69129042648029,32.1));
#4452=CARTESIAN_POINT('',(-5.25372041224251,-5.69882100505099,32.1));
#4453=CARTESIAN_POINT('Origin',(-4.50000614162471,-6.99570758384927,32.1));
#4454=CARTESIAN_POINT('',(-4.50000614162471,-6.99570758384927,36.1712702745685));
#4455=CARTESIAN_POINT('Ctrl Pts',(-5.25372041224251,-5.698821005051,36.3576581994253));
#4456=CARTESIAN_POINT('Ctrl Pts',(-5.15642848459166,-5.86622740839848,36.3397303244568));
#4457=CARTESIAN_POINT('Ctrl Pts',(-5.05924233118292,-6.03345181015686,36.3194910546651));
#4458=CARTESIAN_POINT('Ctrl Pts',(-4.80781942737345,-6.46606533794072,36.2610101046485));
#4459=CARTESIAN_POINT('Ctrl Pts',(-4.65365793721777,-6.73132496661481,36.2191590686194));
#4460=CARTESIAN_POINT('Ctrl Pts',(-4.50000614162471,-6.99570758384927,36.1712702745685));
#4461=CARTESIAN_POINT('',(-4.50000614162471,-6.99570758384927,32.1));
#4462=CARTESIAN_POINT('',(-4.93290671598072,-6.25083254735011,32.1));
#4463=CARTESIAN_POINT('',(-4.50000614162471,-6.99570758384927,32.1));
#4464=CARTESIAN_POINT('Origin',(-5.24628572938221,-8.29688657879827,32.1));
#4465=CARTESIAN_POINT('',(-5.24628572938221,-8.29688657879827,35.5899981214465));
#4466=CARTESIAN_POINT('Ctrl Pts',(-4.50000614162471,-6.99570758384927,36.1712702745685));
#4467=CARTESIAN_POINT('Ctrl Pts',(-4.75228138903704,-7.43556317987978,35.9970864412164));
#4468=CARTESIAN_POINT('Ctrl Pts',(-5.0017583774646,-7.87053985938473,35.8036391288508));
#4469=CARTESIAN_POINT('Ctrl Pts',(-5.24628572938221,-8.29688657879827,35.5899981214465));
#4470=CARTESIAN_POINT('',(-5.24628572938221,-8.29688657879827,32.1));
#4471=CARTESIAN_POINT('',(-3.32181882192178,-4.9414739994639,32.1));
#4472=CARTESIAN_POINT('',(-5.24628572938221,-8.29688657879827,32.1));
#4473=CARTESIAN_POINT('Origin',(-5.50000010430813,-8.29761261355803,32.1));
#4474=CARTESIAN_POINT('Ctrl Pts',(-5.24628572938221,-8.29688657879827,35.5899981214465));
#4475=CARTESIAN_POINT('Ctrl Pts',(-5.3309809312108,-8.2971289444921,35.5702152036908));
#4476=CARTESIAN_POINT('Ctrl Pts',(-5.41555776865524,-8.29737097147174,35.5499104653742));
#4477=CARTESIAN_POINT('Ctrl Pts',(-5.50000010430813,-8.29761261355803,35.5290801878919));
#4478=CARTESIAN_POINT('',(-2.74156638525848,-8.28971901760745,32.1));
#4479=CARTESIAN_POINT('Ctrl Pts',(-1.02258007728804E-15,0.,37.4999991618097));
#4480=CARTESIAN_POINT('Ctrl Pts',(-1.02258007728804E-15,-1.02258007728804E-15,
37.4999991618097));
#4481=CARTESIAN_POINT('Ctrl Pts',(0.,-1.02258007728804E-15,37.4999991618097));
#4482=CARTESIAN_POINT('Ctrl Pts',(1.02258007728804E-15,-1.02258007728804E-15,
37.4999991618097));
#4483=CARTESIAN_POINT('Ctrl Pts',(1.02258007728804E-15,0.,37.4999991618097));
#4484=CARTESIAN_POINT('Ctrl Pts',(1.02258007728804E-15,1.02258007728804E-15,
37.4999991618097));
#4485=CARTESIAN_POINT('Ctrl Pts',(0.,1.02258007728804E-15,37.4999991618097));
#4486=CARTESIAN_POINT('Ctrl Pts',(-1.02258007728804E-15,1.02258007728804E-15,
37.4999991618097));
#4487=CARTESIAN_POINT('Ctrl Pts',(-1.02258007728804E-15,0.,37.4999991618097));
#4488=CARTESIAN_POINT('Ctrl Pts',(16.7,0.,37.4999991618097));
#4489=CARTESIAN_POINT('Ctrl Pts',(16.7,16.7,37.4999991618097));
#4490=CARTESIAN_POINT('Ctrl Pts',(0.,16.7,37.4999991618097));
#4491=CARTESIAN_POINT('Ctrl Pts',(-16.7,16.7,37.4999991618097));
#4492=CARTESIAN_POINT('Ctrl Pts',(-16.7,0.,37.4999991618097));
#4493=CARTESIAN_POINT('Ctrl Pts',(-16.7,-16.7,37.4999991618097));
#4494=CARTESIAN_POINT('Ctrl Pts',(0.,-16.7,37.4999991618097));
#4495=CARTESIAN_POINT('Ctrl Pts',(16.7,-16.7,37.4999991618097));
#4496=CARTESIAN_POINT('Ctrl Pts',(16.7,0.,37.4999991618097));
#4497=CARTESIAN_POINT('Ctrl Pts',(16.7,0.,27.4999991618097));
#4498=CARTESIAN_POINT('Ctrl Pts',(16.7,16.7,27.4999991618097));
#4499=CARTESIAN_POINT('Ctrl Pts',(0.,16.7,27.4999991618097));
#4500=CARTESIAN_POINT('Ctrl Pts',(-16.7,16.7,27.4999991618097));
#4501=CARTESIAN_POINT('Ctrl Pts',(-16.7,0.,27.4999991618097));
#4502=CARTESIAN_POINT('Ctrl Pts',(-16.7,-16.7,27.4999991618097));
#4503=CARTESIAN_POINT('Ctrl Pts',(0.,-16.7,27.4999991618097));
#4504=CARTESIAN_POINT('Ctrl Pts',(16.7,-16.7,27.4999991618097));
#4505=CARTESIAN_POINT('Ctrl Pts',(16.7,0.,27.4999991618097));
#4506=CARTESIAN_POINT('',(7.00000010430813,-12.0000001788139,33.0495114282532));
#4507=CARTESIAN_POINT('',(7.00000010430813,0.,36.5791152178724));
#4508=CARTESIAN_POINT('Ctrl Pts',(7.00000010430813,-12.0000001788139,33.0495114282532));
#4509=CARTESIAN_POINT('Ctrl Pts',(7.00000010430813,-10.9914617130104,33.8314739913504));
#4510=CARTESIAN_POINT('Ctrl Pts',(7.00000010430813,-9.77651603472193,34.5098986828241));
#4511=CARTESIAN_POINT('Ctrl Pts',(7.00000010430813,-7.0789307571239,35.5848887482078));
#4512=CARTESIAN_POINT('Ctrl Pts',(7.00000010421868,-5.68091102153957,35.9632090741469));
#4513=CARTESIAN_POINT('Ctrl Pts',(7.00000010421868,-3.57804610063947,36.3334795067322));
#4514=CARTESIAN_POINT('Ctrl Pts',(7.00000010430781,-2.87160131855558,36.4250659533382));
#4515=CARTESIAN_POINT('Ctrl Pts',(7.00000010430781,-1.62555230624996,36.5326633338767));
#4516=CARTESIAN_POINT('Ctrl Pts',(7.00000010428996,-1.08488896226161,36.5616314083661));
#4517=CARTESIAN_POINT('Ctrl Pts',(7.00000010428996,-0.36305659826745,36.5771629134689));
#4518=CARTESIAN_POINT('Ctrl Pts',(7.00000010430813,-0.181537489868049,36.5791152178724));
#4519=CARTESIAN_POINT('Ctrl Pts',(7.00000010430813,-5.55111512312578E-16,
36.5791152178724));
#4520=CARTESIAN_POINT('',(-1.02258007728804E-15,0.,37.4999991618097));
#4521=CARTESIAN_POINT('Origin',(0.,0.,27.4999991618097));
#4522=CARTESIAN_POINT('',(7.00000010430813,2.00000002980232,36.4997819971161));
#4523=CARTESIAN_POINT('Ctrl Pts',(7.00000010430813,-1.04083408558608E-15,
36.5791152178724));
#4524=CARTESIAN_POINT('Ctrl Pts',(7.00000010430813,0.328014450985435,36.5791152178724));
#4525=CARTESIAN_POINT('Ctrl Pts',(7.00000010430813,0.656088913336577,36.5727413932906));
#4526=CARTESIAN_POINT('Ctrl Pts',(7.00000010430813,1.32270439632837,36.5467888629679));
#4527=CARTESIAN_POINT('Ctrl Pts',(7.00000010430813,1.66166859980398,36.5267412203045));
#4528=CARTESIAN_POINT('Ctrl Pts',(7.00000010430813,2.00000002980232,36.4997819971161));
#4529=CARTESIAN_POINT('',(3.9,2.00000002980232,37.1494540474912));
#4530=CARTESIAN_POINT('Ctrl Pts',(7.00000010430813,2.00000002980232,36.4997819971161));
#4531=CARTESIAN_POINT('Ctrl Pts',(6.28075008806346,2.00000002980232,36.7003736950465));
#4532=CARTESIAN_POINT('Ctrl Pts',(5.55024727870575,2.00000002980232,36.8664857671054));
#4533=CARTESIAN_POINT('Ctrl Pts',(4.51185540368651,2.00000002980232,37.055248391185));
#4534=CARTESIAN_POINT('Ctrl Pts',(4.20629696625762,2.00000002980232,37.1050654339683));
#4535=CARTESIAN_POINT('Ctrl Pts',(3.9,2.00000002980232,37.1494540474912));
#4536=CARTESIAN_POINT('',(3.9,3.32499992549419,37.0174612453686));
#4537=CARTESIAN_POINT('Ctrl Pts',(3.9,2.00000002980232,37.1494540474912));
#4538=CARTESIAN_POINT('Ctrl Pts',(3.9,2.21055300842386,37.1338061616358));
#4539=CARTESIAN_POINT('Ctrl Pts',(3.9,2.4209267170275,37.1156625153407));
#4540=CARTESIAN_POINT('Ctrl Pts',(3.9,2.86261015403744,37.0722362300908));
#4541=CARTESIAN_POINT('Ctrl Pts',(3.9,3.09400638709184,37.0463971706165));
#4542=CARTESIAN_POINT('Ctrl Pts',(3.9,3.32499992549419,37.0174612453686));
#4543=CARTESIAN_POINT('',(-3.9,3.32499992549419,37.0174612453686));
#4544=CARTESIAN_POINT('Ctrl Pts',(3.9,3.32499992549419,37.0174612453686));
#4545=CARTESIAN_POINT('Ctrl Pts',(3.9,3.82626644505814,36.9546689671095));
#4546=CARTESIAN_POINT('Ctrl Pts',(3.80335587358185,4.32321684346121,36.8917730402826));
#4547=CARTESIAN_POINT('Ctrl Pts',(3.42170885524651,5.26593465043594,36.7713387676442));
#4548=CARTESIAN_POINT('Ctrl Pts',(3.13547878137544,5.70101943137031,36.7151420141196));
#4549=CARTESIAN_POINT('Ctrl Pts',(2.4118041556406,6.43237971196039,36.6200281604569));
#4550=CARTESIAN_POINT('Ctrl Pts',(1.98256323672372,6.72257939500137,36.5819263982539));
#4551=CARTESIAN_POINT('Ctrl Pts',(1.03638899627538,7.11949460263931,36.5296709239581));
#4552=CARTESIAN_POINT('Ctrl Pts',(0.529399374325135,7.22277899575901,36.5159858057929));
#4553=CARTESIAN_POINT('Ctrl Pts',(-0.480260848844148,7.22708226699087,36.5154167457665));
#4554=CARTESIAN_POINT('Ctrl Pts',(-0.972687300880585,7.13422824696276,36.5277196994205));
#4555=CARTESIAN_POINT('Ctrl Pts',(-1.87926386561078,6.77570893279619,36.574941023311));
#4556=CARTESIAN_POINT('Ctrl Pts',(-2.28750176892809,6.51955341360896,36.6085991607812));
#4557=CARTESIAN_POINT('Ctrl Pts',(-2.98883453746844,5.87503343208931,36.6925725490898));
#4558=CARTESIAN_POINT('Ctrl Pts',(-3.27654770046089,5.4926904470009,36.7420922870715));
#4559=CARTESIAN_POINT('Ctrl Pts',(-3.70268161041373,4.6401795818248,36.8514226675358));
#4560=CARTESIAN_POINT('Ctrl Pts',(-3.83597071940723,4.17607410955721,36.910436674191));
#4561=CARTESIAN_POINT('Ctrl Pts',(-3.8939961991046,3.5750016946666,36.9861055167907));
#4562=CARTESIAN_POINT('Ctrl Pts',(-3.9,3.44994062702562,37.0018102673155));
#4563=CARTESIAN_POINT('Ctrl Pts',(-3.9,3.3249999254942,37.0174612453686));
#4564=CARTESIAN_POINT('',(-3.9,2.00000002980232,37.1494540474912));
#4565=CARTESIAN_POINT('Ctrl Pts',(-3.9,3.32499992549419,37.0174612453686));
#4566=CARTESIAN_POINT('Ctrl Pts',(-3.9,3.07196967174648,37.0491576493396));
#4567=CARTESIAN_POINT('Ctrl Pts',(-3.9,2.81845076064856,37.0771388072476));
#4568=CARTESIAN_POINT('Ctrl Pts',(-3.9,2.37666219917898,37.119452279107));
#4569=CARTESIAN_POINT('Ctrl Pts',(-3.9,2.18840423526969,37.1354522151679));
#4570=CARTESIAN_POINT('Ctrl Pts',(-3.9,2.00000002980232,37.1494540474912));
#4571=CARTESIAN_POINT('',(-7.00000010430813,2.00000002980232,36.4997819971161));
#4572=CARTESIAN_POINT('Ctrl Pts',(-3.9,2.00000002980232,37.1494540474912));
#4573=CARTESIAN_POINT('Ctrl Pts',(-4.79369377389484,2.00000002980232,37.019939778963));
#4574=CARTESIAN_POINT('Ctrl Pts',(-5.68298442270656,2.00000002980232,36.8439473560657));
#4575=CARTESIAN_POINT('Ctrl Pts',(-6.70435684074854,2.00000002980232,36.5806492097718));
#4576=CARTESIAN_POINT('Ctrl Pts',(-6.85238281994656,2.00000002980232,36.5409509940507));
#4577=CARTESIAN_POINT('Ctrl Pts',(-7.00000010430813,2.00000002980232,36.4997819971161));
#4578=CARTESIAN_POINT('',(-7.00000010430813,-12.0000001788139,33.0495114282532));
#4579=CARTESIAN_POINT('Ctrl Pts',(-7.00000010430813,2.00000002980232,36.4997819971161));
#4580=CARTESIAN_POINT('Ctrl Pts',(-7.00000010430813,1.61069611843408,36.5308028544888));
#4581=CARTESIAN_POINT('Ctrl Pts',(-7.00000010430813,1.22052370915767,36.5526751360937));
#4582=CARTESIAN_POINT('Ctrl Pts',(-7.00000010430813,0.32208584082754,36.582183540625));
#4583=CARTESIAN_POINT('Ctrl Pts',(-7.00000010430803,-0.187226388927338,
36.5835363604975));
#4584=CARTESIAN_POINT('Ctrl Pts',(-7.00000010430803,-1.24444897202562,36.5544616913536));
#4585=CARTESIAN_POINT('Ctrl Pts',(-7.00000010430312,-1.79344338500936,36.521462960044));
#4586=CARTESIAN_POINT('Ctrl Pts',(-7.00000010430312,-3.07923559238088,36.4011917650902));
#4587=CARTESIAN_POINT('Ctrl Pts',(-7.00000010430813,-3.81706890687033,36.2986189741995));
#4588=CARTESIAN_POINT('Ctrl Pts',(-7.00000010430813,-6.02235693877932,35.8835420181222));
#4589=CARTESIAN_POINT('Ctrl Pts',(-7.00000010430812,-7.49203822567151,35.4583053849678));
#4590=CARTESIAN_POINT('Ctrl Pts',(-7.00000010430812,-9.97219894174964,34.3875434402802));
#4591=CARTESIAN_POINT('Ctrl Pts',(-7.00000010430813,-11.0488634618254,33.7869679857278));
#4592=CARTESIAN_POINT('Ctrl Pts',(-7.00000010430813,-12.0000001788139,33.0495114282532));
#4593=CARTESIAN_POINT('Ctrl Pts',(-7.00000010430812,-12.0000001788139,33.0495114282532));
#4594=CARTESIAN_POINT('Ctrl Pts',(-5.92841772340635,-12.0000001788139,33.5341699493757));
#4595=CARTESIAN_POINT('Ctrl Pts',(-4.77632974606731,-12.0000001788139,33.8808678519485));
#4596=CARTESIAN_POINT('Ctrl Pts',(-2.99038348086256,-12.0000001788139,34.2319407116341));
#4597=CARTESIAN_POINT('Ctrl Pts',(-2.34946141911156,-12.0000001788139,34.3219083228271));
#4598=CARTESIAN_POINT('Ctrl Pts',(-1.27663305273512,-12.0000001788139,34.4173998899781));
#4599=CARTESIAN_POINT('Ctrl Pts',(-0.843781075598096,-12.0000001788139,
34.441083038128));
#4600=CARTESIAN_POINT('Ctrl Pts',(-0.018730729145757,-12.0000001788139,
34.4585838604199));
#4601=CARTESIAN_POINT('Ctrl Pts',(0.374347572426635,-12.0000001788139,34.4549893870883));
#4602=CARTESIAN_POINT('Ctrl Pts',(1.23671656367159,-12.0000001788139,34.4208323986694));
#4603=CARTESIAN_POINT('Ctrl Pts',(1.70690319601362,-12.0000001787715,34.3850015689226));
#4604=CARTESIAN_POINT('Ctrl Pts',(2.94694968108809,-12.0000001787715,34.2434827879095));
#4605=CARTESIAN_POINT('Ctrl Pts',(3.71782781073171,-12.0000001788139,34.1068097752058));
#4606=CARTESIAN_POINT('Ctrl Pts',(5.33394057627929,-12.0000001788139,33.7030702712907));
#4607=CARTESIAN_POINT('Ctrl Pts',(6.18917818830075,-12.0000001788139,33.4162324174274));
#4608=CARTESIAN_POINT('Ctrl Pts',(7.00000010430813,-12.0000001788139,33.0495114282532));
#4609=CARTESIAN_POINT('Origin',(7.00000010430813,-12.0000001788139,40.));
#4610=CARTESIAN_POINT('',(-7.00000010430813,-12.0000001788139,32.1));
#4611=CARTESIAN_POINT('',(-7.00000010430813,-12.0000001788139,40.));
#4612=CARTESIAN_POINT('',(7.00000010430813,-12.0000001788139,32.1));
#4613=CARTESIAN_POINT('',(7.00000010430813,-12.0000001788139,32.1));
#4614=CARTESIAN_POINT('',(7.00000010430813,-12.0000001788139,40.));
#4615=CARTESIAN_POINT('Origin',(-7.00000010430813,-12.0000001788139,40.));
#4616=CARTESIAN_POINT('',(-7.00000010430813,2.00000002980232,32.1));
#4617=CARTESIAN_POINT('',(-7.00000010430813,2.00000002980232,40.));
#4618=CARTESIAN_POINT('',(-7.00000010430813,-12.0000001788139,32.1));
#4619=CARTESIAN_POINT('Origin',(-7.00000010430813,2.00000002980232,40.));
#4620=CARTESIAN_POINT('',(-3.9,2.00000002980232,32.1));
#4621=CARTESIAN_POINT('',(-3.9,2.00000002980232,40.));
#4622=CARTESIAN_POINT('',(-7.00000010430813,2.00000002980232,32.1));
#4623=CARTESIAN_POINT('Origin',(-3.9,2.00000002980232,40.));
#4624=CARTESIAN_POINT('',(-3.9,3.32499992549419,32.1));
#4625=CARTESIAN_POINT('',(-3.9,3.32499992549419,40.));
#4626=CARTESIAN_POINT('',(-3.9,2.00000002980232,32.1));
#4627=CARTESIAN_POINT('Origin',(7.00000010430813,2.00000002980232,40.));
#4628=CARTESIAN_POINT('',(7.00000010430813,2.00000002980232,32.1));
#4629=CARTESIAN_POINT('',(7.00000010430813,2.00000002980232,32.1));
#4630=CARTESIAN_POINT('',(7.00000010430813,2.00000002980232,40.));
#4631=CARTESIAN_POINT('Origin',(3.9,2.00000002980232,40.));
#4632=CARTESIAN_POINT('',(3.9,2.00000002980232,32.1));
#4633=CARTESIAN_POINT('',(3.9,2.00000002980232,32.1));
#4634=CARTESIAN_POINT('',(3.9,2.00000002980232,40.));
#4635=CARTESIAN_POINT('Origin',(3.9,3.32499992549419,40.));
#4636=CARTESIAN_POINT('',(3.9,3.32499992549419,32.1));
#4637=CARTESIAN_POINT('',(3.9,2.00000002980232,32.1));
#4638=CARTESIAN_POINT('',(3.9,3.32499992549419,40.));
#4639=CARTESIAN_POINT('Origin',(1.54074395550979E-32,3.32499992549419,40.));
#4640=CARTESIAN_POINT('Origin',(1.54074395550979E-32,3.32499992549419,32.1));
#4641=CARTESIAN_POINT('Origin',(0.,-2.38750012665987,32.1));
#4642=CARTESIAN_POINT('',(0.,0.,0.));
#4643=UNCERTAINTY_MEASURE_WITH_UNIT(LENGTH_MEASURE(0.01),#4649,
'DISTANCE_ACCURACY_VALUE',
'Maximum model space distance between geometric entities at asserted c
onnectivities');
#4644=UNCERTAINTY_MEASURE_WITH_UNIT(LENGTH_MEASURE(0.01),#4649,
'DISTANCE_ACCURACY_VALUE',
'Maximum model space distance between geometric entities at asserted c
onnectivities');
#4645=UNCERTAINTY_MEASURE_WITH_UNIT(LENGTH_MEASURE(0.01),#4649,
'DISTANCE_ACCURACY_VALUE',
'Maximum model space distance between geometric entities at asserted c
onnectivities');
#4646=(
GEOMETRIC_REPRESENTATION_CONTEXT(3)
GLOBAL_UNCERTAINTY_ASSIGNED_CONTEXT((#4643))
GLOBAL_UNIT_ASSIGNED_CONTEXT((#4649,#4651,#4652))
REPRESENTATION_CONTEXT('','3D')
);
#4647=(
GEOMETRIC_REPRESENTATION_CONTEXT(3)
GLOBAL_UNCERTAINTY_ASSIGNED_CONTEXT((#4644))
GLOBAL_UNIT_ASSIGNED_CONTEXT((#4649,#4651,#4652))
REPRESENTATION_CONTEXT('','3D')
);
#4648=(
GEOMETRIC_REPRESENTATION_CONTEXT(3)
GLOBAL_UNCERTAINTY_ASSIGNED_CONTEXT((#4645))
GLOBAL_UNIT_ASSIGNED_CONTEXT((#4649,#4651,#4652))
REPRESENTATION_CONTEXT('','3D')
);
#4649=(
LENGTH_UNIT()
NAMED_UNIT(*)
SI_UNIT(.MILLI.,.METRE.)
);
#4650=(
LENGTH_UNIT()
NAMED_UNIT(*)
SI_UNIT($,.METRE.)
);
#4651=(
NAMED_UNIT(*)
PLANE_ANGLE_UNIT()
SI_UNIT($,.RADIAN.)
);
#4652=(
NAMED_UNIT(*)
SI_UNIT($,.STERADIAN.)
SOLID_ANGLE_UNIT()
);
#4653=SHAPE_DEFINITION_REPRESENTATION(#4655,#4658);
#4654=SHAPE_DEFINITION_REPRESENTATION(#4656,#4659);
#4655=PRODUCT_DEFINITION_SHAPE('',$,#4661);
#4656=PRODUCT_DEFINITION_SHAPE('',$,#4662);
#4657=PRODUCT_DEFINITION_SHAPE($,$,#14);
#4658=SHAPE_REPRESENTATION('',(#2587,#2734),#4646);
#4659=SHAPE_REPRESENTATION('',(#2588),#4647);
#4660=PRODUCT_DEFINITION_CONTEXT('part definition',#4668,'design');
#4661=PRODUCT_DEFINITION('sensorhead_v2_filterBolt',
'sensorhead_v2_filterBolt v3',#4663,#4660);
#4662=PRODUCT_DEFINITION('sensorHead','sensorHead',#4664,#4660);
#4663=PRODUCT_DEFINITION_FORMATION('',$,#4670);
#4664=PRODUCT_DEFINITION_FORMATION('',$,#4671);
#4665=PRODUCT_RELATED_PRODUCT_CATEGORY('sensorhead_v2_filterBolt v3',
'sensorhead_v2_filterBolt v3',(#4670));
#4666=PRODUCT_RELATED_PRODUCT_CATEGORY('sensorHead','sensorHead',(#4671));
#4667=APPLICATION_PROTOCOL_DEFINITION('international standard',
'automotive_design',2009,#4668);
#4668=APPLICATION_CONTEXT(
'Core Data for Automotive Mechanical Design Process');
#4669=PRODUCT_CONTEXT('part definition',#4668,'mechanical');
#4670=PRODUCT('sensorhead_v2_filterBolt','sensorhead_v2_filterBolt v3',
$,(#4669));
#4671=PRODUCT('sensorHead','sensorHead',$,(#4669));
#4672=PRESENTATION_STYLE_ASSIGNMENT((#4673));
#4673=SURFACE_STYLE_USAGE(.BOTH.,#4674);
#4674=SURFACE_SIDE_STYLE('',(#4675));
#4675=SURFACE_STYLE_FILL_AREA(#4676);
#4676=FILL_AREA_STYLE('Steel - Satin',(#4677));
#4677=FILL_AREA_STYLE_COLOUR('Steel - Satin',#4678);
#4678=COLOUR_RGB('Steel - Satin',0.627450980392157,0.627450980392157,0.627450980392157);
ENDSEC;
END-ISO-10303-21;
